,Attempt No.,uri,Deviation Count,Status Code,Response_Time,response_header_count,response_header_length,response_body_length,response_header_fields
0,0,https://www.fastly.com/,0,200,0.028336524963378906,20,20,0,"{'connection': 'keep-alive', 'content-length': '89577', 'content-type': 'text/html', 'etag': '""1b1798b9a38a5ad68b5901f755e90be2""', 'content-encoding': 'gzip', 'accept-ranges': 'bytes', 'date': 'Wed, 25 Oct 2023 12:33:12 GMT', 'x-served-by': 'cache-sjc1000125-SJC, cache-sjc10022-SJC, cache-ams21067-AMS', 'x-cache': 'MISS, HIT, HIT', 'x-cache-hits': '0, 13, 11777', 'x-timer': 'S1698237192.015705,VS0,VE0', 'vary': 'Accept-Encoding', 'x-xss-protection': '1; mode=block', 'x-frame-options': 'DENY', 'x-content-type-options': 'nosniff', 'cache-control': 'max-age=0, must-revalidate', 'server': 'Artisanal bits', 'link': '</g-static/fonts/subsetting/inter-var.woff2>; rel=preload; as=font; crossorigin; nopush, <https://user-data.mutinycdn.com>; rel=preconnect, <https://client.mutinycdn.com>; rel=preconnect, <https://client-registry.mutinycdn.com>; rel=preconnect, <https://www.googletagmanager.com>; rel=preconnect', 'strict-transport-security': 'max-age=31536000', 'alt-svc': 'h3="":443"";ma=86400,h3-29="":443"";ma=86400,h3-27="":443"";ma=86400'}"
1,1,https://www.fastly.com/,0,200,0.017461538314819336,20,20,0,"{'connection': 'keep-alive', 'content-length': '89577', 'content-type': 'text/html', 'etag': '""1b1798b9a38a5ad68b5901f755e90be2""', 'content-encoding': 'gzip', 'accept-ranges': 'bytes', 'date': 'Wed, 25 Oct 2023 12:33:22 GMT', 'x-served-by': 'cache-sjc1000125-SJC, cache-sjc10022-SJC, cache-ams21063-AMS', 'x-cache': 'MISS, HIT, HIT', 'x-cache-hits': '0, 13, 11878', 'x-timer': 'S1698237203.665304,VS0,VE0', 'vary': 'Accept-Encoding', 'x-xss-protection': '1; mode=block', 'x-frame-options': 'DENY', 'x-content-type-options': 'nosniff', 'cache-control': 'max-age=0, must-revalidate', 'server': 'Artisanal bits', 'link': '</g-static/fonts/subsetting/inter-var.woff2>; rel=preload; as=font; crossorigin; nopush, <https://user-data.mutinycdn.com>; rel=preconnect, <https://client.mutinycdn.com>; rel=preconnect, <https://client-registry.mutinycdn.com>; rel=preconnect, <https://www.googletagmanager.com>; rel=preconnect', 'strict-transport-security': 'max-age=31536000', 'alt-svc': 'h3="":443"";ma=86400,h3-29="":443"";ma=86400,h3-27="":443"";ma=86400'}"
2,2,https://www.fastly.com/,0,200,0.024719953536987305,20,20,0,"{'connection': 'keep-alive', 'content-length': '89577', 'content-type': 'text/html', 'etag': '""1b1798b9a38a5ad68b5901f755e90be2""', 'content-encoding': 'gzip', 'accept-ranges': 'bytes', 'date': 'Wed, 25 Oct 2023 12:33:33 GMT', 'x-served-by': 'cache-sjc1000125-SJC, cache-sjc10022-SJC, cache-ams21081-AMS', 'x-cache': 'MISS, HIT, HIT', 'x-cache-hits': '0, 13, 11388', 'x-timer': 'S1698237214.539445,VS0,VE0', 'vary': 'Accept-Encoding', 'x-xss-protection': '1; mode=block', 'x-frame-options': 'DENY', 'x-content-type-options': 'nosniff', 'cache-control': 'max-age=0, must-revalidate', 'server': 'Artisanal bits', 'link': '</g-static/fonts/subsetting/inter-var.woff2>; rel=preload; as=font; crossorigin; nopush, <https://user-data.mutinycdn.com>; rel=preconnect, <https://client.mutinycdn.com>; rel=preconnect, <https://client-registry.mutinycdn.com>; rel=preconnect, <https://www.googletagmanager.com>; rel=preconnect', 'strict-transport-security': 'max-age=31536000', 'alt-svc': 'h3="":443"";ma=86400,h3-29="":443"";ma=86400,h3-27="":443"";ma=86400'}"
3,3,https://www.fastly.com/,0,200,0.059830427169799805,20,20,0,"{'connection': 'keep-alive', 'content-length': '89577', 'content-type': 'text/html', 'etag': '""1b1798b9a38a5ad68b5901f755e90be2""', 'content-encoding': 'gzip', 'accept-ranges': 'bytes', 'date': 'Wed, 25 Oct 2023 12:33:43 GMT', 'x-served-by': 'cache-sjc1000125-SJC, cache-sjc10022-SJC, cache-ams21046-AMS', 'x-cache': 'MISS, HIT, HIT', 'x-cache-hits': '0, 13, 11149', 'x-timer': 'S1698237224.987136,VS0,VE0', 'vary': 'Accept-Encoding', 'x-xss-protection': '1; mode=block', 'x-frame-options': 'DENY', 'x-content-type-options': 'nosniff', 'cache-control': 'max-age=0, must-revalidate', 'server': 'Artisanal bits', 'link': '</g-static/fonts/subsetting/inter-var.woff2>; rel=preload; as=font; crossorigin; nopush, <https://user-data.mutinycdn.com>; rel=preconnect, <https://client.mutinycdn.com>; rel=preconnect, <https://client-registry.mutinycdn.com>; rel=preconnect, <https://www.googletagmanager.com>; rel=preconnect', 'strict-transport-security': 'max-age=31536000', 'alt-svc': 'h3="":443"";ma=86400,h3-29="":443"";ma=86400,h3-27="":443"";ma=86400'}"
4,4,https://www.fastly.com/,0,200,0.022272586822509766,20,20,0,"{'connection': 'keep-alive', 'content-length': '89577', 'content-type': 'text/html', 'etag': '""1b1798b9a38a5ad68b5901f755e90be2""', 'content-encoding': 'gzip', 'accept-ranges': 'bytes', 'date': 'Wed, 25 Oct 2023 12:33:54 GMT', 'x-served-by': 'cache-sjc1000125-SJC, cache-sjc10022-SJC, cache-ams21043-AMS', 'x-cache': 'MISS, HIT, HIT', 'x-cache-hits': '0, 13, 11495', 'x-timer': 'S1698237234.417773,VS0,VE0', 'vary': 'Accept-Encoding', 'x-xss-protection': '1; mode=block', 'x-frame-options': 'DENY', 'x-content-type-options': 'nosniff', 'cache-control': 'max-age=0, must-revalidate', 'server': 'Artisanal bits', 'link': '</g-static/fonts/subsetting/inter-var.woff2>; rel=preload; as=font; crossorigin; nopush, <https://user-data.mutinycdn.com>; rel=preconnect, <https://client.mutinycdn.com>; rel=preconnect, <https://client-registry.mutinycdn.com>; rel=preconnect, <https://www.googletagmanager.com>; rel=preconnect', 'strict-transport-security': 'max-age=31536000', 'alt-svc': 'h3="":443"";ma=86400,h3-29="":443"";ma=86400,h3-27="":443"";ma=86400'}"
5,5,https://www.fastly.com/,0,200,0.03509807586669922,20,20,0,"{'connection': 'keep-alive', 'content-length': '89577', 'content-type': 'text/html', 'etag': '""1b1798b9a38a5ad68b5901f755e90be2""', 'content-encoding': 'gzip', 'accept-ranges': 'bytes', 'date': 'Wed, 25 Oct 2023 12:34:04 GMT', 'x-served-by': 'cache-sjc1000125-SJC, cache-sjc10022-SJC, cache-ams21058-AMS', 'x-cache': 'MISS, HIT, HIT', 'x-cache-hits': '0, 13, 11736', 'x-timer': 'S1698237245.883063,VS0,VE0', 'vary': 'Accept-Encoding', 'x-xss-protection': '1; mode=block', 'x-frame-options': 'DENY', 'x-content-type-options': 'nosniff', 'cache-control': 'max-age=0, must-revalidate', 'server': 'Artisanal bits', 'link': '</g-static/fonts/subsetting/inter-var.woff2>; rel=preload; as=font; crossorigin; nopush, <https://user-data.mutinycdn.com>; rel=preconnect, <https://client.mutinycdn.com>; rel=preconnect, <https://client-registry.mutinycdn.com>; rel=preconnect, <https://www.googletagmanager.com>; rel=preconnect', 'strict-transport-security': 'max-age=31536000', 'alt-svc': 'h3="":443"";ma=86400,h3-29="":443"";ma=86400,h3-27="":443"";ma=86400'}"
6,6,https://www.fastly.com/,0,200,0.02927851676940918,20,20,0,"{'connection': 'keep-alive', 'content-length': '89577', 'content-type': 'text/html', 'etag': '""1b1798b9a38a5ad68b5901f755e90be2""', 'content-encoding': 'gzip', 'accept-ranges': 'bytes', 'date': 'Wed, 25 Oct 2023 12:34:14 GMT', 'x-served-by': 'cache-sjc1000125-SJC, cache-sjc10022-SJC, cache-ams21067-AMS', 'x-cache': 'MISS, HIT, HIT', 'x-cache-hits': '0, 13, 11793', 'x-timer': 'S1698237255.955867,VS0,VE0', 'vary': 'Accept-Encoding', 'x-xss-protection': '1; mode=block', 'x-frame-options': 'DENY', 'x-content-type-options': 'nosniff', 'cache-control': 'max-age=0, must-revalidate', 'server': 'Artisanal bits', 'link': '</g-static/fonts/subsetting/inter-var.woff2>; rel=preload; as=font; crossorigin; nopush, <https://user-data.mutinycdn.com>; rel=preconnect, <https://client.mutinycdn.com>; rel=preconnect, <https://client-registry.mutinycdn.com>; rel=preconnect, <https://www.googletagmanager.com>; rel=preconnect', 'strict-transport-security': 'max-age=31536000', 'alt-svc': 'h3="":443"";ma=86400,h3-29="":443"";ma=86400,h3-27="":443"";ma=86400'}"
7,7,https://www.fastly.com/,0,200,0.06341266632080078,20,20,0,"{'connection': 'keep-alive', 'content-length': '89577', 'content-type': 'text/html', 'etag': '""1b1798b9a38a5ad68b5901f755e90be2""', 'content-encoding': 'gzip', 'accept-ranges': 'bytes', 'date': 'Wed, 25 Oct 2023 12:34:25 GMT', 'x-served-by': 'cache-sjc1000125-SJC, cache-sjc10022-SJC, cache-ams21045-AMS', 'x-cache': 'MISS, HIT, HIT', 'x-cache-hits': '0, 13, 11804', 'x-timer': 'S1698237265.454382,VS0,VE0', 'vary': 'Accept-Encoding', 'x-xss-protection': '1; mode=block', 'x-frame-options': 'DENY', 'x-content-type-options': 'nosniff', 'cache-control': 'max-age=0, must-revalidate', 'server': 'Artisanal bits', 'link': '</g-static/fonts/subsetting/inter-var.woff2>; rel=preload; as=font; crossorigin; nopush, <https://user-data.mutinycdn.com>; rel=preconnect, <https://client.mutinycdn.com>; rel=preconnect, <https://client-registry.mutinycdn.com>; rel=preconnect, <https://www.googletagmanager.com>; rel=preconnect', 'strict-transport-security': 'max-age=31536000', 'alt-svc': 'h3="":443"";ma=86400,h3-29="":443"";ma=86400,h3-27="":443"";ma=86400'}"
8,8,https://www.fastly.com/,0,200,0.03933143615722656,20,20,0,"{'connection': 'keep-alive', 'content-length': '89577', 'content-type': 'text/html', 'etag': '""1b1798b9a38a5ad68b5901f755e90be2""', 'content-encoding': 'gzip', 'accept-ranges': 'bytes', 'date': 'Wed, 25 Oct 2023 12:34:35 GMT', 'x-served-by': 'cache-sjc1000125-SJC, cache-sjc10022-SJC, cache-ams21072-AMS', 'x-cache': 'MISS, HIT, HIT', 'x-cache-hits': '0, 13, 11627', 'x-timer': 'S1698237276.827938,VS0,VE0', 'vary': 'Accept-Encoding', 'x-xss-protection': '1; mode=block', 'x-frame-options': 'DENY', 'x-content-type-options': 'nosniff', 'cache-control': 'max-age=0, must-revalidate', 'server': 'Artisanal bits', 'link': '</g-static/fonts/subsetting/inter-var.woff2>; rel=preload; as=font; crossorigin; nopush, <https://user-data.mutinycdn.com>; rel=preconnect, <https://client.mutinycdn.com>; rel=preconnect, <https://client-registry.mutinycdn.com>; rel=preconnect, <https://www.googletagmanager.com>; rel=preconnect', 'strict-transport-security': 'max-age=31536000', 'alt-svc': 'h3="":443"";ma=86400,h3-29="":443"";ma=86400,h3-27="":443"";ma=86400'}"
9,9,https://www.fastly.com/,0,200,0.05535268783569336,20,20,0,"{'connection': 'keep-alive', 'content-length': '89577', 'content-type': 'text/html', 'etag': '""1b1798b9a38a5ad68b5901f755e90be2""', 'content-encoding': 'gzip', 'accept-ranges': 'bytes', 'date': 'Wed, 25 Oct 2023 12:34:45 GMT', 'x-served-by': 'cache-sjc1000125-SJC, cache-sjc10022-SJC, cache-ams21059-AMS', 'x-cache': 'MISS, HIT, HIT', 'x-cache-hits': '0, 13, 11592', 'x-timer': 'S1698237286.647469,VS0,VE0', 'vary': 'Accept-Encoding', 'x-xss-protection': '1; mode=block', 'x-frame-options': 'DENY', 'x-content-type-options': 'nosniff', 'cache-control': 'max-age=0, must-revalidate', 'server': 'Artisanal bits', 'link': '</g-static/fonts/subsetting/inter-var.woff2>; rel=preload; as=font; crossorigin; nopush, <https://user-data.mutinycdn.com>; rel=preconnect, <https://client.mutinycdn.com>; rel=preconnect, <https://client-registry.mutinycdn.com>; rel=preconnect, <https://www.googletagmanager.com>; rel=preconnect', 'strict-transport-security': 'max-age=31536000', 'alt-svc': 'h3="":443"";ma=86400,h3-29="":443"";ma=86400,h3-27="":443"";ma=86400'}"
