number,request,deviation_count,uri,request_length,http_version,Socket_Connect_Time,Socket_Close_Time,Response_Time,status_code,reason_phrase,error_message,response_header_count,response_header_length,response_body_length,response_header_fields
0,"GET https://www.fastly.com/  HTTP/1.1
Host: www.fastly.com
User-Agent: Mozilla/5.0 (Windows NT 10.0; rv:102.0) Gecko/20100101 Firefox/102.0
Accept: text/html,application/xhtml+xml,application/xml;q=0.9,image/avif,image/webp,*/*;q=0.8
Accept-Encoding: gzip, deflate, br
Accept-Language: en-US,en;q=0.5
DNT: 1
Connection: keep-alive
Upgrade-Insecure-Requests: 1
Sec-Fetch-Dest: document
Sec-Fetch-Mode: navigate
Sec-Fetch-Site: cross-site

",0,https://www.fastly.com/,451,HTTP/1.1,0.1784813404083252,0.11150169372558594,0.028336524963378906,200,OK,[''],20,20,0,"{""connection"": ""keep-alive"", ""content-length"": ""89577"", ""content-type"": ""text/html"", ""etag"": ""\""1b1798b9a38a5ad68b5901f755e90be2\"""", ""content-encoding"": ""gzip"", ""accept-ranges"": ""bytes"", ""date"": ""Wed, 25 Oct 2023 12:33:12 GMT"", ""x-served-by"": ""cache-sjc1000125-SJC, cache-sjc10022-SJC, cache-ams21067-AMS"", ""x-cache"": ""MISS, HIT, HIT"", ""x-cache-hits"": ""0, 13, 11777"", ""x-timer"": ""S1698237192.015705,VS0,VE0"", ""vary"": ""Accept-Encoding"", ""x-xss-protection"": ""1; mode=block"", ""x-frame-options"": ""DENY"", ""x-content-type-options"": ""nosniff"", ""cache-control"": ""max-age=0, must-revalidate"", ""server"": ""Artisanal bits"", ""link"": ""</g-static/fonts/subsetting/inter-var.woff2>; rel=preload; as=font; crossorigin; nopush, <https://user-data.mutinycdn.com>; rel=preconnect, <https://client.mutinycdn.com>; rel=preconnect, <https://client-registry.mutinycdn.com>; rel=preconnect, <https://www.googletagmanager.com>; rel=preconnect"", ""strict-transport-security"": ""max-age=31536000"", ""alt-svc"": ""h3=\"":443\"";ma=86400,h3-29=\"":443\"";ma=86400,h3-27=\"":443\"";ma=86400""}"
1,"GET https://www.fastly.com/  HTTP/1.1
Host: www.fastly.com
User-Agent: Mozilla/5.0 (Windows NT 10.0; rv:102.0) Gecko/20100101 Firefox/102.0
Accept: text/html,application/xhtml+xml,application/xml;q=0.9,image/avif,image/webp,*/*;q=0.8
Accept-Encoding: gzip, deflate, br
Accept-Language: en-US,en;q=0.5
DNT: 1
Connection: keep-alive
Upgrade-Insecure-Requests: 1
Sec-Fetch-Dest: document
Sec-Fetch-Mode: navigate
Sec-Fetch-Site: cross-site

",0,https://www.fastly.com/,451,HTTP/1.1,0.15941786766052246,0.11922073364257812,0.017461538314819336,200,OK,[''],20,20,0,"{""connection"": ""keep-alive"", ""content-length"": ""89577"", ""content-type"": ""text/html"", ""etag"": ""\""1b1798b9a38a5ad68b5901f755e90be2\"""", ""content-encoding"": ""gzip"", ""accept-ranges"": ""bytes"", ""date"": ""Wed, 25 Oct 2023 12:33:22 GMT"", ""x-served-by"": ""cache-sjc1000125-SJC, cache-sjc10022-SJC, cache-ams21063-AMS"", ""x-cache"": ""MISS, HIT, HIT"", ""x-cache-hits"": ""0, 13, 11878"", ""x-timer"": ""S1698237203.665304,VS0,VE0"", ""vary"": ""Accept-Encoding"", ""x-xss-protection"": ""1; mode=block"", ""x-frame-options"": ""DENY"", ""x-content-type-options"": ""nosniff"", ""cache-control"": ""max-age=0, must-revalidate"", ""server"": ""Artisanal bits"", ""link"": ""</g-static/fonts/subsetting/inter-var.woff2>; rel=preload; as=font; crossorigin; nopush, <https://user-data.mutinycdn.com>; rel=preconnect, <https://client.mutinycdn.com>; rel=preconnect, <https://client-registry.mutinycdn.com>; rel=preconnect, <https://www.googletagmanager.com>; rel=preconnect"", ""strict-transport-security"": ""max-age=31536000"", ""alt-svc"": ""h3=\"":443\"";ma=86400,h3-29=\"":443\"";ma=86400,h3-27=\"":443\"";ma=86400""}"
2,"GET https://www.fastly.com/  HTTP/1.1
Host: www.fastly.com
User-Agent: Mozilla/5.0 (Windows NT 10.0; rv:102.0) Gecko/20100101 Firefox/102.0
Accept: text/html,application/xhtml+xml,application/xml;q=0.9,image/avif,image/webp,*/*;q=0.8
Accept-Encoding: gzip, deflate, br
Accept-Language: en-US,en;q=0.5
DNT: 1
Connection: keep-alive
Upgrade-Insecure-Requests: 1
Sec-Fetch-Dest: document
Sec-Fetch-Mode: navigate
Sec-Fetch-Site: cross-site

",0,https://www.fastly.com/,451,HTTP/1.1,0.27812719345092773,0.10799026489257812,0.024719953536987305,200,OK,[''],20,20,0,"{""connection"": ""keep-alive"", ""content-length"": ""89577"", ""content-type"": ""text/html"", ""etag"": ""\""1b1798b9a38a5ad68b5901f755e90be2\"""", ""content-encoding"": ""gzip"", ""accept-ranges"": ""bytes"", ""date"": ""Wed, 25 Oct 2023 12:33:33 GMT"", ""x-served-by"": ""cache-sjc1000125-SJC, cache-sjc10022-SJC, cache-ams21081-AMS"", ""x-cache"": ""MISS, HIT, HIT"", ""x-cache-hits"": ""0, 13, 11388"", ""x-timer"": ""S1698237214.539445,VS0,VE0"", ""vary"": ""Accept-Encoding"", ""x-xss-protection"": ""1; mode=block"", ""x-frame-options"": ""DENY"", ""x-content-type-options"": ""nosniff"", ""cache-control"": ""max-age=0, must-revalidate"", ""server"": ""Artisanal bits"", ""link"": ""</g-static/fonts/subsetting/inter-var.woff2>; rel=preload; as=font; crossorigin; nopush, <https://user-data.mutinycdn.com>; rel=preconnect, <https://client.mutinycdn.com>; rel=preconnect, <https://client-registry.mutinycdn.com>; rel=preconnect, <https://www.googletagmanager.com>; rel=preconnect"", ""strict-transport-security"": ""max-age=31536000"", ""alt-svc"": ""h3=\"":443\"";ma=86400,h3-29=\"":443\"";ma=86400,h3-27=\"":443\"";ma=86400""}"
3,"GET https://www.fastly.com/  HTTP/1.1
Host: www.fastly.com
User-Agent: Mozilla/5.0 (Windows NT 10.0; rv:102.0) Gecko/20100101 Firefox/102.0
Accept: text/html,application/xhtml+xml,application/xml;q=0.9,image/avif,image/webp,*/*;q=0.8
Accept-Encoding: gzip, deflate, br
Accept-Language: en-US,en;q=0.5
DNT: 1
Connection: keep-alive
Upgrade-Insecure-Requests: 1
Sec-Fetch-Dest: document
Sec-Fetch-Mode: navigate
Sec-Fetch-Site: cross-site

",0,https://www.fastly.com/,451,HTTP/1.1,0.286912202835083,0.11156129837036133,0.059830427169799805,200,OK,[''],20,20,0,"{""connection"": ""keep-alive"", ""content-length"": ""89577"", ""content-type"": ""text/html"", ""etag"": ""\""1b1798b9a38a5ad68b5901f755e90be2\"""", ""content-encoding"": ""gzip"", ""accept-ranges"": ""bytes"", ""date"": ""Wed, 25 Oct 2023 12:33:43 GMT"", ""x-served-by"": ""cache-sjc1000125-SJC, cache-sjc10022-SJC, cache-ams21046-AMS"", ""x-cache"": ""MISS, HIT, HIT"", ""x-cache-hits"": ""0, 13, 11149"", ""x-timer"": ""S1698237224.987136,VS0,VE0"", ""vary"": ""Accept-Encoding"", ""x-xss-protection"": ""1; mode=block"", ""x-frame-options"": ""DENY"", ""x-content-type-options"": ""nosniff"", ""cache-control"": ""max-age=0, must-revalidate"", ""server"": ""Artisanal bits"", ""link"": ""</g-static/fonts/subsetting/inter-var.woff2>; rel=preload; as=font; crossorigin; nopush, <https://user-data.mutinycdn.com>; rel=preconnect, <https://client.mutinycdn.com>; rel=preconnect, <https://client-registry.mutinycdn.com>; rel=preconnect, <https://www.googletagmanager.com>; rel=preconnect"", ""strict-transport-security"": ""max-age=31536000"", ""alt-svc"": ""h3=\"":443\"";ma=86400,h3-29=\"":443\"";ma=86400,h3-27=\"":443\"";ma=86400""}"
4,"GET https://www.fastly.com/  HTTP/1.1
Host: www.fastly.com
User-Agent: Mozilla/5.0 (Windows NT 10.0; rv:102.0) Gecko/20100101 Firefox/102.0
Accept: text/html,application/xhtml+xml,application/xml;q=0.9,image/avif,image/webp,*/*;q=0.8
Accept-Encoding: gzip, deflate, br
Accept-Language: en-US,en;q=0.5
DNT: 1
Connection: keep-alive
Upgrade-Insecure-Requests: 1
Sec-Fetch-Dest: document
Sec-Fetch-Mode: navigate
Sec-Fetch-Site: cross-site

",0,https://www.fastly.com/,451,HTTP/1.1,0.231597900390625,0.13611698150634766,0.022272586822509766,200,OK,[''],20,20,0,"{""connection"": ""keep-alive"", ""content-length"": ""89577"", ""content-type"": ""text/html"", ""etag"": ""\""1b1798b9a38a5ad68b5901f755e90be2\"""", ""content-encoding"": ""gzip"", ""accept-ranges"": ""bytes"", ""date"": ""Wed, 25 Oct 2023 12:33:54 GMT"", ""x-served-by"": ""cache-sjc1000125-SJC, cache-sjc10022-SJC, cache-ams21043-AMS"", ""x-cache"": ""MISS, HIT, HIT"", ""x-cache-hits"": ""0, 13, 11495"", ""x-timer"": ""S1698237234.417773,VS0,VE0"", ""vary"": ""Accept-Encoding"", ""x-xss-protection"": ""1; mode=block"", ""x-frame-options"": ""DENY"", ""x-content-type-options"": ""nosniff"", ""cache-control"": ""max-age=0, must-revalidate"", ""server"": ""Artisanal bits"", ""link"": ""</g-static/fonts/subsetting/inter-var.woff2>; rel=preload; as=font; crossorigin; nopush, <https://user-data.mutinycdn.com>; rel=preconnect, <https://client.mutinycdn.com>; rel=preconnect, <https://client-registry.mutinycdn.com>; rel=preconnect, <https://www.googletagmanager.com>; rel=preconnect"", ""strict-transport-security"": ""max-age=31536000"", ""alt-svc"": ""h3=\"":443\"";ma=86400,h3-29=\"":443\"";ma=86400,h3-27=\"":443\"";ma=86400""}"
5,"GET https://www.fastly.com/  HTTP/1.1
Host: www.fastly.com
User-Agent: Mozilla/5.0 (Windows NT 10.0; rv:102.0) Gecko/20100101 Firefox/102.0
Accept: text/html,application/xhtml+xml,application/xml;q=0.9,image/avif,image/webp,*/*;q=0.8
Accept-Encoding: gzip, deflate, br
Accept-Language: en-US,en;q=0.5
DNT: 1
Connection: keep-alive
Upgrade-Insecure-Requests: 1
Sec-Fetch-Dest: document
Sec-Fetch-Mode: navigate
Sec-Fetch-Site: cross-site

",0,https://www.fastly.com/,451,HTTP/1.1,0.22779536247253418,0.10971546173095703,0.03509807586669922,200,OK,[''],20,20,0,"{""connection"": ""keep-alive"", ""content-length"": ""89577"", ""content-type"": ""text/html"", ""etag"": ""\""1b1798b9a38a5ad68b5901f755e90be2\"""", ""content-encoding"": ""gzip"", ""accept-ranges"": ""bytes"", ""date"": ""Wed, 25 Oct 2023 12:34:04 GMT"", ""x-served-by"": ""cache-sjc1000125-SJC, cache-sjc10022-SJC, cache-ams21058-AMS"", ""x-cache"": ""MISS, HIT, HIT"", ""x-cache-hits"": ""0, 13, 11736"", ""x-timer"": ""S1698237245.883063,VS0,VE0"", ""vary"": ""Accept-Encoding"", ""x-xss-protection"": ""1; mode=block"", ""x-frame-options"": ""DENY"", ""x-content-type-options"": ""nosniff"", ""cache-control"": ""max-age=0, must-revalidate"", ""server"": ""Artisanal bits"", ""link"": ""</g-static/fonts/subsetting/inter-var.woff2>; rel=preload; as=font; crossorigin; nopush, <https://user-data.mutinycdn.com>; rel=preconnect, <https://client.mutinycdn.com>; rel=preconnect, <https://client-registry.mutinycdn.com>; rel=preconnect, <https://www.googletagmanager.com>; rel=preconnect"", ""strict-transport-security"": ""max-age=31536000"", ""alt-svc"": ""h3=\"":443\"";ma=86400,h3-29=\"":443\"";ma=86400,h3-27=\"":443\"";ma=86400""}"
6,"GET https://www.fastly.com/  HTTP/1.1
Host: www.fastly.com
User-Agent: Mozilla/5.0 (Windows NT 10.0; rv:102.0) Gecko/20100101 Firefox/102.0
Accept: text/html,application/xhtml+xml,application/xml;q=0.9,image/avif,image/webp,*/*;q=0.8
Accept-Encoding: gzip, deflate, br
Accept-Language: en-US,en;q=0.5
DNT: 1
Connection: keep-alive
Upgrade-Insecure-Requests: 1
Sec-Fetch-Dest: document
Sec-Fetch-Mode: navigate
Sec-Fetch-Site: cross-site

",0,https://www.fastly.com/,451,HTTP/1.1,0.1955721378326416,0.12846684455871582,0.02927851676940918,200,OK,[''],20,20,0,"{""connection"": ""keep-alive"", ""content-length"": ""89577"", ""content-type"": ""text/html"", ""etag"": ""\""1b1798b9a38a5ad68b5901f755e90be2\"""", ""content-encoding"": ""gzip"", ""accept-ranges"": ""bytes"", ""date"": ""Wed, 25 Oct 2023 12:34:14 GMT"", ""x-served-by"": ""cache-sjc1000125-SJC, cache-sjc10022-SJC, cache-ams21067-AMS"", ""x-cache"": ""MISS, HIT, HIT"", ""x-cache-hits"": ""0, 13, 11793"", ""x-timer"": ""S1698237255.955867,VS0,VE0"", ""vary"": ""Accept-Encoding"", ""x-xss-protection"": ""1; mode=block"", ""x-frame-options"": ""DENY"", ""x-content-type-options"": ""nosniff"", ""cache-control"": ""max-age=0, must-revalidate"", ""server"": ""Artisanal bits"", ""link"": ""</g-static/fonts/subsetting/inter-var.woff2>; rel=preload; as=font; crossorigin; nopush, <https://user-data.mutinycdn.com>; rel=preconnect, <https://client.mutinycdn.com>; rel=preconnect, <https://client-registry.mutinycdn.com>; rel=preconnect, <https://www.googletagmanager.com>; rel=preconnect"", ""strict-transport-security"": ""max-age=31536000"", ""alt-svc"": ""h3=\"":443\"";ma=86400,h3-29=\"":443\"";ma=86400,h3-27=\"":443\"";ma=86400""}"
7,"GET https://www.fastly.com/  HTTP/1.1
Host: www.fastly.com
User-Agent: Mozilla/5.0 (Windows NT 10.0; rv:102.0) Gecko/20100101 Firefox/102.0
Accept: text/html,application/xhtml+xml,application/xml;q=0.9,image/avif,image/webp,*/*;q=0.8
Accept-Encoding: gzip, deflate, br
Accept-Language: en-US,en;q=0.5
DNT: 1
Connection: keep-alive
Upgrade-Insecure-Requests: 1
Sec-Fetch-Dest: document
Sec-Fetch-Mode: navigate
Sec-Fetch-Site: cross-site

",0,https://www.fastly.com/,451,HTTP/1.1,0.16770124435424805,0.13608622550964355,0.06341266632080078,200,OK,[''],20,20,0,"{""connection"": ""keep-alive"", ""content-length"": ""89577"", ""content-type"": ""text/html"", ""etag"": ""\""1b1798b9a38a5ad68b5901f755e90be2\"""", ""content-encoding"": ""gzip"", ""accept-ranges"": ""bytes"", ""date"": ""Wed, 25 Oct 2023 12:34:25 GMT"", ""x-served-by"": ""cache-sjc1000125-SJC, cache-sjc10022-SJC, cache-ams21045-AMS"", ""x-cache"": ""MISS, HIT, HIT"", ""x-cache-hits"": ""0, 13, 11804"", ""x-timer"": ""S1698237265.454382,VS0,VE0"", ""vary"": ""Accept-Encoding"", ""x-xss-protection"": ""1; mode=block"", ""x-frame-options"": ""DENY"", ""x-content-type-options"": ""nosniff"", ""cache-control"": ""max-age=0, must-revalidate"", ""server"": ""Artisanal bits"", ""link"": ""</g-static/fonts/subsetting/inter-var.woff2>; rel=preload; as=font; crossorigin; nopush, <https://user-data.mutinycdn.com>; rel=preconnect, <https://client.mutinycdn.com>; rel=preconnect, <https://client-registry.mutinycdn.com>; rel=preconnect, <https://www.googletagmanager.com>; rel=preconnect"", ""strict-transport-security"": ""max-age=31536000"", ""alt-svc"": ""h3=\"":443\"";ma=86400,h3-29=\"":443\"";ma=86400,h3-27=\"":443\"";ma=86400""}"
8,"GET https://www.fastly.com/  HTTP/1.1
Host: www.fastly.com
User-Agent: Mozilla/5.0 (Windows NT 10.0; rv:102.0) Gecko/20100101 Firefox/102.0
Accept: text/html,application/xhtml+xml,application/xml;q=0.9,image/avif,image/webp,*/*;q=0.8
Accept-Encoding: gzip, deflate, br
Accept-Language: en-US,en;q=0.5
DNT: 1
Connection: keep-alive
Upgrade-Insecure-Requests: 1
Sec-Fetch-Dest: document
Sec-Fetch-Mode: navigate
Sec-Fetch-Site: cross-site

",0,https://www.fastly.com/,451,HTTP/1.1,0.19460773468017578,0.1090860366821289,0.03933143615722656,200,OK,[''],20,20,0,"{""connection"": ""keep-alive"", ""content-length"": ""89577"", ""content-type"": ""text/html"", ""etag"": ""\""1b1798b9a38a5ad68b5901f755e90be2\"""", ""content-encoding"": ""gzip"", ""accept-ranges"": ""bytes"", ""date"": ""Wed, 25 Oct 2023 12:34:35 GMT"", ""x-served-by"": ""cache-sjc1000125-SJC, cache-sjc10022-SJC, cache-ams21072-AMS"", ""x-cache"": ""MISS, HIT, HIT"", ""x-cache-hits"": ""0, 13, 11627"", ""x-timer"": ""S1698237276.827938,VS0,VE0"", ""vary"": ""Accept-Encoding"", ""x-xss-protection"": ""1; mode=block"", ""x-frame-options"": ""DENY"", ""x-content-type-options"": ""nosniff"", ""cache-control"": ""max-age=0, must-revalidate"", ""server"": ""Artisanal bits"", ""link"": ""</g-static/fonts/subsetting/inter-var.woff2>; rel=preload; as=font; crossorigin; nopush, <https://user-data.mutinycdn.com>; rel=preconnect, <https://client.mutinycdn.com>; rel=preconnect, <https://client-registry.mutinycdn.com>; rel=preconnect, <https://www.googletagmanager.com>; rel=preconnect"", ""strict-transport-security"": ""max-age=31536000"", ""alt-svc"": ""h3=\"":443\"";ma=86400,h3-29=\"":443\"";ma=86400,h3-27=\"":443\"";ma=86400""}"
9,"GET https://www.fastly.com/  HTTP/1.1
Host: www.fastly.com
User-Agent: Mozilla/5.0 (Windows NT 10.0; rv:102.0) Gecko/20100101 Firefox/102.0
Accept: text/html,application/xhtml+xml,application/xml;q=0.9,image/avif,image/webp,*/*;q=0.8
Accept-Encoding: gzip, deflate, br
Accept-Language: en-US,en;q=0.5
DNT: 1
Connection: keep-alive
Upgrade-Insecure-Requests: 1
Sec-Fetch-Dest: document
Sec-Fetch-Mode: navigate
Sec-Fetch-Site: cross-site

",0,https://www.fastly.com/,451,HTTP/1.1,0.1553966999053955,0.10589766502380371,0.05535268783569336,200,OK,[''],20,20,0,"{""connection"": ""keep-alive"", ""content-length"": ""89577"", ""content-type"": ""text/html"", ""etag"": ""\""1b1798b9a38a5ad68b5901f755e90be2\"""", ""content-encoding"": ""gzip"", ""accept-ranges"": ""bytes"", ""date"": ""Wed, 25 Oct 2023 12:34:45 GMT"", ""x-served-by"": ""cache-sjc1000125-SJC, cache-sjc10022-SJC, cache-ams21059-AMS"", ""x-cache"": ""MISS, HIT, HIT"", ""x-cache-hits"": ""0, 13, 11592"", ""x-timer"": ""S1698237286.647469,VS0,VE0"", ""vary"": ""Accept-Encoding"", ""x-xss-protection"": ""1; mode=block"", ""x-frame-options"": ""DENY"", ""x-content-type-options"": ""nosniff"", ""cache-control"": ""max-age=0, must-revalidate"", ""server"": ""Artisanal bits"", ""link"": ""</g-static/fonts/subsetting/inter-var.woff2>; rel=preload; as=font; crossorigin; nopush, <https://user-data.mutinycdn.com>; rel=preconnect, <https://client.mutinycdn.com>; rel=preconnect, <https://client-registry.mutinycdn.com>; rel=preconnect, <https://www.googletagmanager.com>; rel=preconnect"", ""strict-transport-security"": ""max-age=31536000"", ""alt-svc"": ""h3=\"":443\"";ma=86400,h3-29=\"":443\"";ma=86400,h3-27=\"":443\"";ma=86400""}"
