[
    {
        "number": 0,
        "request": "GET https://www.fastly.com/  HTTP/1.1\r\nHost: www.fastly.com\r\nUser-Agent: Mozilla/5.0 (Windows NT 10.0; rv:102.0) Gecko/20100101 Firefox/102.0\r\nAccept: text/html,application/xhtml+xml,application/xml;q=0.9,image/avif,image/webp,*/*;q=0.8\r\nAccept-Encoding: gzip, deflate, br\r\nAccept-Language: en-US,en;q=0.5\r\nDNT: 1\r\nConnection: keep-alive\r\nUpgrade-Insecure-Requests: 1\r\nSec-Fetch-Dest: document\r\nSec-Fetch-Mode: navigate\r\nSec-Fetch-Site: cross-site\r\n\r\n",
        "deviation_count": 0,
        "uri": "https://www.fastly.com/",
        "request_length": 451,
        "Response_Time": 0.028336524963378906,
        "status_code": 200,
        "reason_phrase": "OK",
        "error_message": [
            ""
        ],
        "response_header_count": 20,
        "response_header_length": 20,
        "response_body_length": 0,
        "response_header_fields": {
            "connection": "keep-alive",
            "content-length": "89577",
            "content-type": "text/html",
            "etag": "\"1b1798b9a38a5ad68b5901f755e90be2\"",
            "content-encoding": "gzip",
            "accept-ranges": "bytes",
            "date": "Wed, 25 Oct 2023 12:33:12 GMT",
            "x-served-by": "cache-sjc1000125-SJC, cache-sjc10022-SJC, cache-ams21067-AMS",
            "x-cache": "MISS, HIT, HIT",
            "x-cache-hits": "0, 13, 11777",
            "x-timer": "S1698237192.015705,VS0,VE0",
            "vary": "Accept-Encoding",
            "x-xss-protection": "1; mode=block",
            "x-frame-options": "DENY",
            "x-content-type-options": "nosniff",
            "cache-control": "max-age=0, must-revalidate",
            "server": "Artisanal bits",
            "link": "</g-static/fonts/subsetting/inter-var.woff2>; rel=preload; as=font; crossorigin; nopush, <https://user-data.mutinycdn.com>; rel=preconnect, <https://client.mutinycdn.com>; rel=preconnect, <https://client-registry.mutinycdn.com>; rel=preconnect, <https://www.googletagmanager.com>; rel=preconnect",
            "strict-transport-security": "max-age=31536000",
            "alt-svc": "h3=\":443\";ma=86400,h3-29=\":443\";ma=86400,h3-27=\":443\";ma=86400"
        }
    },
    {
        "number": 1,
        "request": "GET https://www.fastly.com/  HTTP/1.1\r\nHost: www.fastly.com\r\nUser-Agent: Mozilla/5.0 (Windows NT 10.0; rv:102.0) Gecko/20100101 Firefox/102.0\r\nAccept: text/html,application/xhtml+xml,application/xml;q=0.9,image/avif,image/webp,*/*;q=0.8\r\nAccept-Encoding: gzip, deflate, br\r\nAccept-Language: en-US,en;q=0.5\r\nDNT: 1\r\nConnection: keep-alive\r\nUpgrade-Insecure-Requests: 1\r\nSec-Fetch-Dest: document\r\nSec-Fetch-Mode: navigate\r\nSec-Fetch-Site: cross-site\r\n\r\n",
        "deviation_count": 0,
        "uri": "https://www.fastly.com/",
        "request_length": 451,
        "Response_Time": 0.017461538314819336,
        "status_code": 200,
        "reason_phrase": "OK",
        "error_message": [
            ""
        ],
        "response_header_count": 20,
        "response_header_length": 20,
        "response_body_length": 0,
        "response_header_fields": {
            "connection": "keep-alive",
            "content-length": "89577",
            "content-type": "text/html",
            "etag": "\"1b1798b9a38a5ad68b5901f755e90be2\"",
            "content-encoding": "gzip",
            "accept-ranges": "bytes",
            "date": "Wed, 25 Oct 2023 12:33:22 GMT",
            "x-served-by": "cache-sjc1000125-SJC, cache-sjc10022-SJC, cache-ams21063-AMS",
            "x-cache": "MISS, HIT, HIT",
            "x-cache-hits": "0, 13, 11878",
            "x-timer": "S1698237203.665304,VS0,VE0",
            "vary": "Accept-Encoding",
            "x-xss-protection": "1; mode=block",
            "x-frame-options": "DENY",
            "x-content-type-options": "nosniff",
            "cache-control": "max-age=0, must-revalidate",
            "server": "Artisanal bits",
            "link": "</g-static/fonts/subsetting/inter-var.woff2>; rel=preload; as=font; crossorigin; nopush, <https://user-data.mutinycdn.com>; rel=preconnect, <https://client.mutinycdn.com>; rel=preconnect, <https://client-registry.mutinycdn.com>; rel=preconnect, <https://www.googletagmanager.com>; rel=preconnect",
            "strict-transport-security": "max-age=31536000",
            "alt-svc": "h3=\":443\";ma=86400,h3-29=\":443\";ma=86400,h3-27=\":443\";ma=86400"
        }
    },
    {
        "number": 2,
        "request": "GET https://www.fastly.com/  HTTP/1.1\r\nHost: www.fastly.com\r\nUser-Agent: Mozilla/5.0 (Windows NT 10.0; rv:102.0) Gecko/20100101 Firefox/102.0\r\nAccept: text/html,application/xhtml+xml,application/xml;q=0.9,image/avif,image/webp,*/*;q=0.8\r\nAccept-Encoding: gzip, deflate, br\r\nAccept-Language: en-US,en;q=0.5\r\nDNT: 1\r\nConnection: keep-alive\r\nUpgrade-Insecure-Requests: 1\r\nSec-Fetch-Dest: document\r\nSec-Fetch-Mode: navigate\r\nSec-Fetch-Site: cross-site\r\n\r\n",
        "deviation_count": 0,
        "uri": "https://www.fastly.com/",
        "request_length": 451,
        "Response_Time": 0.024719953536987305,
        "status_code": 200,
        "reason_phrase": "OK",
        "error_message": [
            ""
        ],
        "response_header_count": 20,
        "response_header_length": 20,
        "response_body_length": 0,
        "response_header_fields": {
            "connection": "keep-alive",
            "content-length": "89577",
            "content-type": "text/html",
            "etag": "\"1b1798b9a38a5ad68b5901f755e90be2\"",
            "content-encoding": "gzip",
            "accept-ranges": "bytes",
            "date": "Wed, 25 Oct 2023 12:33:33 GMT",
            "x-served-by": "cache-sjc1000125-SJC, cache-sjc10022-SJC, cache-ams21081-AMS",
            "x-cache": "MISS, HIT, HIT",
            "x-cache-hits": "0, 13, 11388",
            "x-timer": "S1698237214.539445,VS0,VE0",
            "vary": "Accept-Encoding",
            "x-xss-protection": "1; mode=block",
            "x-frame-options": "DENY",
            "x-content-type-options": "nosniff",
            "cache-control": "max-age=0, must-revalidate",
            "server": "Artisanal bits",
            "link": "</g-static/fonts/subsetting/inter-var.woff2>; rel=preload; as=font; crossorigin; nopush, <https://user-data.mutinycdn.com>; rel=preconnect, <https://client.mutinycdn.com>; rel=preconnect, <https://client-registry.mutinycdn.com>; rel=preconnect, <https://www.googletagmanager.com>; rel=preconnect",
            "strict-transport-security": "max-age=31536000",
            "alt-svc": "h3=\":443\";ma=86400,h3-29=\":443\";ma=86400,h3-27=\":443\";ma=86400"
        }
    },
    {
        "number": 3,
        "request": "GET https://www.fastly.com/  HTTP/1.1\r\nHost: www.fastly.com\r\nUser-Agent: Mozilla/5.0 (Windows NT 10.0; rv:102.0) Gecko/20100101 Firefox/102.0\r\nAccept: text/html,application/xhtml+xml,application/xml;q=0.9,image/avif,image/webp,*/*;q=0.8\r\nAccept-Encoding: gzip, deflate, br\r\nAccept-Language: en-US,en;q=0.5\r\nDNT: 1\r\nConnection: keep-alive\r\nUpgrade-Insecure-Requests: 1\r\nSec-Fetch-Dest: document\r\nSec-Fetch-Mode: navigate\r\nSec-Fetch-Site: cross-site\r\n\r\n",
        "deviation_count": 0,
        "uri": "https://www.fastly.com/",
        "request_length": 451,
        "Response_Time": 0.059830427169799805,
        "status_code": 200,
        "reason_phrase": "OK",
        "error_message": [
            ""
        ],
        "response_header_count": 20,
        "response_header_length": 20,
        "response_body_length": 0,
        "response_header_fields": {
            "connection": "keep-alive",
            "content-length": "89577",
            "content-type": "text/html",
            "etag": "\"1b1798b9a38a5ad68b5901f755e90be2\"",
            "content-encoding": "gzip",
            "accept-ranges": "bytes",
            "date": "Wed, 25 Oct 2023 12:33:43 GMT",
            "x-served-by": "cache-sjc1000125-SJC, cache-sjc10022-SJC, cache-ams21046-AMS",
            "x-cache": "MISS, HIT, HIT",
            "x-cache-hits": "0, 13, 11149",
            "x-timer": "S1698237224.987136,VS0,VE0",
            "vary": "Accept-Encoding",
            "x-xss-protection": "1; mode=block",
            "x-frame-options": "DENY",
            "x-content-type-options": "nosniff",
            "cache-control": "max-age=0, must-revalidate",
            "server": "Artisanal bits",
            "link": "</g-static/fonts/subsetting/inter-var.woff2>; rel=preload; as=font; crossorigin; nopush, <https://user-data.mutinycdn.com>; rel=preconnect, <https://client.mutinycdn.com>; rel=preconnect, <https://client-registry.mutinycdn.com>; rel=preconnect, <https://www.googletagmanager.com>; rel=preconnect",
            "strict-transport-security": "max-age=31536000",
            "alt-svc": "h3=\":443\";ma=86400,h3-29=\":443\";ma=86400,h3-27=\":443\";ma=86400"
        }
    },
    {
        "number": 4,
        "request": "GET https://www.fastly.com/  HTTP/1.1\r\nHost: www.fastly.com\r\nUser-Agent: Mozilla/5.0 (Windows NT 10.0; rv:102.0) Gecko/20100101 Firefox/102.0\r\nAccept: text/html,application/xhtml+xml,application/xml;q=0.9,image/avif,image/webp,*/*;q=0.8\r\nAccept-Encoding: gzip, deflate, br\r\nAccept-Language: en-US,en;q=0.5\r\nDNT: 1\r\nConnection: keep-alive\r\nUpgrade-Insecure-Requests: 1\r\nSec-Fetch-Dest: document\r\nSec-Fetch-Mode: navigate\r\nSec-Fetch-Site: cross-site\r\n\r\n",
        "deviation_count": 0,
        "uri": "https://www.fastly.com/",
        "request_length": 451,
        "Response_Time": 0.022272586822509766,
        "status_code": 200,
        "reason_phrase": "OK",
        "error_message": [
            ""
        ],
        "response_header_count": 20,
        "response_header_length": 20,
        "response_body_length": 0,
        "response_header_fields": {
            "connection": "keep-alive",
            "content-length": "89577",
            "content-type": "text/html",
            "etag": "\"1b1798b9a38a5ad68b5901f755e90be2\"",
            "content-encoding": "gzip",
            "accept-ranges": "bytes",
            "date": "Wed, 25 Oct 2023 12:33:54 GMT",
            "x-served-by": "cache-sjc1000125-SJC, cache-sjc10022-SJC, cache-ams21043-AMS",
            "x-cache": "MISS, HIT, HIT",
            "x-cache-hits": "0, 13, 11495",
            "x-timer": "S1698237234.417773,VS0,VE0",
            "vary": "Accept-Encoding",
            "x-xss-protection": "1; mode=block",
            "x-frame-options": "DENY",
            "x-content-type-options": "nosniff",
            "cache-control": "max-age=0, must-revalidate",
            "server": "Artisanal bits",
            "link": "</g-static/fonts/subsetting/inter-var.woff2>; rel=preload; as=font; crossorigin; nopush, <https://user-data.mutinycdn.com>; rel=preconnect, <https://client.mutinycdn.com>; rel=preconnect, <https://client-registry.mutinycdn.com>; rel=preconnect, <https://www.googletagmanager.com>; rel=preconnect",
            "strict-transport-security": "max-age=31536000",
            "alt-svc": "h3=\":443\";ma=86400,h3-29=\":443\";ma=86400,h3-27=\":443\";ma=86400"
        }
    },
    {
        "number": 5,
        "request": "GET https://www.fastly.com/  HTTP/1.1\r\nHost: www.fastly.com\r\nUser-Agent: Mozilla/5.0 (Windows NT 10.0; rv:102.0) Gecko/20100101 Firefox/102.0\r\nAccept: text/html,application/xhtml+xml,application/xml;q=0.9,image/avif,image/webp,*/*;q=0.8\r\nAccept-Encoding: gzip, deflate, br\r\nAccept-Language: en-US,en;q=0.5\r\nDNT: 1\r\nConnection: keep-alive\r\nUpgrade-Insecure-Requests: 1\r\nSec-Fetch-Dest: document\r\nSec-Fetch-Mode: navigate\r\nSec-Fetch-Site: cross-site\r\n\r\n",
        "deviation_count": 0,
        "uri": "https://www.fastly.com/",
        "request_length": 451,
        "Response_Time": 0.03509807586669922,
        "status_code": 200,
        "reason_phrase": "OK",
        "error_message": [
            ""
        ],
        "response_header_count": 20,
        "response_header_length": 20,
        "response_body_length": 0,
        "response_header_fields": {
            "connection": "keep-alive",
            "content-length": "89577",
            "content-type": "text/html",
            "etag": "\"1b1798b9a38a5ad68b5901f755e90be2\"",
            "content-encoding": "gzip",
            "accept-ranges": "bytes",
            "date": "Wed, 25 Oct 2023 12:34:04 GMT",
            "x-served-by": "cache-sjc1000125-SJC, cache-sjc10022-SJC, cache-ams21058-AMS",
            "x-cache": "MISS, HIT, HIT",
            "x-cache-hits": "0, 13, 11736",
            "x-timer": "S1698237245.883063,VS0,VE0",
            "vary": "Accept-Encoding",
            "x-xss-protection": "1; mode=block",
            "x-frame-options": "DENY",
            "x-content-type-options": "nosniff",
            "cache-control": "max-age=0, must-revalidate",
            "server": "Artisanal bits",
            "link": "</g-static/fonts/subsetting/inter-var.woff2>; rel=preload; as=font; crossorigin; nopush, <https://user-data.mutinycdn.com>; rel=preconnect, <https://client.mutinycdn.com>; rel=preconnect, <https://client-registry.mutinycdn.com>; rel=preconnect, <https://www.googletagmanager.com>; rel=preconnect",
            "strict-transport-security": "max-age=31536000",
            "alt-svc": "h3=\":443\";ma=86400,h3-29=\":443\";ma=86400,h3-27=\":443\";ma=86400"
        }
    },
    {
        "number": 6,
        "request": "GET https://www.fastly.com/  HTTP/1.1\r\nHost: www.fastly.com\r\nUser-Agent: Mozilla/5.0 (Windows NT 10.0; rv:102.0) Gecko/20100101 Firefox/102.0\r\nAccept: text/html,application/xhtml+xml,application/xml;q=0.9,image/avif,image/webp,*/*;q=0.8\r\nAccept-Encoding: gzip, deflate, br\r\nAccept-Language: en-US,en;q=0.5\r\nDNT: 1\r\nConnection: keep-alive\r\nUpgrade-Insecure-Requests: 1\r\nSec-Fetch-Dest: document\r\nSec-Fetch-Mode: navigate\r\nSec-Fetch-Site: cross-site\r\n\r\n",
        "deviation_count": 0,
        "uri": "https://www.fastly.com/",
        "request_length": 451,
        "Response_Time": 0.02927851676940918,
        "status_code": 200,
        "reason_phrase": "OK",
        "error_message": [
            ""
        ],
        "response_header_count": 20,
        "response_header_length": 20,
        "response_body_length": 0,
        "response_header_fields": {
            "connection": "keep-alive",
            "content-length": "89577",
            "content-type": "text/html",
            "etag": "\"1b1798b9a38a5ad68b5901f755e90be2\"",
            "content-encoding": "gzip",
            "accept-ranges": "bytes",
            "date": "Wed, 25 Oct 2023 12:34:14 GMT",
            "x-served-by": "cache-sjc1000125-SJC, cache-sjc10022-SJC, cache-ams21067-AMS",
            "x-cache": "MISS, HIT, HIT",
            "x-cache-hits": "0, 13, 11793",
            "x-timer": "S1698237255.955867,VS0,VE0",
            "vary": "Accept-Encoding",
            "x-xss-protection": "1; mode=block",
            "x-frame-options": "DENY",
            "x-content-type-options": "nosniff",
            "cache-control": "max-age=0, must-revalidate",
            "server": "Artisanal bits",
            "link": "</g-static/fonts/subsetting/inter-var.woff2>; rel=preload; as=font; crossorigin; nopush, <https://user-data.mutinycdn.com>; rel=preconnect, <https://client.mutinycdn.com>; rel=preconnect, <https://client-registry.mutinycdn.com>; rel=preconnect, <https://www.googletagmanager.com>; rel=preconnect",
            "strict-transport-security": "max-age=31536000",
            "alt-svc": "h3=\":443\";ma=86400,h3-29=\":443\";ma=86400,h3-27=\":443\";ma=86400"
        }
    },
    {
        "number": 7,
        "request": "GET https://www.fastly.com/  HTTP/1.1\r\nHost: www.fastly.com\r\nUser-Agent: Mozilla/5.0 (Windows NT 10.0; rv:102.0) Gecko/20100101 Firefox/102.0\r\nAccept: text/html,application/xhtml+xml,application/xml;q=0.9,image/avif,image/webp,*/*;q=0.8\r\nAccept-Encoding: gzip, deflate, br\r\nAccept-Language: en-US,en;q=0.5\r\nDNT: 1\r\nConnection: keep-alive\r\nUpgrade-Insecure-Requests: 1\r\nSec-Fetch-Dest: document\r\nSec-Fetch-Mode: navigate\r\nSec-Fetch-Site: cross-site\r\n\r\n",
        "deviation_count": 0,
        "uri": "https://www.fastly.com/",
        "request_length": 451,
        "Response_Time": 0.06341266632080078,
        "status_code": 200,
        "reason_phrase": "OK",
        "error_message": [
            ""
        ],
        "response_header_count": 20,
        "response_header_length": 20,
        "response_body_length": 0,
        "response_header_fields": {
            "connection": "keep-alive",
            "content-length": "89577",
            "content-type": "text/html",
            "etag": "\"1b1798b9a38a5ad68b5901f755e90be2\"",
            "content-encoding": "gzip",
            "accept-ranges": "bytes",
            "date": "Wed, 25 Oct 2023 12:34:25 GMT",
            "x-served-by": "cache-sjc1000125-SJC, cache-sjc10022-SJC, cache-ams21045-AMS",
            "x-cache": "MISS, HIT, HIT",
            "x-cache-hits": "0, 13, 11804",
            "x-timer": "S1698237265.454382,VS0,VE0",
            "vary": "Accept-Encoding",
            "x-xss-protection": "1; mode=block",
            "x-frame-options": "DENY",
            "x-content-type-options": "nosniff",
            "cache-control": "max-age=0, must-revalidate",
            "server": "Artisanal bits",
            "link": "</g-static/fonts/subsetting/inter-var.woff2>; rel=preload; as=font; crossorigin; nopush, <https://user-data.mutinycdn.com>; rel=preconnect, <https://client.mutinycdn.com>; rel=preconnect, <https://client-registry.mutinycdn.com>; rel=preconnect, <https://www.googletagmanager.com>; rel=preconnect",
            "strict-transport-security": "max-age=31536000",
            "alt-svc": "h3=\":443\";ma=86400,h3-29=\":443\";ma=86400,h3-27=\":443\";ma=86400"
        }
    },
    {
        "number": 8,
        "request": "GET https://www.fastly.com/  HTTP/1.1\r\nHost: www.fastly.com\r\nUser-Agent: Mozilla/5.0 (Windows NT 10.0; rv:102.0) Gecko/20100101 Firefox/102.0\r\nAccept: text/html,application/xhtml+xml,application/xml;q=0.9,image/avif,image/webp,*/*;q=0.8\r\nAccept-Encoding: gzip, deflate, br\r\nAccept-Language: en-US,en;q=0.5\r\nDNT: 1\r\nConnection: keep-alive\r\nUpgrade-Insecure-Requests: 1\r\nSec-Fetch-Dest: document\r\nSec-Fetch-Mode: navigate\r\nSec-Fetch-Site: cross-site\r\n\r\n",
        "deviation_count": 0,
        "uri": "https://www.fastly.com/",
        "request_length": 451,
        "Response_Time": 0.03933143615722656,
        "status_code": 200,
        "reason_phrase": "OK",
        "error_message": [
            ""
        ],
        "response_header_count": 20,
        "response_header_length": 20,
        "response_body_length": 0,
        "response_header_fields": {
            "connection": "keep-alive",
            "content-length": "89577",
            "content-type": "text/html",
            "etag": "\"1b1798b9a38a5ad68b5901f755e90be2\"",
            "content-encoding": "gzip",
            "accept-ranges": "bytes",
            "date": "Wed, 25 Oct 2023 12:34:35 GMT",
            "x-served-by": "cache-sjc1000125-SJC, cache-sjc10022-SJC, cache-ams21072-AMS",
            "x-cache": "MISS, HIT, HIT",
            "x-cache-hits": "0, 13, 11627",
            "x-timer": "S1698237276.827938,VS0,VE0",
            "vary": "Accept-Encoding",
            "x-xss-protection": "1; mode=block",
            "x-frame-options": "DENY",
            "x-content-type-options": "nosniff",
            "cache-control": "max-age=0, must-revalidate",
            "server": "Artisanal bits",
            "link": "</g-static/fonts/subsetting/inter-var.woff2>; rel=preload; as=font; crossorigin; nopush, <https://user-data.mutinycdn.com>; rel=preconnect, <https://client.mutinycdn.com>; rel=preconnect, <https://client-registry.mutinycdn.com>; rel=preconnect, <https://www.googletagmanager.com>; rel=preconnect",
            "strict-transport-security": "max-age=31536000",
            "alt-svc": "h3=\":443\";ma=86400,h3-29=\":443\";ma=86400,h3-27=\":443\";ma=86400"
        }
    },
    {
        "number": 9,
        "request": "GET https://www.fastly.com/  HTTP/1.1\r\nHost: www.fastly.com\r\nUser-Agent: Mozilla/5.0 (Windows NT 10.0; rv:102.0) Gecko/20100101 Firefox/102.0\r\nAccept: text/html,application/xhtml+xml,application/xml;q=0.9,image/avif,image/webp,*/*;q=0.8\r\nAccept-Encoding: gzip, deflate, br\r\nAccept-Language: en-US,en;q=0.5\r\nDNT: 1\r\nConnection: keep-alive\r\nUpgrade-Insecure-Requests: 1\r\nSec-Fetch-Dest: document\r\nSec-Fetch-Mode: navigate\r\nSec-Fetch-Site: cross-site\r\n\r\n",
        "deviation_count": 0,
        "uri": "https://www.fastly.com/",
        "request_length": 451,
        "Response_Time": 0.05535268783569336,
        "status_code": 200,
        "reason_phrase": "OK",
        "error_message": [
            ""
        ],
        "response_header_count": 20,
        "response_header_length": 20,
        "response_body_length": 0,
        "response_header_fields": {
            "connection": "keep-alive",
            "content-length": "89577",
            "content-type": "text/html",
            "etag": "\"1b1798b9a38a5ad68b5901f755e90be2\"",
            "content-encoding": "gzip",
            "accept-ranges": "bytes",
            "date": "Wed, 25 Oct 2023 12:34:45 GMT",
            "x-served-by": "cache-sjc1000125-SJC, cache-sjc10022-SJC, cache-ams21059-AMS",
            "x-cache": "MISS, HIT, HIT",
            "x-cache-hits": "0, 13, 11592",
            "x-timer": "S1698237286.647469,VS0,VE0",
            "vary": "Accept-Encoding",
            "x-xss-protection": "1; mode=block",
            "x-frame-options": "DENY",
            "x-content-type-options": "nosniff",
            "cache-control": "max-age=0, must-revalidate",
            "server": "Artisanal bits",
            "link": "</g-static/fonts/subsetting/inter-var.woff2>; rel=preload; as=font; crossorigin; nopush, <https://user-data.mutinycdn.com>; rel=preconnect, <https://client.mutinycdn.com>; rel=preconnect, <https://client-registry.mutinycdn.com>; rel=preconnect, <https://www.googletagmanager.com>; rel=preconnect",
            "strict-transport-security": "max-age=31536000",
            "alt-svc": "h3=\":443\";ma=86400,h3-29=\":443\";ma=86400,h3-27=\":443\";ma=86400"
        }
    }
]