,Attempt No.,uri,Deviation Count,Status Code,Response_Time,response_header_count,response_header_length,response_body_length,response_header_fields
0,0,https://login.microsoftonline.com/common/oauth2/authorize?client_id=00000002-0000-0ff1-ce00-000000000000&redirect_uri=https%3a%2f%2foutlook.office365.com%2fowa%2f&resource=00000002-0000-0ff1-ce00-000000000000&response_mode=form_post&response_type=code+id_token&scope=openid&msafed=1&msaredir=1&client-request-id=aeced088-c1c7-64b3-7b6b-5ae975c80894&protectedtoken=true&claims=%7b%22id_token%22%3a%7b%22xms_cc%22%3a%7b%22values%22%3a%5b%22CP1%22%5d%7d%7d%7d&nonce=638338339764545291.3c032317-541a-43f8-ae0a-f93bb8528698&state=FYtJEoAwCMCojs_BLkALz6GOvXr0--JMklsSAOzhFqYSgdFJ6cdGZ2FpVk-6CjWqA4WrI9NS9Ls4LqM5VZp20xTvkZ_X8wc,0,200,0.22092318534851074,19,19,13856,"{'cache-control': 'no-store, no-cache', 'pragma': 'no-cache', 'content-type': 'text/html; charset=utf-8', 'content-encoding': 'gzip', 'expires': '-1', 'vary': 'Accept-Encoding', 'strict-transport-security': 'max-age=31536000; includeSubDomains', 'x-content-type-options': 'nosniff', 'x-frame-options': 'DENY', 'link': '<https://aadcdn.msftauth.net>; rel=dns-prefetch', 'x-dns-prefetch-control': 'on', 'p3p': 'CP=""DSP CUR OTPi IND OTRi ONL FIN""', 'x-ms-request-id': 'bafac21b-c656-440a-ae56-be7256011400', 'x-ms-ests-server': '2.1.16571.6 - SEC ProdSlices', 'referrer-policy': 'strict-origin-when-cross-origin', 'x-xss-protection': '0', 'set-cookie': 'stsservicecookie=estsfd; path=/; secure; samesite=none; httponly', 'date': 'Wed, 25 Oct 2023 12:33:18 GMT', 'content-length': '16109'}"
1,1,https://login.microsoftonline.com/common/oauth2/authorize?client_id=00000002-0000-0ff1-ce00-000000000000&redirect_uri=https%3a%2f%2foutlook.office365.com%2fowa%2f&resource=00000002-0000-0ff1-ce00-000000000000&response_mode=form_post&response_type=code+id_token&scope=openid&msafed=1&msaredir=1&client-request-id=aeced088-c1c7-64b3-7b6b-5ae975c80894&protectedtoken=true&claims=%7b%22id_token%22%3a%7b%22xms_cc%22%3a%7b%22values%22%3a%5b%22CP1%22%5d%7d%7d%7d&nonce=638338339764545291.3c032317-541a-43f8-ae0a-f93bb8528698&state=FYtJEoAwCMCojs_BLkALz6GOvXr0--JMklsSAOzhFqYSgdFJ6cdGZ2FpVk-6CjWqA4WrI9NS9Ls4LqM5VZp20xTvkZ_X8wc,0,200,0.12525248527526855,19,19,13676,"{'cache-control': 'no-store, no-cache', 'pragma': 'no-cache', 'content-type': 'text/html; charset=utf-8', 'content-encoding': 'gzip', 'expires': '-1', 'vary': 'Accept-Encoding', 'strict-transport-security': 'max-age=31536000; includeSubDomains', 'x-content-type-options': 'nosniff', 'x-frame-options': 'DENY', 'link': '<https://aadcdn.msauth.net>; rel=dns-prefetch', 'x-dns-prefetch-control': 'on', 'p3p': 'CP=""DSP CUR OTPi IND OTRi ONL FIN""', 'x-ms-request-id': 'd9319d86-a180-4716-a16b-6b8546e32e00', 'x-ms-ests-server': '2.1.16651.5 - NEULR1 ProdSlices', 'referrer-policy': 'strict-origin-when-cross-origin', 'x-xss-protection': '0', 'set-cookie': 'stsservicecookie=estsfd; path=/; secure; samesite=none; httponly', 'date': 'Wed, 25 Oct 2023 12:33:29 GMT', 'content-length': '15494'}"
2,2,https://login.microsoftonline.com/common/oauth2/authorize?client_id=00000002-0000-0ff1-ce00-000000000000&redirect_uri=https%3a%2f%2foutlook.office365.com%2fowa%2f&resource=00000002-0000-0ff1-ce00-000000000000&response_mode=form_post&response_type=code+id_token&scope=openid&msafed=1&msaredir=1&client-request-id=aeced088-c1c7-64b3-7b6b-5ae975c80894&protectedtoken=true&claims=%7b%22id_token%22%3a%7b%22xms_cc%22%3a%7b%22values%22%3a%5b%22CP1%22%5d%7d%7d%7d&nonce=638338339764545291.3c032317-541a-43f8-ae0a-f93bb8528698&state=FYtJEoAwCMCojs_BLkALz6GOvXr0--JMklsSAOzhFqYSgdFJ6cdGZ2FpVk-6CjWqA4WrI9NS9Ls4LqM5VZp20xTvkZ_X8wc,0,200,0.13704800605773926,19,19,13676,"{'cache-control': 'no-store, no-cache', 'pragma': 'no-cache', 'content-type': 'text/html; charset=utf-8', 'content-encoding': 'gzip', 'expires': '-1', 'vary': 'Accept-Encoding', 'strict-transport-security': 'max-age=31536000; includeSubDomains', 'x-content-type-options': 'nosniff', 'x-frame-options': 'DENY', 'link': '<https://aadcdn.msftauth.net>; rel=dns-prefetch', 'x-dns-prefetch-control': 'on', 'p3p': 'CP=""DSP CUR OTPi IND OTRi ONL FIN""', 'x-ms-request-id': 'c2327bbf-a29a-4df1-8b99-45a403356800', 'x-ms-ests-server': '2.1.16651.5 - NEULR1 ProdSlices', 'referrer-policy': 'strict-origin-when-cross-origin', 'x-xss-protection': '0', 'set-cookie': 'stsservicecookie=estsfd; path=/; secure; samesite=none; httponly', 'date': 'Wed, 25 Oct 2023 12:33:42 GMT', 'content-length': '15492'}"
3,3,https://login.microsoftonline.com/common/oauth2/authorize?client_id=00000002-0000-0ff1-ce00-000000000000&redirect_uri=https%3a%2f%2foutlook.office365.com%2fowa%2f&resource=00000002-0000-0ff1-ce00-000000000000&response_mode=form_post&response_type=code+id_token&scope=openid&msafed=1&msaredir=1&client-request-id=aeced088-c1c7-64b3-7b6b-5ae975c80894&protectedtoken=true&claims=%7b%22id_token%22%3a%7b%22xms_cc%22%3a%7b%22values%22%3a%5b%22CP1%22%5d%7d%7d%7d&nonce=638338339764545291.3c032317-541a-43f8-ae0a-f93bb8528698&state=FYtJEoAwCMCojs_BLkALz6GOvXr0--JMklsSAOzhFqYSgdFJ6cdGZ2FpVk-6CjWqA4WrI9NS9Ls4LqM5VZp20xTvkZ_X8wc,0,200,0.163438081741333,19,19,13920,"{'cache-control': 'no-store, no-cache', 'pragma': 'no-cache', 'content-type': 'text/html; charset=utf-8', 'content-encoding': 'gzip', 'expires': '-1', 'vary': 'Accept-Encoding', 'strict-transport-security': 'max-age=31536000; includeSubDomains', 'x-content-type-options': 'nosniff', 'x-frame-options': 'DENY', 'link': '<https://aadcdn.msauth.net>; rel=dns-prefetch', 'x-dns-prefetch-control': 'on', 'p3p': 'CP=""DSP CUR OTPi IND OTRi ONL FIN""', 'x-ms-request-id': 'caefa63c-67e5-4a33-b99f-37c31b950701', 'x-ms-ests-server': '2.1.16522.6 - FRC ProdSlices', 'referrer-policy': 'strict-origin-when-cross-origin', 'x-xss-protection': '0', 'set-cookie': 'stsservicecookie=estsfd; path=/; secure; samesite=none; httponly', 'date': 'Wed, 25 Oct 2023 12:33:55 GMT', 'content-length': '16105'}"
4,4,https://login.microsoftonline.com/common/oauth2/authorize?client_id=00000002-0000-0ff1-ce00-000000000000&redirect_uri=https%3a%2f%2foutlook.office365.com%2fowa%2f&resource=00000002-0000-0ff1-ce00-000000000000&response_mode=form_post&response_type=code+id_token&scope=openid&msafed=1&msaredir=1&client-request-id=aeced088-c1c7-64b3-7b6b-5ae975c80894&protectedtoken=true&claims=%7b%22id_token%22%3a%7b%22xms_cc%22%3a%7b%22values%22%3a%5b%22CP1%22%5d%7d%7d%7d&nonce=638338339764545291.3c032317-541a-43f8-ae0a-f93bb8528698&state=FYtJEoAwCMCojs_BLkALz6GOvXr0--JMklsSAOzhFqYSgdFJ6cdGZ2FpVk-6CjWqA4WrI9NS9Ls4LqM5VZp20xTvkZ_X8wc,0,200,0.14609360694885254,19,19,13873,"{'cache-control': 'no-store, no-cache', 'pragma': 'no-cache', 'content-type': 'text/html; charset=utf-8', 'content-encoding': 'gzip', 'expires': '-1', 'vary': 'Accept-Encoding', 'strict-transport-security': 'max-age=31536000; includeSubDomains', 'x-content-type-options': 'nosniff', 'x-frame-options': 'DENY', 'link': '<https://aadcdn.msauth.net>; rel=dns-prefetch', 'x-dns-prefetch-control': 'on', 'p3p': 'CP=""DSP CUR OTPi IND OTRi ONL FIN""', 'x-ms-request-id': '95e70cd1-4b69-4f9d-942e-43df97e90501', 'x-ms-ests-server': '2.1.16571.6 - FRC ProdSlices', 'referrer-policy': 'strict-origin-when-cross-origin', 'x-xss-protection': '0', 'set-cookie': 'stsservicecookie=estsfd; path=/; secure; samesite=none; httponly', 'date': 'Wed, 25 Oct 2023 12:34:07 GMT', 'content-length': '16079'}"
5,5,https://login.microsoftonline.com/common/oauth2/authorize?client_id=00000002-0000-0ff1-ce00-000000000000&redirect_uri=https%3a%2f%2foutlook.office365.com%2fowa%2f&resource=00000002-0000-0ff1-ce00-000000000000&response_mode=form_post&response_type=code+id_token&scope=openid&msafed=1&msaredir=1&client-request-id=aeced088-c1c7-64b3-7b6b-5ae975c80894&protectedtoken=true&claims=%7b%22id_token%22%3a%7b%22xms_cc%22%3a%7b%22values%22%3a%5b%22CP1%22%5d%7d%7d%7d&nonce=638338339764545291.3c032317-541a-43f8-ae0a-f93bb8528698&state=FYtJEoAwCMCojs_BLkALz6GOvXr0--JMklsSAOzhFqYSgdFJ6cdGZ2FpVk-6CjWqA4WrI9NS9Ls4LqM5VZp20xTvkZ_X8wc,0,200,0.11210036277770996,19,19,13658,"{'cache-control': 'no-store, no-cache', 'pragma': 'no-cache', 'content-type': 'text/html; charset=utf-8', 'content-encoding': 'gzip', 'expires': '-1', 'vary': 'Accept-Encoding', 'strict-transport-security': 'max-age=31536000; includeSubDomains', 'x-content-type-options': 'nosniff', 'x-frame-options': 'DENY', 'link': '<https://aadcdn.msauth.net>; rel=dns-prefetch', 'x-dns-prefetch-control': 'on', 'p3p': 'CP=""DSP CUR OTPi IND OTRi ONL FIN""', 'x-ms-request-id': '4e93b32b-643a-4973-958b-df3fb1701500', 'x-ms-ests-server': '2.1.16651.5 - WEULR1 ProdSlices', 'referrer-policy': 'strict-origin-when-cross-origin', 'x-xss-protection': '0', 'set-cookie': 'stsservicecookie=estsfd; path=/; secure; samesite=none; httponly', 'date': 'Wed, 25 Oct 2023 12:34:19 GMT', 'content-length': '15521'}"
6,6,https://login.microsoftonline.com/common/oauth2/authorize?client_id=00000002-0000-0ff1-ce00-000000000000&redirect_uri=https%3a%2f%2foutlook.office365.com%2fowa%2f&resource=00000002-0000-0ff1-ce00-000000000000&response_mode=form_post&response_type=code+id_token&scope=openid&msafed=1&msaredir=1&client-request-id=aeced088-c1c7-64b3-7b6b-5ae975c80894&protectedtoken=true&claims=%7b%22id_token%22%3a%7b%22xms_cc%22%3a%7b%22values%22%3a%5b%22CP1%22%5d%7d%7d%7d&nonce=638338339764545291.3c032317-541a-43f8-ae0a-f93bb8528698&state=FYtJEoAwCMCojs_BLkALz6GOvXr0--JMklsSAOzhFqYSgdFJ6cdGZ2FpVk-6CjWqA4WrI9NS9Ls4LqM5VZp20xTvkZ_X8wc,0,200,0.23179388046264648,19,19,13907,"{'cache-control': 'no-store, no-cache', 'pragma': 'no-cache', 'content-type': 'text/html; charset=utf-8', 'content-encoding': 'gzip', 'expires': '-1', 'vary': 'Accept-Encoding', 'strict-transport-security': 'max-age=31536000; includeSubDomains', 'x-content-type-options': 'nosniff', 'x-frame-options': 'DENY', 'link': '<https://aadcdn.msftauth.net>; rel=dns-prefetch', 'x-dns-prefetch-control': 'on', 'p3p': 'CP=""DSP CUR OTPi IND OTRi ONL FIN""', 'x-ms-request-id': '4d495b1c-0f1b-4db0-9fbd-41845cff2500', 'x-ms-ests-server': '2.1.16571.6 - WEULR1 ProdSlices', 'referrer-policy': 'strict-origin-when-cross-origin', 'x-xss-protection': '0', 'set-cookie': 'stsservicecookie=estsfd; path=/; secure; samesite=none; httponly', 'date': 'Wed, 25 Oct 2023 12:34:31 GMT', 'content-length': '16105'}"
7,7,https://login.microsoftonline.com/common/oauth2/authorize?client_id=00000002-0000-0ff1-ce00-000000000000&redirect_uri=https%3a%2f%2foutlook.office365.com%2fowa%2f&resource=00000002-0000-0ff1-ce00-000000000000&response_mode=form_post&response_type=code+id_token&scope=openid&msafed=1&msaredir=1&client-request-id=aeced088-c1c7-64b3-7b6b-5ae975c80894&protectedtoken=true&claims=%7b%22id_token%22%3a%7b%22xms_cc%22%3a%7b%22values%22%3a%5b%22CP1%22%5d%7d%7d%7d&nonce=638338339764545291.3c032317-541a-43f8-ae0a-f93bb8528698&state=FYtJEoAwCMCojs_BLkALz6GOvXr0--JMklsSAOzhFqYSgdFJ6cdGZ2FpVk-6CjWqA4WrI9NS9Ls4LqM5VZp20xTvkZ_X8wc,0,200,0.09532666206359863,19,19,13903,"{'cache-control': 'no-store, no-cache', 'pragma': 'no-cache', 'content-type': 'text/html; charset=utf-8', 'content-encoding': 'gzip', 'expires': '-1', 'vary': 'Accept-Encoding', 'strict-transport-security': 'max-age=31536000; includeSubDomains', 'x-content-type-options': 'nosniff', 'x-frame-options': 'DENY', 'link': '<https://aadcdn.msauth.net>; rel=dns-prefetch', 'x-dns-prefetch-control': 'on', 'p3p': 'CP=""DSP CUR OTPi IND OTRi ONL FIN""', 'x-ms-request-id': 'eae3a02a-2145-440a-859e-58840b404500', 'x-ms-ests-server': '2.1.16571.6 - NEULR1 ProdSlices', 'referrer-policy': 'strict-origin-when-cross-origin', 'x-xss-protection': '0', 'set-cookie': 'stsservicecookie=estsfd; path=/; secure; samesite=none; httponly', 'date': 'Wed, 25 Oct 2023 12:34:42 GMT', 'content-length': '16111'}"
8,8,https://login.microsoftonline.com/common/oauth2/authorize?client_id=00000002-0000-0ff1-ce00-000000000000&redirect_uri=https%3a%2f%2foutlook.office365.com%2fowa%2f&resource=00000002-0000-0ff1-ce00-000000000000&response_mode=form_post&response_type=code+id_token&scope=openid&msafed=1&msaredir=1&client-request-id=aeced088-c1c7-64b3-7b6b-5ae975c80894&protectedtoken=true&claims=%7b%22id_token%22%3a%7b%22xms_cc%22%3a%7b%22values%22%3a%5b%22CP1%22%5d%7d%7d%7d&nonce=638338339764545291.3c032317-541a-43f8-ae0a-f93bb8528698&state=FYtJEoAwCMCojs_BLkALz6GOvXr0--JMklsSAOzhFqYSgdFJ6cdGZ2FpVk-6CjWqA4WrI9NS9Ls4LqM5VZp20xTvkZ_X8wc,0,200,0.14206886291503906,19,19,13860,"{'cache-control': 'no-store, no-cache', 'pragma': 'no-cache', 'content-type': 'text/html; charset=utf-8', 'content-encoding': 'gzip', 'expires': '-1', 'vary': 'Accept-Encoding', 'strict-transport-security': 'max-age=31536000; includeSubDomains', 'x-content-type-options': 'nosniff', 'x-frame-options': 'DENY', 'link': '<https://aadcdn.msftauth.net>; rel=dns-prefetch', 'x-dns-prefetch-control': 'on', 'p3p': 'CP=""DSP CUR OTPi IND OTRi ONL FIN""', 'x-ms-request-id': 'db33c47f-d6aa-4396-b28f-52a1f3fe1f00', 'x-ms-ests-server': '2.1.16571.6 - SEC ProdSlices', 'referrer-policy': 'strict-origin-when-cross-origin', 'x-xss-protection': '0', 'set-cookie': 'stsservicecookie=estsfd; path=/; secure; samesite=none; httponly', 'date': 'Wed, 25 Oct 2023 12:34:54 GMT', 'content-length': '16124'}"
9,9,https://login.microsoftonline.com/common/oauth2/authorize?client_id=00000002-0000-0ff1-ce00-000000000000&redirect_uri=https%3a%2f%2foutlook.office365.com%2fowa%2f&resource=00000002-0000-0ff1-ce00-000000000000&response_mode=form_post&response_type=code+id_token&scope=openid&msafed=1&msaredir=1&client-request-id=aeced088-c1c7-64b3-7b6b-5ae975c80894&protectedtoken=true&claims=%7b%22id_token%22%3a%7b%22xms_cc%22%3a%7b%22values%22%3a%5b%22CP1%22%5d%7d%7d%7d&nonce=638338339764545291.3c032317-541a-43f8-ae0a-f93bb8528698&state=FYtJEoAwCMCojs_BLkALz6GOvXr0--JMklsSAOzhFqYSgdFJ6cdGZ2FpVk-6CjWqA4WrI9NS9Ls4LqM5VZp20xTvkZ_X8wc,0,200,0.14831256866455078,19,19,13938,"{'cache-control': 'no-store, no-cache', 'pragma': 'no-cache', 'content-type': 'text/html; charset=utf-8', 'content-encoding': 'gzip', 'expires': '-1', 'vary': 'Accept-Encoding', 'strict-transport-security': 'max-age=31536000; includeSubDomains', 'x-content-type-options': 'nosniff', 'x-frame-options': 'DENY', 'link': '<https://aadcdn.msauth.net>; rel=dns-prefetch', 'x-dns-prefetch-control': 'on', 'p3p': 'CP=""DSP CUR OTPi IND OTRi ONL FIN""', 'x-ms-request-id': 'f09c26f4-5d28-479f-9a74-9075f9fd4e00', 'x-ms-ests-server': '2.1.16571.6 - WEULR1 ProdSlices', 'referrer-policy': 'strict-origin-when-cross-origin', 'x-xss-protection': '0', 'set-cookie': 'stsservicecookie=estsfd; path=/; secure; samesite=none; httponly', 'date': 'Wed, 25 Oct 2023 12:35:05 GMT', 'content-length': '16102'}"
