[
    {
        "number": 0,
        "request": "GET https://login.microsoftonline.com/common/oauth2/authorize?client_id=00000002-0000-0ff1-ce00-000000000000&redirect_uri=https%3a%2f%2foutlook.office365.com%2fowa%2f&resource=00000002-0000-0ff1-ce00-000000000000&response_mode=form_post&response_type=code+id_token&scope=openid&msafed=1&msaredir=1&client-request-id=aeced088-c1c7-64b3-7b6b-5ae975c80894&protectedtoken=true&claims=%7b%22id_token%22%3a%7b%22xms_cc%22%3a%7b%22values%22%3a%5b%22CP1%22%5d%7d%7d%7d&nonce=638338339764545291.3c032317-541a-43f8-ae0a-f93bb8528698&state=FYtJEoAwCMCojs_BLkALz6GOvXr0--JMklsSAOzhFqYSgdFJ6cdGZ2FpVk-6CjWqA4WrI9NS9Ls4LqM5VZp20xTvkZ_X8wc HTTP/1.1\r\nHost: login.microsoftonline.com\r\nUser-Agent: Mozilla/5.0 (Windows NT 10.0; rv:102.0) Gecko/20100101 Firefox/102.0\r\nAccept: text/html,application/xhtml+xml,application/xml;q=0.9,image/avif,image/webp,*/*;q=0.8\r\nAccept-Encoding: gzip, deflate, br\r\nAccept-Language: en-US,en;q=0.5\r\nDNT: 1\r\nConnection: keep-alive\r\nUpgrade-Insecure-Requests: 1\r\nSec-Fetch-Dest: document\r\nSec-Fetch-Mode: navigate\r\nSec-Fetch-Site: cross-site\r\n\r\n",
        "deviation_count": 0,
        "uri": "https://login.microsoftonline.com/common/oauth2/authorize?client_id=00000002-0000-0ff1-ce00-000000000000&redirect_uri=https%3a%2f%2foutlook.office365.com%2fowa%2f&resource=00000002-0000-0ff1-ce00-000000000000&response_mode=form_post&response_type=code+id_token&scope=openid&msafed=1&msaredir=1&client-request-id=aeced088-c1c7-64b3-7b6b-5ae975c80894&protectedtoken=true&claims=%7b%22id_token%22%3a%7b%22xms_cc%22%3a%7b%22values%22%3a%5b%22CP1%22%5d%7d%7d%7d&nonce=638338339764545291.3c032317-541a-43f8-ae0a-f93bb8528698&state=FYtJEoAwCMCojs_BLkALz6GOvXr0--JMklsSAOzhFqYSgdFJ6cdGZ2FpVk-6CjWqA4WrI9NS9Ls4LqM5VZp20xTvkZ_X8wc",
        "request_length": 1058,
        "Response_Time": 0.22092318534851074,
        "status_code": 200,
        "reason_phrase": "OK",
        "error_message": [
            ""
        ],
        "response_header_count": 19,
        "response_header_length": 19,
        "response_body_length": 13856,
        "response_header_fields": {
            "cache-control": "no-store, no-cache",
            "pragma": "no-cache",
            "content-type": "text/html; charset=utf-8",
            "content-encoding": "gzip",
            "expires": "-1",
            "vary": "Accept-Encoding",
            "strict-transport-security": "max-age=31536000; includeSubDomains",
            "x-content-type-options": "nosniff",
            "x-frame-options": "DENY",
            "link": "<https://aadcdn.msftauth.net>; rel=dns-prefetch",
            "x-dns-prefetch-control": "on",
            "p3p": "CP=\"DSP CUR OTPi IND OTRi ONL FIN\"",
            "x-ms-request-id": "bafac21b-c656-440a-ae56-be7256011400",
            "x-ms-ests-server": "2.1.16571.6 - SEC ProdSlices",
            "referrer-policy": "strict-origin-when-cross-origin",
            "x-xss-protection": "0",
            "set-cookie": "stsservicecookie=estsfd; path=/; secure; samesite=none; httponly",
            "date": "Wed, 25 Oct 2023 12:33:18 GMT",
            "content-length": "16109"
        }
    },
    {
        "number": 1,
        "request": "GET https://login.microsoftonline.com/common/oauth2/authorize?client_id=00000002-0000-0ff1-ce00-000000000000&redirect_uri=https%3a%2f%2foutlook.office365.com%2fowa%2f&resource=00000002-0000-0ff1-ce00-000000000000&response_mode=form_post&response_type=code+id_token&scope=openid&msafed=1&msaredir=1&client-request-id=aeced088-c1c7-64b3-7b6b-5ae975c80894&protectedtoken=true&claims=%7b%22id_token%22%3a%7b%22xms_cc%22%3a%7b%22values%22%3a%5b%22CP1%22%5d%7d%7d%7d&nonce=638338339764545291.3c032317-541a-43f8-ae0a-f93bb8528698&state=FYtJEoAwCMCojs_BLkALz6GOvXr0--JMklsSAOzhFqYSgdFJ6cdGZ2FpVk-6CjWqA4WrI9NS9Ls4LqM5VZp20xTvkZ_X8wc HTTP/1.1\r\nHost: login.microsoftonline.com\r\nUser-Agent: Mozilla/5.0 (Windows NT 10.0; rv:102.0) Gecko/20100101 Firefox/102.0\r\nAccept: text/html,application/xhtml+xml,application/xml;q=0.9,image/avif,image/webp,*/*;q=0.8\r\nAccept-Encoding: gzip, deflate, br\r\nAccept-Language: en-US,en;q=0.5\r\nDNT: 1\r\nConnection: keep-alive\r\nUpgrade-Insecure-Requests: 1\r\nSec-Fetch-Dest: document\r\nSec-Fetch-Mode: navigate\r\nSec-Fetch-Site: cross-site\r\n\r\n",
        "deviation_count": 0,
        "uri": "https://login.microsoftonline.com/common/oauth2/authorize?client_id=00000002-0000-0ff1-ce00-000000000000&redirect_uri=https%3a%2f%2foutlook.office365.com%2fowa%2f&resource=00000002-0000-0ff1-ce00-000000000000&response_mode=form_post&response_type=code+id_token&scope=openid&msafed=1&msaredir=1&client-request-id=aeced088-c1c7-64b3-7b6b-5ae975c80894&protectedtoken=true&claims=%7b%22id_token%22%3a%7b%22xms_cc%22%3a%7b%22values%22%3a%5b%22CP1%22%5d%7d%7d%7d&nonce=638338339764545291.3c032317-541a-43f8-ae0a-f93bb8528698&state=FYtJEoAwCMCojs_BLkALz6GOvXr0--JMklsSAOzhFqYSgdFJ6cdGZ2FpVk-6CjWqA4WrI9NS9Ls4LqM5VZp20xTvkZ_X8wc",
        "request_length": 1058,
        "Response_Time": 0.12525248527526855,
        "status_code": 200,
        "reason_phrase": "OK",
        "error_message": [
            ""
        ],
        "response_header_count": 19,
        "response_header_length": 19,
        "response_body_length": 13676,
        "response_header_fields": {
            "cache-control": "no-store, no-cache",
            "pragma": "no-cache",
            "content-type": "text/html; charset=utf-8",
            "content-encoding": "gzip",
            "expires": "-1",
            "vary": "Accept-Encoding",
            "strict-transport-security": "max-age=31536000; includeSubDomains",
            "x-content-type-options": "nosniff",
            "x-frame-options": "DENY",
            "link": "<https://aadcdn.msauth.net>; rel=dns-prefetch",
            "x-dns-prefetch-control": "on",
            "p3p": "CP=\"DSP CUR OTPi IND OTRi ONL FIN\"",
            "x-ms-request-id": "d9319d86-a180-4716-a16b-6b8546e32e00",
            "x-ms-ests-server": "2.1.16651.5 - NEULR1 ProdSlices",
            "referrer-policy": "strict-origin-when-cross-origin",
            "x-xss-protection": "0",
            "set-cookie": "stsservicecookie=estsfd; path=/; secure; samesite=none; httponly",
            "date": "Wed, 25 Oct 2023 12:33:29 GMT",
            "content-length": "15494"
        }
    },
    {
        "number": 2,
        "request": "GET https://login.microsoftonline.com/common/oauth2/authorize?client_id=00000002-0000-0ff1-ce00-000000000000&redirect_uri=https%3a%2f%2foutlook.office365.com%2fowa%2f&resource=00000002-0000-0ff1-ce00-000000000000&response_mode=form_post&response_type=code+id_token&scope=openid&msafed=1&msaredir=1&client-request-id=aeced088-c1c7-64b3-7b6b-5ae975c80894&protectedtoken=true&claims=%7b%22id_token%22%3a%7b%22xms_cc%22%3a%7b%22values%22%3a%5b%22CP1%22%5d%7d%7d%7d&nonce=638338339764545291.3c032317-541a-43f8-ae0a-f93bb8528698&state=FYtJEoAwCMCojs_BLkALz6GOvXr0--JMklsSAOzhFqYSgdFJ6cdGZ2FpVk-6CjWqA4WrI9NS9Ls4LqM5VZp20xTvkZ_X8wc HTTP/1.1\r\nHost: login.microsoftonline.com\r\nUser-Agent: Mozilla/5.0 (Windows NT 10.0; rv:102.0) Gecko/20100101 Firefox/102.0\r\nAccept: text/html,application/xhtml+xml,application/xml;q=0.9,image/avif,image/webp,*/*;q=0.8\r\nAccept-Encoding: gzip, deflate, br\r\nAccept-Language: en-US,en;q=0.5\r\nDNT: 1\r\nConnection: keep-alive\r\nUpgrade-Insecure-Requests: 1\r\nSec-Fetch-Dest: document\r\nSec-Fetch-Mode: navigate\r\nSec-Fetch-Site: cross-site\r\n\r\n",
        "deviation_count": 0,
        "uri": "https://login.microsoftonline.com/common/oauth2/authorize?client_id=00000002-0000-0ff1-ce00-000000000000&redirect_uri=https%3a%2f%2foutlook.office365.com%2fowa%2f&resource=00000002-0000-0ff1-ce00-000000000000&response_mode=form_post&response_type=code+id_token&scope=openid&msafed=1&msaredir=1&client-request-id=aeced088-c1c7-64b3-7b6b-5ae975c80894&protectedtoken=true&claims=%7b%22id_token%22%3a%7b%22xms_cc%22%3a%7b%22values%22%3a%5b%22CP1%22%5d%7d%7d%7d&nonce=638338339764545291.3c032317-541a-43f8-ae0a-f93bb8528698&state=FYtJEoAwCMCojs_BLkALz6GOvXr0--JMklsSAOzhFqYSgdFJ6cdGZ2FpVk-6CjWqA4WrI9NS9Ls4LqM5VZp20xTvkZ_X8wc",
        "request_length": 1058,
        "Response_Time": 0.13704800605773926,
        "status_code": 200,
        "reason_phrase": "OK",
        "error_message": [
            ""
        ],
        "response_header_count": 19,
        "response_header_length": 19,
        "response_body_length": 13676,
        "response_header_fields": {
            "cache-control": "no-store, no-cache",
            "pragma": "no-cache",
            "content-type": "text/html; charset=utf-8",
            "content-encoding": "gzip",
            "expires": "-1",
            "vary": "Accept-Encoding",
            "strict-transport-security": "max-age=31536000; includeSubDomains",
            "x-content-type-options": "nosniff",
            "x-frame-options": "DENY",
            "link": "<https://aadcdn.msftauth.net>; rel=dns-prefetch",
            "x-dns-prefetch-control": "on",
            "p3p": "CP=\"DSP CUR OTPi IND OTRi ONL FIN\"",
            "x-ms-request-id": "c2327bbf-a29a-4df1-8b99-45a403356800",
            "x-ms-ests-server": "2.1.16651.5 - NEULR1 ProdSlices",
            "referrer-policy": "strict-origin-when-cross-origin",
            "x-xss-protection": "0",
            "set-cookie": "stsservicecookie=estsfd; path=/; secure; samesite=none; httponly",
            "date": "Wed, 25 Oct 2023 12:33:42 GMT",
            "content-length": "15492"
        }
    },
    {
        "number": 3,
        "request": "GET https://login.microsoftonline.com/common/oauth2/authorize?client_id=00000002-0000-0ff1-ce00-000000000000&redirect_uri=https%3a%2f%2foutlook.office365.com%2fowa%2f&resource=00000002-0000-0ff1-ce00-000000000000&response_mode=form_post&response_type=code+id_token&scope=openid&msafed=1&msaredir=1&client-request-id=aeced088-c1c7-64b3-7b6b-5ae975c80894&protectedtoken=true&claims=%7b%22id_token%22%3a%7b%22xms_cc%22%3a%7b%22values%22%3a%5b%22CP1%22%5d%7d%7d%7d&nonce=638338339764545291.3c032317-541a-43f8-ae0a-f93bb8528698&state=FYtJEoAwCMCojs_BLkALz6GOvXr0--JMklsSAOzhFqYSgdFJ6cdGZ2FpVk-6CjWqA4WrI9NS9Ls4LqM5VZp20xTvkZ_X8wc HTTP/1.1\r\nHost: login.microsoftonline.com\r\nUser-Agent: Mozilla/5.0 (Windows NT 10.0; rv:102.0) Gecko/20100101 Firefox/102.0\r\nAccept: text/html,application/xhtml+xml,application/xml;q=0.9,image/avif,image/webp,*/*;q=0.8\r\nAccept-Encoding: gzip, deflate, br\r\nAccept-Language: en-US,en;q=0.5\r\nDNT: 1\r\nConnection: keep-alive\r\nUpgrade-Insecure-Requests: 1\r\nSec-Fetch-Dest: document\r\nSec-Fetch-Mode: navigate\r\nSec-Fetch-Site: cross-site\r\n\r\n",
        "deviation_count": 0,
        "uri": "https://login.microsoftonline.com/common/oauth2/authorize?client_id=00000002-0000-0ff1-ce00-000000000000&redirect_uri=https%3a%2f%2foutlook.office365.com%2fowa%2f&resource=00000002-0000-0ff1-ce00-000000000000&response_mode=form_post&response_type=code+id_token&scope=openid&msafed=1&msaredir=1&client-request-id=aeced088-c1c7-64b3-7b6b-5ae975c80894&protectedtoken=true&claims=%7b%22id_token%22%3a%7b%22xms_cc%22%3a%7b%22values%22%3a%5b%22CP1%22%5d%7d%7d%7d&nonce=638338339764545291.3c032317-541a-43f8-ae0a-f93bb8528698&state=FYtJEoAwCMCojs_BLkALz6GOvXr0--JMklsSAOzhFqYSgdFJ6cdGZ2FpVk-6CjWqA4WrI9NS9Ls4LqM5VZp20xTvkZ_X8wc",
        "request_length": 1058,
        "Response_Time": 0.163438081741333,
        "status_code": 200,
        "reason_phrase": "OK",
        "error_message": [
            ""
        ],
        "response_header_count": 19,
        "response_header_length": 19,
        "response_body_length": 13920,
        "response_header_fields": {
            "cache-control": "no-store, no-cache",
            "pragma": "no-cache",
            "content-type": "text/html; charset=utf-8",
            "content-encoding": "gzip",
            "expires": "-1",
            "vary": "Accept-Encoding",
            "strict-transport-security": "max-age=31536000; includeSubDomains",
            "x-content-type-options": "nosniff",
            "x-frame-options": "DENY",
            "link": "<https://aadcdn.msauth.net>; rel=dns-prefetch",
            "x-dns-prefetch-control": "on",
            "p3p": "CP=\"DSP CUR OTPi IND OTRi ONL FIN\"",
            "x-ms-request-id": "caefa63c-67e5-4a33-b99f-37c31b950701",
            "x-ms-ests-server": "2.1.16522.6 - FRC ProdSlices",
            "referrer-policy": "strict-origin-when-cross-origin",
            "x-xss-protection": "0",
            "set-cookie": "stsservicecookie=estsfd; path=/; secure; samesite=none; httponly",
            "date": "Wed, 25 Oct 2023 12:33:55 GMT",
            "content-length": "16105"
        }
    },
    {
        "number": 4,
        "request": "GET https://login.microsoftonline.com/common/oauth2/authorize?client_id=00000002-0000-0ff1-ce00-000000000000&redirect_uri=https%3a%2f%2foutlook.office365.com%2fowa%2f&resource=00000002-0000-0ff1-ce00-000000000000&response_mode=form_post&response_type=code+id_token&scope=openid&msafed=1&msaredir=1&client-request-id=aeced088-c1c7-64b3-7b6b-5ae975c80894&protectedtoken=true&claims=%7b%22id_token%22%3a%7b%22xms_cc%22%3a%7b%22values%22%3a%5b%22CP1%22%5d%7d%7d%7d&nonce=638338339764545291.3c032317-541a-43f8-ae0a-f93bb8528698&state=FYtJEoAwCMCojs_BLkALz6GOvXr0--JMklsSAOzhFqYSgdFJ6cdGZ2FpVk-6CjWqA4WrI9NS9Ls4LqM5VZp20xTvkZ_X8wc HTTP/1.1\r\nHost: login.microsoftonline.com\r\nUser-Agent: Mozilla/5.0 (Windows NT 10.0; rv:102.0) Gecko/20100101 Firefox/102.0\r\nAccept: text/html,application/xhtml+xml,application/xml;q=0.9,image/avif,image/webp,*/*;q=0.8\r\nAccept-Encoding: gzip, deflate, br\r\nAccept-Language: en-US,en;q=0.5\r\nDNT: 1\r\nConnection: keep-alive\r\nUpgrade-Insecure-Requests: 1\r\nSec-Fetch-Dest: document\r\nSec-Fetch-Mode: navigate\r\nSec-Fetch-Site: cross-site\r\n\r\n",
        "deviation_count": 0,
        "uri": "https://login.microsoftonline.com/common/oauth2/authorize?client_id=00000002-0000-0ff1-ce00-000000000000&redirect_uri=https%3a%2f%2foutlook.office365.com%2fowa%2f&resource=00000002-0000-0ff1-ce00-000000000000&response_mode=form_post&response_type=code+id_token&scope=openid&msafed=1&msaredir=1&client-request-id=aeced088-c1c7-64b3-7b6b-5ae975c80894&protectedtoken=true&claims=%7b%22id_token%22%3a%7b%22xms_cc%22%3a%7b%22values%22%3a%5b%22CP1%22%5d%7d%7d%7d&nonce=638338339764545291.3c032317-541a-43f8-ae0a-f93bb8528698&state=FYtJEoAwCMCojs_BLkALz6GOvXr0--JMklsSAOzhFqYSgdFJ6cdGZ2FpVk-6CjWqA4WrI9NS9Ls4LqM5VZp20xTvkZ_X8wc",
        "request_length": 1058,
        "Response_Time": 0.14609360694885254,
        "status_code": 200,
        "reason_phrase": "OK",
        "error_message": [
            ""
        ],
        "response_header_count": 19,
        "response_header_length": 19,
        "response_body_length": 13873,
        "response_header_fields": {
            "cache-control": "no-store, no-cache",
            "pragma": "no-cache",
            "content-type": "text/html; charset=utf-8",
            "content-encoding": "gzip",
            "expires": "-1",
            "vary": "Accept-Encoding",
            "strict-transport-security": "max-age=31536000; includeSubDomains",
            "x-content-type-options": "nosniff",
            "x-frame-options": "DENY",
            "link": "<https://aadcdn.msauth.net>; rel=dns-prefetch",
            "x-dns-prefetch-control": "on",
            "p3p": "CP=\"DSP CUR OTPi IND OTRi ONL FIN\"",
            "x-ms-request-id": "95e70cd1-4b69-4f9d-942e-43df97e90501",
            "x-ms-ests-server": "2.1.16571.6 - FRC ProdSlices",
            "referrer-policy": "strict-origin-when-cross-origin",
            "x-xss-protection": "0",
            "set-cookie": "stsservicecookie=estsfd; path=/; secure; samesite=none; httponly",
            "date": "Wed, 25 Oct 2023 12:34:07 GMT",
            "content-length": "16079"
        }
    },
    {
        "number": 5,
        "request": "GET https://login.microsoftonline.com/common/oauth2/authorize?client_id=00000002-0000-0ff1-ce00-000000000000&redirect_uri=https%3a%2f%2foutlook.office365.com%2fowa%2f&resource=00000002-0000-0ff1-ce00-000000000000&response_mode=form_post&response_type=code+id_token&scope=openid&msafed=1&msaredir=1&client-request-id=aeced088-c1c7-64b3-7b6b-5ae975c80894&protectedtoken=true&claims=%7b%22id_token%22%3a%7b%22xms_cc%22%3a%7b%22values%22%3a%5b%22CP1%22%5d%7d%7d%7d&nonce=638338339764545291.3c032317-541a-43f8-ae0a-f93bb8528698&state=FYtJEoAwCMCojs_BLkALz6GOvXr0--JMklsSAOzhFqYSgdFJ6cdGZ2FpVk-6CjWqA4WrI9NS9Ls4LqM5VZp20xTvkZ_X8wc HTTP/1.1\r\nHost: login.microsoftonline.com\r\nUser-Agent: Mozilla/5.0 (Windows NT 10.0; rv:102.0) Gecko/20100101 Firefox/102.0\r\nAccept: text/html,application/xhtml+xml,application/xml;q=0.9,image/avif,image/webp,*/*;q=0.8\r\nAccept-Encoding: gzip, deflate, br\r\nAccept-Language: en-US,en;q=0.5\r\nDNT: 1\r\nConnection: keep-alive\r\nUpgrade-Insecure-Requests: 1\r\nSec-Fetch-Dest: document\r\nSec-Fetch-Mode: navigate\r\nSec-Fetch-Site: cross-site\r\n\r\n",
        "deviation_count": 0,
        "uri": "https://login.microsoftonline.com/common/oauth2/authorize?client_id=00000002-0000-0ff1-ce00-000000000000&redirect_uri=https%3a%2f%2foutlook.office365.com%2fowa%2f&resource=00000002-0000-0ff1-ce00-000000000000&response_mode=form_post&response_type=code+id_token&scope=openid&msafed=1&msaredir=1&client-request-id=aeced088-c1c7-64b3-7b6b-5ae975c80894&protectedtoken=true&claims=%7b%22id_token%22%3a%7b%22xms_cc%22%3a%7b%22values%22%3a%5b%22CP1%22%5d%7d%7d%7d&nonce=638338339764545291.3c032317-541a-43f8-ae0a-f93bb8528698&state=FYtJEoAwCMCojs_BLkALz6GOvXr0--JMklsSAOzhFqYSgdFJ6cdGZ2FpVk-6CjWqA4WrI9NS9Ls4LqM5VZp20xTvkZ_X8wc",
        "request_length": 1058,
        "Response_Time": 0.11210036277770996,
        "status_code": 200,
        "reason_phrase": "OK",
        "error_message": [
            ""
        ],
        "response_header_count": 19,
        "response_header_length": 19,
        "response_body_length": 13658,
        "response_header_fields": {
            "cache-control": "no-store, no-cache",
            "pragma": "no-cache",
            "content-type": "text/html; charset=utf-8",
            "content-encoding": "gzip",
            "expires": "-1",
            "vary": "Accept-Encoding",
            "strict-transport-security": "max-age=31536000; includeSubDomains",
            "x-content-type-options": "nosniff",
            "x-frame-options": "DENY",
            "link": "<https://aadcdn.msauth.net>; rel=dns-prefetch",
            "x-dns-prefetch-control": "on",
            "p3p": "CP=\"DSP CUR OTPi IND OTRi ONL FIN\"",
            "x-ms-request-id": "4e93b32b-643a-4973-958b-df3fb1701500",
            "x-ms-ests-server": "2.1.16651.5 - WEULR1 ProdSlices",
            "referrer-policy": "strict-origin-when-cross-origin",
            "x-xss-protection": "0",
            "set-cookie": "stsservicecookie=estsfd; path=/; secure; samesite=none; httponly",
            "date": "Wed, 25 Oct 2023 12:34:19 GMT",
            "content-length": "15521"
        }
    },
    {
        "number": 6,
        "request": "GET https://login.microsoftonline.com/common/oauth2/authorize?client_id=00000002-0000-0ff1-ce00-000000000000&redirect_uri=https%3a%2f%2foutlook.office365.com%2fowa%2f&resource=00000002-0000-0ff1-ce00-000000000000&response_mode=form_post&response_type=code+id_token&scope=openid&msafed=1&msaredir=1&client-request-id=aeced088-c1c7-64b3-7b6b-5ae975c80894&protectedtoken=true&claims=%7b%22id_token%22%3a%7b%22xms_cc%22%3a%7b%22values%22%3a%5b%22CP1%22%5d%7d%7d%7d&nonce=638338339764545291.3c032317-541a-43f8-ae0a-f93bb8528698&state=FYtJEoAwCMCojs_BLkALz6GOvXr0--JMklsSAOzhFqYSgdFJ6cdGZ2FpVk-6CjWqA4WrI9NS9Ls4LqM5VZp20xTvkZ_X8wc HTTP/1.1\r\nHost: login.microsoftonline.com\r\nUser-Agent: Mozilla/5.0 (Windows NT 10.0; rv:102.0) Gecko/20100101 Firefox/102.0\r\nAccept: text/html,application/xhtml+xml,application/xml;q=0.9,image/avif,image/webp,*/*;q=0.8\r\nAccept-Encoding: gzip, deflate, br\r\nAccept-Language: en-US,en;q=0.5\r\nDNT: 1\r\nConnection: keep-alive\r\nUpgrade-Insecure-Requests: 1\r\nSec-Fetch-Dest: document\r\nSec-Fetch-Mode: navigate\r\nSec-Fetch-Site: cross-site\r\n\r\n",
        "deviation_count": 0,
        "uri": "https://login.microsoftonline.com/common/oauth2/authorize?client_id=00000002-0000-0ff1-ce00-000000000000&redirect_uri=https%3a%2f%2foutlook.office365.com%2fowa%2f&resource=00000002-0000-0ff1-ce00-000000000000&response_mode=form_post&response_type=code+id_token&scope=openid&msafed=1&msaredir=1&client-request-id=aeced088-c1c7-64b3-7b6b-5ae975c80894&protectedtoken=true&claims=%7b%22id_token%22%3a%7b%22xms_cc%22%3a%7b%22values%22%3a%5b%22CP1%22%5d%7d%7d%7d&nonce=638338339764545291.3c032317-541a-43f8-ae0a-f93bb8528698&state=FYtJEoAwCMCojs_BLkALz6GOvXr0--JMklsSAOzhFqYSgdFJ6cdGZ2FpVk-6CjWqA4WrI9NS9Ls4LqM5VZp20xTvkZ_X8wc",
        "request_length": 1058,
        "Response_Time": 0.23179388046264648,
        "status_code": 200,
        "reason_phrase": "OK",
        "error_message": [
            ""
        ],
        "response_header_count": 19,
        "response_header_length": 19,
        "response_body_length": 13907,
        "response_header_fields": {
            "cache-control": "no-store, no-cache",
            "pragma": "no-cache",
            "content-type": "text/html; charset=utf-8",
            "content-encoding": "gzip",
            "expires": "-1",
            "vary": "Accept-Encoding",
            "strict-transport-security": "max-age=31536000; includeSubDomains",
            "x-content-type-options": "nosniff",
            "x-frame-options": "DENY",
            "link": "<https://aadcdn.msftauth.net>; rel=dns-prefetch",
            "x-dns-prefetch-control": "on",
            "p3p": "CP=\"DSP CUR OTPi IND OTRi ONL FIN\"",
            "x-ms-request-id": "4d495b1c-0f1b-4db0-9fbd-41845cff2500",
            "x-ms-ests-server": "2.1.16571.6 - WEULR1 ProdSlices",
            "referrer-policy": "strict-origin-when-cross-origin",
            "x-xss-protection": "0",
            "set-cookie": "stsservicecookie=estsfd; path=/; secure; samesite=none; httponly",
            "date": "Wed, 25 Oct 2023 12:34:31 GMT",
            "content-length": "16105"
        }
    },
    {
        "number": 7,
        "request": "GET https://login.microsoftonline.com/common/oauth2/authorize?client_id=00000002-0000-0ff1-ce00-000000000000&redirect_uri=https%3a%2f%2foutlook.office365.com%2fowa%2f&resource=00000002-0000-0ff1-ce00-000000000000&response_mode=form_post&response_type=code+id_token&scope=openid&msafed=1&msaredir=1&client-request-id=aeced088-c1c7-64b3-7b6b-5ae975c80894&protectedtoken=true&claims=%7b%22id_token%22%3a%7b%22xms_cc%22%3a%7b%22values%22%3a%5b%22CP1%22%5d%7d%7d%7d&nonce=638338339764545291.3c032317-541a-43f8-ae0a-f93bb8528698&state=FYtJEoAwCMCojs_BLkALz6GOvXr0--JMklsSAOzhFqYSgdFJ6cdGZ2FpVk-6CjWqA4WrI9NS9Ls4LqM5VZp20xTvkZ_X8wc HTTP/1.1\r\nHost: login.microsoftonline.com\r\nUser-Agent: Mozilla/5.0 (Windows NT 10.0; rv:102.0) Gecko/20100101 Firefox/102.0\r\nAccept: text/html,application/xhtml+xml,application/xml;q=0.9,image/avif,image/webp,*/*;q=0.8\r\nAccept-Encoding: gzip, deflate, br\r\nAccept-Language: en-US,en;q=0.5\r\nDNT: 1\r\nConnection: keep-alive\r\nUpgrade-Insecure-Requests: 1\r\nSec-Fetch-Dest: document\r\nSec-Fetch-Mode: navigate\r\nSec-Fetch-Site: cross-site\r\n\r\n",
        "deviation_count": 0,
        "uri": "https://login.microsoftonline.com/common/oauth2/authorize?client_id=00000002-0000-0ff1-ce00-000000000000&redirect_uri=https%3a%2f%2foutlook.office365.com%2fowa%2f&resource=00000002-0000-0ff1-ce00-000000000000&response_mode=form_post&response_type=code+id_token&scope=openid&msafed=1&msaredir=1&client-request-id=aeced088-c1c7-64b3-7b6b-5ae975c80894&protectedtoken=true&claims=%7b%22id_token%22%3a%7b%22xms_cc%22%3a%7b%22values%22%3a%5b%22CP1%22%5d%7d%7d%7d&nonce=638338339764545291.3c032317-541a-43f8-ae0a-f93bb8528698&state=FYtJEoAwCMCojs_BLkALz6GOvXr0--JMklsSAOzhFqYSgdFJ6cdGZ2FpVk-6CjWqA4WrI9NS9Ls4LqM5VZp20xTvkZ_X8wc",
        "request_length": 1058,
        "Response_Time": 0.09532666206359863,
        "status_code": 200,
        "reason_phrase": "OK",
        "error_message": [
            ""
        ],
        "response_header_count": 19,
        "response_header_length": 19,
        "response_body_length": 13903,
        "response_header_fields": {
            "cache-control": "no-store, no-cache",
            "pragma": "no-cache",
            "content-type": "text/html; charset=utf-8",
            "content-encoding": "gzip",
            "expires": "-1",
            "vary": "Accept-Encoding",
            "strict-transport-security": "max-age=31536000; includeSubDomains",
            "x-content-type-options": "nosniff",
            "x-frame-options": "DENY",
            "link": "<https://aadcdn.msauth.net>; rel=dns-prefetch",
            "x-dns-prefetch-control": "on",
            "p3p": "CP=\"DSP CUR OTPi IND OTRi ONL FIN\"",
            "x-ms-request-id": "eae3a02a-2145-440a-859e-58840b404500",
            "x-ms-ests-server": "2.1.16571.6 - NEULR1 ProdSlices",
            "referrer-policy": "strict-origin-when-cross-origin",
            "x-xss-protection": "0",
            "set-cookie": "stsservicecookie=estsfd; path=/; secure; samesite=none; httponly",
            "date": "Wed, 25 Oct 2023 12:34:42 GMT",
            "content-length": "16111"
        }
    },
    {
        "number": 8,
        "request": "GET https://login.microsoftonline.com/common/oauth2/authorize?client_id=00000002-0000-0ff1-ce00-000000000000&redirect_uri=https%3a%2f%2foutlook.office365.com%2fowa%2f&resource=00000002-0000-0ff1-ce00-000000000000&response_mode=form_post&response_type=code+id_token&scope=openid&msafed=1&msaredir=1&client-request-id=aeced088-c1c7-64b3-7b6b-5ae975c80894&protectedtoken=true&claims=%7b%22id_token%22%3a%7b%22xms_cc%22%3a%7b%22values%22%3a%5b%22CP1%22%5d%7d%7d%7d&nonce=638338339764545291.3c032317-541a-43f8-ae0a-f93bb8528698&state=FYtJEoAwCMCojs_BLkALz6GOvXr0--JMklsSAOzhFqYSgdFJ6cdGZ2FpVk-6CjWqA4WrI9NS9Ls4LqM5VZp20xTvkZ_X8wc HTTP/1.1\r\nHost: login.microsoftonline.com\r\nUser-Agent: Mozilla/5.0 (Windows NT 10.0; rv:102.0) Gecko/20100101 Firefox/102.0\r\nAccept: text/html,application/xhtml+xml,application/xml;q=0.9,image/avif,image/webp,*/*;q=0.8\r\nAccept-Encoding: gzip, deflate, br\r\nAccept-Language: en-US,en;q=0.5\r\nDNT: 1\r\nConnection: keep-alive\r\nUpgrade-Insecure-Requests: 1\r\nSec-Fetch-Dest: document\r\nSec-Fetch-Mode: navigate\r\nSec-Fetch-Site: cross-site\r\n\r\n",
        "deviation_count": 0,
        "uri": "https://login.microsoftonline.com/common/oauth2/authorize?client_id=00000002-0000-0ff1-ce00-000000000000&redirect_uri=https%3a%2f%2foutlook.office365.com%2fowa%2f&resource=00000002-0000-0ff1-ce00-000000000000&response_mode=form_post&response_type=code+id_token&scope=openid&msafed=1&msaredir=1&client-request-id=aeced088-c1c7-64b3-7b6b-5ae975c80894&protectedtoken=true&claims=%7b%22id_token%22%3a%7b%22xms_cc%22%3a%7b%22values%22%3a%5b%22CP1%22%5d%7d%7d%7d&nonce=638338339764545291.3c032317-541a-43f8-ae0a-f93bb8528698&state=FYtJEoAwCMCojs_BLkALz6GOvXr0--JMklsSAOzhFqYSgdFJ6cdGZ2FpVk-6CjWqA4WrI9NS9Ls4LqM5VZp20xTvkZ_X8wc",
        "request_length": 1058,
        "Response_Time": 0.14206886291503906,
        "status_code": 200,
        "reason_phrase": "OK",
        "error_message": [
            ""
        ],
        "response_header_count": 19,
        "response_header_length": 19,
        "response_body_length": 13860,
        "response_header_fields": {
            "cache-control": "no-store, no-cache",
            "pragma": "no-cache",
            "content-type": "text/html; charset=utf-8",
            "content-encoding": "gzip",
            "expires": "-1",
            "vary": "Accept-Encoding",
            "strict-transport-security": "max-age=31536000; includeSubDomains",
            "x-content-type-options": "nosniff",
            "x-frame-options": "DENY",
            "link": "<https://aadcdn.msftauth.net>; rel=dns-prefetch",
            "x-dns-prefetch-control": "on",
            "p3p": "CP=\"DSP CUR OTPi IND OTRi ONL FIN\"",
            "x-ms-request-id": "db33c47f-d6aa-4396-b28f-52a1f3fe1f00",
            "x-ms-ests-server": "2.1.16571.6 - SEC ProdSlices",
            "referrer-policy": "strict-origin-when-cross-origin",
            "x-xss-protection": "0",
            "set-cookie": "stsservicecookie=estsfd; path=/; secure; samesite=none; httponly",
            "date": "Wed, 25 Oct 2023 12:34:54 GMT",
            "content-length": "16124"
        }
    },
    {
        "number": 9,
        "request": "GET https://login.microsoftonline.com/common/oauth2/authorize?client_id=00000002-0000-0ff1-ce00-000000000000&redirect_uri=https%3a%2f%2foutlook.office365.com%2fowa%2f&resource=00000002-0000-0ff1-ce00-000000000000&response_mode=form_post&response_type=code+id_token&scope=openid&msafed=1&msaredir=1&client-request-id=aeced088-c1c7-64b3-7b6b-5ae975c80894&protectedtoken=true&claims=%7b%22id_token%22%3a%7b%22xms_cc%22%3a%7b%22values%22%3a%5b%22CP1%22%5d%7d%7d%7d&nonce=638338339764545291.3c032317-541a-43f8-ae0a-f93bb8528698&state=FYtJEoAwCMCojs_BLkALz6GOvXr0--JMklsSAOzhFqYSgdFJ6cdGZ2FpVk-6CjWqA4WrI9NS9Ls4LqM5VZp20xTvkZ_X8wc HTTP/1.1\r\nHost: login.microsoftonline.com\r\nUser-Agent: Mozilla/5.0 (Windows NT 10.0; rv:102.0) Gecko/20100101 Firefox/102.0\r\nAccept: text/html,application/xhtml+xml,application/xml;q=0.9,image/avif,image/webp,*/*;q=0.8\r\nAccept-Encoding: gzip, deflate, br\r\nAccept-Language: en-US,en;q=0.5\r\nDNT: 1\r\nConnection: keep-alive\r\nUpgrade-Insecure-Requests: 1\r\nSec-Fetch-Dest: document\r\nSec-Fetch-Mode: navigate\r\nSec-Fetch-Site: cross-site\r\n\r\n",
        "deviation_count": 0,
        "uri": "https://login.microsoftonline.com/common/oauth2/authorize?client_id=00000002-0000-0ff1-ce00-000000000000&redirect_uri=https%3a%2f%2foutlook.office365.com%2fowa%2f&resource=00000002-0000-0ff1-ce00-000000000000&response_mode=form_post&response_type=code+id_token&scope=openid&msafed=1&msaredir=1&client-request-id=aeced088-c1c7-64b3-7b6b-5ae975c80894&protectedtoken=true&claims=%7b%22id_token%22%3a%7b%22xms_cc%22%3a%7b%22values%22%3a%5b%22CP1%22%5d%7d%7d%7d&nonce=638338339764545291.3c032317-541a-43f8-ae0a-f93bb8528698&state=FYtJEoAwCMCojs_BLkALz6GOvXr0--JMklsSAOzhFqYSgdFJ6cdGZ2FpVk-6CjWqA4WrI9NS9Ls4LqM5VZp20xTvkZ_X8wc",
        "request_length": 1058,
        "Response_Time": 0.14831256866455078,
        "status_code": 200,
        "reason_phrase": "OK",
        "error_message": [
            ""
        ],
        "response_header_count": 19,
        "response_header_length": 19,
        "response_body_length": 13938,
        "response_header_fields": {
            "cache-control": "no-store, no-cache",
            "pragma": "no-cache",
            "content-type": "text/html; charset=utf-8",
            "content-encoding": "gzip",
            "expires": "-1",
            "vary": "Accept-Encoding",
            "strict-transport-security": "max-age=31536000; includeSubDomains",
            "x-content-type-options": "nosniff",
            "x-frame-options": "DENY",
            "link": "<https://aadcdn.msauth.net>; rel=dns-prefetch",
            "x-dns-prefetch-control": "on",
            "p3p": "CP=\"DSP CUR OTPi IND OTRi ONL FIN\"",
            "x-ms-request-id": "f09c26f4-5d28-479f-9a74-9075f9fd4e00",
            "x-ms-ests-server": "2.1.16571.6 - WEULR1 ProdSlices",
            "referrer-policy": "strict-origin-when-cross-origin",
            "x-xss-protection": "0",
            "set-cookie": "stsservicecookie=estsfd; path=/; secure; samesite=none; httponly",
            "date": "Wed, 25 Oct 2023 12:35:05 GMT",
            "content-length": "16102"
        }
    }
]