number,request,deviation_count,uri,request_length,http_version,Socket_Connect_Time,Socket_Close_Time,Response_Time,status_code,reason_phrase,error_message,response_header_count,response_header_length,response_body_length,response_header_fields
0,"GET https://accounts.google.com/v3/signin/identifier?continue=https%3A%2F%2Fsites.google.com%2F&followup=https%3A%2F%2Fsites.google.com%2F&ifkv=AVQVeyxP4DAELhKLFGIvKUvN_gzP-2m9HGMcB7DIKBem3vdPS2kb5lYcBQzqs7Fr23XSP3sFdUZwKw&passive=1209600&service=jotspot&flowName=GlifWebSignIn&flowEntry=ServiceLogin&dsh=S1544332473%3A1698237178274196&theme=glif HTTP/1.1
Host: accounts.google.com
User-Agent: Mozilla/5.0 (Windows NT 10.0; rv:102.0) Gecko/20100101 Firefox/102.0
Accept: text/html,application/xhtml+xml,application/xml;q=0.9,image/avif,image/webp,*/*;q=0.8
Accept-Encoding: gzip, deflate, br
Accept-Language: en-US,en;q=0.5
DNT: 1
Connection: keep-alive
Upgrade-Insecure-Requests: 1
Sec-Fetch-Dest: document
Sec-Fetch-Mode: navigate
Sec-Fetch-Site: cross-site

",0,https://accounts.google.com/v3/signin/identifier?continue=https%3A%2F%2Fsites.google.com%2F&followup=https%3A%2F%2Fsites.google.com%2F&ifkv=AVQVeyxP4DAELhKLFGIvKUvN_gzP-2m9HGMcB7DIKBem3vdPS2kb5lYcBQzqs7Fr23XSP3sFdUZwKw&passive=1209600&service=jotspot&flowName=GlifWebSignIn&flowEntry=ServiceLogin&dsh=S1544332473%3A1698237178274196&theme=glif,774,HTTP/1.1,0.33458662033081055,0.11587691307067871,0.1575489044189453,200,OK,[''],24,24,0,"{""content-type"": ""text/html; charset=utf-8"", ""x-frame-options"": ""DENY"", ""set-cookie"": ""__Host-GAPS=1:X4jXsLZMaZRkuZEYXXb2sSaUScUHaw:iaaGrjs0Xcb8SfSB; Expires=Fri, 24-Oct-2025 12:33:12 GMT; Path=/; Secure; HttpOnly; Priority=HIGH"", ""vary"": ""Sec-Fetch-Dest, Sec-Fetch-Mode, Sec-Fetch-Site"", ""x-auto-login"": ""realm=com.google&args=service%3Djotspot%26continue%3Dhttps://sites.google.com/"", ""link"": ""<https://www.google.com/intl/en-US/work/apps/business/products/sites/>; rel=\""canonical\"""", ""x-ua-compatible"": ""IE=edge"", ""cache-control"": ""no-cache, no-store, max-age=0, must-revalidate"", ""pragma"": ""no-cache"", ""expires"": ""Mon, 01 Jan 1990 00:00:00 GMT"", ""date"": ""Wed, 25 Oct 2023 12:33:12 GMT"", ""strict-transport-security"": ""max-age=31536000; includeSubDomains"", ""cross-origin-resource-policy"": ""same-site"", ""content-security-policy"": ""require-trusted-types-for 'script';report-uri /v3/signin/_/AccountsSignInUi/cspreport"", ""permissions-policy"": ""ch-ua-arch=*, ch-ua-bitness=*, ch-ua-full-version=*, ch-ua-full-version-list=*, ch-ua-model=*, ch-ua-wow64=*, ch-ua-form-factor=*, ch-ua-platform=*, ch-ua-platform-version=*"", ""cross-origin-opener-policy-report-only"": ""same-origin; report-to=\""AccountsSignInUi\"""", ""accept-ch"": ""Sec-CH-UA-Arch, Sec-CH-UA-Bitness, Sec-CH-UA-Full-Version, Sec-CH-UA-Full-Version-List, Sec-CH-UA-Model, Sec-CH-UA-WoW64, Sec-CH-UA-Form-Factor, Sec-CH-UA-Platform, Sec-CH-UA-Platform-Version"", ""report-to"": ""{\""group\"":\""AccountsSignInUi\"",\""max_age\"":2592000,\""endpoints\"":[{\""url\"":\""https://csp.withgoogle.com/csp/report-to/AccountsSignInUi\""}]}"", ""content-encoding"": ""gzip"", ""server"": ""ESF"", ""x-xss-protection"": ""0"", ""x-content-type-options"": ""nosniff"", ""alt-svc"": ""h3=\"":443\""; ma=2592000,h3-29=\"":443\""; ma=2592000"", ""transfer-encoding"": ""chunked""}"
1,"GET https://accounts.google.com/v3/signin/identifier?continue=https%3A%2F%2Fsites.google.com%2F&followup=https%3A%2F%2Fsites.google.com%2F&ifkv=AVQVeyxP4DAELhKLFGIvKUvN_gzP-2m9HGMcB7DIKBem3vdPS2kb5lYcBQzqs7Fr23XSP3sFdUZwKw&passive=1209600&service=jotspot&flowName=GlifWebSignIn&flowEntry=ServiceLogin&dsh=S1544332473%3A1698237178274196&theme=glif HTTP/1.1
Host: accounts.google.com
User-Agent: Mozilla/5.0 (Windows NT 10.0; rv:102.0) Gecko/20100101 Firefox/102.0
Accept: text/html,application/xhtml+xml,application/xml;q=0.9,image/avif,image/webp,*/*;q=0.8
Accept-Encoding: gzip, deflate, br
Accept-Language: en-US,en;q=0.5
DNT: 1
Connection: keep-alive
Upgrade-Insecure-Requests: 1
Sec-Fetch-Dest: document
Sec-Fetch-Mode: navigate
Sec-Fetch-Site: cross-site

",0,https://accounts.google.com/v3/signin/identifier?continue=https%3A%2F%2Fsites.google.com%2F&followup=https%3A%2F%2Fsites.google.com%2F&ifkv=AVQVeyxP4DAELhKLFGIvKUvN_gzP-2m9HGMcB7DIKBem3vdPS2kb5lYcBQzqs7Fr23XSP3sFdUZwKw&passive=1209600&service=jotspot&flowName=GlifWebSignIn&flowEntry=ServiceLogin&dsh=S1544332473%3A1698237178274196&theme=glif,774,HTTP/1.1,0.3410775661468506,0.11780881881713867,0.14445734024047852,200,OK,[''],24,24,0,"{""content-type"": ""text/html; charset=utf-8"", ""x-frame-options"": ""DENY"", ""set-cookie"": ""__Host-GAPS=1:98oIBK67_z-ORuIR3aydwPU4PIOVXg:IsrXPsRadthPTURo; Expires=Fri, 24-Oct-2025 12:33:23 GMT; Path=/; Secure; HttpOnly; Priority=HIGH"", ""vary"": ""Sec-Fetch-Dest, Sec-Fetch-Mode, Sec-Fetch-Site"", ""x-auto-login"": ""realm=com.google&args=service%3Djotspot%26continue%3Dhttps://sites.google.com/"", ""link"": ""<https://www.google.com/intl/en-US/work/apps/business/products/sites/>; rel=\""canonical\"""", ""x-ua-compatible"": ""IE=edge"", ""cache-control"": ""no-cache, no-store, max-age=0, must-revalidate"", ""pragma"": ""no-cache"", ""expires"": ""Mon, 01 Jan 1990 00:00:00 GMT"", ""date"": ""Wed, 25 Oct 2023 12:33:23 GMT"", ""strict-transport-security"": ""max-age=31536000; includeSubDomains"", ""permissions-policy"": ""ch-ua-arch=*, ch-ua-bitness=*, ch-ua-full-version=*, ch-ua-full-version-list=*, ch-ua-model=*, ch-ua-wow64=*, ch-ua-form-factor=*, ch-ua-platform=*, ch-ua-platform-version=*"", ""content-security-policy"": ""script-src 'unsafe-inline' 'self' https://apis.google.com https://ssl.gstatic.com https://www.google.com https://www.googletagmanager.com https://www.gstatic.com https://www.google-analytics.com;report-uri /v3/signin/_/AccountsSignInUi/cspreport/allowlist"", ""cross-origin-resource-policy"": ""same-site"", ""report-to"": ""{\""group\"":\""AccountsSignInUi\"",\""max_age\"":2592000,\""endpoints\"":[{\""url\"":\""https://csp.withgoogle.com/csp/report-to/AccountsSignInUi\""}]}"", ""cross-origin-opener-policy-report-only"": ""same-origin; report-to=\""AccountsSignInUi\"""", ""accept-ch"": ""Sec-CH-UA-Arch, Sec-CH-UA-Bitness, Sec-CH-UA-Full-Version, Sec-CH-UA-Full-Version-List, Sec-CH-UA-Model, Sec-CH-UA-WoW64, Sec-CH-UA-Form-Factor, Sec-CH-UA-Platform, Sec-CH-UA-Platform-Version"", ""content-encoding"": ""gzip"", ""server"": ""ESF"", ""x-xss-protection"": ""0"", ""x-content-type-options"": ""nosniff"", ""alt-svc"": ""h3=\"":443\""; ma=2592000,h3-29=\"":443\""; ma=2592000"", ""transfer-encoding"": ""chunked""}"
2,"GET https://accounts.google.com/v3/signin/identifier?continue=https%3A%2F%2Fsites.google.com%2F&followup=https%3A%2F%2Fsites.google.com%2F&ifkv=AVQVeyxP4DAELhKLFGIvKUvN_gzP-2m9HGMcB7DIKBem3vdPS2kb5lYcBQzqs7Fr23XSP3sFdUZwKw&passive=1209600&service=jotspot&flowName=GlifWebSignIn&flowEntry=ServiceLogin&dsh=S1544332473%3A1698237178274196&theme=glif HTTP/1.1
Host: accounts.google.com
User-Agent: Mozilla/5.0 (Windows NT 10.0; rv:102.0) Gecko/20100101 Firefox/102.0
Accept: text/html,application/xhtml+xml,application/xml;q=0.9,image/avif,image/webp,*/*;q=0.8
Accept-Encoding: gzip, deflate, br
Accept-Language: en-US,en;q=0.5
DNT: 1
Connection: keep-alive
Upgrade-Insecure-Requests: 1
Sec-Fetch-Dest: document
Sec-Fetch-Mode: navigate
Sec-Fetch-Site: cross-site

",0,https://accounts.google.com/v3/signin/identifier?continue=https%3A%2F%2Fsites.google.com%2F&followup=https%3A%2F%2Fsites.google.com%2F&ifkv=AVQVeyxP4DAELhKLFGIvKUvN_gzP-2m9HGMcB7DIKBem3vdPS2kb5lYcBQzqs7Fr23XSP3sFdUZwKw&passive=1209600&service=jotspot&flowName=GlifWebSignIn&flowEntry=ServiceLogin&dsh=S1544332473%3A1698237178274196&theme=glif,774,HTTP/1.1,0.200270414352417,0.1135718822479248,0.16645026206970215,200,OK,[''],24,24,0,"{""content-type"": ""text/html; charset=utf-8"", ""x-frame-options"": ""DENY"", ""set-cookie"": ""__Host-GAPS=1:hJ-LuhBqqm2rNkzYYGvxVXFae_owQg:X66T-UL6WGm-BI8-; Expires=Fri, 24-Oct-2025 12:33:33 GMT; Path=/; Secure; HttpOnly; Priority=HIGH"", ""vary"": ""Sec-Fetch-Dest, Sec-Fetch-Mode, Sec-Fetch-Site"", ""x-auto-login"": ""realm=com.google&args=service%3Djotspot%26continue%3Dhttps://sites.google.com/"", ""link"": ""<https://www.google.com/intl/en-US/work/apps/business/products/sites/>; rel=\""canonical\"""", ""x-ua-compatible"": ""IE=edge"", ""cache-control"": ""no-cache, no-store, max-age=0, must-revalidate"", ""pragma"": ""no-cache"", ""expires"": ""Mon, 01 Jan 1990 00:00:00 GMT"", ""date"": ""Wed, 25 Oct 2023 12:33:33 GMT"", ""strict-transport-security"": ""max-age=31536000; includeSubDomains"", ""permissions-policy"": ""ch-ua-arch=*, ch-ua-bitness=*, ch-ua-full-version=*, ch-ua-full-version-list=*, ch-ua-model=*, ch-ua-wow64=*, ch-ua-form-factor=*, ch-ua-platform=*, ch-ua-platform-version=*"", ""accept-ch"": ""Sec-CH-UA-Arch, Sec-CH-UA-Bitness, Sec-CH-UA-Full-Version, Sec-CH-UA-Full-Version-List, Sec-CH-UA-Model, Sec-CH-UA-WoW64, Sec-CH-UA-Form-Factor, Sec-CH-UA-Platform, Sec-CH-UA-Platform-Version"", ""report-to"": ""{\""group\"":\""AccountsSignInUi\"",\""max_age\"":2592000,\""endpoints\"":[{\""url\"":\""https://csp.withgoogle.com/csp/report-to/AccountsSignInUi\""}]}"", ""cross-origin-opener-policy-report-only"": ""same-origin; report-to=\""AccountsSignInUi\"""", ""content-security-policy"": ""require-trusted-types-for 'script';report-uri /v3/signin/_/AccountsSignInUi/cspreport"", ""cross-origin-resource-policy"": ""same-site"", ""content-encoding"": ""gzip"", ""server"": ""ESF"", ""x-xss-protection"": ""0"", ""x-content-type-options"": ""nosniff"", ""alt-svc"": ""h3=\"":443\""; ma=2592000,h3-29=\"":443\""; ma=2592000"", ""transfer-encoding"": ""chunked""}"
3,"GET https://accounts.google.com/v3/signin/identifier?continue=https%3A%2F%2Fsites.google.com%2F&followup=https%3A%2F%2Fsites.google.com%2F&ifkv=AVQVeyxP4DAELhKLFGIvKUvN_gzP-2m9HGMcB7DIKBem3vdPS2kb5lYcBQzqs7Fr23XSP3sFdUZwKw&passive=1209600&service=jotspot&flowName=GlifWebSignIn&flowEntry=ServiceLogin&dsh=S1544332473%3A1698237178274196&theme=glif HTTP/1.1
Host: accounts.google.com
User-Agent: Mozilla/5.0 (Windows NT 10.0; rv:102.0) Gecko/20100101 Firefox/102.0
Accept: text/html,application/xhtml+xml,application/xml;q=0.9,image/avif,image/webp,*/*;q=0.8
Accept-Encoding: gzip, deflate, br
Accept-Language: en-US,en;q=0.5
DNT: 1
Connection: keep-alive
Upgrade-Insecure-Requests: 1
Sec-Fetch-Dest: document
Sec-Fetch-Mode: navigate
Sec-Fetch-Site: cross-site

",0,https://accounts.google.com/v3/signin/identifier?continue=https%3A%2F%2Fsites.google.com%2F&followup=https%3A%2F%2Fsites.google.com%2F&ifkv=AVQVeyxP4DAELhKLFGIvKUvN_gzP-2m9HGMcB7DIKBem3vdPS2kb5lYcBQzqs7Fr23XSP3sFdUZwKw&passive=1209600&service=jotspot&flowName=GlifWebSignIn&flowEntry=ServiceLogin&dsh=S1544332473%3A1698237178274196&theme=glif,774,HTTP/1.1,0.25802087783813477,0.10590243339538574,0.17806458473205566,200,OK,[''],24,24,0,"{""content-type"": ""text/html; charset=utf-8"", ""x-frame-options"": ""DENY"", ""vary"": ""Sec-Fetch-Dest, Sec-Fetch-Mode, Sec-Fetch-Site"", ""set-cookie"": ""__Host-GAPS=1:ahIEtIEPV3vD316hgF04FvxCiLf8Lw:p9D0ROIfQA4IdjIW; Expires=Fri, 24-Oct-2025 12:33:44 GMT; Path=/; Secure; HttpOnly; Priority=HIGH"", ""x-auto-login"": ""realm=com.google&args=service%3Djotspot%26continue%3Dhttps://sites.google.com/"", ""link"": ""<https://www.google.com/intl/en-US/work/apps/business/products/sites/>; rel=\""canonical\"""", ""x-ua-compatible"": ""IE=edge"", ""cache-control"": ""no-cache, no-store, max-age=0, must-revalidate"", ""pragma"": ""no-cache"", ""expires"": ""Mon, 01 Jan 1990 00:00:00 GMT"", ""date"": ""Wed, 25 Oct 2023 12:33:44 GMT"", ""strict-transport-security"": ""max-age=31536000; includeSubDomains"", ""report-to"": ""{\""group\"":\""AccountsSignInUi\"",\""max_age\"":2592000,\""endpoints\"":[{\""url\"":\""https://csp.withgoogle.com/csp/report-to/AccountsSignInUi\""}]}"", ""permissions-policy"": ""ch-ua-arch=*, ch-ua-bitness=*, ch-ua-full-version=*, ch-ua-full-version-list=*, ch-ua-model=*, ch-ua-wow64=*, ch-ua-form-factor=*, ch-ua-platform=*, ch-ua-platform-version=*"", ""content-security-policy"": ""require-trusted-types-for 'script';report-uri /v3/signin/_/AccountsSignInUi/cspreport"", ""accept-ch"": ""Sec-CH-UA-Arch, Sec-CH-UA-Bitness, Sec-CH-UA-Full-Version, Sec-CH-UA-Full-Version-List, Sec-CH-UA-Model, Sec-CH-UA-WoW64, Sec-CH-UA-Form-Factor, Sec-CH-UA-Platform, Sec-CH-UA-Platform-Version"", ""cross-origin-resource-policy"": ""same-site"", ""cross-origin-opener-policy-report-only"": ""same-origin; report-to=\""AccountsSignInUi\"""", ""content-encoding"": ""gzip"", ""server"": ""ESF"", ""x-xss-protection"": ""0"", ""x-content-type-options"": ""nosniff"", ""alt-svc"": ""h3=\"":443\""; ma=2592000,h3-29=\"":443\""; ma=2592000"", ""transfer-encoding"": ""chunked""}"
4,"GET https://accounts.google.com/v3/signin/identifier?continue=https%3A%2F%2Fsites.google.com%2F&followup=https%3A%2F%2Fsites.google.com%2F&ifkv=AVQVeyxP4DAELhKLFGIvKUvN_gzP-2m9HGMcB7DIKBem3vdPS2kb5lYcBQzqs7Fr23XSP3sFdUZwKw&passive=1209600&service=jotspot&flowName=GlifWebSignIn&flowEntry=ServiceLogin&dsh=S1544332473%3A1698237178274196&theme=glif HTTP/1.1
Host: accounts.google.com
User-Agent: Mozilla/5.0 (Windows NT 10.0; rv:102.0) Gecko/20100101 Firefox/102.0
Accept: text/html,application/xhtml+xml,application/xml;q=0.9,image/avif,image/webp,*/*;q=0.8
Accept-Encoding: gzip, deflate, br
Accept-Language: en-US,en;q=0.5
DNT: 1
Connection: keep-alive
Upgrade-Insecure-Requests: 1
Sec-Fetch-Dest: document
Sec-Fetch-Mode: navigate
Sec-Fetch-Site: cross-site

",0,https://accounts.google.com/v3/signin/identifier?continue=https%3A%2F%2Fsites.google.com%2F&followup=https%3A%2F%2Fsites.google.com%2F&ifkv=AVQVeyxP4DAELhKLFGIvKUvN_gzP-2m9HGMcB7DIKBem3vdPS2kb5lYcBQzqs7Fr23XSP3sFdUZwKw&passive=1209600&service=jotspot&flowName=GlifWebSignIn&flowEntry=ServiceLogin&dsh=S1544332473%3A1698237178274196&theme=glif,774,HTTP/1.1,0.21323895454406738,0.11666607856750488,0.2027575969696045,200,OK,[''],24,24,0,"{""content-type"": ""text/html; charset=utf-8"", ""x-frame-options"": ""DENY"", ""vary"": ""Sec-Fetch-Dest, Sec-Fetch-Mode, Sec-Fetch-Site"", ""set-cookie"": ""__Host-GAPS=1:AIlGGuMmogAFsQDdL_AKQOhIWzdZ5A:qpjXXALS_vQtQkj9; Expires=Fri, 24-Oct-2025 12:33:54 GMT; Path=/; Secure; HttpOnly; Priority=HIGH"", ""x-auto-login"": ""realm=com.google&args=service%3Djotspot%26continue%3Dhttps://sites.google.com/"", ""link"": ""<https://www.google.com/intl/en-US/work/apps/business/products/sites/>; rel=\""canonical\"""", ""x-ua-compatible"": ""IE=edge"", ""cache-control"": ""no-cache, no-store, max-age=0, must-revalidate"", ""pragma"": ""no-cache"", ""expires"": ""Mon, 01 Jan 1990 00:00:00 GMT"", ""date"": ""Wed, 25 Oct 2023 12:33:54 GMT"", ""strict-transport-security"": ""max-age=31536000; includeSubDomains"", ""report-to"": ""{\""group\"":\""AccountsSignInUi\"",\""max_age\"":2592000,\""endpoints\"":[{\""url\"":\""https://csp.withgoogle.com/csp/report-to/AccountsSignInUi\""}]}"", ""accept-ch"": ""Sec-CH-UA-Arch, Sec-CH-UA-Bitness, Sec-CH-UA-Full-Version, Sec-CH-UA-Full-Version-List, Sec-CH-UA-Model, Sec-CH-UA-WoW64, Sec-CH-UA-Form-Factor, Sec-CH-UA-Platform, Sec-CH-UA-Platform-Version"", ""permissions-policy"": ""ch-ua-arch=*, ch-ua-bitness=*, ch-ua-full-version=*, ch-ua-full-version-list=*, ch-ua-model=*, ch-ua-wow64=*, ch-ua-form-factor=*, ch-ua-platform=*, ch-ua-platform-version=*"", ""content-security-policy"": ""require-trusted-types-for 'script';report-uri /v3/signin/_/AccountsSignInUi/cspreport"", ""cross-origin-resource-policy"": ""same-site"", ""cross-origin-opener-policy-report-only"": ""same-origin; report-to=\""AccountsSignInUi\"""", ""content-encoding"": ""gzip"", ""server"": ""ESF"", ""x-xss-protection"": ""0"", ""x-content-type-options"": ""nosniff"", ""alt-svc"": ""h3=\"":443\""; ma=2592000,h3-29=\"":443\""; ma=2592000"", ""transfer-encoding"": ""chunked""}"
5,"GET https://accounts.google.com/v3/signin/identifier?continue=https%3A%2F%2Fsites.google.com%2F&followup=https%3A%2F%2Fsites.google.com%2F&ifkv=AVQVeyxP4DAELhKLFGIvKUvN_gzP-2m9HGMcB7DIKBem3vdPS2kb5lYcBQzqs7Fr23XSP3sFdUZwKw&passive=1209600&service=jotspot&flowName=GlifWebSignIn&flowEntry=ServiceLogin&dsh=S1544332473%3A1698237178274196&theme=glif HTTP/1.1
Host: accounts.google.com
User-Agent: Mozilla/5.0 (Windows NT 10.0; rv:102.0) Gecko/20100101 Firefox/102.0
Accept: text/html,application/xhtml+xml,application/xml;q=0.9,image/avif,image/webp,*/*;q=0.8
Accept-Encoding: gzip, deflate, br
Accept-Language: en-US,en;q=0.5
DNT: 1
Connection: keep-alive
Upgrade-Insecure-Requests: 1
Sec-Fetch-Dest: document
Sec-Fetch-Mode: navigate
Sec-Fetch-Site: cross-site

",0,https://accounts.google.com/v3/signin/identifier?continue=https%3A%2F%2Fsites.google.com%2F&followup=https%3A%2F%2Fsites.google.com%2F&ifkv=AVQVeyxP4DAELhKLFGIvKUvN_gzP-2m9HGMcB7DIKBem3vdPS2kb5lYcBQzqs7Fr23XSP3sFdUZwKw&passive=1209600&service=jotspot&flowName=GlifWebSignIn&flowEntry=ServiceLogin&dsh=S1544332473%3A1698237178274196&theme=glif,774,HTTP/1.1,0.2114098072052002,0.10855793952941895,0.2859961986541748,200,OK,[''],24,24,0,"{""content-type"": ""text/html; charset=utf-8"", ""x-frame-options"": ""DENY"", ""vary"": ""Sec-Fetch-Dest, Sec-Fetch-Mode, Sec-Fetch-Site"", ""set-cookie"": ""__Host-GAPS=1:-Mrn9U5n99IBEX7k0hOCl5L1g5Y_cw:dLYjD2APycxlysiO; Expires=Fri, 24-Oct-2025 12:34:05 GMT; Path=/; Secure; HttpOnly; Priority=HIGH"", ""x-auto-login"": ""realm=com.google&args=service%3Djotspot%26continue%3Dhttps://sites.google.com/"", ""link"": ""<https://www.google.com/intl/en-US/work/apps/business/products/sites/>; rel=\""canonical\"""", ""x-ua-compatible"": ""IE=edge"", ""cache-control"": ""no-cache, no-store, max-age=0, must-revalidate"", ""pragma"": ""no-cache"", ""expires"": ""Mon, 01 Jan 1990 00:00:00 GMT"", ""date"": ""Wed, 25 Oct 2023 12:34:05 GMT"", ""strict-transport-security"": ""max-age=31536000; includeSubDomains"", ""content-security-policy"": ""script-src 'unsafe-inline' 'self' https://apis.google.com https://ssl.gstatic.com https://www.google.com https://www.googletagmanager.com https://www.gstatic.com https://www.google-analytics.com;report-uri /v3/signin/_/AccountsSignInUi/cspreport/allowlist"", ""cross-origin-opener-policy-report-only"": ""same-origin; report-to=\""AccountsSignInUi\"""", ""permissions-policy"": ""ch-ua-arch=*, ch-ua-bitness=*, ch-ua-full-version=*, ch-ua-full-version-list=*, ch-ua-model=*, ch-ua-wow64=*, ch-ua-form-factor=*, ch-ua-platform=*, ch-ua-platform-version=*"", ""cross-origin-resource-policy"": ""same-site"", ""accept-ch"": ""Sec-CH-UA-Arch, Sec-CH-UA-Bitness, Sec-CH-UA-Full-Version, Sec-CH-UA-Full-Version-List, Sec-CH-UA-Model, Sec-CH-UA-WoW64, Sec-CH-UA-Form-Factor, Sec-CH-UA-Platform, Sec-CH-UA-Platform-Version"", ""report-to"": ""{\""group\"":\""AccountsSignInUi\"",\""max_age\"":2592000,\""endpoints\"":[{\""url\"":\""https://csp.withgoogle.com/csp/report-to/AccountsSignInUi\""}]}"", ""content-encoding"": ""gzip"", ""server"": ""ESF"", ""x-xss-protection"": ""0"", ""x-content-type-options"": ""nosniff"", ""alt-svc"": ""h3=\"":443\""; ma=2592000,h3-29=\"":443\""; ma=2592000"", ""transfer-encoding"": ""chunked""}"
6,"GET https://accounts.google.com/v3/signin/identifier?continue=https%3A%2F%2Fsites.google.com%2F&followup=https%3A%2F%2Fsites.google.com%2F&ifkv=AVQVeyxP4DAELhKLFGIvKUvN_gzP-2m9HGMcB7DIKBem3vdPS2kb5lYcBQzqs7Fr23XSP3sFdUZwKw&passive=1209600&service=jotspot&flowName=GlifWebSignIn&flowEntry=ServiceLogin&dsh=S1544332473%3A1698237178274196&theme=glif HTTP/1.1
Host: accounts.google.com
User-Agent: Mozilla/5.0 (Windows NT 10.0; rv:102.0) Gecko/20100101 Firefox/102.0
Accept: text/html,application/xhtml+xml,application/xml;q=0.9,image/avif,image/webp,*/*;q=0.8
Accept-Encoding: gzip, deflate, br
Accept-Language: en-US,en;q=0.5
DNT: 1
Connection: keep-alive
Upgrade-Insecure-Requests: 1
Sec-Fetch-Dest: document
Sec-Fetch-Mode: navigate
Sec-Fetch-Site: cross-site

",0,https://accounts.google.com/v3/signin/identifier?continue=https%3A%2F%2Fsites.google.com%2F&followup=https%3A%2F%2Fsites.google.com%2F&ifkv=AVQVeyxP4DAELhKLFGIvKUvN_gzP-2m9HGMcB7DIKBem3vdPS2kb5lYcBQzqs7Fr23XSP3sFdUZwKw&passive=1209600&service=jotspot&flowName=GlifWebSignIn&flowEntry=ServiceLogin&dsh=S1544332473%3A1698237178274196&theme=glif,774,HTTP/1.1,0.26334333419799805,0.10810256004333496,0.18031835556030273,200,OK,[''],24,24,0,"{""content-type"": ""text/html; charset=utf-8"", ""x-frame-options"": ""DENY"", ""vary"": ""Sec-Fetch-Dest, Sec-Fetch-Mode, Sec-Fetch-Site"", ""set-cookie"": ""__Host-GAPS=1:xwSeRnqe5UvmICVTbqk4PQjRLYhDrg:Nep8plOJGkIpBZsP; Expires=Fri, 24-Oct-2025 12:34:15 GMT; Path=/; Secure; HttpOnly; Priority=HIGH"", ""x-auto-login"": ""realm=com.google&args=service%3Djotspot%26continue%3Dhttps://sites.google.com/"", ""link"": ""<https://www.google.com/intl/en-US/work/apps/business/products/sites/>; rel=\""canonical\"""", ""x-ua-compatible"": ""IE=edge"", ""cache-control"": ""no-cache, no-store, max-age=0, must-revalidate"", ""pragma"": ""no-cache"", ""expires"": ""Mon, 01 Jan 1990 00:00:00 GMT"", ""date"": ""Wed, 25 Oct 2023 12:34:15 GMT"", ""strict-transport-security"": ""max-age=31536000; includeSubDomains"", ""cross-origin-resource-policy"": ""same-site"", ""report-to"": ""{\""group\"":\""AccountsSignInUi\"",\""max_age\"":2592000,\""endpoints\"":[{\""url\"":\""https://csp.withgoogle.com/csp/report-to/AccountsSignInUi\""}]}"", ""content-security-policy"": ""require-trusted-types-for 'script';report-uri /v3/signin/_/AccountsSignInUi/cspreport"", ""accept-ch"": ""Sec-CH-UA-Arch, Sec-CH-UA-Bitness, Sec-CH-UA-Full-Version, Sec-CH-UA-Full-Version-List, Sec-CH-UA-Model, Sec-CH-UA-WoW64, Sec-CH-UA-Form-Factor, Sec-CH-UA-Platform, Sec-CH-UA-Platform-Version"", ""cross-origin-opener-policy-report-only"": ""same-origin; report-to=\""AccountsSignInUi\"""", ""permissions-policy"": ""ch-ua-arch=*, ch-ua-bitness=*, ch-ua-full-version=*, ch-ua-full-version-list=*, ch-ua-model=*, ch-ua-wow64=*, ch-ua-form-factor=*, ch-ua-platform=*, ch-ua-platform-version=*"", ""content-encoding"": ""gzip"", ""server"": ""ESF"", ""x-xss-protection"": ""0"", ""x-content-type-options"": ""nosniff"", ""alt-svc"": ""h3=\"":443\""; ma=2592000,h3-29=\"":443\""; ma=2592000"", ""transfer-encoding"": ""chunked""}"
7,"GET https://accounts.google.com/v3/signin/identifier?continue=https%3A%2F%2Fsites.google.com%2F&followup=https%3A%2F%2Fsites.google.com%2F&ifkv=AVQVeyxP4DAELhKLFGIvKUvN_gzP-2m9HGMcB7DIKBem3vdPS2kb5lYcBQzqs7Fr23XSP3sFdUZwKw&passive=1209600&service=jotspot&flowName=GlifWebSignIn&flowEntry=ServiceLogin&dsh=S1544332473%3A1698237178274196&theme=glif HTTP/1.1
Host: accounts.google.com
User-Agent: Mozilla/5.0 (Windows NT 10.0; rv:102.0) Gecko/20100101 Firefox/102.0
Accept: text/html,application/xhtml+xml,application/xml;q=0.9,image/avif,image/webp,*/*;q=0.8
Accept-Encoding: gzip, deflate, br
Accept-Language: en-US,en;q=0.5
DNT: 1
Connection: keep-alive
Upgrade-Insecure-Requests: 1
Sec-Fetch-Dest: document
Sec-Fetch-Mode: navigate
Sec-Fetch-Site: cross-site

",0,https://accounts.google.com/v3/signin/identifier?continue=https%3A%2F%2Fsites.google.com%2F&followup=https%3A%2F%2Fsites.google.com%2F&ifkv=AVQVeyxP4DAELhKLFGIvKUvN_gzP-2m9HGMcB7DIKBem3vdPS2kb5lYcBQzqs7Fr23XSP3sFdUZwKw&passive=1209600&service=jotspot&flowName=GlifWebSignIn&flowEntry=ServiceLogin&dsh=S1544332473%3A1698237178274196&theme=glif,774,HTTP/1.1,0.18218779563903809,0.12360262870788574,0.19492864608764648,200,OK,[''],24,24,0,"{""content-type"": ""text/html; charset=utf-8"", ""x-frame-options"": ""DENY"", ""vary"": ""Sec-Fetch-Dest, Sec-Fetch-Mode, Sec-Fetch-Site"", ""set-cookie"": ""__Host-GAPS=1:Hu4UDvM-929h7Omj7MkZq11-PmN9cA:sN73mANh5blVUYIm; Expires=Fri, 24-Oct-2025 12:34:25 GMT; Path=/; Secure; HttpOnly; Priority=HIGH"", ""x-auto-login"": ""realm=com.google&args=service%3Djotspot%26continue%3Dhttps://sites.google.com/"", ""link"": ""<https://www.google.com/intl/en-US/work/apps/business/products/sites/>; rel=\""canonical\"""", ""x-ua-compatible"": ""IE=edge"", ""cache-control"": ""no-cache, no-store, max-age=0, must-revalidate"", ""pragma"": ""no-cache"", ""expires"": ""Mon, 01 Jan 1990 00:00:00 GMT"", ""date"": ""Wed, 25 Oct 2023 12:34:26 GMT"", ""strict-transport-security"": ""max-age=31536000; includeSubDomains"", ""report-to"": ""{\""group\"":\""AccountsSignInUi\"",\""max_age\"":2592000,\""endpoints\"":[{\""url\"":\""https://csp.withgoogle.com/csp/report-to/AccountsSignInUi\""}]}"", ""accept-ch"": ""Sec-CH-UA-Arch, Sec-CH-UA-Bitness, Sec-CH-UA-Full-Version, Sec-CH-UA-Full-Version-List, Sec-CH-UA-Model, Sec-CH-UA-WoW64, Sec-CH-UA-Form-Factor, Sec-CH-UA-Platform, Sec-CH-UA-Platform-Version"", ""permissions-policy"": ""ch-ua-arch=*, ch-ua-bitness=*, ch-ua-full-version=*, ch-ua-full-version-list=*, ch-ua-model=*, ch-ua-wow64=*, ch-ua-form-factor=*, ch-ua-platform=*, ch-ua-platform-version=*"", ""content-security-policy"": ""require-trusted-types-for 'script';report-uri /v3/signin/_/AccountsSignInUi/cspreport"", ""cross-origin-resource-policy"": ""same-site"", ""cross-origin-opener-policy-report-only"": ""same-origin; report-to=\""AccountsSignInUi\"""", ""content-encoding"": ""gzip"", ""server"": ""ESF"", ""x-xss-protection"": ""0"", ""x-content-type-options"": ""nosniff"", ""alt-svc"": ""h3=\"":443\""; ma=2592000,h3-29=\"":443\""; ma=2592000"", ""transfer-encoding"": ""chunked""}"
8,"GET https://accounts.google.com/v3/signin/identifier?continue=https%3A%2F%2Fsites.google.com%2F&followup=https%3A%2F%2Fsites.google.com%2F&ifkv=AVQVeyxP4DAELhKLFGIvKUvN_gzP-2m9HGMcB7DIKBem3vdPS2kb5lYcBQzqs7Fr23XSP3sFdUZwKw&passive=1209600&service=jotspot&flowName=GlifWebSignIn&flowEntry=ServiceLogin&dsh=S1544332473%3A1698237178274196&theme=glif HTTP/1.1
Host: accounts.google.com
User-Agent: Mozilla/5.0 (Windows NT 10.0; rv:102.0) Gecko/20100101 Firefox/102.0
Accept: text/html,application/xhtml+xml,application/xml;q=0.9,image/avif,image/webp,*/*;q=0.8
Accept-Encoding: gzip, deflate, br
Accept-Language: en-US,en;q=0.5
DNT: 1
Connection: keep-alive
Upgrade-Insecure-Requests: 1
Sec-Fetch-Dest: document
Sec-Fetch-Mode: navigate
Sec-Fetch-Site: cross-site

",0,https://accounts.google.com/v3/signin/identifier?continue=https%3A%2F%2Fsites.google.com%2F&followup=https%3A%2F%2Fsites.google.com%2F&ifkv=AVQVeyxP4DAELhKLFGIvKUvN_gzP-2m9HGMcB7DIKBem3vdPS2kb5lYcBQzqs7Fr23XSP3sFdUZwKw&passive=1209600&service=jotspot&flowName=GlifWebSignIn&flowEntry=ServiceLogin&dsh=S1544332473%3A1698237178274196&theme=glif,774,HTTP/1.1,0.1767721176147461,0.11289286613464355,0.1638193130493164,200,OK,[''],24,24,0,"{""content-type"": ""text/html; charset=utf-8"", ""x-frame-options"": ""DENY"", ""set-cookie"": ""__Host-GAPS=1:imLCcRI6ys5rLb-Kq-FgDQ3GtC1iyg:douXXkpl4Ku8E6wZ; Expires=Fri, 24-Oct-2025 12:34:36 GMT; Path=/; Secure; HttpOnly; Priority=HIGH"", ""vary"": ""Sec-Fetch-Dest, Sec-Fetch-Mode, Sec-Fetch-Site"", ""x-auto-login"": ""realm=com.google&args=service%3Djotspot%26continue%3Dhttps://sites.google.com/"", ""link"": ""<https://www.google.com/intl/en-US/work/apps/business/products/sites/>; rel=\""canonical\"""", ""x-ua-compatible"": ""IE=edge"", ""cache-control"": ""no-cache, no-store, max-age=0, must-revalidate"", ""pragma"": ""no-cache"", ""expires"": ""Mon, 01 Jan 1990 00:00:00 GMT"", ""date"": ""Wed, 25 Oct 2023 12:34:36 GMT"", ""strict-transport-security"": ""max-age=31536000; includeSubDomains"", ""cross-origin-resource-policy"": ""same-site"", ""content-security-policy"": ""require-trusted-types-for 'script';report-uri /v3/signin/_/AccountsSignInUi/cspreport"", ""permissions-policy"": ""ch-ua-arch=*, ch-ua-bitness=*, ch-ua-full-version=*, ch-ua-full-version-list=*, ch-ua-model=*, ch-ua-wow64=*, ch-ua-form-factor=*, ch-ua-platform=*, ch-ua-platform-version=*"", ""cross-origin-opener-policy-report-only"": ""same-origin; report-to=\""AccountsSignInUi\"""", ""accept-ch"": ""Sec-CH-UA-Arch, Sec-CH-UA-Bitness, Sec-CH-UA-Full-Version, Sec-CH-UA-Full-Version-List, Sec-CH-UA-Model, Sec-CH-UA-WoW64, Sec-CH-UA-Form-Factor, Sec-CH-UA-Platform, Sec-CH-UA-Platform-Version"", ""report-to"": ""{\""group\"":\""AccountsSignInUi\"",\""max_age\"":2592000,\""endpoints\"":[{\""url\"":\""https://csp.withgoogle.com/csp/report-to/AccountsSignInUi\""}]}"", ""content-encoding"": ""gzip"", ""server"": ""ESF"", ""x-xss-protection"": ""0"", ""x-content-type-options"": ""nosniff"", ""alt-svc"": ""h3=\"":443\""; ma=2592000,h3-29=\"":443\""; ma=2592000"", ""transfer-encoding"": ""chunked""}"
9,"GET https://accounts.google.com/v3/signin/identifier?continue=https%3A%2F%2Fsites.google.com%2F&followup=https%3A%2F%2Fsites.google.com%2F&ifkv=AVQVeyxP4DAELhKLFGIvKUvN_gzP-2m9HGMcB7DIKBem3vdPS2kb5lYcBQzqs7Fr23XSP3sFdUZwKw&passive=1209600&service=jotspot&flowName=GlifWebSignIn&flowEntry=ServiceLogin&dsh=S1544332473%3A1698237178274196&theme=glif HTTP/1.1
Host: accounts.google.com
User-Agent: Mozilla/5.0 (Windows NT 10.0; rv:102.0) Gecko/20100101 Firefox/102.0
Accept: text/html,application/xhtml+xml,application/xml;q=0.9,image/avif,image/webp,*/*;q=0.8
Accept-Encoding: gzip, deflate, br
Accept-Language: en-US,en;q=0.5
DNT: 1
Connection: keep-alive
Upgrade-Insecure-Requests: 1
Sec-Fetch-Dest: document
Sec-Fetch-Mode: navigate
Sec-Fetch-Site: cross-site

",0,https://accounts.google.com/v3/signin/identifier?continue=https%3A%2F%2Fsites.google.com%2F&followup=https%3A%2F%2Fsites.google.com%2F&ifkv=AVQVeyxP4DAELhKLFGIvKUvN_gzP-2m9HGMcB7DIKBem3vdPS2kb5lYcBQzqs7Fr23XSP3sFdUZwKw&passive=1209600&service=jotspot&flowName=GlifWebSignIn&flowEntry=ServiceLogin&dsh=S1544332473%3A1698237178274196&theme=glif,774,HTTP/1.1,0.11797595024108887,0.11304044723510742,0.12256503105163574,200,OK,[''],24,24,0,"{""content-type"": ""text/html; charset=utf-8"", ""x-frame-options"": ""DENY"", ""set-cookie"": ""__Host-GAPS=1:7B5mDY2FA2A9lKcom5uRC5-SCuyArw:MlRTjRxR6w-Tjq-Y; Expires=Fri, 24-Oct-2025 12:34:45 GMT; Path=/; Secure; HttpOnly; Priority=HIGH"", ""vary"": ""Sec-Fetch-Dest, Sec-Fetch-Mode, Sec-Fetch-Site"", ""x-auto-login"": ""realm=com.google&args=service%3Djotspot%26continue%3Dhttps://sites.google.com/"", ""link"": ""<https://www.google.com/intl/en-US/work/apps/business/products/sites/>; rel=\""canonical\"""", ""x-ua-compatible"": ""IE=edge"", ""cache-control"": ""no-cache, no-store, max-age=0, must-revalidate"", ""pragma"": ""no-cache"", ""expires"": ""Mon, 01 Jan 1990 00:00:00 GMT"", ""date"": ""Wed, 25 Oct 2023 12:34:46 GMT"", ""strict-transport-security"": ""max-age=31536000; includeSubDomains"", ""cross-origin-opener-policy-report-only"": ""same-origin; report-to=\""AccountsSignInUi\"""", ""permissions-policy"": ""ch-ua-arch=*, ch-ua-bitness=*, ch-ua-full-version=*, ch-ua-full-version-list=*, ch-ua-model=*, ch-ua-wow64=*, ch-ua-form-factor=*, ch-ua-platform=*, ch-ua-platform-version=*"", ""content-security-policy"": ""require-trusted-types-for 'script';report-uri /v3/signin/_/AccountsSignInUi/cspreport"", ""cross-origin-resource-policy"": ""same-site"", ""accept-ch"": ""Sec-CH-UA-Arch, Sec-CH-UA-Bitness, Sec-CH-UA-Full-Version, Sec-CH-UA-Full-Version-List, Sec-CH-UA-Model, Sec-CH-UA-WoW64, Sec-CH-UA-Form-Factor, Sec-CH-UA-Platform, Sec-CH-UA-Platform-Version"", ""report-to"": ""{\""group\"":\""AccountsSignInUi\"",\""max_age\"":2592000,\""endpoints\"":[{\""url\"":\""https://csp.withgoogle.com/csp/report-to/AccountsSignInUi\""}]}"", ""content-encoding"": ""gzip"", ""server"": ""ESF"", ""x-xss-protection"": ""0"", ""x-content-type-options"": ""nosniff"", ""alt-svc"": ""h3=\"":443\""; ma=2592000,h3-29=\"":443\""; ma=2592000"", ""transfer-encoding"": ""chunked""}"
