,Attempt No.,uri,Deviation Count,Status Code,Response_Time,response_header_count,response_header_length,response_body_length,response_header_fields
0,0,https://european-union.europa.eu/select-language?destination=/node/1,0,200,0.016260385513305664,22,22,0,"{'content-type': 'text/html; charset=UTF-8', 'content-length': '2900', 'connection': 'keep-alive', 'date': 'Wed, 25 Oct 2023 12:28:44 GMT', 'content-language': 'en', 'x-content-type-options': 'nosniff', 'x-frame-options': 'SAMEORIGIN', 'expires': 'Sun, 19 Nov 1978 05:00:00 GMT', 'last-modified': 'Sat, 21 Oct 2023 13:17:16 GMT', 'content-encoding': 'gzip', 'accept-ranges': 'bytes', 'x-fpfis': '42297291 38535360', 'strict-transport-security': 'max-age=31536000; includeSubDomains; preload;', 'cache-control': 'public, max-age=300, s-maxage=300', 'x-age': '342688', 'etag': '""1697894236-gzip""', 'vary': 'Cookie,Accept-Encoding', 'x-cache': 'Hit from cloudfront', 'via': '1.1 8ba20463cf6d26f2beee0d9d3bd186ac.cloudfront.net (CloudFront)', 'x-amz-cf-pop': 'HAM50-C2', 'x-amz-cf-id': 'V2k-r_pmpL-wNYdR2F5h996or8AjpmSeyb0OBGBADXt8_m_eDO_r_w==', 'age': '275'}"
1,1,https://european-union.europa.eu/select-language?destination=/node/1,0,200,0.024035215377807617,22,22,0,"{'content-type': 'text/html; charset=UTF-8', 'content-length': '2900', 'connection': 'keep-alive', 'date': 'Wed, 25 Oct 2023 12:28:44 GMT', 'content-language': 'en', 'x-content-type-options': 'nosniff', 'x-frame-options': 'SAMEORIGIN', 'expires': 'Sun, 19 Nov 1978 05:00:00 GMT', 'last-modified': 'Sat, 21 Oct 2023 13:17:16 GMT', 'content-encoding': 'gzip', 'accept-ranges': 'bytes', 'x-fpfis': '42297291 38535360', 'strict-transport-security': 'max-age=31536000; includeSubDomains; preload;', 'cache-control': 'public, max-age=300, s-maxage=300', 'x-age': '342688', 'etag': '""1697894236-gzip""', 'vary': 'Cookie,Accept-Encoding', 'x-cache': 'Hit from cloudfront', 'via': '1.1 8ba20463cf6d26f2beee0d9d3bd186ac.cloudfront.net (CloudFront)', 'x-amz-cf-pop': 'HAM50-C2', 'x-amz-cf-id': 'rQk5j_qxuEz8_P0pdvcKxYTRxfQhoQ98k9FePMqh6OMFkmbst-76Ig==', 'age': '287'}"
2,2,https://european-union.europa.eu/select-language?destination=/node/1,0,200,0.018893957138061523,22,22,0,"{'content-type': 'text/html; charset=UTF-8', 'content-length': '2900', 'connection': 'keep-alive', 'date': 'Wed, 25 Oct 2023 12:28:44 GMT', 'content-language': 'en', 'x-content-type-options': 'nosniff', 'x-frame-options': 'SAMEORIGIN', 'expires': 'Sun, 19 Nov 1978 05:00:00 GMT', 'last-modified': 'Sat, 21 Oct 2023 13:17:16 GMT', 'content-encoding': 'gzip', 'accept-ranges': 'bytes', 'x-fpfis': '42297291 38535360', 'strict-transport-security': 'max-age=31536000; includeSubDomains; preload;', 'cache-control': 'public, max-age=300, s-maxage=300', 'x-age': '342688', 'etag': '""1697894236-gzip""', 'vary': 'Cookie,Accept-Encoding', 'x-cache': 'Hit from cloudfront', 'via': '1.1 312b9f49a05a10af1e6462e1c59bae9a.cloudfront.net (CloudFront)', 'x-amz-cf-pop': 'HAM50-C2', 'x-amz-cf-id': 'Hi4iHW8j60m5pAvDV0R7z1uQzNDs71ZViG24qHDGIRCKpFnhhPnm7w==', 'age': '299'}"
3,3,https://european-union.europa.eu/select-language?destination=/node/1,0,200,0.05244708061218262,22,22,12223,"{'content-type': 'text/html; charset=UTF-8', 'content-length': '2900', 'connection': 'keep-alive', 'date': 'Wed, 25 Oct 2023 12:33:44 GMT', 'content-language': 'en', 'x-content-type-options': 'nosniff', 'x-frame-options': 'SAMEORIGIN', 'expires': 'Sun, 19 Nov 1978 05:00:00 GMT', 'last-modified': 'Sat, 21 Oct 2023 13:17:16 GMT', 'content-encoding': 'gzip', 'accept-ranges': 'bytes', 'x-fpfis': '18929243 38535360', 'strict-transport-security': 'max-age=31536000; includeSubDomains; preload;', 'cache-control': 'public, max-age=300, s-maxage=300', 'x-age': '342988', 'etag': '""1697894236-gzip""', 'vary': 'Cookie,Accept-Encoding', 'x-cache': 'Hit from cloudfront', 'via': '1.1 24eb1500b3f80b309dcd7b8a50210a68.cloudfront.net (CloudFront)', 'x-amz-cf-pop': 'HAM50-C2', 'x-amz-cf-id': 'ybUuFFqSk6AVwVPml2uttwEuZC3eozThj9GPx_J258W0jOfGbExlOg==', 'age': '12'}"
4,4,https://european-union.europa.eu/select-language?destination=/node/1,0,200,0.020274877548217773,22,22,0,"{'content-type': 'text/html; charset=UTF-8', 'content-length': '2900', 'connection': 'keep-alive', 'date': 'Wed, 25 Oct 2023 12:33:44 GMT', 'content-language': 'en', 'x-content-type-options': 'nosniff', 'x-frame-options': 'SAMEORIGIN', 'expires': 'Sun, 19 Nov 1978 05:00:00 GMT', 'last-modified': 'Sat, 21 Oct 2023 13:17:16 GMT', 'content-encoding': 'gzip', 'accept-ranges': 'bytes', 'x-fpfis': '18929243 38535360', 'strict-transport-security': 'max-age=31536000; includeSubDomains; preload;', 'cache-control': 'public, max-age=300, s-maxage=300', 'x-age': '342988', 'etag': '""1697894236-gzip""', 'vary': 'Cookie,Accept-Encoding', 'x-cache': 'Hit from cloudfront', 'via': '1.1 ee2b06ec36961da809e0377705d74e04.cloudfront.net (CloudFront)', 'x-amz-cf-pop': 'HAM50-C2', 'x-amz-cf-id': 'bWVF5WBPbs0KTHH6rapf47Mp8zvMm1yx0wH59Pi9TdvjHDQxzzHKJQ==', 'age': '24'}"
5,5,https://european-union.europa.eu/select-language?destination=/node/1,0,200,0.019046783447265625,22,22,12223,"{'content-type': 'text/html; charset=UTF-8', 'content-length': '2900', 'connection': 'keep-alive', 'date': 'Wed, 25 Oct 2023 12:33:44 GMT', 'content-language': 'en', 'x-content-type-options': 'nosniff', 'x-frame-options': 'SAMEORIGIN', 'expires': 'Sun, 19 Nov 1978 05:00:00 GMT', 'last-modified': 'Sat, 21 Oct 2023 13:17:16 GMT', 'content-encoding': 'gzip', 'accept-ranges': 'bytes', 'x-fpfis': '18929243 38535360', 'strict-transport-security': 'max-age=31536000; includeSubDomains; preload;', 'cache-control': 'public, max-age=300, s-maxage=300', 'x-age': '342988', 'etag': '""1697894236-gzip""', 'vary': 'Cookie,Accept-Encoding', 'x-cache': 'Hit from cloudfront', 'via': '1.1 312b9f49a05a10af1e6462e1c59bae9a.cloudfront.net (CloudFront)', 'x-amz-cf-pop': 'HAM50-C2', 'x-amz-cf-id': 'tYtI-5n_Du95HoTCmTXcuKCM1SfTSZwJRLNQ4mjot_qYC2hPA7QTWA==', 'age': '37'}"
6,6,https://european-union.europa.eu/select-language?destination=/node/1,0,200,0.05915021896362305,22,22,0,"{'content-type': 'text/html; charset=UTF-8', 'content-length': '2900', 'connection': 'keep-alive', 'date': 'Wed, 25 Oct 2023 12:33:44 GMT', 'content-language': 'en', 'x-content-type-options': 'nosniff', 'x-frame-options': 'SAMEORIGIN', 'expires': 'Sun, 19 Nov 1978 05:00:00 GMT', 'last-modified': 'Sat, 21 Oct 2023 13:17:16 GMT', 'content-encoding': 'gzip', 'accept-ranges': 'bytes', 'x-fpfis': '18929243 38535360', 'strict-transport-security': 'max-age=31536000; includeSubDomains; preload;', 'cache-control': 'public, max-age=300, s-maxage=300', 'x-age': '342988', 'etag': '""1697894236-gzip""', 'vary': 'Cookie,Accept-Encoding', 'x-cache': 'Hit from cloudfront', 'via': '1.1 3ef9a20d3fa6ab2cb9dbcc2f635621ce.cloudfront.net (CloudFront)', 'x-amz-cf-pop': 'HAM50-C2', 'x-amz-cf-id': 'cVUF-D5rZc1QfsolcgMXE1UHpqu7rW32__AM3pUvgSqn8_wkwTcaUw==', 'age': '48'}"
7,7,https://european-union.europa.eu/select-language?destination=/node/1,0,200,0.016910791397094727,22,22,0,"{'content-type': 'text/html; charset=UTF-8', 'content-length': '2900', 'connection': 'keep-alive', 'date': 'Wed, 25 Oct 2023 12:33:44 GMT', 'content-language': 'en', 'x-content-type-options': 'nosniff', 'x-frame-options': 'SAMEORIGIN', 'expires': 'Sun, 19 Nov 1978 05:00:00 GMT', 'last-modified': 'Sat, 21 Oct 2023 13:17:16 GMT', 'content-encoding': 'gzip', 'accept-ranges': 'bytes', 'x-fpfis': '18929243 38535360', 'strict-transport-security': 'max-age=31536000; includeSubDomains; preload;', 'cache-control': 'public, max-age=300, s-maxage=300', 'x-age': '342988', 'etag': '""1697894236-gzip""', 'vary': 'Cookie,Accept-Encoding', 'x-cache': 'Hit from cloudfront', 'via': '1.1 fec18be10cd069f0dd74ab4667ba5e26.cloudfront.net (CloudFront)', 'x-amz-cf-pop': 'HAM50-C2', 'x-amz-cf-id': 'VoZc7JA1h5gPS7e1OzOAHqouiQGZ0L8HSk3QkrTiZ5RigHCjcJobJQ==', 'age': '60'}"
8,8,https://european-union.europa.eu/select-language?destination=/node/1,0,200,0.04255414009094238,22,22,0,"{'content-type': 'text/html; charset=UTF-8', 'content-length': '2900', 'connection': 'keep-alive', 'date': 'Wed, 25 Oct 2023 12:33:44 GMT', 'content-language': 'en', 'x-content-type-options': 'nosniff', 'x-frame-options': 'SAMEORIGIN', 'expires': 'Sun, 19 Nov 1978 05:00:00 GMT', 'last-modified': 'Sat, 21 Oct 2023 13:17:16 GMT', 'content-encoding': 'gzip', 'accept-ranges': 'bytes', 'x-fpfis': '18929243 38535360', 'strict-transport-security': 'max-age=31536000; includeSubDomains; preload;', 'cache-control': 'public, max-age=300, s-maxage=300', 'x-age': '342988', 'etag': '""1697894236-gzip""', 'vary': 'Cookie,Accept-Encoding', 'x-cache': 'Hit from cloudfront', 'via': '1.1 d148104ad832292f01e6a1dab7079d58.cloudfront.net (CloudFront)', 'x-amz-cf-pop': 'HAM50-C2', 'x-amz-cf-id': 'l5lNQG6YwbmexsNbbwOrq78jLcCfuyAu3w8mYx08aOEzaf842sQPkA==', 'age': '71'}"
9,9,https://european-union.europa.eu/select-language?destination=/node/1,0,200,0.06862759590148926,22,22,0,"{'content-type': 'text/html; charset=UTF-8', 'content-length': '2900', 'connection': 'keep-alive', 'date': 'Wed, 25 Oct 2023 12:33:44 GMT', 'content-language': 'en', 'x-content-type-options': 'nosniff', 'x-frame-options': 'SAMEORIGIN', 'expires': 'Sun, 19 Nov 1978 05:00:00 GMT', 'last-modified': 'Sat, 21 Oct 2023 13:17:16 GMT', 'content-encoding': 'gzip', 'accept-ranges': 'bytes', 'x-fpfis': '18929243 38535360', 'strict-transport-security': 'max-age=31536000; includeSubDomains; preload;', 'cache-control': 'public, max-age=300, s-maxage=300', 'x-age': '342988', 'etag': '""1697894236-gzip""', 'vary': 'Cookie,Accept-Encoding', 'x-cache': 'Hit from cloudfront', 'via': '1.1 91f3147e9f66b9e5e2ff9fa00ee626c0.cloudfront.net (CloudFront)', 'x-amz-cf-pop': 'HAM50-C2', 'x-amz-cf-id': 'jbDK-V3KmtKMWv2EjRLXjFk_WhQlRM-lpddQGanDkqd2QcIHyVOS0w==', 'age': '83'}"
