[
    {
        "number": 0,
        "request": "GET https://european-union.europa.eu/select-language?destination=/node/1 HTTP/1.1\r\nHost: european-union.europa.eu\r\nUser-Agent: Mozilla/5.0 (Windows NT 10.0; rv:102.0) Gecko/20100101 Firefox/102.0\r\nAccept: text/html,application/xhtml+xml,application/xml;q=0.9,image/avif,image/webp,*/*;q=0.8\r\nAccept-Encoding: gzip, deflate, br\r\nAccept-Language: en-US,en;q=0.5\r\nDNT: 1\r\nConnection: keep-alive\r\nUpgrade-Insecure-Requests: 1\r\nSec-Fetch-Dest: document\r\nSec-Fetch-Mode: navigate\r\nSec-Fetch-Site: cross-site\r\n\r\n",
        "deviation_count": 0,
        "uri": "https://european-union.europa.eu/select-language?destination=/node/1",
        "request_length": 505,
        "Response_Time": 0.016260385513305664,
        "status_code": 200,
        "reason_phrase": "OK",
        "error_message": [
            ""
        ],
        "response_header_count": 22,
        "response_header_length": 22,
        "response_body_length": 0,
        "response_header_fields": {
            "content-type": "text/html; charset=UTF-8",
            "content-length": "2900",
            "connection": "keep-alive",
            "date": "Wed, 25 Oct 2023 12:28:44 GMT",
            "content-language": "en",
            "x-content-type-options": "nosniff",
            "x-frame-options": "SAMEORIGIN",
            "expires": "Sun, 19 Nov 1978 05:00:00 GMT",
            "last-modified": "Sat, 21 Oct 2023 13:17:16 GMT",
            "content-encoding": "gzip",
            "accept-ranges": "bytes",
            "x-fpfis": "42297291 38535360",
            "strict-transport-security": "max-age=31536000; includeSubDomains; preload;",
            "cache-control": "public, max-age=300, s-maxage=300",
            "x-age": "342688",
            "etag": "\"1697894236-gzip\"",
            "vary": "Cookie,Accept-Encoding",
            "x-cache": "Hit from cloudfront",
            "via": "1.1 8ba20463cf6d26f2beee0d9d3bd186ac.cloudfront.net (CloudFront)",
            "x-amz-cf-pop": "HAM50-C2",
            "x-amz-cf-id": "V2k-r_pmpL-wNYdR2F5h996or8AjpmSeyb0OBGBADXt8_m_eDO_r_w==",
            "age": "275"
        }
    },
    {
        "number": 1,
        "request": "GET https://european-union.europa.eu/select-language?destination=/node/1 HTTP/1.1\r\nHost: european-union.europa.eu\r\nUser-Agent: Mozilla/5.0 (Windows NT 10.0; rv:102.0) Gecko/20100101 Firefox/102.0\r\nAccept: text/html,application/xhtml+xml,application/xml;q=0.9,image/avif,image/webp,*/*;q=0.8\r\nAccept-Encoding: gzip, deflate, br\r\nAccept-Language: en-US,en;q=0.5\r\nDNT: 1\r\nConnection: keep-alive\r\nUpgrade-Insecure-Requests: 1\r\nSec-Fetch-Dest: document\r\nSec-Fetch-Mode: navigate\r\nSec-Fetch-Site: cross-site\r\n\r\n",
        "deviation_count": 0,
        "uri": "https://european-union.europa.eu/select-language?destination=/node/1",
        "request_length": 505,
        "Response_Time": 0.024035215377807617,
        "status_code": 200,
        "reason_phrase": "OK",
        "error_message": [
            ""
        ],
        "response_header_count": 22,
        "response_header_length": 22,
        "response_body_length": 0,
        "response_header_fields": {
            "content-type": "text/html; charset=UTF-8",
            "content-length": "2900",
            "connection": "keep-alive",
            "date": "Wed, 25 Oct 2023 12:28:44 GMT",
            "content-language": "en",
            "x-content-type-options": "nosniff",
            "x-frame-options": "SAMEORIGIN",
            "expires": "Sun, 19 Nov 1978 05:00:00 GMT",
            "last-modified": "Sat, 21 Oct 2023 13:17:16 GMT",
            "content-encoding": "gzip",
            "accept-ranges": "bytes",
            "x-fpfis": "42297291 38535360",
            "strict-transport-security": "max-age=31536000; includeSubDomains; preload;",
            "cache-control": "public, max-age=300, s-maxage=300",
            "x-age": "342688",
            "etag": "\"1697894236-gzip\"",
            "vary": "Cookie,Accept-Encoding",
            "x-cache": "Hit from cloudfront",
            "via": "1.1 8ba20463cf6d26f2beee0d9d3bd186ac.cloudfront.net (CloudFront)",
            "x-amz-cf-pop": "HAM50-C2",
            "x-amz-cf-id": "rQk5j_qxuEz8_P0pdvcKxYTRxfQhoQ98k9FePMqh6OMFkmbst-76Ig==",
            "age": "287"
        }
    },
    {
        "number": 2,
        "request": "GET https://european-union.europa.eu/select-language?destination=/node/1 HTTP/1.1\r\nHost: european-union.europa.eu\r\nUser-Agent: Mozilla/5.0 (Windows NT 10.0; rv:102.0) Gecko/20100101 Firefox/102.0\r\nAccept: text/html,application/xhtml+xml,application/xml;q=0.9,image/avif,image/webp,*/*;q=0.8\r\nAccept-Encoding: gzip, deflate, br\r\nAccept-Language: en-US,en;q=0.5\r\nDNT: 1\r\nConnection: keep-alive\r\nUpgrade-Insecure-Requests: 1\r\nSec-Fetch-Dest: document\r\nSec-Fetch-Mode: navigate\r\nSec-Fetch-Site: cross-site\r\n\r\n",
        "deviation_count": 0,
        "uri": "https://european-union.europa.eu/select-language?destination=/node/1",
        "request_length": 505,
        "Response_Time": 0.018893957138061523,
        "status_code": 200,
        "reason_phrase": "OK",
        "error_message": [
            ""
        ],
        "response_header_count": 22,
        "response_header_length": 22,
        "response_body_length": 0,
        "response_header_fields": {
            "content-type": "text/html; charset=UTF-8",
            "content-length": "2900",
            "connection": "keep-alive",
            "date": "Wed, 25 Oct 2023 12:28:44 GMT",
            "content-language": "en",
            "x-content-type-options": "nosniff",
            "x-frame-options": "SAMEORIGIN",
            "expires": "Sun, 19 Nov 1978 05:00:00 GMT",
            "last-modified": "Sat, 21 Oct 2023 13:17:16 GMT",
            "content-encoding": "gzip",
            "accept-ranges": "bytes",
            "x-fpfis": "42297291 38535360",
            "strict-transport-security": "max-age=31536000; includeSubDomains; preload;",
            "cache-control": "public, max-age=300, s-maxage=300",
            "x-age": "342688",
            "etag": "\"1697894236-gzip\"",
            "vary": "Cookie,Accept-Encoding",
            "x-cache": "Hit from cloudfront",
            "via": "1.1 312b9f49a05a10af1e6462e1c59bae9a.cloudfront.net (CloudFront)",
            "x-amz-cf-pop": "HAM50-C2",
            "x-amz-cf-id": "Hi4iHW8j60m5pAvDV0R7z1uQzNDs71ZViG24qHDGIRCKpFnhhPnm7w==",
            "age": "299"
        }
    },
    {
        "number": 3,
        "request": "GET https://european-union.europa.eu/select-language?destination=/node/1 HTTP/1.1\r\nHost: european-union.europa.eu\r\nUser-Agent: Mozilla/5.0 (Windows NT 10.0; rv:102.0) Gecko/20100101 Firefox/102.0\r\nAccept: text/html,application/xhtml+xml,application/xml;q=0.9,image/avif,image/webp,*/*;q=0.8\r\nAccept-Encoding: gzip, deflate, br\r\nAccept-Language: en-US,en;q=0.5\r\nDNT: 1\r\nConnection: keep-alive\r\nUpgrade-Insecure-Requests: 1\r\nSec-Fetch-Dest: document\r\nSec-Fetch-Mode: navigate\r\nSec-Fetch-Site: cross-site\r\n\r\n",
        "deviation_count": 0,
        "uri": "https://european-union.europa.eu/select-language?destination=/node/1",
        "request_length": 505,
        "Response_Time": 0.05244708061218262,
        "status_code": 200,
        "reason_phrase": "OK",
        "error_message": [
            ""
        ],
        "response_header_count": 22,
        "response_header_length": 22,
        "response_body_length": 12223,
        "response_header_fields": {
            "content-type": "text/html; charset=UTF-8",
            "content-length": "2900",
            "connection": "keep-alive",
            "date": "Wed, 25 Oct 2023 12:33:44 GMT",
            "content-language": "en",
            "x-content-type-options": "nosniff",
            "x-frame-options": "SAMEORIGIN",
            "expires": "Sun, 19 Nov 1978 05:00:00 GMT",
            "last-modified": "Sat, 21 Oct 2023 13:17:16 GMT",
            "content-encoding": "gzip",
            "accept-ranges": "bytes",
            "x-fpfis": "18929243 38535360",
            "strict-transport-security": "max-age=31536000; includeSubDomains; preload;",
            "cache-control": "public, max-age=300, s-maxage=300",
            "x-age": "342988",
            "etag": "\"1697894236-gzip\"",
            "vary": "Cookie,Accept-Encoding",
            "x-cache": "Hit from cloudfront",
            "via": "1.1 24eb1500b3f80b309dcd7b8a50210a68.cloudfront.net (CloudFront)",
            "x-amz-cf-pop": "HAM50-C2",
            "x-amz-cf-id": "ybUuFFqSk6AVwVPml2uttwEuZC3eozThj9GPx_J258W0jOfGbExlOg==",
            "age": "12"
        }
    },
    {
        "number": 4,
        "request": "GET https://european-union.europa.eu/select-language?destination=/node/1 HTTP/1.1\r\nHost: european-union.europa.eu\r\nUser-Agent: Mozilla/5.0 (Windows NT 10.0; rv:102.0) Gecko/20100101 Firefox/102.0\r\nAccept: text/html,application/xhtml+xml,application/xml;q=0.9,image/avif,image/webp,*/*;q=0.8\r\nAccept-Encoding: gzip, deflate, br\r\nAccept-Language: en-US,en;q=0.5\r\nDNT: 1\r\nConnection: keep-alive\r\nUpgrade-Insecure-Requests: 1\r\nSec-Fetch-Dest: document\r\nSec-Fetch-Mode: navigate\r\nSec-Fetch-Site: cross-site\r\n\r\n",
        "deviation_count": 0,
        "uri": "https://european-union.europa.eu/select-language?destination=/node/1",
        "request_length": 505,
        "Response_Time": 0.020274877548217773,
        "status_code": 200,
        "reason_phrase": "OK",
        "error_message": [
            ""
        ],
        "response_header_count": 22,
        "response_header_length": 22,
        "response_body_length": 0,
        "response_header_fields": {
            "content-type": "text/html; charset=UTF-8",
            "content-length": "2900",
            "connection": "keep-alive",
            "date": "Wed, 25 Oct 2023 12:33:44 GMT",
            "content-language": "en",
            "x-content-type-options": "nosniff",
            "x-frame-options": "SAMEORIGIN",
            "expires": "Sun, 19 Nov 1978 05:00:00 GMT",
            "last-modified": "Sat, 21 Oct 2023 13:17:16 GMT",
            "content-encoding": "gzip",
            "accept-ranges": "bytes",
            "x-fpfis": "18929243 38535360",
            "strict-transport-security": "max-age=31536000; includeSubDomains; preload;",
            "cache-control": "public, max-age=300, s-maxage=300",
            "x-age": "342988",
            "etag": "\"1697894236-gzip\"",
            "vary": "Cookie,Accept-Encoding",
            "x-cache": "Hit from cloudfront",
            "via": "1.1 ee2b06ec36961da809e0377705d74e04.cloudfront.net (CloudFront)",
            "x-amz-cf-pop": "HAM50-C2",
            "x-amz-cf-id": "bWVF5WBPbs0KTHH6rapf47Mp8zvMm1yx0wH59Pi9TdvjHDQxzzHKJQ==",
            "age": "24"
        }
    },
    {
        "number": 5,
        "request": "GET https://european-union.europa.eu/select-language?destination=/node/1 HTTP/1.1\r\nHost: european-union.europa.eu\r\nUser-Agent: Mozilla/5.0 (Windows NT 10.0; rv:102.0) Gecko/20100101 Firefox/102.0\r\nAccept: text/html,application/xhtml+xml,application/xml;q=0.9,image/avif,image/webp,*/*;q=0.8\r\nAccept-Encoding: gzip, deflate, br\r\nAccept-Language: en-US,en;q=0.5\r\nDNT: 1\r\nConnection: keep-alive\r\nUpgrade-Insecure-Requests: 1\r\nSec-Fetch-Dest: document\r\nSec-Fetch-Mode: navigate\r\nSec-Fetch-Site: cross-site\r\n\r\n",
        "deviation_count": 0,
        "uri": "https://european-union.europa.eu/select-language?destination=/node/1",
        "request_length": 505,
        "Response_Time": 0.019046783447265625,
        "status_code": 200,
        "reason_phrase": "OK",
        "error_message": [
            ""
        ],
        "response_header_count": 22,
        "response_header_length": 22,
        "response_body_length": 12223,
        "response_header_fields": {
            "content-type": "text/html; charset=UTF-8",
            "content-length": "2900",
            "connection": "keep-alive",
            "date": "Wed, 25 Oct 2023 12:33:44 GMT",
            "content-language": "en",
            "x-content-type-options": "nosniff",
            "x-frame-options": "SAMEORIGIN",
            "expires": "Sun, 19 Nov 1978 05:00:00 GMT",
            "last-modified": "Sat, 21 Oct 2023 13:17:16 GMT",
            "content-encoding": "gzip",
            "accept-ranges": "bytes",
            "x-fpfis": "18929243 38535360",
            "strict-transport-security": "max-age=31536000; includeSubDomains; preload;",
            "cache-control": "public, max-age=300, s-maxage=300",
            "x-age": "342988",
            "etag": "\"1697894236-gzip\"",
            "vary": "Cookie,Accept-Encoding",
            "x-cache": "Hit from cloudfront",
            "via": "1.1 312b9f49a05a10af1e6462e1c59bae9a.cloudfront.net (CloudFront)",
            "x-amz-cf-pop": "HAM50-C2",
            "x-amz-cf-id": "tYtI-5n_Du95HoTCmTXcuKCM1SfTSZwJRLNQ4mjot_qYC2hPA7QTWA==",
            "age": "37"
        }
    },
    {
        "number": 6,
        "request": "GET https://european-union.europa.eu/select-language?destination=/node/1 HTTP/1.1\r\nHost: european-union.europa.eu\r\nUser-Agent: Mozilla/5.0 (Windows NT 10.0; rv:102.0) Gecko/20100101 Firefox/102.0\r\nAccept: text/html,application/xhtml+xml,application/xml;q=0.9,image/avif,image/webp,*/*;q=0.8\r\nAccept-Encoding: gzip, deflate, br\r\nAccept-Language: en-US,en;q=0.5\r\nDNT: 1\r\nConnection: keep-alive\r\nUpgrade-Insecure-Requests: 1\r\nSec-Fetch-Dest: document\r\nSec-Fetch-Mode: navigate\r\nSec-Fetch-Site: cross-site\r\n\r\n",
        "deviation_count": 0,
        "uri": "https://european-union.europa.eu/select-language?destination=/node/1",
        "request_length": 505,
        "Response_Time": 0.05915021896362305,
        "status_code": 200,
        "reason_phrase": "OK",
        "error_message": [
            ""
        ],
        "response_header_count": 22,
        "response_header_length": 22,
        "response_body_length": 0,
        "response_header_fields": {
            "content-type": "text/html; charset=UTF-8",
            "content-length": "2900",
            "connection": "keep-alive",
            "date": "Wed, 25 Oct 2023 12:33:44 GMT",
            "content-language": "en",
            "x-content-type-options": "nosniff",
            "x-frame-options": "SAMEORIGIN",
            "expires": "Sun, 19 Nov 1978 05:00:00 GMT",
            "last-modified": "Sat, 21 Oct 2023 13:17:16 GMT",
            "content-encoding": "gzip",
            "accept-ranges": "bytes",
            "x-fpfis": "18929243 38535360",
            "strict-transport-security": "max-age=31536000; includeSubDomains; preload;",
            "cache-control": "public, max-age=300, s-maxage=300",
            "x-age": "342988",
            "etag": "\"1697894236-gzip\"",
            "vary": "Cookie,Accept-Encoding",
            "x-cache": "Hit from cloudfront",
            "via": "1.1 3ef9a20d3fa6ab2cb9dbcc2f635621ce.cloudfront.net (CloudFront)",
            "x-amz-cf-pop": "HAM50-C2",
            "x-amz-cf-id": "cVUF-D5rZc1QfsolcgMXE1UHpqu7rW32__AM3pUvgSqn8_wkwTcaUw==",
            "age": "48"
        }
    },
    {
        "number": 7,
        "request": "GET https://european-union.europa.eu/select-language?destination=/node/1 HTTP/1.1\r\nHost: european-union.europa.eu\r\nUser-Agent: Mozilla/5.0 (Windows NT 10.0; rv:102.0) Gecko/20100101 Firefox/102.0\r\nAccept: text/html,application/xhtml+xml,application/xml;q=0.9,image/avif,image/webp,*/*;q=0.8\r\nAccept-Encoding: gzip, deflate, br\r\nAccept-Language: en-US,en;q=0.5\r\nDNT: 1\r\nConnection: keep-alive\r\nUpgrade-Insecure-Requests: 1\r\nSec-Fetch-Dest: document\r\nSec-Fetch-Mode: navigate\r\nSec-Fetch-Site: cross-site\r\n\r\n",
        "deviation_count": 0,
        "uri": "https://european-union.europa.eu/select-language?destination=/node/1",
        "request_length": 505,
        "Response_Time": 0.016910791397094727,
        "status_code": 200,
        "reason_phrase": "OK",
        "error_message": [
            ""
        ],
        "response_header_count": 22,
        "response_header_length": 22,
        "response_body_length": 0,
        "response_header_fields": {
            "content-type": "text/html; charset=UTF-8",
            "content-length": "2900",
            "connection": "keep-alive",
            "date": "Wed, 25 Oct 2023 12:33:44 GMT",
            "content-language": "en",
            "x-content-type-options": "nosniff",
            "x-frame-options": "SAMEORIGIN",
            "expires": "Sun, 19 Nov 1978 05:00:00 GMT",
            "last-modified": "Sat, 21 Oct 2023 13:17:16 GMT",
            "content-encoding": "gzip",
            "accept-ranges": "bytes",
            "x-fpfis": "18929243 38535360",
            "strict-transport-security": "max-age=31536000; includeSubDomains; preload;",
            "cache-control": "public, max-age=300, s-maxage=300",
            "x-age": "342988",
            "etag": "\"1697894236-gzip\"",
            "vary": "Cookie,Accept-Encoding",
            "x-cache": "Hit from cloudfront",
            "via": "1.1 fec18be10cd069f0dd74ab4667ba5e26.cloudfront.net (CloudFront)",
            "x-amz-cf-pop": "HAM50-C2",
            "x-amz-cf-id": "VoZc7JA1h5gPS7e1OzOAHqouiQGZ0L8HSk3QkrTiZ5RigHCjcJobJQ==",
            "age": "60"
        }
    },
    {
        "number": 8,
        "request": "GET https://european-union.europa.eu/select-language?destination=/node/1 HTTP/1.1\r\nHost: european-union.europa.eu\r\nUser-Agent: Mozilla/5.0 (Windows NT 10.0; rv:102.0) Gecko/20100101 Firefox/102.0\r\nAccept: text/html,application/xhtml+xml,application/xml;q=0.9,image/avif,image/webp,*/*;q=0.8\r\nAccept-Encoding: gzip, deflate, br\r\nAccept-Language: en-US,en;q=0.5\r\nDNT: 1\r\nConnection: keep-alive\r\nUpgrade-Insecure-Requests: 1\r\nSec-Fetch-Dest: document\r\nSec-Fetch-Mode: navigate\r\nSec-Fetch-Site: cross-site\r\n\r\n",
        "deviation_count": 0,
        "uri": "https://european-union.europa.eu/select-language?destination=/node/1",
        "request_length": 505,
        "Response_Time": 0.04255414009094238,
        "status_code": 200,
        "reason_phrase": "OK",
        "error_message": [
            ""
        ],
        "response_header_count": 22,
        "response_header_length": 22,
        "response_body_length": 0,
        "response_header_fields": {
            "content-type": "text/html; charset=UTF-8",
            "content-length": "2900",
            "connection": "keep-alive",
            "date": "Wed, 25 Oct 2023 12:33:44 GMT",
            "content-language": "en",
            "x-content-type-options": "nosniff",
            "x-frame-options": "SAMEORIGIN",
            "expires": "Sun, 19 Nov 1978 05:00:00 GMT",
            "last-modified": "Sat, 21 Oct 2023 13:17:16 GMT",
            "content-encoding": "gzip",
            "accept-ranges": "bytes",
            "x-fpfis": "18929243 38535360",
            "strict-transport-security": "max-age=31536000; includeSubDomains; preload;",
            "cache-control": "public, max-age=300, s-maxage=300",
            "x-age": "342988",
            "etag": "\"1697894236-gzip\"",
            "vary": "Cookie,Accept-Encoding",
            "x-cache": "Hit from cloudfront",
            "via": "1.1 d148104ad832292f01e6a1dab7079d58.cloudfront.net (CloudFront)",
            "x-amz-cf-pop": "HAM50-C2",
            "x-amz-cf-id": "l5lNQG6YwbmexsNbbwOrq78jLcCfuyAu3w8mYx08aOEzaf842sQPkA==",
            "age": "71"
        }
    },
    {
        "number": 9,
        "request": "GET https://european-union.europa.eu/select-language?destination=/node/1 HTTP/1.1\r\nHost: european-union.europa.eu\r\nUser-Agent: Mozilla/5.0 (Windows NT 10.0; rv:102.0) Gecko/20100101 Firefox/102.0\r\nAccept: text/html,application/xhtml+xml,application/xml;q=0.9,image/avif,image/webp,*/*;q=0.8\r\nAccept-Encoding: gzip, deflate, br\r\nAccept-Language: en-US,en;q=0.5\r\nDNT: 1\r\nConnection: keep-alive\r\nUpgrade-Insecure-Requests: 1\r\nSec-Fetch-Dest: document\r\nSec-Fetch-Mode: navigate\r\nSec-Fetch-Site: cross-site\r\n\r\n",
        "deviation_count": 0,
        "uri": "https://european-union.europa.eu/select-language?destination=/node/1",
        "request_length": 505,
        "Response_Time": 0.06862759590148926,
        "status_code": 200,
        "reason_phrase": "OK",
        "error_message": [
            ""
        ],
        "response_header_count": 22,
        "response_header_length": 22,
        "response_body_length": 0,
        "response_header_fields": {
            "content-type": "text/html; charset=UTF-8",
            "content-length": "2900",
            "connection": "keep-alive",
            "date": "Wed, 25 Oct 2023 12:33:44 GMT",
            "content-language": "en",
            "x-content-type-options": "nosniff",
            "x-frame-options": "SAMEORIGIN",
            "expires": "Sun, 19 Nov 1978 05:00:00 GMT",
            "last-modified": "Sat, 21 Oct 2023 13:17:16 GMT",
            "content-encoding": "gzip",
            "accept-ranges": "bytes",
            "x-fpfis": "18929243 38535360",
            "strict-transport-security": "max-age=31536000; includeSubDomains; preload;",
            "cache-control": "public, max-age=300, s-maxage=300",
            "x-age": "342988",
            "etag": "\"1697894236-gzip\"",
            "vary": "Cookie,Accept-Encoding",
            "x-cache": "Hit from cloudfront",
            "via": "1.1 91f3147e9f66b9e5e2ff9fa00ee626c0.cloudfront.net (CloudFront)",
            "x-amz-cf-pop": "HAM50-C2",
            "x-amz-cf-id": "jbDK-V3KmtKMWv2EjRLXjFk_WhQlRM-lpddQGanDkqd2QcIHyVOS0w==",
            "age": "83"
        }
    }
]