,Attempt No.,uri,Deviation Count,Status Code,Response_Time,response_header_count,response_header_length,response_body_length,response_header_fields
0,0,https://www.nytimes.com/,0,200,0.03141331672668457,29,29,0,"{'connection': 'close', 'content-length': '173114', 'server': 'nginx', 'content-type': 'text/html; charset=utf-8', 'x-b3-traceid': 'f3d71037cb394b75bf1275e96c225000', 'x-nyt-data-last-modified': 'Wed, 25 Oct 2023 12:32:54 GMT', 'last-modified': 'Wed, 25 Oct 2023 12:32:54 GMT', 'x-pagetype': 'vi-homepage', 'x-xss-protection': '1; mode=block', 'x-content-type-options': 'nosniff', 'content-encoding': 'gzip', 'cache-control': 's-maxage=30,no-cache', 'x-nyt-route': 'homepage', 'x-origin-time': '2023-10-25 12:32:59 UTC', 'accept-ranges': 'bytes', 'date': 'Wed, 25 Oct 2023 12:33:18 GMT', 'age': '22', 'x-served-by': 'cache-lga21946-LGA, cache-ams21062-AMS', 'x-cache': 'HIT, HIT', 'x-cache-hits': '2, 1', 'x-timer': 'S1698237198.261111,VS0,VE2', 'vary': 'Accept-Encoding, Fastly-SSL', 'set-cookie': 'nyt-geo=DE; Expires=Wed, 25 Oct 2023 18:33:18 GMT; Path=/; Domain=.nytimes.com', 'x-nyt-app-webview': '0', 'x-gdpr': '1', 'x-frame-options': 'DENY', 'onion-location': 'https://www.nytimesn7cgmftshazwhfgzm37qxb44r64ytbb2dj3x62d2lljsciiyd.onion/', 'x-api-version': 'F-F-VI', 'content-security-policy': 'upgrade-insecure-reques'}"
1,1,https://www.nytimes.com/,0,200,0.03105926513671875,29,29,0,"{'connection': 'close', 'content-length': '173114', 'server': 'nginx', 'content-type': 'text/html; charset=utf-8', 'x-b3-traceid': 'f3d71037cb394b75bf1275e96c225000', 'x-nyt-data-last-modified': 'Wed, 25 Oct 2023 12:32:54 GMT', 'last-modified': 'Wed, 25 Oct 2023 12:32:54 GMT', 'x-pagetype': 'vi-homepage', 'x-xss-protection': '1; mode=block', 'x-content-type-options': 'nosniff', 'content-encoding': 'gzip', 'cache-control': 's-maxage=30,no-cache', 'x-nyt-route': 'homepage', 'x-origin-time': '2023-10-25 12:32:59 UTC', 'accept-ranges': 'bytes', 'date': 'Wed, 25 Oct 2023 12:33:29 GMT', 'age': '33', 'x-served-by': 'cache-lga21946-LGA, cache-ams21039-AMS', 'x-cache': 'HIT, HIT', 'x-cache-hits': '2, 1', 'x-timer': 'S1698237209.031170,VS0,VE2', 'vary': 'Accept-Encoding, Fastly-SSL', 'set-cookie': 'nyt-geo=DE; Expires=Wed, 25 Oct 2023 18:33:29 GMT; Path=/; Domain=.nytimes.com', 'x-nyt-app-webview': '0', 'x-gdpr': '1', 'x-frame-options': 'DENY', 'onion-location': 'https://www.nytimesn7cgmftshazwhfgzm37qxb44r64ytbb2dj3x62d2lljsciiyd.onion/', 'x-api-version': 'F-F-VI', 'content-security-policy': 'upgrade-insecure-reques'}"
2,2,https://www.nytimes.com/,0,200,0.7146694660186768,29,29,0,"{'connection': 'close', 'content-length': '171738', 'server': 'nginx', 'content-type': 'text/html; charset=utf-8', 'x-b3-traceid': '1c26486b855444bbba7d52dbc6476ea3', 'x-nyt-data-last-modified': 'Wed, 25 Oct 2023 12:33:39 GMT', 'last-modified': 'Wed, 25 Oct 2023 12:33:39 GMT', 'x-pagetype': 'vi-homepage', 'x-xss-protection': '1; mode=block', 'x-content-type-options': 'nosniff', 'content-encoding': 'gzip', 'cache-control': 's-maxage=30,no-cache', 'x-nyt-route': 'homepage', 'x-origin-time': '2023-10-25 12:33:40 UTC', 'accept-ranges': 'bytes', 'date': 'Wed, 25 Oct 2023 12:33:40 GMT', 'age': '0', 'x-served-by': 'cache-lga21951-LGA, cache-ams21030-AMS', 'x-cache': 'MISS, MISS', 'x-cache-hits': '0, 0', 'x-timer': 'S1698237220.742415,VS0,VE685', 'vary': 'Accept-Encoding, Fastly-SSL', 'set-cookie': 'nyt-geo=DE; Expires=Wed, 25 Oct 2023 18:33:40 GMT; Path=/; Domain=.nytimes.com', 'x-nyt-app-webview': '0', 'x-gdpr': '1', 'x-frame-options': 'DENY', 'onion-location': 'https://www.nytimesn7cgmftshazwhfgzm37qxb44r64ytbb2dj3x62d2lljsciiyd.onion/', 'x-api-version': 'F-F-VI', 'content-security-policy': 'upgrade-insecure-req'}"
3,3,https://www.nytimes.com/,0,200,0.041464805603027344,29,29,0,"{'connection': 'close', 'content-length': '173005', 'server': 'nginx', 'content-type': 'text/html; charset=utf-8', 'x-b3-traceid': '79cdab4d540e47da843ed3ec86b69a56', 'x-nyt-data-last-modified': 'Wed, 25 Oct 2023 12:33:26 GMT', 'last-modified': 'Wed, 25 Oct 2023 12:33:26 GMT', 'x-pagetype': 'vi-homepage', 'x-xss-protection': '1; mode=block', 'x-content-type-options': 'nosniff', 'content-encoding': 'gzip', 'cache-control': 's-maxage=30,no-cache', 'x-nyt-route': 'homepage', 'x-origin-time': '2023-10-25 12:33:29 UTC', 'accept-ranges': 'bytes', 'date': 'Wed, 25 Oct 2023 12:33:50 GMT', 'age': '24', 'x-served-by': 'cache-lga21946-LGA, cache-ams21028-AMS', 'x-cache': 'HIT, HIT', 'x-cache-hits': '1, 1', 'x-timer': 'S1698237231.752464,VS0,VE2', 'vary': 'Accept-Encoding, Fastly-SSL', 'set-cookie': 'nyt-geo=DE; Expires=Wed, 25 Oct 2023 18:33:50 GMT; Path=/; Domain=.nytimes.com', 'x-nyt-app-webview': '0', 'x-gdpr': '1', 'x-frame-options': 'DENY', 'onion-location': 'https://www.nytimesn7cgmftshazwhfgzm37qxb44r64ytbb2dj3x62d2lljsciiyd.onion/', 'x-api-version': 'F-F-VI', 'content-security-policy': 'upgrade-inse'}"
4,4,https://www.nytimes.com/,0,200,0.08174800872802734,29,29,0,"{'connection': 'close', 'content-length': '171588', 'server': 'nginx', 'content-type': 'text/html; charset=utf-8', 'x-b3-traceid': '9c30a247892749cfb1eeff9ddedaf419', 'x-nyt-data-last-modified': 'Wed, 25 Oct 2023 12:15:06 GMT', 'last-modified': 'Wed, 25 Oct 2023 12:15:06 GMT', 'x-pagetype': 'vi-homepage', 'x-xss-protection': '1; mode=block', 'x-content-type-options': 'nosniff', 'content-encoding': 'gzip', 'cache-control': 's-maxage=30,no-cache', 'x-nyt-route': 'homepage', 'x-origin-time': '2023-10-25 12:15:20 UTC', 'accept-ranges': 'bytes', 'date': 'Wed, 25 Oct 2023 12:34:00 GMT', 'age': '1132', 'x-served-by': 'cache-lga21930-LGA, cache-ams21079-AMS', 'x-cache': 'HIT, HIT', 'x-cache-hits': '1, 1', 'x-timer': 'S1698237241.960839,VS0,VE22', 'vary': 'Accept-Encoding, Fastly-SSL', 'set-cookie': 'nyt-geo=DE; Expires=Wed, 25 Oct 2023 18:34:00 GMT; Path=/; Domain=.nytimes.com', 'x-nyt-app-webview': '0', 'x-gdpr': '1', 'x-frame-options': 'DENY', 'onion-location': 'https://www.nytimesn7cgmftshazwhfgzm37qxb44r64ytbb2dj3x62d2lljsciiyd.onion/', 'x-api-version': 'F-F-VI', 'content-security-policy': 'upgrade-insecure-req'}"
5,5,https://www.nytimes.com/,0,200,0.0368044376373291,29,29,0,"{'connection': 'close', 'content-length': '173312', 'server': 'nginx', 'content-type': 'text/html; charset=utf-8', 'x-b3-traceid': '7ad1973ccda643228434133eb889b61a', 'x-nyt-data-last-modified': 'Wed, 25 Oct 2023 12:14:48 GMT', 'last-modified': 'Wed, 25 Oct 2023 12:14:48 GMT', 'x-pagetype': 'vi-homepage', 'x-xss-protection': '1; mode=block', 'x-content-type-options': 'nosniff', 'content-encoding': 'gzip', 'cache-control': 's-maxage=30,no-cache', 'x-nyt-route': 'homepage', 'x-origin-time': '2023-10-25 12:15:03 UTC', 'accept-ranges': 'bytes', 'date': 'Wed, 25 Oct 2023 12:34:11 GMT', 'age': '1158', 'x-served-by': 'cache-lga21925-LGA, cache-ams21067-AMS', 'x-cache': 'HIT, HIT', 'x-cache-hits': '1, 1', 'x-timer': 'S1698237251.413837,VS0,VE5', 'vary': 'Accept-Encoding, Fastly-SSL', 'set-cookie': 'nyt-geo=DE; Expires=Wed, 25 Oct 2023 18:34:11 GMT; Path=/; Domain=.nytimes.com', 'x-nyt-app-webview': '0', 'x-gdpr': '1', 'x-frame-options': 'DENY', 'onion-location': 'https://www.nytimesn7cgmftshazwhfgzm37qxb44r64ytbb2dj3x62d2lljsciiyd.onion/', 'x-api-version': 'F-F-VI', 'content-security-policy': 'upgrade-insecure-requ'}"
6,6,https://www.nytimes.com/,0,200,0.027704954147338867,29,29,0,"{'connection': 'close', 'content-length': '173001', 'server': 'nginx', 'content-type': 'text/html; charset=utf-8', 'x-b3-traceid': '41b4f90a79a549e29adc6b0503b90545', 'x-nyt-data-last-modified': 'Wed, 25 Oct 2023 12:12:44 GMT', 'last-modified': 'Wed, 25 Oct 2023 12:12:44 GMT', 'x-pagetype': 'vi-homepage', 'x-xss-protection': '1; mode=block', 'x-content-type-options': 'nosniff', 'content-encoding': 'gzip', 'cache-control': 's-maxage=30,no-cache', 'x-nyt-route': 'homepage', 'x-origin-time': '2023-10-25 12:12:57 UTC', 'accept-ranges': 'bytes', 'date': 'Wed, 25 Oct 2023 12:34:21 GMT', 'age': '1293', 'x-served-by': 'cache-lga21926-LGA, cache-ams21030-AMS', 'x-cache': 'HIT, HIT', 'x-cache-hits': '1, 1', 'x-timer': 'S1698237261.232255,VS0,VE2', 'vary': 'Accept-Encoding, Fastly-SSL', 'set-cookie': 'nyt-geo=DE; Expires=Wed, 25 Oct 2023 18:34:21 GMT; Path=/; Domain=.nytimes.com', 'x-nyt-app-webview': '0', 'x-gdpr': '1', 'x-frame-options': 'DENY', 'onion-location': 'https://www.nytimesn7cgmftshazwhfgzm37qxb44r64ytbb2dj3x62d2lljsciiyd.onion/', 'x-api-version': 'F-F-VI', 'content-security-policy': 'upgrade-insecure-requ'}"
7,7,https://www.nytimes.com/,0,200,0.02471327781677246,29,29,0,"{'connection': 'close', 'content-length': '173005', 'server': 'nginx', 'content-type': 'text/html; charset=utf-8', 'x-b3-traceid': '79cdab4d540e47da843ed3ec86b69a56', 'x-nyt-data-last-modified': 'Wed, 25 Oct 2023 12:33:26 GMT', 'last-modified': 'Wed, 25 Oct 2023 12:33:26 GMT', 'x-pagetype': 'vi-homepage', 'x-xss-protection': '1; mode=block', 'x-content-type-options': 'nosniff', 'content-encoding': 'gzip', 'cache-control': 's-maxage=30,no-cache', 'x-nyt-route': 'homepage', 'x-origin-time': '2023-10-25 12:33:29 UTC', 'accept-ranges': 'bytes', 'date': 'Wed, 25 Oct 2023 12:34:30 GMT', 'age': '64', 'x-served-by': 'cache-lga21946-LGA, cache-ams21063-AMS', 'x-cache': 'HIT, HIT', 'x-cache-hits': '1, 1', 'x-timer': 'S1698237271.926965,VS0,VE3', 'vary': 'Accept-Encoding, Fastly-SSL', 'set-cookie': 'nyt-geo=DE; Expires=Wed, 25 Oct 2023 18:34:30 GMT; Path=/; Domain=.nytimes.com', 'x-nyt-app-webview': '0', 'x-gdpr': '1', 'x-frame-options': 'DENY', 'onion-location': 'https://www.nytimesn7cgmftshazwhfgzm37qxb44r64ytbb2dj3x62d2lljsciiyd.onion/', 'x-api-version': 'F-F-VI', 'content-security-policy': 'upgrade-insecure-reques'}"
8,8,https://www.nytimes.com/,0,200,0.025099992752075195,29,29,0,"{'connection': 'close', 'content-length': '173275', 'server': 'nginx', 'content-type': 'text/html; charset=utf-8', 'x-b3-traceid': '9c092735dcdb459d908ac3070fe05cbf', 'x-nyt-data-last-modified': 'Wed, 25 Oct 2023 12:30:20 GMT', 'last-modified': 'Wed, 25 Oct 2023 12:30:20 GMT', 'x-pagetype': 'vi-homepage', 'x-xss-protection': '1; mode=block', 'x-content-type-options': 'nosniff', 'content-encoding': 'gzip', 'cache-control': 's-maxage=30,no-cache', 'x-nyt-route': 'homepage', 'x-origin-time': '2023-10-25 12:30:38 UTC', 'accept-ranges': 'bytes', 'date': 'Wed, 25 Oct 2023 12:34:42 GMT', 'age': '261', 'x-served-by': 'cache-lga13622-LGA, cache-ams21038-AMS', 'x-cache': 'HIT, HIT', 'x-cache-hits': '1, 1', 'x-timer': 'S1698237282.139563,VS0,VE2', 'vary': 'Accept-Encoding, Fastly-SSL', 'set-cookie': 'nyt-geo=DE; Expires=Wed, 25 Oct 2023 18:34:42 GMT; Path=/; Domain=.nytimes.com', 'x-nyt-app-webview': '0', 'x-gdpr': '1', 'x-frame-options': 'DENY', 'onion-location': 'https://www.nytimesn7cgmftshazwhfgzm37qxb44r64ytbb2dj3x62d2lljsciiyd.onion/', 'x-api-version': 'F-F-VI', 'content-security-policy': 'upgrade-insecure-reque'}"
9,9,https://www.nytimes.com/,0,200,0.03186798095703125,29,29,0,"{'connection': 'close', 'content-length': '173016', 'server': 'nginx', 'content-type': 'text/html; charset=utf-8', 'x-b3-traceid': 'e1318e081c9c4a62bdaf5af8c51796ca', 'x-nyt-data-last-modified': 'Wed, 25 Oct 2023 12:34:23 GMT', 'last-modified': 'Wed, 25 Oct 2023 12:34:23 GMT', 'x-pagetype': 'vi-homepage', 'x-xss-protection': '1; mode=block', 'x-content-type-options': 'nosniff', 'content-encoding': 'gzip', 'cache-control': 's-maxage=30,no-cache', 'x-nyt-route': 'homepage', 'x-origin-time': '2023-10-25 12:34:31 UTC', 'accept-ranges': 'bytes', 'date': 'Wed, 25 Oct 2023 12:34:52 GMT', 'age': '21', 'x-served-by': 'cache-lga21946-LGA, cache-ams21023-AMS', 'x-cache': 'MISS, HIT', 'x-cache-hits': '0, 1', 'x-timer': 'S1698237292.340188,VS0,VE2', 'vary': 'Accept-Encoding, Fastly-SSL', 'set-cookie': 'nyt-geo=DE; Expires=Wed, 25 Oct 2023 18:34:52 GMT; Path=/; Domain=.nytimes.com', 'x-nyt-app-webview': '0', 'x-gdpr': '1', 'x-frame-options': 'DENY', 'onion-location': 'https://www.nytimesn7cgmftshazwhfgzm37qxb44r64ytbb2dj3x62d2lljsciiyd.onion/', 'x-api-version': 'F-F-VI', 'content-security-policy': 'upgrade-insecure-reque'}"
