number,request,deviation_count,uri,request_length,http_version,Socket_Connect_Time,Socket_Close_Time,Response_Time,status_code,reason_phrase,error_message,response_header_count,response_header_length,response_body_length,response_header_fields
0,"GET https://www.nytimes.com/  HTTP/1.1
Host: www.nytimes.com
User-Agent: Mozilla/5.0 (Windows NT 10.0; rv:102.0) Gecko/20100101 Firefox/102.0
Accept: text/html,application/xhtml+xml,application/xml;q=0.9,image/avif,image/webp,*/*;q=0.8
Accept-Encoding: gzip, deflate, br
Accept-Language: en-US,en;q=0.5
DNT: 1
Connection: keep-alive
Upgrade-Insecure-Requests: 1
Sec-Fetch-Dest: document
Sec-Fetch-Mode: navigate
Sec-Fetch-Site: cross-site

",0,https://www.nytimes.com/,453,HTTP/1.1,0.13487863540649414,0.12278199195861816,0.03141331672668457,200,OK,[''],29,29,0,"{""connection"": ""close"", ""content-length"": ""173114"", ""server"": ""nginx"", ""content-type"": ""text/html; charset=utf-8"", ""x-b3-traceid"": ""f3d71037cb394b75bf1275e96c225000"", ""x-nyt-data-last-modified"": ""Wed, 25 Oct 2023 12:32:54 GMT"", ""last-modified"": ""Wed, 25 Oct 2023 12:32:54 GMT"", ""x-pagetype"": ""vi-homepage"", ""x-xss-protection"": ""1; mode=block"", ""x-content-type-options"": ""nosniff"", ""content-encoding"": ""gzip"", ""cache-control"": ""s-maxage=30,no-cache"", ""x-nyt-route"": ""homepage"", ""x-origin-time"": ""2023-10-25 12:32:59 UTC"", ""accept-ranges"": ""bytes"", ""date"": ""Wed, 25 Oct 2023 12:33:18 GMT"", ""age"": ""22"", ""x-served-by"": ""cache-lga21946-LGA, cache-ams21062-AMS"", ""x-cache"": ""HIT, HIT"", ""x-cache-hits"": ""2, 1"", ""x-timer"": ""S1698237198.261111,VS0,VE2"", ""vary"": ""Accept-Encoding, Fastly-SSL"", ""set-cookie"": ""nyt-geo=DE; Expires=Wed, 25 Oct 2023 18:33:18 GMT; Path=/; Domain=.nytimes.com"", ""x-nyt-app-webview"": ""0"", ""x-gdpr"": ""1"", ""x-frame-options"": ""DENY"", ""onion-location"": ""https://www.nytimesn7cgmftshazwhfgzm37qxb44r64ytbb2dj3x62d2lljsciiyd.onion/"", ""x-api-version"": ""F-F-VI"", ""content-security-policy"": ""upgrade-insecure-reques""}"
1,"GET https://www.nytimes.com/  HTTP/1.1
Host: www.nytimes.com
User-Agent: Mozilla/5.0 (Windows NT 10.0; rv:102.0) Gecko/20100101 Firefox/102.0
Accept: text/html,application/xhtml+xml,application/xml;q=0.9,image/avif,image/webp,*/*;q=0.8
Accept-Encoding: gzip, deflate, br
Accept-Language: en-US,en;q=0.5
DNT: 1
Connection: keep-alive
Upgrade-Insecure-Requests: 1
Sec-Fetch-Dest: document
Sec-Fetch-Mode: navigate
Sec-Fetch-Site: cross-site

",0,https://www.nytimes.com/,453,HTTP/1.1,0.13654828071594238,0.11069345474243164,0.03105926513671875,200,OK,[''],29,29,0,"{""connection"": ""close"", ""content-length"": ""173114"", ""server"": ""nginx"", ""content-type"": ""text/html; charset=utf-8"", ""x-b3-traceid"": ""f3d71037cb394b75bf1275e96c225000"", ""x-nyt-data-last-modified"": ""Wed, 25 Oct 2023 12:32:54 GMT"", ""last-modified"": ""Wed, 25 Oct 2023 12:32:54 GMT"", ""x-pagetype"": ""vi-homepage"", ""x-xss-protection"": ""1; mode=block"", ""x-content-type-options"": ""nosniff"", ""content-encoding"": ""gzip"", ""cache-control"": ""s-maxage=30,no-cache"", ""x-nyt-route"": ""homepage"", ""x-origin-time"": ""2023-10-25 12:32:59 UTC"", ""accept-ranges"": ""bytes"", ""date"": ""Wed, 25 Oct 2023 12:33:29 GMT"", ""age"": ""33"", ""x-served-by"": ""cache-lga21946-LGA, cache-ams21039-AMS"", ""x-cache"": ""HIT, HIT"", ""x-cache-hits"": ""2, 1"", ""x-timer"": ""S1698237209.031170,VS0,VE2"", ""vary"": ""Accept-Encoding, Fastly-SSL"", ""set-cookie"": ""nyt-geo=DE; Expires=Wed, 25 Oct 2023 18:33:29 GMT; Path=/; Domain=.nytimes.com"", ""x-nyt-app-webview"": ""0"", ""x-gdpr"": ""1"", ""x-frame-options"": ""DENY"", ""onion-location"": ""https://www.nytimesn7cgmftshazwhfgzm37qxb44r64ytbb2dj3x62d2lljsciiyd.onion/"", ""x-api-version"": ""F-F-VI"", ""content-security-policy"": ""upgrade-insecure-reques""}"
2,"GET https://www.nytimes.com/  HTTP/1.1
Host: www.nytimes.com
User-Agent: Mozilla/5.0 (Windows NT 10.0; rv:102.0) Gecko/20100101 Firefox/102.0
Accept: text/html,application/xhtml+xml,application/xml;q=0.9,image/avif,image/webp,*/*;q=0.8
Accept-Encoding: gzip, deflate, br
Accept-Language: en-US,en;q=0.5
DNT: 1
Connection: keep-alive
Upgrade-Insecure-Requests: 1
Sec-Fetch-Dest: document
Sec-Fetch-Mode: navigate
Sec-Fetch-Site: cross-site

",0,https://www.nytimes.com/,453,HTTP/1.1,0.3078577518463135,0.11066985130310059,0.7146694660186768,200,OK,[''],29,29,0,"{""connection"": ""close"", ""content-length"": ""171738"", ""server"": ""nginx"", ""content-type"": ""text/html; charset=utf-8"", ""x-b3-traceid"": ""1c26486b855444bbba7d52dbc6476ea3"", ""x-nyt-data-last-modified"": ""Wed, 25 Oct 2023 12:33:39 GMT"", ""last-modified"": ""Wed, 25 Oct 2023 12:33:39 GMT"", ""x-pagetype"": ""vi-homepage"", ""x-xss-protection"": ""1; mode=block"", ""x-content-type-options"": ""nosniff"", ""content-encoding"": ""gzip"", ""cache-control"": ""s-maxage=30,no-cache"", ""x-nyt-route"": ""homepage"", ""x-origin-time"": ""2023-10-25 12:33:40 UTC"", ""accept-ranges"": ""bytes"", ""date"": ""Wed, 25 Oct 2023 12:33:40 GMT"", ""age"": ""0"", ""x-served-by"": ""cache-lga21951-LGA, cache-ams21030-AMS"", ""x-cache"": ""MISS, MISS"", ""x-cache-hits"": ""0, 0"", ""x-timer"": ""S1698237220.742415,VS0,VE685"", ""vary"": ""Accept-Encoding, Fastly-SSL"", ""set-cookie"": ""nyt-geo=DE; Expires=Wed, 25 Oct 2023 18:33:40 GMT; Path=/; Domain=.nytimes.com"", ""x-nyt-app-webview"": ""0"", ""x-gdpr"": ""1"", ""x-frame-options"": ""DENY"", ""onion-location"": ""https://www.nytimesn7cgmftshazwhfgzm37qxb44r64ytbb2dj3x62d2lljsciiyd.onion/"", ""x-api-version"": ""F-F-VI"", ""content-security-policy"": ""upgrade-insecure-req""}"
3,"GET https://www.nytimes.com/  HTTP/1.1
Host: www.nytimes.com
User-Agent: Mozilla/5.0 (Windows NT 10.0; rv:102.0) Gecko/20100101 Firefox/102.0
Accept: text/html,application/xhtml+xml,application/xml;q=0.9,image/avif,image/webp,*/*;q=0.8
Accept-Encoding: gzip, deflate, br
Accept-Language: en-US,en;q=0.5
DNT: 1
Connection: keep-alive
Upgrade-Insecure-Requests: 1
Sec-Fetch-Dest: document
Sec-Fetch-Mode: navigate
Sec-Fetch-Site: cross-site

",0,https://www.nytimes.com/,453,HTTP/1.1,0.12131595611572266,0.11200237274169922,0.041464805603027344,200,OK,[''],29,29,0,"{""connection"": ""close"", ""content-length"": ""173005"", ""server"": ""nginx"", ""content-type"": ""text/html; charset=utf-8"", ""x-b3-traceid"": ""79cdab4d540e47da843ed3ec86b69a56"", ""x-nyt-data-last-modified"": ""Wed, 25 Oct 2023 12:33:26 GMT"", ""last-modified"": ""Wed, 25 Oct 2023 12:33:26 GMT"", ""x-pagetype"": ""vi-homepage"", ""x-xss-protection"": ""1; mode=block"", ""x-content-type-options"": ""nosniff"", ""content-encoding"": ""gzip"", ""cache-control"": ""s-maxage=30,no-cache"", ""x-nyt-route"": ""homepage"", ""x-origin-time"": ""2023-10-25 12:33:29 UTC"", ""accept-ranges"": ""bytes"", ""date"": ""Wed, 25 Oct 2023 12:33:50 GMT"", ""age"": ""24"", ""x-served-by"": ""cache-lga21946-LGA, cache-ams21028-AMS"", ""x-cache"": ""HIT, HIT"", ""x-cache-hits"": ""1, 1"", ""x-timer"": ""S1698237231.752464,VS0,VE2"", ""vary"": ""Accept-Encoding, Fastly-SSL"", ""set-cookie"": ""nyt-geo=DE; Expires=Wed, 25 Oct 2023 18:33:50 GMT; Path=/; Domain=.nytimes.com"", ""x-nyt-app-webview"": ""0"", ""x-gdpr"": ""1"", ""x-frame-options"": ""DENY"", ""onion-location"": ""https://www.nytimesn7cgmftshazwhfgzm37qxb44r64ytbb2dj3x62d2lljsciiyd.onion/"", ""x-api-version"": ""F-F-VI"", ""content-security-policy"": ""upgrade-inse""}"
4,"GET https://www.nytimes.com/  HTTP/1.1
Host: www.nytimes.com
User-Agent: Mozilla/5.0 (Windows NT 10.0; rv:102.0) Gecko/20100101 Firefox/102.0
Accept: text/html,application/xhtml+xml,application/xml;q=0.9,image/avif,image/webp,*/*;q=0.8
Accept-Encoding: gzip, deflate, br
Accept-Language: en-US,en;q=0.5
DNT: 1
Connection: keep-alive
Upgrade-Insecure-Requests: 1
Sec-Fetch-Dest: document
Sec-Fetch-Mode: navigate
Sec-Fetch-Site: cross-site

",0,https://www.nytimes.com/,453,HTTP/1.1,0.35704660415649414,0.15562653541564941,0.08174800872802734,200,OK,[''],29,29,0,"{""connection"": ""close"", ""content-length"": ""171588"", ""server"": ""nginx"", ""content-type"": ""text/html; charset=utf-8"", ""x-b3-traceid"": ""9c30a247892749cfb1eeff9ddedaf419"", ""x-nyt-data-last-modified"": ""Wed, 25 Oct 2023 12:15:06 GMT"", ""last-modified"": ""Wed, 25 Oct 2023 12:15:06 GMT"", ""x-pagetype"": ""vi-homepage"", ""x-xss-protection"": ""1; mode=block"", ""x-content-type-options"": ""nosniff"", ""content-encoding"": ""gzip"", ""cache-control"": ""s-maxage=30,no-cache"", ""x-nyt-route"": ""homepage"", ""x-origin-time"": ""2023-10-25 12:15:20 UTC"", ""accept-ranges"": ""bytes"", ""date"": ""Wed, 25 Oct 2023 12:34:00 GMT"", ""age"": ""1132"", ""x-served-by"": ""cache-lga21930-LGA, cache-ams21079-AMS"", ""x-cache"": ""HIT, HIT"", ""x-cache-hits"": ""1, 1"", ""x-timer"": ""S1698237241.960839,VS0,VE22"", ""vary"": ""Accept-Encoding, Fastly-SSL"", ""set-cookie"": ""nyt-geo=DE; Expires=Wed, 25 Oct 2023 18:34:00 GMT; Path=/; Domain=.nytimes.com"", ""x-nyt-app-webview"": ""0"", ""x-gdpr"": ""1"", ""x-frame-options"": ""DENY"", ""onion-location"": ""https://www.nytimesn7cgmftshazwhfgzm37qxb44r64ytbb2dj3x62d2lljsciiyd.onion/"", ""x-api-version"": ""F-F-VI"", ""content-security-policy"": ""upgrade-insecure-req""}"
5,"GET https://www.nytimes.com/  HTTP/1.1
Host: www.nytimes.com
User-Agent: Mozilla/5.0 (Windows NT 10.0; rv:102.0) Gecko/20100101 Firefox/102.0
Accept: text/html,application/xhtml+xml,application/xml;q=0.9,image/avif,image/webp,*/*;q=0.8
Accept-Encoding: gzip, deflate, br
Accept-Language: en-US,en;q=0.5
DNT: 1
Connection: keep-alive
Upgrade-Insecure-Requests: 1
Sec-Fetch-Dest: document
Sec-Fetch-Mode: navigate
Sec-Fetch-Site: cross-site

",0,https://www.nytimes.com/,453,HTTP/1.1,0.16208100318908691,0.11294770240783691,0.0368044376373291,200,OK,[''],29,29,0,"{""connection"": ""close"", ""content-length"": ""173312"", ""server"": ""nginx"", ""content-type"": ""text/html; charset=utf-8"", ""x-b3-traceid"": ""7ad1973ccda643228434133eb889b61a"", ""x-nyt-data-last-modified"": ""Wed, 25 Oct 2023 12:14:48 GMT"", ""last-modified"": ""Wed, 25 Oct 2023 12:14:48 GMT"", ""x-pagetype"": ""vi-homepage"", ""x-xss-protection"": ""1; mode=block"", ""x-content-type-options"": ""nosniff"", ""content-encoding"": ""gzip"", ""cache-control"": ""s-maxage=30,no-cache"", ""x-nyt-route"": ""homepage"", ""x-origin-time"": ""2023-10-25 12:15:03 UTC"", ""accept-ranges"": ""bytes"", ""date"": ""Wed, 25 Oct 2023 12:34:11 GMT"", ""age"": ""1158"", ""x-served-by"": ""cache-lga21925-LGA, cache-ams21067-AMS"", ""x-cache"": ""HIT, HIT"", ""x-cache-hits"": ""1, 1"", ""x-timer"": ""S1698237251.413837,VS0,VE5"", ""vary"": ""Accept-Encoding, Fastly-SSL"", ""set-cookie"": ""nyt-geo=DE; Expires=Wed, 25 Oct 2023 18:34:11 GMT; Path=/; Domain=.nytimes.com"", ""x-nyt-app-webview"": ""0"", ""x-gdpr"": ""1"", ""x-frame-options"": ""DENY"", ""onion-location"": ""https://www.nytimesn7cgmftshazwhfgzm37qxb44r64ytbb2dj3x62d2lljsciiyd.onion/"", ""x-api-version"": ""F-F-VI"", ""content-security-policy"": ""upgrade-insecure-requ""}"
6,"GET https://www.nytimes.com/  HTTP/1.1
Host: www.nytimes.com
User-Agent: Mozilla/5.0 (Windows NT 10.0; rv:102.0) Gecko/20100101 Firefox/102.0
Accept: text/html,application/xhtml+xml,application/xml;q=0.9,image/avif,image/webp,*/*;q=0.8
Accept-Encoding: gzip, deflate, br
Accept-Language: en-US,en;q=0.5
DNT: 1
Connection: keep-alive
Upgrade-Insecure-Requests: 1
Sec-Fetch-Dest: document
Sec-Fetch-Mode: navigate
Sec-Fetch-Site: cross-site

",0,https://www.nytimes.com/,453,HTTP/1.1,0.1356353759765625,0.16005206108093262,0.027704954147338867,200,OK,[''],29,29,0,"{""connection"": ""close"", ""content-length"": ""173001"", ""server"": ""nginx"", ""content-type"": ""text/html; charset=utf-8"", ""x-b3-traceid"": ""41b4f90a79a549e29adc6b0503b90545"", ""x-nyt-data-last-modified"": ""Wed, 25 Oct 2023 12:12:44 GMT"", ""last-modified"": ""Wed, 25 Oct 2023 12:12:44 GMT"", ""x-pagetype"": ""vi-homepage"", ""x-xss-protection"": ""1; mode=block"", ""x-content-type-options"": ""nosniff"", ""content-encoding"": ""gzip"", ""cache-control"": ""s-maxage=30,no-cache"", ""x-nyt-route"": ""homepage"", ""x-origin-time"": ""2023-10-25 12:12:57 UTC"", ""accept-ranges"": ""bytes"", ""date"": ""Wed, 25 Oct 2023 12:34:21 GMT"", ""age"": ""1293"", ""x-served-by"": ""cache-lga21926-LGA, cache-ams21030-AMS"", ""x-cache"": ""HIT, HIT"", ""x-cache-hits"": ""1, 1"", ""x-timer"": ""S1698237261.232255,VS0,VE2"", ""vary"": ""Accept-Encoding, Fastly-SSL"", ""set-cookie"": ""nyt-geo=DE; Expires=Wed, 25 Oct 2023 18:34:21 GMT; Path=/; Domain=.nytimes.com"", ""x-nyt-app-webview"": ""0"", ""x-gdpr"": ""1"", ""x-frame-options"": ""DENY"", ""onion-location"": ""https://www.nytimesn7cgmftshazwhfgzm37qxb44r64ytbb2dj3x62d2lljsciiyd.onion/"", ""x-api-version"": ""F-F-VI"", ""content-security-policy"": ""upgrade-insecure-requ""}"
7,"GET https://www.nytimes.com/  HTTP/1.1
Host: www.nytimes.com
User-Agent: Mozilla/5.0 (Windows NT 10.0; rv:102.0) Gecko/20100101 Firefox/102.0
Accept: text/html,application/xhtml+xml,application/xml;q=0.9,image/avif,image/webp,*/*;q=0.8
Accept-Encoding: gzip, deflate, br
Accept-Language: en-US,en;q=0.5
DNT: 1
Connection: keep-alive
Upgrade-Insecure-Requests: 1
Sec-Fetch-Dest: document
Sec-Fetch-Mode: navigate
Sec-Fetch-Site: cross-site

",0,https://www.nytimes.com/,453,HTTP/1.1,0.12690162658691406,0.11446166038513184,0.02471327781677246,200,OK,[''],29,29,0,"{""connection"": ""close"", ""content-length"": ""173005"", ""server"": ""nginx"", ""content-type"": ""text/html; charset=utf-8"", ""x-b3-traceid"": ""79cdab4d540e47da843ed3ec86b69a56"", ""x-nyt-data-last-modified"": ""Wed, 25 Oct 2023 12:33:26 GMT"", ""last-modified"": ""Wed, 25 Oct 2023 12:33:26 GMT"", ""x-pagetype"": ""vi-homepage"", ""x-xss-protection"": ""1; mode=block"", ""x-content-type-options"": ""nosniff"", ""content-encoding"": ""gzip"", ""cache-control"": ""s-maxage=30,no-cache"", ""x-nyt-route"": ""homepage"", ""x-origin-time"": ""2023-10-25 12:33:29 UTC"", ""accept-ranges"": ""bytes"", ""date"": ""Wed, 25 Oct 2023 12:34:30 GMT"", ""age"": ""64"", ""x-served-by"": ""cache-lga21946-LGA, cache-ams21063-AMS"", ""x-cache"": ""HIT, HIT"", ""x-cache-hits"": ""1, 1"", ""x-timer"": ""S1698237271.926965,VS0,VE3"", ""vary"": ""Accept-Encoding, Fastly-SSL"", ""set-cookie"": ""nyt-geo=DE; Expires=Wed, 25 Oct 2023 18:34:30 GMT; Path=/; Domain=.nytimes.com"", ""x-nyt-app-webview"": ""0"", ""x-gdpr"": ""1"", ""x-frame-options"": ""DENY"", ""onion-location"": ""https://www.nytimesn7cgmftshazwhfgzm37qxb44r64ytbb2dj3x62d2lljsciiyd.onion/"", ""x-api-version"": ""F-F-VI"", ""content-security-policy"": ""upgrade-insecure-reques""}"
8,"GET https://www.nytimes.com/  HTTP/1.1
Host: www.nytimes.com
User-Agent: Mozilla/5.0 (Windows NT 10.0; rv:102.0) Gecko/20100101 Firefox/102.0
Accept: text/html,application/xhtml+xml,application/xml;q=0.9,image/avif,image/webp,*/*;q=0.8
Accept-Encoding: gzip, deflate, br
Accept-Language: en-US,en;q=0.5
DNT: 1
Connection: keep-alive
Upgrade-Insecure-Requests: 1
Sec-Fetch-Dest: document
Sec-Fetch-Mode: navigate
Sec-Fetch-Site: cross-site

",0,https://www.nytimes.com/,453,HTTP/1.1,0.14463472366333008,0.11718487739562988,0.025099992752075195,200,OK,[''],29,29,0,"{""connection"": ""close"", ""content-length"": ""173275"", ""server"": ""nginx"", ""content-type"": ""text/html; charset=utf-8"", ""x-b3-traceid"": ""9c092735dcdb459d908ac3070fe05cbf"", ""x-nyt-data-last-modified"": ""Wed, 25 Oct 2023 12:30:20 GMT"", ""last-modified"": ""Wed, 25 Oct 2023 12:30:20 GMT"", ""x-pagetype"": ""vi-homepage"", ""x-xss-protection"": ""1; mode=block"", ""x-content-type-options"": ""nosniff"", ""content-encoding"": ""gzip"", ""cache-control"": ""s-maxage=30,no-cache"", ""x-nyt-route"": ""homepage"", ""x-origin-time"": ""2023-10-25 12:30:38 UTC"", ""accept-ranges"": ""bytes"", ""date"": ""Wed, 25 Oct 2023 12:34:42 GMT"", ""age"": ""261"", ""x-served-by"": ""cache-lga13622-LGA, cache-ams21038-AMS"", ""x-cache"": ""HIT, HIT"", ""x-cache-hits"": ""1, 1"", ""x-timer"": ""S1698237282.139563,VS0,VE2"", ""vary"": ""Accept-Encoding, Fastly-SSL"", ""set-cookie"": ""nyt-geo=DE; Expires=Wed, 25 Oct 2023 18:34:42 GMT; Path=/; Domain=.nytimes.com"", ""x-nyt-app-webview"": ""0"", ""x-gdpr"": ""1"", ""x-frame-options"": ""DENY"", ""onion-location"": ""https://www.nytimesn7cgmftshazwhfgzm37qxb44r64ytbb2dj3x62d2lljsciiyd.onion/"", ""x-api-version"": ""F-F-VI"", ""content-security-policy"": ""upgrade-insecure-reque""}"
9,"GET https://www.nytimes.com/  HTTP/1.1
Host: www.nytimes.com
User-Agent: Mozilla/5.0 (Windows NT 10.0; rv:102.0) Gecko/20100101 Firefox/102.0
Accept: text/html,application/xhtml+xml,application/xml;q=0.9,image/avif,image/webp,*/*;q=0.8
Accept-Encoding: gzip, deflate, br
Accept-Language: en-US,en;q=0.5
DNT: 1
Connection: keep-alive
Upgrade-Insecure-Requests: 1
Sec-Fetch-Dest: document
Sec-Fetch-Mode: navigate
Sec-Fetch-Site: cross-site

",0,https://www.nytimes.com/,453,HTTP/1.1,0.16772079467773438,0.11103081703186035,0.03186798095703125,200,OK,[''],29,29,0,"{""connection"": ""close"", ""content-length"": ""173016"", ""server"": ""nginx"", ""content-type"": ""text/html; charset=utf-8"", ""x-b3-traceid"": ""e1318e081c9c4a62bdaf5af8c51796ca"", ""x-nyt-data-last-modified"": ""Wed, 25 Oct 2023 12:34:23 GMT"", ""last-modified"": ""Wed, 25 Oct 2023 12:34:23 GMT"", ""x-pagetype"": ""vi-homepage"", ""x-xss-protection"": ""1; mode=block"", ""x-content-type-options"": ""nosniff"", ""content-encoding"": ""gzip"", ""cache-control"": ""s-maxage=30,no-cache"", ""x-nyt-route"": ""homepage"", ""x-origin-time"": ""2023-10-25 12:34:31 UTC"", ""accept-ranges"": ""bytes"", ""date"": ""Wed, 25 Oct 2023 12:34:52 GMT"", ""age"": ""21"", ""x-served-by"": ""cache-lga21946-LGA, cache-ams21023-AMS"", ""x-cache"": ""MISS, HIT"", ""x-cache-hits"": ""0, 1"", ""x-timer"": ""S1698237292.340188,VS0,VE2"", ""vary"": ""Accept-Encoding, Fastly-SSL"", ""set-cookie"": ""nyt-geo=DE; Expires=Wed, 25 Oct 2023 18:34:52 GMT; Path=/; Domain=.nytimes.com"", ""x-nyt-app-webview"": ""0"", ""x-gdpr"": ""1"", ""x-frame-options"": ""DENY"", ""onion-location"": ""https://www.nytimesn7cgmftshazwhfgzm37qxb44r64ytbb2dj3x62d2lljsciiyd.onion/"", ""x-api-version"": ""F-F-VI"", ""content-security-policy"": ""upgrade-insecure-reque""}"
