number,request,deviation_count,uri,request_length,http_version,Socket_Connect_Time,Socket_Close_Time,Response_Time,status_code,reason_phrase,error_message,response_header_count,response_header_length,response_body_length,response_header_fields
0,"GET https://www.mozilla.org/en-US/ HTTP/1.1
Host: www.mozilla.org
User-Agent: Mozilla/5.0 (Windows NT 10.0; rv:102.0) Gecko/20100101 Firefox/102.0
Accept: text/html,application/xhtml+xml,application/xml;q=0.9,image/avif,image/webp,*/*;q=0.8
Accept-Encoding: gzip, deflate, br
Accept-Language: en-US,en;q=0.5
DNT: 1
Connection: keep-alive
Upgrade-Insecure-Requests: 1
Sec-Fetch-Dest: document
Sec-Fetch-Mode: navigate
Sec-Fetch-Site: cross-site

",0,https://www.mozilla.org/en-US/,458,HTTP/1.1,0.13661909103393555,0.19837570190429688,0.08602690696716309,200,OK,[''],23,23,13091,"{""content-type"": ""text/html; charset=utf-8"", ""transfer-encoding"": ""chunked"", ""connection"": ""keep-alive"", ""server"": ""meinheld/1.0.2"", ""date"": ""Wed, 25 Oct 2023 12:32:49 GMT"", ""x-frame-options"": ""DENY"", ""content-security-policy"": ""frame-src 'self' *.mozilla.net *.mozilla.org *.mozilla.com *.mozilla.org www.googletagmanager.com www.google-analytics.com www.youtube-nocookie.com trackertest.org www.surveygizmo.com accounts.firefox.com accounts.firefox.com.cn www.youtube.com js.stripe.com; img-src 'self' *.mozilla.net *.mozilla.org *.mozilla.com *.mozilla.org data: mozilla.org www.googletagmanager.com www.google-analytics.com creativecommons.org cdn-4.convertexperiments.com logs.convertexperiments.com images.ctfassets.net; connect-src 'self' *.mozilla.net *.mozilla.org *.mozilla.com *.mozilla.org www.googletagmanager.com www.google-analytics.com region1.google-analytics.com logs.convertexperiments.com 1003350.metrics.convertexperiments.com 1003343.metrics.convertexperiments.com sentry.prod.mozaws.net o1069899.sentry.io o1069899.ingest.sentry.io https://accounts.firefox.com/ stage.cjms.nonprod.cloudops.mozgcp.net cjms.services.mozilla.com; style-src 'self' *.mozilla.net *.mozilla.org *.mozilla.com *.mozilla.org 'unsafe-inline' app.convert.com; script-src 'self' *.mozilla.net *.mozilla.org *.mozilla.com *.mozilla.org 'unsafe-inline' 'unsafe-eval' www.googletagmanager.com www.google-analytics.com tagmanager.google.com www.youtube.com s.ytimg.com cdn-4.convertexperiments.com app.convert.com data.track.convertexperiments.com 1003350.track.convertexperiments.com 1003343.track.convertexperiments.com js.stripe.com; default-src 'self' *.mozilla.net *.mozilla.org *.mozilla.com *.mozilla.org; font-src 'self'; child-src 'self' *.mozilla.net *.mozilla.org *.mozilla.com *.mozilla.org www.googletagmanager.com www.google-analytics.com www.youtube-nocookie.com trackertest.org www.surveygizmo.com accounts.firefox.com accounts.firefox.com.cn www.youtube.com js.stripe.com"", ""cache-control"": ""max-age=600"", ""expires"": ""Wed, 25 Oct 2023 12:42:49 GMT"", ""x-clacks-overhead"": ""GNU Terry Pratchett"", ""x-backend-server"": ""bedrock-6d4f8bd7f6-fg885.gcp-eu-west1"", ""strict-transport-security"": ""max-age=31536000"", ""x-content-type-options"": ""nosniff"", ""x-xss-protection"": ""1; mode=block"", ""referrer-policy"": ""strict-origin-when-cross-origin"", ""via"": ""1.1 google, 1.1 a0c82b0230a7e14a68e3ce4ae3eed806.cloudfront.net (CloudFront)"", ""content-encoding"": ""br"", ""etag"": ""W/\""9594eccbe455712880399d16a52f9362\"""", ""vary"": ""Accept-Encoding"", ""x-cache"": ""Hit from cloudfront"", ""x-amz-cf-pop"": ""HAM50-C2"", ""x-amz-cf-id"": ""LMXblJhGRBeT8uwZGh-wlQntHv6ahxMhDCKxwGM3gqTYvzS60UX0xw=="", ""age"": ""25""}"
1,"GET https://www.mozilla.org/en-US/ HTTP/1.1
Host: www.mozilla.org
User-Agent: Mozilla/5.0 (Windows NT 10.0; rv:102.0) Gecko/20100101 Firefox/102.0
Accept: text/html,application/xhtml+xml,application/xml;q=0.9,image/avif,image/webp,*/*;q=0.8
Accept-Encoding: gzip, deflate, br
Accept-Language: en-US,en;q=0.5
DNT: 1
Connection: keep-alive
Upgrade-Insecure-Requests: 1
Sec-Fetch-Dest: document
Sec-Fetch-Mode: navigate
Sec-Fetch-Site: cross-site

",0,https://www.mozilla.org/en-US/,458,HTTP/1.1,0.1158604621887207,0.11088323593139648,0.07206010818481445,200,OK,[''],23,23,13091,"{""content-type"": ""text/html; charset=utf-8"", ""transfer-encoding"": ""chunked"", ""connection"": ""keep-alive"", ""server"": ""meinheld/1.0.2"", ""date"": ""Wed, 25 Oct 2023 12:32:49 GMT"", ""x-frame-options"": ""DENY"", ""content-security-policy"": ""frame-src 'self' *.mozilla.net *.mozilla.org *.mozilla.com *.mozilla.org www.googletagmanager.com www.google-analytics.com www.youtube-nocookie.com trackertest.org www.surveygizmo.com accounts.firefox.com accounts.firefox.com.cn www.youtube.com js.stripe.com; img-src 'self' *.mozilla.net *.mozilla.org *.mozilla.com *.mozilla.org data: mozilla.org www.googletagmanager.com www.google-analytics.com creativecommons.org cdn-4.convertexperiments.com logs.convertexperiments.com images.ctfassets.net; connect-src 'self' *.mozilla.net *.mozilla.org *.mozilla.com *.mozilla.org www.googletagmanager.com www.google-analytics.com region1.google-analytics.com logs.convertexperiments.com 1003350.metrics.convertexperiments.com 1003343.metrics.convertexperiments.com sentry.prod.mozaws.net o1069899.sentry.io o1069899.ingest.sentry.io https://accounts.firefox.com/ stage.cjms.nonprod.cloudops.mozgcp.net cjms.services.mozilla.com; style-src 'self' *.mozilla.net *.mozilla.org *.mozilla.com *.mozilla.org 'unsafe-inline' app.convert.com; script-src 'self' *.mozilla.net *.mozilla.org *.mozilla.com *.mozilla.org 'unsafe-inline' 'unsafe-eval' www.googletagmanager.com www.google-analytics.com tagmanager.google.com www.youtube.com s.ytimg.com cdn-4.convertexperiments.com app.convert.com data.track.convertexperiments.com 1003350.track.convertexperiments.com 1003343.track.convertexperiments.com js.stripe.com; default-src 'self' *.mozilla.net *.mozilla.org *.mozilla.com *.mozilla.org; font-src 'self'; child-src 'self' *.mozilla.net *.mozilla.org *.mozilla.com *.mozilla.org www.googletagmanager.com www.google-analytics.com www.youtube-nocookie.com trackertest.org www.surveygizmo.com accounts.firefox.com accounts.firefox.com.cn www.youtube.com js.stripe.com"", ""cache-control"": ""max-age=600"", ""expires"": ""Wed, 25 Oct 2023 12:42:49 GMT"", ""x-clacks-overhead"": ""GNU Terry Pratchett"", ""x-backend-server"": ""bedrock-6d4f8bd7f6-fg885.gcp-eu-west1"", ""strict-transport-security"": ""max-age=31536000"", ""x-content-type-options"": ""nosniff"", ""x-xss-protection"": ""1; mode=block"", ""referrer-policy"": ""strict-origin-when-cross-origin"", ""via"": ""1.1 google, 1.1 f2bfcb0e5eaa96cb4b9aaa38ccd55546.cloudfront.net (CloudFront)"", ""content-encoding"": ""br"", ""etag"": ""W/\""9594eccbe455712880399d16a52f9362\"""", ""vary"": ""Accept-Encoding"", ""x-cache"": ""Hit from cloudfront"", ""x-amz-cf-pop"": ""HAM50-C2"", ""x-amz-cf-id"": ""_3kf2Jy_dryMBIP5kiidnyCVblE5Ux59PmjwPNapNHz1pdi-HOfFcg=="", ""age"": ""36""}"
2,"GET https://www.mozilla.org/en-US/ HTTP/1.1
Host: www.mozilla.org
User-Agent: Mozilla/5.0 (Windows NT 10.0; rv:102.0) Gecko/20100101 Firefox/102.0
Accept: text/html,application/xhtml+xml,application/xml;q=0.9,image/avif,image/webp,*/*;q=0.8
Accept-Encoding: gzip, deflate, br
Accept-Language: en-US,en;q=0.5
DNT: 1
Connection: keep-alive
Upgrade-Insecure-Requests: 1
Sec-Fetch-Dest: document
Sec-Fetch-Mode: navigate
Sec-Fetch-Site: cross-site

",0,https://www.mozilla.org/en-US/,458,HTTP/1.1,0.10806155204772949,0.1064002513885498,0.014404535293579102,200,OK,[''],23,23,13091,"{""content-type"": ""text/html; charset=utf-8"", ""transfer-encoding"": ""chunked"", ""connection"": ""keep-alive"", ""server"": ""meinheld/1.0.2"", ""date"": ""Wed, 25 Oct 2023 12:32:49 GMT"", ""x-frame-options"": ""DENY"", ""content-security-policy"": ""frame-src 'self' *.mozilla.net *.mozilla.org *.mozilla.com *.mozilla.org www.googletagmanager.com www.google-analytics.com www.youtube-nocookie.com trackertest.org www.surveygizmo.com accounts.firefox.com accounts.firefox.com.cn www.youtube.com js.stripe.com; img-src 'self' *.mozilla.net *.mozilla.org *.mozilla.com *.mozilla.org data: mozilla.org www.googletagmanager.com www.google-analytics.com creativecommons.org cdn-4.convertexperiments.com logs.convertexperiments.com images.ctfassets.net; connect-src 'self' *.mozilla.net *.mozilla.org *.mozilla.com *.mozilla.org www.googletagmanager.com www.google-analytics.com region1.google-analytics.com logs.convertexperiments.com 1003350.metrics.convertexperiments.com 1003343.metrics.convertexperiments.com sentry.prod.mozaws.net o1069899.sentry.io o1069899.ingest.sentry.io https://accounts.firefox.com/ stage.cjms.nonprod.cloudops.mozgcp.net cjms.services.mozilla.com; style-src 'self' *.mozilla.net *.mozilla.org *.mozilla.com *.mozilla.org 'unsafe-inline' app.convert.com; script-src 'self' *.mozilla.net *.mozilla.org *.mozilla.com *.mozilla.org 'unsafe-inline' 'unsafe-eval' www.googletagmanager.com www.google-analytics.com tagmanager.google.com www.youtube.com s.ytimg.com cdn-4.convertexperiments.com app.convert.com data.track.convertexperiments.com 1003350.track.convertexperiments.com 1003343.track.convertexperiments.com js.stripe.com; default-src 'self' *.mozilla.net *.mozilla.org *.mozilla.com *.mozilla.org; font-src 'self'; child-src 'self' *.mozilla.net *.mozilla.org *.mozilla.com *.mozilla.org www.googletagmanager.com www.google-analytics.com www.youtube-nocookie.com trackertest.org www.surveygizmo.com accounts.firefox.com accounts.firefox.com.cn www.youtube.com js.stripe.com"", ""cache-control"": ""max-age=600"", ""expires"": ""Wed, 25 Oct 2023 12:42:49 GMT"", ""x-clacks-overhead"": ""GNU Terry Pratchett"", ""x-backend-server"": ""bedrock-6d4f8bd7f6-fg885.gcp-eu-west1"", ""strict-transport-security"": ""max-age=31536000"", ""x-content-type-options"": ""nosniff"", ""x-xss-protection"": ""1; mode=block"", ""referrer-policy"": ""strict-origin-when-cross-origin"", ""via"": ""1.1 google, 1.1 76f038ba37b9e8fa604be08778b9f786.cloudfront.net (CloudFront)"", ""content-encoding"": ""br"", ""etag"": ""W/\""9594eccbe455712880399d16a52f9362\"""", ""vary"": ""Accept-Encoding"", ""x-cache"": ""Hit from cloudfront"", ""x-amz-cf-pop"": ""HAM50-C2"", ""x-amz-cf-id"": ""VkSYXhlDQBxw2WgtPk9_rDN7xUsLl3rkMEkcb2QzJBHIYR51IzkiKg=="", ""age"": ""46""}"
3,"GET https://www.mozilla.org/en-US/ HTTP/1.1
Host: www.mozilla.org
User-Agent: Mozilla/5.0 (Windows NT 10.0; rv:102.0) Gecko/20100101 Firefox/102.0
Accept: text/html,application/xhtml+xml,application/xml;q=0.9,image/avif,image/webp,*/*;q=0.8
Accept-Encoding: gzip, deflate, br
Accept-Language: en-US,en;q=0.5
DNT: 1
Connection: keep-alive
Upgrade-Insecure-Requests: 1
Sec-Fetch-Dest: document
Sec-Fetch-Mode: navigate
Sec-Fetch-Site: cross-site

",0,https://www.mozilla.org/en-US/,458,HTTP/1.1,0.16479992866516113,0.11881852149963379,0.073974609375,200,OK,[''],23,23,13091,"{""content-type"": ""text/html; charset=utf-8"", ""transfer-encoding"": ""chunked"", ""connection"": ""keep-alive"", ""server"": ""meinheld/1.0.2"", ""date"": ""Wed, 25 Oct 2023 12:32:49 GMT"", ""x-frame-options"": ""DENY"", ""content-security-policy"": ""frame-src 'self' *.mozilla.net *.mozilla.org *.mozilla.com *.mozilla.org www.googletagmanager.com www.google-analytics.com www.youtube-nocookie.com trackertest.org www.surveygizmo.com accounts.firefox.com accounts.firefox.com.cn www.youtube.com js.stripe.com; img-src 'self' *.mozilla.net *.mozilla.org *.mozilla.com *.mozilla.org data: mozilla.org www.googletagmanager.com www.google-analytics.com creativecommons.org cdn-4.convertexperiments.com logs.convertexperiments.com images.ctfassets.net; connect-src 'self' *.mozilla.net *.mozilla.org *.mozilla.com *.mozilla.org www.googletagmanager.com www.google-analytics.com region1.google-analytics.com logs.convertexperiments.com 1003350.metrics.convertexperiments.com 1003343.metrics.convertexperiments.com sentry.prod.mozaws.net o1069899.sentry.io o1069899.ingest.sentry.io https://accounts.firefox.com/ stage.cjms.nonprod.cloudops.mozgcp.net cjms.services.mozilla.com; style-src 'self' *.mozilla.net *.mozilla.org *.mozilla.com *.mozilla.org 'unsafe-inline' app.convert.com; script-src 'self' *.mozilla.net *.mozilla.org *.mozilla.com *.mozilla.org 'unsafe-inline' 'unsafe-eval' www.googletagmanager.com www.google-analytics.com tagmanager.google.com www.youtube.com s.ytimg.com cdn-4.convertexperiments.com app.convert.com data.track.convertexperiments.com 1003350.track.convertexperiments.com 1003343.track.convertexperiments.com js.stripe.com; default-src 'self' *.mozilla.net *.mozilla.org *.mozilla.com *.mozilla.org; font-src 'self'; child-src 'self' *.mozilla.net *.mozilla.org *.mozilla.com *.mozilla.org www.googletagmanager.com www.google-analytics.com www.youtube-nocookie.com trackertest.org www.surveygizmo.com accounts.firefox.com accounts.firefox.com.cn www.youtube.com js.stripe.com"", ""cache-control"": ""max-age=600"", ""expires"": ""Wed, 25 Oct 2023 12:42:49 GMT"", ""x-clacks-overhead"": ""GNU Terry Pratchett"", ""x-backend-server"": ""bedrock-6d4f8bd7f6-fg885.gcp-eu-west1"", ""strict-transport-security"": ""max-age=31536000"", ""x-content-type-options"": ""nosniff"", ""x-xss-protection"": ""1; mode=block"", ""referrer-policy"": ""strict-origin-when-cross-origin"", ""via"": ""1.1 google, 1.1 ee2b06ec36961da809e0377705d74e04.cloudfront.net (CloudFront)"", ""content-encoding"": ""br"", ""etag"": ""W/\""9594eccbe455712880399d16a52f9362\"""", ""vary"": ""Accept-Encoding"", ""x-cache"": ""Hit from cloudfront"", ""x-amz-cf-pop"": ""HAM50-C2"", ""x-amz-cf-id"": ""9mvYmJ8znebC8XHs5L6Oq7ctu6onj8m3NHDQDIlE_F4lZhi9po5VSQ=="", ""age"": ""58""}"
4,"GET https://www.mozilla.org/en-US/ HTTP/1.1
Host: www.mozilla.org
User-Agent: Mozilla/5.0 (Windows NT 10.0; rv:102.0) Gecko/20100101 Firefox/102.0
Accept: text/html,application/xhtml+xml,application/xml;q=0.9,image/avif,image/webp,*/*;q=0.8
Accept-Encoding: gzip, deflate, br
Accept-Language: en-US,en;q=0.5
DNT: 1
Connection: keep-alive
Upgrade-Insecure-Requests: 1
Sec-Fetch-Dest: document
Sec-Fetch-Mode: navigate
Sec-Fetch-Site: cross-site

",0,https://www.mozilla.org/en-US/,458,HTTP/1.1,0.1060643196105957,0.11196041107177734,0.020073652267456055,200,OK,[''],23,23,13091,"{""content-type"": ""text/html; charset=utf-8"", ""transfer-encoding"": ""chunked"", ""connection"": ""keep-alive"", ""server"": ""meinheld/1.0.2"", ""date"": ""Wed, 25 Oct 2023 12:32:49 GMT"", ""x-frame-options"": ""DENY"", ""content-security-policy"": ""frame-src 'self' *.mozilla.net *.mozilla.org *.mozilla.com *.mozilla.org www.googletagmanager.com www.google-analytics.com www.youtube-nocookie.com trackertest.org www.surveygizmo.com accounts.firefox.com accounts.firefox.com.cn www.youtube.com js.stripe.com; img-src 'self' *.mozilla.net *.mozilla.org *.mozilla.com *.mozilla.org data: mozilla.org www.googletagmanager.com www.google-analytics.com creativecommons.org cdn-4.convertexperiments.com logs.convertexperiments.com images.ctfassets.net; connect-src 'self' *.mozilla.net *.mozilla.org *.mozilla.com *.mozilla.org www.googletagmanager.com www.google-analytics.com region1.google-analytics.com logs.convertexperiments.com 1003350.metrics.convertexperiments.com 1003343.metrics.convertexperiments.com sentry.prod.mozaws.net o1069899.sentry.io o1069899.ingest.sentry.io https://accounts.firefox.com/ stage.cjms.nonprod.cloudops.mozgcp.net cjms.services.mozilla.com; style-src 'self' *.mozilla.net *.mozilla.org *.mozilla.com *.mozilla.org 'unsafe-inline' app.convert.com; script-src 'self' *.mozilla.net *.mozilla.org *.mozilla.com *.mozilla.org 'unsafe-inline' 'unsafe-eval' www.googletagmanager.com www.google-analytics.com tagmanager.google.com www.youtube.com s.ytimg.com cdn-4.convertexperiments.com app.convert.com data.track.convertexperiments.com 1003350.track.convertexperiments.com 1003343.track.convertexperiments.com js.stripe.com; default-src 'self' *.mozilla.net *.mozilla.org *.mozilla.com *.mozilla.org; font-src 'self'; child-src 'self' *.mozilla.net *.mozilla.org *.mozilla.com *.mozilla.org www.googletagmanager.com www.google-analytics.com www.youtube-nocookie.com trackertest.org www.surveygizmo.com accounts.firefox.com accounts.firefox.com.cn www.youtube.com js.stripe.com"", ""cache-control"": ""max-age=600"", ""expires"": ""Wed, 25 Oct 2023 12:42:49 GMT"", ""x-clacks-overhead"": ""GNU Terry Pratchett"", ""x-backend-server"": ""bedrock-6d4f8bd7f6-fg885.gcp-eu-west1"", ""strict-transport-security"": ""max-age=31536000"", ""x-content-type-options"": ""nosniff"", ""x-xss-protection"": ""1; mode=block"", ""referrer-policy"": ""strict-origin-when-cross-origin"", ""via"": ""1.1 google, 1.1 7397dc13d196e27b3019bfb89d105ec4.cloudfront.net (CloudFront)"", ""content-encoding"": ""br"", ""etag"": ""W/\""9594eccbe455712880399d16a52f9362\"""", ""vary"": ""Accept-Encoding"", ""x-cache"": ""Hit from cloudfront"", ""x-amz-cf-pop"": ""HAM50-C2"", ""x-amz-cf-id"": ""UaXJOFkpKrh0z_CKsjLvroqX-rJtxIsdumYVE63JvysO6hNRnrZOXg=="", ""age"": ""68""}"
5,"GET https://www.mozilla.org/en-US/ HTTP/1.1
Host: www.mozilla.org
User-Agent: Mozilla/5.0 (Windows NT 10.0; rv:102.0) Gecko/20100101 Firefox/102.0
Accept: text/html,application/xhtml+xml,application/xml;q=0.9,image/avif,image/webp,*/*;q=0.8
Accept-Encoding: gzip, deflate, br
Accept-Language: en-US,en;q=0.5
DNT: 1
Connection: keep-alive
Upgrade-Insecure-Requests: 1
Sec-Fetch-Dest: document
Sec-Fetch-Mode: navigate
Sec-Fetch-Site: cross-site

",0,https://www.mozilla.org/en-US/,458,HTTP/1.1,0.15314531326293945,0.1149594783782959,0.0567479133605957,200,OK,[''],23,23,13091,"{""content-type"": ""text/html; charset=utf-8"", ""transfer-encoding"": ""chunked"", ""connection"": ""keep-alive"", ""server"": ""meinheld/1.0.2"", ""date"": ""Wed, 25 Oct 2023 12:32:49 GMT"", ""x-frame-options"": ""DENY"", ""content-security-policy"": ""frame-src 'self' *.mozilla.net *.mozilla.org *.mozilla.com *.mozilla.org www.googletagmanager.com www.google-analytics.com www.youtube-nocookie.com trackertest.org www.surveygizmo.com accounts.firefox.com accounts.firefox.com.cn www.youtube.com js.stripe.com; img-src 'self' *.mozilla.net *.mozilla.org *.mozilla.com *.mozilla.org data: mozilla.org www.googletagmanager.com www.google-analytics.com creativecommons.org cdn-4.convertexperiments.com logs.convertexperiments.com images.ctfassets.net; connect-src 'self' *.mozilla.net *.mozilla.org *.mozilla.com *.mozilla.org www.googletagmanager.com www.google-analytics.com region1.google-analytics.com logs.convertexperiments.com 1003350.metrics.convertexperiments.com 1003343.metrics.convertexperiments.com sentry.prod.mozaws.net o1069899.sentry.io o1069899.ingest.sentry.io https://accounts.firefox.com/ stage.cjms.nonprod.cloudops.mozgcp.net cjms.services.mozilla.com; style-src 'self' *.mozilla.net *.mozilla.org *.mozilla.com *.mozilla.org 'unsafe-inline' app.convert.com; script-src 'self' *.mozilla.net *.mozilla.org *.mozilla.com *.mozilla.org 'unsafe-inline' 'unsafe-eval' www.googletagmanager.com www.google-analytics.com tagmanager.google.com www.youtube.com s.ytimg.com cdn-4.convertexperiments.com app.convert.com data.track.convertexperiments.com 1003350.track.convertexperiments.com 1003343.track.convertexperiments.com js.stripe.com; default-src 'self' *.mozilla.net *.mozilla.org *.mozilla.com *.mozilla.org; font-src 'self'; child-src 'self' *.mozilla.net *.mozilla.org *.mozilla.com *.mozilla.org www.googletagmanager.com www.google-analytics.com www.youtube-nocookie.com trackertest.org www.surveygizmo.com accounts.firefox.com accounts.firefox.com.cn www.youtube.com js.stripe.com"", ""cache-control"": ""max-age=600"", ""expires"": ""Wed, 25 Oct 2023 12:42:49 GMT"", ""x-clacks-overhead"": ""GNU Terry Pratchett"", ""x-backend-server"": ""bedrock-6d4f8bd7f6-fg885.gcp-eu-west1"", ""strict-transport-security"": ""max-age=31536000"", ""x-content-type-options"": ""nosniff"", ""x-xss-protection"": ""1; mode=block"", ""referrer-policy"": ""strict-origin-when-cross-origin"", ""via"": ""1.1 google, 1.1 91f3147e9f66b9e5e2ff9fa00ee626c0.cloudfront.net (CloudFront)"", ""content-encoding"": ""br"", ""etag"": ""W/\""9594eccbe455712880399d16a52f9362\"""", ""vary"": ""Accept-Encoding"", ""x-cache"": ""Hit from cloudfront"", ""x-amz-cf-pop"": ""HAM50-C2"", ""x-amz-cf-id"": ""i0d30BUqAg5N3LFWYutBe4fQhefJRBAF-bXJJ7suE41kUHhTkqa1Cw=="", ""age"": ""79""}"
6,"GET https://www.mozilla.org/en-US/ HTTP/1.1
Host: www.mozilla.org
User-Agent: Mozilla/5.0 (Windows NT 10.0; rv:102.0) Gecko/20100101 Firefox/102.0
Accept: text/html,application/xhtml+xml,application/xml;q=0.9,image/avif,image/webp,*/*;q=0.8
Accept-Encoding: gzip, deflate, br
Accept-Language: en-US,en;q=0.5
DNT: 1
Connection: keep-alive
Upgrade-Insecure-Requests: 1
Sec-Fetch-Dest: document
Sec-Fetch-Mode: navigate
Sec-Fetch-Site: cross-site

",0,https://www.mozilla.org/en-US/,458,HTTP/1.1,0.09367203712463379,0.11345410346984863,0.04769778251647949,200,OK,[''],23,23,13091,"{""content-type"": ""text/html; charset=utf-8"", ""transfer-encoding"": ""chunked"", ""connection"": ""keep-alive"", ""server"": ""meinheld/1.0.2"", ""date"": ""Wed, 25 Oct 2023 12:32:49 GMT"", ""x-frame-options"": ""DENY"", ""content-security-policy"": ""frame-src 'self' *.mozilla.net *.mozilla.org *.mozilla.com *.mozilla.org www.googletagmanager.com www.google-analytics.com www.youtube-nocookie.com trackertest.org www.surveygizmo.com accounts.firefox.com accounts.firefox.com.cn www.youtube.com js.stripe.com; img-src 'self' *.mozilla.net *.mozilla.org *.mozilla.com *.mozilla.org data: mozilla.org www.googletagmanager.com www.google-analytics.com creativecommons.org cdn-4.convertexperiments.com logs.convertexperiments.com images.ctfassets.net; connect-src 'self' *.mozilla.net *.mozilla.org *.mozilla.com *.mozilla.org www.googletagmanager.com www.google-analytics.com region1.google-analytics.com logs.convertexperiments.com 1003350.metrics.convertexperiments.com 1003343.metrics.convertexperiments.com sentry.prod.mozaws.net o1069899.sentry.io o1069899.ingest.sentry.io https://accounts.firefox.com/ stage.cjms.nonprod.cloudops.mozgcp.net cjms.services.mozilla.com; style-src 'self' *.mozilla.net *.mozilla.org *.mozilla.com *.mozilla.org 'unsafe-inline' app.convert.com; script-src 'self' *.mozilla.net *.mozilla.org *.mozilla.com *.mozilla.org 'unsafe-inline' 'unsafe-eval' www.googletagmanager.com www.google-analytics.com tagmanager.google.com www.youtube.com s.ytimg.com cdn-4.convertexperiments.com app.convert.com data.track.convertexperiments.com 1003350.track.convertexperiments.com 1003343.track.convertexperiments.com js.stripe.com; default-src 'self' *.mozilla.net *.mozilla.org *.mozilla.com *.mozilla.org; font-src 'self'; child-src 'self' *.mozilla.net *.mozilla.org *.mozilla.com *.mozilla.org www.googletagmanager.com www.google-analytics.com www.youtube-nocookie.com trackertest.org www.surveygizmo.com accounts.firefox.com accounts.firefox.com.cn www.youtube.com js.stripe.com"", ""cache-control"": ""max-age=600"", ""expires"": ""Wed, 25 Oct 2023 12:42:49 GMT"", ""x-clacks-overhead"": ""GNU Terry Pratchett"", ""x-backend-server"": ""bedrock-6d4f8bd7f6-fg885.gcp-eu-west1"", ""strict-transport-security"": ""max-age=31536000"", ""x-content-type-options"": ""nosniff"", ""x-xss-protection"": ""1; mode=block"", ""referrer-policy"": ""strict-origin-when-cross-origin"", ""via"": ""1.1 google, 1.1 312b9f49a05a10af1e6462e1c59bae9a.cloudfront.net (CloudFront)"", ""content-encoding"": ""br"", ""etag"": ""W/\""9594eccbe455712880399d16a52f9362\"""", ""vary"": ""Accept-Encoding"", ""x-cache"": ""Hit from cloudfront"", ""x-amz-cf-pop"": ""HAM50-C2"", ""x-amz-cf-id"": ""dP9U7TI42CjTC4Ke5UEJld2-Kjj7UfLc8qjT5aqXt1jmL4YDdnZrGQ=="", ""age"": ""88""}"
7,"GET https://www.mozilla.org/en-US/ HTTP/1.1
Host: www.mozilla.org
User-Agent: Mozilla/5.0 (Windows NT 10.0; rv:102.0) Gecko/20100101 Firefox/102.0
Accept: text/html,application/xhtml+xml,application/xml;q=0.9,image/avif,image/webp,*/*;q=0.8
Accept-Encoding: gzip, deflate, br
Accept-Language: en-US,en;q=0.5
DNT: 1
Connection: keep-alive
Upgrade-Insecure-Requests: 1
Sec-Fetch-Dest: document
Sec-Fetch-Mode: navigate
Sec-Fetch-Site: cross-site

",0,https://www.mozilla.org/en-US/,458,HTTP/1.1,0.1600966453552246,0.12739109992980957,0.05615639686584473,200,OK,[''],23,23,13091,"{""content-type"": ""text/html; charset=utf-8"", ""transfer-encoding"": ""chunked"", ""connection"": ""keep-alive"", ""server"": ""meinheld/1.0.2"", ""date"": ""Wed, 25 Oct 2023 12:32:49 GMT"", ""x-frame-options"": ""DENY"", ""content-security-policy"": ""frame-src 'self' *.mozilla.net *.mozilla.org *.mozilla.com *.mozilla.org www.googletagmanager.com www.google-analytics.com www.youtube-nocookie.com trackertest.org www.surveygizmo.com accounts.firefox.com accounts.firefox.com.cn www.youtube.com js.stripe.com; img-src 'self' *.mozilla.net *.mozilla.org *.mozilla.com *.mozilla.org data: mozilla.org www.googletagmanager.com www.google-analytics.com creativecommons.org cdn-4.convertexperiments.com logs.convertexperiments.com images.ctfassets.net; connect-src 'self' *.mozilla.net *.mozilla.org *.mozilla.com *.mozilla.org www.googletagmanager.com www.google-analytics.com region1.google-analytics.com logs.convertexperiments.com 1003350.metrics.convertexperiments.com 1003343.metrics.convertexperiments.com sentry.prod.mozaws.net o1069899.sentry.io o1069899.ingest.sentry.io https://accounts.firefox.com/ stage.cjms.nonprod.cloudops.mozgcp.net cjms.services.mozilla.com; style-src 'self' *.mozilla.net *.mozilla.org *.mozilla.com *.mozilla.org 'unsafe-inline' app.convert.com; script-src 'self' *.mozilla.net *.mozilla.org *.mozilla.com *.mozilla.org 'unsafe-inline' 'unsafe-eval' www.googletagmanager.com www.google-analytics.com tagmanager.google.com www.youtube.com s.ytimg.com cdn-4.convertexperiments.com app.convert.com data.track.convertexperiments.com 1003350.track.convertexperiments.com 1003343.track.convertexperiments.com js.stripe.com; default-src 'self' *.mozilla.net *.mozilla.org *.mozilla.com *.mozilla.org; font-src 'self'; child-src 'self' *.mozilla.net *.mozilla.org *.mozilla.com *.mozilla.org www.googletagmanager.com www.google-analytics.com www.youtube-nocookie.com trackertest.org www.surveygizmo.com accounts.firefox.com accounts.firefox.com.cn www.youtube.com js.stripe.com"", ""cache-control"": ""max-age=600"", ""expires"": ""Wed, 25 Oct 2023 12:42:49 GMT"", ""x-clacks-overhead"": ""GNU Terry Pratchett"", ""x-backend-server"": ""bedrock-6d4f8bd7f6-fg885.gcp-eu-west1"", ""strict-transport-security"": ""max-age=31536000"", ""x-content-type-options"": ""nosniff"", ""x-xss-protection"": ""1; mode=block"", ""referrer-policy"": ""strict-origin-when-cross-origin"", ""via"": ""1.1 google, 1.1 ea89c67081222c8c680e7a37ad75f4f0.cloudfront.net (CloudFront)"", ""content-encoding"": ""br"", ""etag"": ""W/\""9594eccbe455712880399d16a52f9362\"""", ""vary"": ""Accept-Encoding"", ""x-cache"": ""Hit from cloudfront"", ""x-amz-cf-pop"": ""HAM50-C2"", ""x-amz-cf-id"": ""XfR6fDEfVKPZzT8Ux-P89GBBKRRiCT57oQEjddt8OZruZHwT1qbxKg=="", ""age"": ""98""}"
8,"GET https://www.mozilla.org/en-US/ HTTP/1.1
Host: www.mozilla.org
User-Agent: Mozilla/5.0 (Windows NT 10.0; rv:102.0) Gecko/20100101 Firefox/102.0
Accept: text/html,application/xhtml+xml,application/xml;q=0.9,image/avif,image/webp,*/*;q=0.8
Accept-Encoding: gzip, deflate, br
Accept-Language: en-US,en;q=0.5
DNT: 1
Connection: keep-alive
Upgrade-Insecure-Requests: 1
Sec-Fetch-Dest: document
Sec-Fetch-Mode: navigate
Sec-Fetch-Site: cross-site

",0,https://www.mozilla.org/en-US/,458,HTTP/1.1,0.20888090133666992,0.13331174850463867,0.0227968692779541,200,OK,[''],23,23,13090,"{""content-type"": ""text/html; charset=utf-8"", ""transfer-encoding"": ""chunked"", ""connection"": ""keep-alive"", ""server"": ""meinheld/1.0.2"", ""date"": ""Wed, 25 Oct 2023 12:32:49 GMT"", ""x-frame-options"": ""DENY"", ""content-security-policy"": ""frame-src 'self' *.mozilla.net *.mozilla.org *.mozilla.com *.mozilla.org www.googletagmanager.com www.google-analytics.com www.youtube-nocookie.com trackertest.org www.surveygizmo.com accounts.firefox.com accounts.firefox.com.cn www.youtube.com js.stripe.com; img-src 'self' *.mozilla.net *.mozilla.org *.mozilla.com *.mozilla.org data: mozilla.org www.googletagmanager.com www.google-analytics.com creativecommons.org cdn-4.convertexperiments.com logs.convertexperiments.com images.ctfassets.net; connect-src 'self' *.mozilla.net *.mozilla.org *.mozilla.com *.mozilla.org www.googletagmanager.com www.google-analytics.com region1.google-analytics.com logs.convertexperiments.com 1003350.metrics.convertexperiments.com 1003343.metrics.convertexperiments.com sentry.prod.mozaws.net o1069899.sentry.io o1069899.ingest.sentry.io https://accounts.firefox.com/ stage.cjms.nonprod.cloudops.mozgcp.net cjms.services.mozilla.com; style-src 'self' *.mozilla.net *.mozilla.org *.mozilla.com *.mozilla.org 'unsafe-inline' app.convert.com; script-src 'self' *.mozilla.net *.mozilla.org *.mozilla.com *.mozilla.org 'unsafe-inline' 'unsafe-eval' www.googletagmanager.com www.google-analytics.com tagmanager.google.com www.youtube.com s.ytimg.com cdn-4.convertexperiments.com app.convert.com data.track.convertexperiments.com 1003350.track.convertexperiments.com 1003343.track.convertexperiments.com js.stripe.com; default-src 'self' *.mozilla.net *.mozilla.org *.mozilla.com *.mozilla.org; font-src 'self'; child-src 'self' *.mozilla.net *.mozilla.org *.mozilla.com *.mozilla.org www.googletagmanager.com www.google-analytics.com www.youtube-nocookie.com trackertest.org www.surveygizmo.com accounts.firefox.com accounts.firefox.com.cn www.youtube.com js.stripe.com"", ""cache-control"": ""max-age=600"", ""expires"": ""Wed, 25 Oct 2023 12:42:49 GMT"", ""x-clacks-overhead"": ""GNU Terry Pratchett"", ""x-backend-server"": ""bedrock-6d4f8bd7f6-fg885.gcp-eu-west1"", ""strict-transport-security"": ""max-age=31536000"", ""x-content-type-options"": ""nosniff"", ""x-xss-protection"": ""1; mode=block"", ""referrer-policy"": ""strict-origin-when-cross-origin"", ""via"": ""1.1 google, 1.1 dabb0767cb7bc0fc02f46ee84ad4dbd8.cloudfront.net (CloudFront)"", ""content-encoding"": ""br"", ""etag"": ""W/\""9594eccbe455712880399d16a52f9362\"""", ""vary"": ""Accept-Encoding"", ""x-cache"": ""Hit from cloudfront"", ""x-amz-cf-pop"": ""HAM50-C2"", ""x-amz-cf-id"": ""kSq-agfqWbCKuAIlAYgr5zTm3ORmJheZ6zx_EF2pT-DhK48d7OIfKA=="", ""age"": ""109""}"
9,"GET https://www.mozilla.org/en-US/ HTTP/1.1
Host: www.mozilla.org
User-Agent: Mozilla/5.0 (Windows NT 10.0; rv:102.0) Gecko/20100101 Firefox/102.0
Accept: text/html,application/xhtml+xml,application/xml;q=0.9,image/avif,image/webp,*/*;q=0.8
Accept-Encoding: gzip, deflate, br
Accept-Language: en-US,en;q=0.5
DNT: 1
Connection: keep-alive
Upgrade-Insecure-Requests: 1
Sec-Fetch-Dest: document
Sec-Fetch-Mode: navigate
Sec-Fetch-Site: cross-site

",0,https://www.mozilla.org/en-US/,458,HTTP/1.1,0.16402983665466309,0.10865664482116699,0.0274200439453125,200,OK,[''],23,23,13090,"{""content-type"": ""text/html; charset=utf-8"", ""transfer-encoding"": ""chunked"", ""connection"": ""keep-alive"", ""server"": ""meinheld/1.0.2"", ""date"": ""Wed, 25 Oct 2023 12:32:49 GMT"", ""x-frame-options"": ""DENY"", ""content-security-policy"": ""frame-src 'self' *.mozilla.net *.mozilla.org *.mozilla.com *.mozilla.org www.googletagmanager.com www.google-analytics.com www.youtube-nocookie.com trackertest.org www.surveygizmo.com accounts.firefox.com accounts.firefox.com.cn www.youtube.com js.stripe.com; img-src 'self' *.mozilla.net *.mozilla.org *.mozilla.com *.mozilla.org data: mozilla.org www.googletagmanager.com www.google-analytics.com creativecommons.org cdn-4.convertexperiments.com logs.convertexperiments.com images.ctfassets.net; connect-src 'self' *.mozilla.net *.mozilla.org *.mozilla.com *.mozilla.org www.googletagmanager.com www.google-analytics.com region1.google-analytics.com logs.convertexperiments.com 1003350.metrics.convertexperiments.com 1003343.metrics.convertexperiments.com sentry.prod.mozaws.net o1069899.sentry.io o1069899.ingest.sentry.io https://accounts.firefox.com/ stage.cjms.nonprod.cloudops.mozgcp.net cjms.services.mozilla.com; style-src 'self' *.mozilla.net *.mozilla.org *.mozilla.com *.mozilla.org 'unsafe-inline' app.convert.com; script-src 'self' *.mozilla.net *.mozilla.org *.mozilla.com *.mozilla.org 'unsafe-inline' 'unsafe-eval' www.googletagmanager.com www.google-analytics.com tagmanager.google.com www.youtube.com s.ytimg.com cdn-4.convertexperiments.com app.convert.com data.track.convertexperiments.com 1003350.track.convertexperiments.com 1003343.track.convertexperiments.com js.stripe.com; default-src 'self' *.mozilla.net *.mozilla.org *.mozilla.com *.mozilla.org; font-src 'self'; child-src 'self' *.mozilla.net *.mozilla.org *.mozilla.com *.mozilla.org www.googletagmanager.com www.google-analytics.com www.youtube-nocookie.com trackertest.org www.surveygizmo.com accounts.firefox.com accounts.firefox.com.cn www.youtube.com js.stripe.com"", ""cache-control"": ""max-age=600"", ""expires"": ""Wed, 25 Oct 2023 12:42:49 GMT"", ""x-clacks-overhead"": ""GNU Terry Pratchett"", ""x-backend-server"": ""bedrock-6d4f8bd7f6-fg885.gcp-eu-west1"", ""strict-transport-security"": ""max-age=31536000"", ""x-content-type-options"": ""nosniff"", ""x-xss-protection"": ""1; mode=block"", ""referrer-policy"": ""strict-origin-when-cross-origin"", ""via"": ""1.1 google, 1.1 42d6fa6bba37b1a120fb1adae0e0e8c8.cloudfront.net (CloudFront)"", ""content-encoding"": ""br"", ""etag"": ""W/\""9594eccbe455712880399d16a52f9362\"""", ""vary"": ""Accept-Encoding"", ""x-cache"": ""Hit from cloudfront"", ""x-amz-cf-pop"": ""HAM50-C2"", ""x-amz-cf-id"": ""yA51LbMY5WOxo6FFsyIiFL50iC2MVfx2bnw3_LCX2BNP9dqIdio2Zw=="", ""age"": ""119""}"
