[
    {
        "number": 0,
        "request": "GET https://www.mozilla.org/en-US/ HTTP/1.1\r\nHost: www.mozilla.org\r\nUser-Agent: Mozilla/5.0 (Windows NT 10.0; rv:102.0) Gecko/20100101 Firefox/102.0\r\nAccept: text/html,application/xhtml+xml,application/xml;q=0.9,image/avif,image/webp,*/*;q=0.8\r\nAccept-Encoding: gzip, deflate, br\r\nAccept-Language: en-US,en;q=0.5\r\nDNT: 1\r\nConnection: keep-alive\r\nUpgrade-Insecure-Requests: 1\r\nSec-Fetch-Dest: document\r\nSec-Fetch-Mode: navigate\r\nSec-Fetch-Site: cross-site\r\n\r\n",
        "deviation_count": 0,
        "uri": "https://www.mozilla.org/en-US/",
        "request_length": 458,
        "Response_Time": 0.08602690696716309,
        "status_code": 200,
        "reason_phrase": "OK",
        "error_message": [
            ""
        ],
        "response_header_count": 23,
        "response_header_length": 23,
        "response_body_length": 13091,
        "response_header_fields": {
            "content-type": "text/html; charset=utf-8",
            "transfer-encoding": "chunked",
            "connection": "keep-alive",
            "server": "meinheld/1.0.2",
            "date": "Wed, 25 Oct 2023 12:32:49 GMT",
            "x-frame-options": "DENY",
            "content-security-policy": "frame-src 'self' *.mozilla.net *.mozilla.org *.mozilla.com *.mozilla.org www.googletagmanager.com www.google-analytics.com www.youtube-nocookie.com trackertest.org www.surveygizmo.com accounts.firefox.com accounts.firefox.com.cn www.youtube.com js.stripe.com; img-src 'self' *.mozilla.net *.mozilla.org *.mozilla.com *.mozilla.org data: mozilla.org www.googletagmanager.com www.google-analytics.com creativecommons.org cdn-4.convertexperiments.com logs.convertexperiments.com images.ctfassets.net; connect-src 'self' *.mozilla.net *.mozilla.org *.mozilla.com *.mozilla.org www.googletagmanager.com www.google-analytics.com region1.google-analytics.com logs.convertexperiments.com 1003350.metrics.convertexperiments.com 1003343.metrics.convertexperiments.com sentry.prod.mozaws.net o1069899.sentry.io o1069899.ingest.sentry.io https://accounts.firefox.com/ stage.cjms.nonprod.cloudops.mozgcp.net cjms.services.mozilla.com; style-src 'self' *.mozilla.net *.mozilla.org *.mozilla.com *.mozilla.org 'unsafe-inline' app.convert.com; script-src 'self' *.mozilla.net *.mozilla.org *.mozilla.com *.mozilla.org 'unsafe-inline' 'unsafe-eval' www.googletagmanager.com www.google-analytics.com tagmanager.google.com www.youtube.com s.ytimg.com cdn-4.convertexperiments.com app.convert.com data.track.convertexperiments.com 1003350.track.convertexperiments.com 1003343.track.convertexperiments.com js.stripe.com; default-src 'self' *.mozilla.net *.mozilla.org *.mozilla.com *.mozilla.org; font-src 'self'; child-src 'self' *.mozilla.net *.mozilla.org *.mozilla.com *.mozilla.org www.googletagmanager.com www.google-analytics.com www.youtube-nocookie.com trackertest.org www.surveygizmo.com accounts.firefox.com accounts.firefox.com.cn www.youtube.com js.stripe.com",
            "cache-control": "max-age=600",
            "expires": "Wed, 25 Oct 2023 12:42:49 GMT",
            "x-clacks-overhead": "GNU Terry Pratchett",
            "x-backend-server": "bedrock-6d4f8bd7f6-fg885.gcp-eu-west1",
            "strict-transport-security": "max-age=31536000",
            "x-content-type-options": "nosniff",
            "x-xss-protection": "1; mode=block",
            "referrer-policy": "strict-origin-when-cross-origin",
            "via": "1.1 google, 1.1 a0c82b0230a7e14a68e3ce4ae3eed806.cloudfront.net (CloudFront)",
            "content-encoding": "br",
            "etag": "W/\"9594eccbe455712880399d16a52f9362\"",
            "vary": "Accept-Encoding",
            "x-cache": "Hit from cloudfront",
            "x-amz-cf-pop": "HAM50-C2",
            "x-amz-cf-id": "LMXblJhGRBeT8uwZGh-wlQntHv6ahxMhDCKxwGM3gqTYvzS60UX0xw==",
            "age": "25"
        }
    },
    {
        "number": 1,
        "request": "GET https://www.mozilla.org/en-US/ HTTP/1.1\r\nHost: www.mozilla.org\r\nUser-Agent: Mozilla/5.0 (Windows NT 10.0; rv:102.0) Gecko/20100101 Firefox/102.0\r\nAccept: text/html,application/xhtml+xml,application/xml;q=0.9,image/avif,image/webp,*/*;q=0.8\r\nAccept-Encoding: gzip, deflate, br\r\nAccept-Language: en-US,en;q=0.5\r\nDNT: 1\r\nConnection: keep-alive\r\nUpgrade-Insecure-Requests: 1\r\nSec-Fetch-Dest: document\r\nSec-Fetch-Mode: navigate\r\nSec-Fetch-Site: cross-site\r\n\r\n",
        "deviation_count": 0,
        "uri": "https://www.mozilla.org/en-US/",
        "request_length": 458,
        "Response_Time": 0.07206010818481445,
        "status_code": 200,
        "reason_phrase": "OK",
        "error_message": [
            ""
        ],
        "response_header_count": 23,
        "response_header_length": 23,
        "response_body_length": 13091,
        "response_header_fields": {
            "content-type": "text/html; charset=utf-8",
            "transfer-encoding": "chunked",
            "connection": "keep-alive",
            "server": "meinheld/1.0.2",
            "date": "Wed, 25 Oct 2023 12:32:49 GMT",
            "x-frame-options": "DENY",
            "content-security-policy": "frame-src 'self' *.mozilla.net *.mozilla.org *.mozilla.com *.mozilla.org www.googletagmanager.com www.google-analytics.com www.youtube-nocookie.com trackertest.org www.surveygizmo.com accounts.firefox.com accounts.firefox.com.cn www.youtube.com js.stripe.com; img-src 'self' *.mozilla.net *.mozilla.org *.mozilla.com *.mozilla.org data: mozilla.org www.googletagmanager.com www.google-analytics.com creativecommons.org cdn-4.convertexperiments.com logs.convertexperiments.com images.ctfassets.net; connect-src 'self' *.mozilla.net *.mozilla.org *.mozilla.com *.mozilla.org www.googletagmanager.com www.google-analytics.com region1.google-analytics.com logs.convertexperiments.com 1003350.metrics.convertexperiments.com 1003343.metrics.convertexperiments.com sentry.prod.mozaws.net o1069899.sentry.io o1069899.ingest.sentry.io https://accounts.firefox.com/ stage.cjms.nonprod.cloudops.mozgcp.net cjms.services.mozilla.com; style-src 'self' *.mozilla.net *.mozilla.org *.mozilla.com *.mozilla.org 'unsafe-inline' app.convert.com; script-src 'self' *.mozilla.net *.mozilla.org *.mozilla.com *.mozilla.org 'unsafe-inline' 'unsafe-eval' www.googletagmanager.com www.google-analytics.com tagmanager.google.com www.youtube.com s.ytimg.com cdn-4.convertexperiments.com app.convert.com data.track.convertexperiments.com 1003350.track.convertexperiments.com 1003343.track.convertexperiments.com js.stripe.com; default-src 'self' *.mozilla.net *.mozilla.org *.mozilla.com *.mozilla.org; font-src 'self'; child-src 'self' *.mozilla.net *.mozilla.org *.mozilla.com *.mozilla.org www.googletagmanager.com www.google-analytics.com www.youtube-nocookie.com trackertest.org www.surveygizmo.com accounts.firefox.com accounts.firefox.com.cn www.youtube.com js.stripe.com",
            "cache-control": "max-age=600",
            "expires": "Wed, 25 Oct 2023 12:42:49 GMT",
            "x-clacks-overhead": "GNU Terry Pratchett",
            "x-backend-server": "bedrock-6d4f8bd7f6-fg885.gcp-eu-west1",
            "strict-transport-security": "max-age=31536000",
            "x-content-type-options": "nosniff",
            "x-xss-protection": "1; mode=block",
            "referrer-policy": "strict-origin-when-cross-origin",
            "via": "1.1 google, 1.1 f2bfcb0e5eaa96cb4b9aaa38ccd55546.cloudfront.net (CloudFront)",
            "content-encoding": "br",
            "etag": "W/\"9594eccbe455712880399d16a52f9362\"",
            "vary": "Accept-Encoding",
            "x-cache": "Hit from cloudfront",
            "x-amz-cf-pop": "HAM50-C2",
            "x-amz-cf-id": "_3kf2Jy_dryMBIP5kiidnyCVblE5Ux59PmjwPNapNHz1pdi-HOfFcg==",
            "age": "36"
        }
    },
    {
        "number": 2,
        "request": "GET https://www.mozilla.org/en-US/ HTTP/1.1\r\nHost: www.mozilla.org\r\nUser-Agent: Mozilla/5.0 (Windows NT 10.0; rv:102.0) Gecko/20100101 Firefox/102.0\r\nAccept: text/html,application/xhtml+xml,application/xml;q=0.9,image/avif,image/webp,*/*;q=0.8\r\nAccept-Encoding: gzip, deflate, br\r\nAccept-Language: en-US,en;q=0.5\r\nDNT: 1\r\nConnection: keep-alive\r\nUpgrade-Insecure-Requests: 1\r\nSec-Fetch-Dest: document\r\nSec-Fetch-Mode: navigate\r\nSec-Fetch-Site: cross-site\r\n\r\n",
        "deviation_count": 0,
        "uri": "https://www.mozilla.org/en-US/",
        "request_length": 458,
        "Response_Time": 0.014404535293579102,
        "status_code": 200,
        "reason_phrase": "OK",
        "error_message": [
            ""
        ],
        "response_header_count": 23,
        "response_header_length": 23,
        "response_body_length": 13091,
        "response_header_fields": {
            "content-type": "text/html; charset=utf-8",
            "transfer-encoding": "chunked",
            "connection": "keep-alive",
            "server": "meinheld/1.0.2",
            "date": "Wed, 25 Oct 2023 12:32:49 GMT",
            "x-frame-options": "DENY",
            "content-security-policy": "frame-src 'self' *.mozilla.net *.mozilla.org *.mozilla.com *.mozilla.org www.googletagmanager.com www.google-analytics.com www.youtube-nocookie.com trackertest.org www.surveygizmo.com accounts.firefox.com accounts.firefox.com.cn www.youtube.com js.stripe.com; img-src 'self' *.mozilla.net *.mozilla.org *.mozilla.com *.mozilla.org data: mozilla.org www.googletagmanager.com www.google-analytics.com creativecommons.org cdn-4.convertexperiments.com logs.convertexperiments.com images.ctfassets.net; connect-src 'self' *.mozilla.net *.mozilla.org *.mozilla.com *.mozilla.org www.googletagmanager.com www.google-analytics.com region1.google-analytics.com logs.convertexperiments.com 1003350.metrics.convertexperiments.com 1003343.metrics.convertexperiments.com sentry.prod.mozaws.net o1069899.sentry.io o1069899.ingest.sentry.io https://accounts.firefox.com/ stage.cjms.nonprod.cloudops.mozgcp.net cjms.services.mozilla.com; style-src 'self' *.mozilla.net *.mozilla.org *.mozilla.com *.mozilla.org 'unsafe-inline' app.convert.com; script-src 'self' *.mozilla.net *.mozilla.org *.mozilla.com *.mozilla.org 'unsafe-inline' 'unsafe-eval' www.googletagmanager.com www.google-analytics.com tagmanager.google.com www.youtube.com s.ytimg.com cdn-4.convertexperiments.com app.convert.com data.track.convertexperiments.com 1003350.track.convertexperiments.com 1003343.track.convertexperiments.com js.stripe.com; default-src 'self' *.mozilla.net *.mozilla.org *.mozilla.com *.mozilla.org; font-src 'self'; child-src 'self' *.mozilla.net *.mozilla.org *.mozilla.com *.mozilla.org www.googletagmanager.com www.google-analytics.com www.youtube-nocookie.com trackertest.org www.surveygizmo.com accounts.firefox.com accounts.firefox.com.cn www.youtube.com js.stripe.com",
            "cache-control": "max-age=600",
            "expires": "Wed, 25 Oct 2023 12:42:49 GMT",
            "x-clacks-overhead": "GNU Terry Pratchett",
            "x-backend-server": "bedrock-6d4f8bd7f6-fg885.gcp-eu-west1",
            "strict-transport-security": "max-age=31536000",
            "x-content-type-options": "nosniff",
            "x-xss-protection": "1; mode=block",
            "referrer-policy": "strict-origin-when-cross-origin",
            "via": "1.1 google, 1.1 76f038ba37b9e8fa604be08778b9f786.cloudfront.net (CloudFront)",
            "content-encoding": "br",
            "etag": "W/\"9594eccbe455712880399d16a52f9362\"",
            "vary": "Accept-Encoding",
            "x-cache": "Hit from cloudfront",
            "x-amz-cf-pop": "HAM50-C2",
            "x-amz-cf-id": "VkSYXhlDQBxw2WgtPk9_rDN7xUsLl3rkMEkcb2QzJBHIYR51IzkiKg==",
            "age": "46"
        }
    },
    {
        "number": 3,
        "request": "GET https://www.mozilla.org/en-US/ HTTP/1.1\r\nHost: www.mozilla.org\r\nUser-Agent: Mozilla/5.0 (Windows NT 10.0; rv:102.0) Gecko/20100101 Firefox/102.0\r\nAccept: text/html,application/xhtml+xml,application/xml;q=0.9,image/avif,image/webp,*/*;q=0.8\r\nAccept-Encoding: gzip, deflate, br\r\nAccept-Language: en-US,en;q=0.5\r\nDNT: 1\r\nConnection: keep-alive\r\nUpgrade-Insecure-Requests: 1\r\nSec-Fetch-Dest: document\r\nSec-Fetch-Mode: navigate\r\nSec-Fetch-Site: cross-site\r\n\r\n",
        "deviation_count": 0,
        "uri": "https://www.mozilla.org/en-US/",
        "request_length": 458,
        "Response_Time": 0.073974609375,
        "status_code": 200,
        "reason_phrase": "OK",
        "error_message": [
            ""
        ],
        "response_header_count": 23,
        "response_header_length": 23,
        "response_body_length": 13091,
        "response_header_fields": {
            "content-type": "text/html; charset=utf-8",
            "transfer-encoding": "chunked",
            "connection": "keep-alive",
            "server": "meinheld/1.0.2",
            "date": "Wed, 25 Oct 2023 12:32:49 GMT",
            "x-frame-options": "DENY",
            "content-security-policy": "frame-src 'self' *.mozilla.net *.mozilla.org *.mozilla.com *.mozilla.org www.googletagmanager.com www.google-analytics.com www.youtube-nocookie.com trackertest.org www.surveygizmo.com accounts.firefox.com accounts.firefox.com.cn www.youtube.com js.stripe.com; img-src 'self' *.mozilla.net *.mozilla.org *.mozilla.com *.mozilla.org data: mozilla.org www.googletagmanager.com www.google-analytics.com creativecommons.org cdn-4.convertexperiments.com logs.convertexperiments.com images.ctfassets.net; connect-src 'self' *.mozilla.net *.mozilla.org *.mozilla.com *.mozilla.org www.googletagmanager.com www.google-analytics.com region1.google-analytics.com logs.convertexperiments.com 1003350.metrics.convertexperiments.com 1003343.metrics.convertexperiments.com sentry.prod.mozaws.net o1069899.sentry.io o1069899.ingest.sentry.io https://accounts.firefox.com/ stage.cjms.nonprod.cloudops.mozgcp.net cjms.services.mozilla.com; style-src 'self' *.mozilla.net *.mozilla.org *.mozilla.com *.mozilla.org 'unsafe-inline' app.convert.com; script-src 'self' *.mozilla.net *.mozilla.org *.mozilla.com *.mozilla.org 'unsafe-inline' 'unsafe-eval' www.googletagmanager.com www.google-analytics.com tagmanager.google.com www.youtube.com s.ytimg.com cdn-4.convertexperiments.com app.convert.com data.track.convertexperiments.com 1003350.track.convertexperiments.com 1003343.track.convertexperiments.com js.stripe.com; default-src 'self' *.mozilla.net *.mozilla.org *.mozilla.com *.mozilla.org; font-src 'self'; child-src 'self' *.mozilla.net *.mozilla.org *.mozilla.com *.mozilla.org www.googletagmanager.com www.google-analytics.com www.youtube-nocookie.com trackertest.org www.surveygizmo.com accounts.firefox.com accounts.firefox.com.cn www.youtube.com js.stripe.com",
            "cache-control": "max-age=600",
            "expires": "Wed, 25 Oct 2023 12:42:49 GMT",
            "x-clacks-overhead": "GNU Terry Pratchett",
            "x-backend-server": "bedrock-6d4f8bd7f6-fg885.gcp-eu-west1",
            "strict-transport-security": "max-age=31536000",
            "x-content-type-options": "nosniff",
            "x-xss-protection": "1; mode=block",
            "referrer-policy": "strict-origin-when-cross-origin",
            "via": "1.1 google, 1.1 ee2b06ec36961da809e0377705d74e04.cloudfront.net (CloudFront)",
            "content-encoding": "br",
            "etag": "W/\"9594eccbe455712880399d16a52f9362\"",
            "vary": "Accept-Encoding",
            "x-cache": "Hit from cloudfront",
            "x-amz-cf-pop": "HAM50-C2",
            "x-amz-cf-id": "9mvYmJ8znebC8XHs5L6Oq7ctu6onj8m3NHDQDIlE_F4lZhi9po5VSQ==",
            "age": "58"
        }
    },
    {
        "number": 4,
        "request": "GET https://www.mozilla.org/en-US/ HTTP/1.1\r\nHost: www.mozilla.org\r\nUser-Agent: Mozilla/5.0 (Windows NT 10.0; rv:102.0) Gecko/20100101 Firefox/102.0\r\nAccept: text/html,application/xhtml+xml,application/xml;q=0.9,image/avif,image/webp,*/*;q=0.8\r\nAccept-Encoding: gzip, deflate, br\r\nAccept-Language: en-US,en;q=0.5\r\nDNT: 1\r\nConnection: keep-alive\r\nUpgrade-Insecure-Requests: 1\r\nSec-Fetch-Dest: document\r\nSec-Fetch-Mode: navigate\r\nSec-Fetch-Site: cross-site\r\n\r\n",
        "deviation_count": 0,
        "uri": "https://www.mozilla.org/en-US/",
        "request_length": 458,
        "Response_Time": 0.020073652267456055,
        "status_code": 200,
        "reason_phrase": "OK",
        "error_message": [
            ""
        ],
        "response_header_count": 23,
        "response_header_length": 23,
        "response_body_length": 13091,
        "response_header_fields": {
            "content-type": "text/html; charset=utf-8",
            "transfer-encoding": "chunked",
            "connection": "keep-alive",
            "server": "meinheld/1.0.2",
            "date": "Wed, 25 Oct 2023 12:32:49 GMT",
            "x-frame-options": "DENY",
            "content-security-policy": "frame-src 'self' *.mozilla.net *.mozilla.org *.mozilla.com *.mozilla.org www.googletagmanager.com www.google-analytics.com www.youtube-nocookie.com trackertest.org www.surveygizmo.com accounts.firefox.com accounts.firefox.com.cn www.youtube.com js.stripe.com; img-src 'self' *.mozilla.net *.mozilla.org *.mozilla.com *.mozilla.org data: mozilla.org www.googletagmanager.com www.google-analytics.com creativecommons.org cdn-4.convertexperiments.com logs.convertexperiments.com images.ctfassets.net; connect-src 'self' *.mozilla.net *.mozilla.org *.mozilla.com *.mozilla.org www.googletagmanager.com www.google-analytics.com region1.google-analytics.com logs.convertexperiments.com 1003350.metrics.convertexperiments.com 1003343.metrics.convertexperiments.com sentry.prod.mozaws.net o1069899.sentry.io o1069899.ingest.sentry.io https://accounts.firefox.com/ stage.cjms.nonprod.cloudops.mozgcp.net cjms.services.mozilla.com; style-src 'self' *.mozilla.net *.mozilla.org *.mozilla.com *.mozilla.org 'unsafe-inline' app.convert.com; script-src 'self' *.mozilla.net *.mozilla.org *.mozilla.com *.mozilla.org 'unsafe-inline' 'unsafe-eval' www.googletagmanager.com www.google-analytics.com tagmanager.google.com www.youtube.com s.ytimg.com cdn-4.convertexperiments.com app.convert.com data.track.convertexperiments.com 1003350.track.convertexperiments.com 1003343.track.convertexperiments.com js.stripe.com; default-src 'self' *.mozilla.net *.mozilla.org *.mozilla.com *.mozilla.org; font-src 'self'; child-src 'self' *.mozilla.net *.mozilla.org *.mozilla.com *.mozilla.org www.googletagmanager.com www.google-analytics.com www.youtube-nocookie.com trackertest.org www.surveygizmo.com accounts.firefox.com accounts.firefox.com.cn www.youtube.com js.stripe.com",
            "cache-control": "max-age=600",
            "expires": "Wed, 25 Oct 2023 12:42:49 GMT",
            "x-clacks-overhead": "GNU Terry Pratchett",
            "x-backend-server": "bedrock-6d4f8bd7f6-fg885.gcp-eu-west1",
            "strict-transport-security": "max-age=31536000",
            "x-content-type-options": "nosniff",
            "x-xss-protection": "1; mode=block",
            "referrer-policy": "strict-origin-when-cross-origin",
            "via": "1.1 google, 1.1 7397dc13d196e27b3019bfb89d105ec4.cloudfront.net (CloudFront)",
            "content-encoding": "br",
            "etag": "W/\"9594eccbe455712880399d16a52f9362\"",
            "vary": "Accept-Encoding",
            "x-cache": "Hit from cloudfront",
            "x-amz-cf-pop": "HAM50-C2",
            "x-amz-cf-id": "UaXJOFkpKrh0z_CKsjLvroqX-rJtxIsdumYVE63JvysO6hNRnrZOXg==",
            "age": "68"
        }
    },
    {
        "number": 5,
        "request": "GET https://www.mozilla.org/en-US/ HTTP/1.1\r\nHost: www.mozilla.org\r\nUser-Agent: Mozilla/5.0 (Windows NT 10.0; rv:102.0) Gecko/20100101 Firefox/102.0\r\nAccept: text/html,application/xhtml+xml,application/xml;q=0.9,image/avif,image/webp,*/*;q=0.8\r\nAccept-Encoding: gzip, deflate, br\r\nAccept-Language: en-US,en;q=0.5\r\nDNT: 1\r\nConnection: keep-alive\r\nUpgrade-Insecure-Requests: 1\r\nSec-Fetch-Dest: document\r\nSec-Fetch-Mode: navigate\r\nSec-Fetch-Site: cross-site\r\n\r\n",
        "deviation_count": 0,
        "uri": "https://www.mozilla.org/en-US/",
        "request_length": 458,
        "Response_Time": 0.0567479133605957,
        "status_code": 200,
        "reason_phrase": "OK",
        "error_message": [
            ""
        ],
        "response_header_count": 23,
        "response_header_length": 23,
        "response_body_length": 13091,
        "response_header_fields": {
            "content-type": "text/html; charset=utf-8",
            "transfer-encoding": "chunked",
            "connection": "keep-alive",
            "server": "meinheld/1.0.2",
            "date": "Wed, 25 Oct 2023 12:32:49 GMT",
            "x-frame-options": "DENY",
            "content-security-policy": "frame-src 'self' *.mozilla.net *.mozilla.org *.mozilla.com *.mozilla.org www.googletagmanager.com www.google-analytics.com www.youtube-nocookie.com trackertest.org www.surveygizmo.com accounts.firefox.com accounts.firefox.com.cn www.youtube.com js.stripe.com; img-src 'self' *.mozilla.net *.mozilla.org *.mozilla.com *.mozilla.org data: mozilla.org www.googletagmanager.com www.google-analytics.com creativecommons.org cdn-4.convertexperiments.com logs.convertexperiments.com images.ctfassets.net; connect-src 'self' *.mozilla.net *.mozilla.org *.mozilla.com *.mozilla.org www.googletagmanager.com www.google-analytics.com region1.google-analytics.com logs.convertexperiments.com 1003350.metrics.convertexperiments.com 1003343.metrics.convertexperiments.com sentry.prod.mozaws.net o1069899.sentry.io o1069899.ingest.sentry.io https://accounts.firefox.com/ stage.cjms.nonprod.cloudops.mozgcp.net cjms.services.mozilla.com; style-src 'self' *.mozilla.net *.mozilla.org *.mozilla.com *.mozilla.org 'unsafe-inline' app.convert.com; script-src 'self' *.mozilla.net *.mozilla.org *.mozilla.com *.mozilla.org 'unsafe-inline' 'unsafe-eval' www.googletagmanager.com www.google-analytics.com tagmanager.google.com www.youtube.com s.ytimg.com cdn-4.convertexperiments.com app.convert.com data.track.convertexperiments.com 1003350.track.convertexperiments.com 1003343.track.convertexperiments.com js.stripe.com; default-src 'self' *.mozilla.net *.mozilla.org *.mozilla.com *.mozilla.org; font-src 'self'; child-src 'self' *.mozilla.net *.mozilla.org *.mozilla.com *.mozilla.org www.googletagmanager.com www.google-analytics.com www.youtube-nocookie.com trackertest.org www.surveygizmo.com accounts.firefox.com accounts.firefox.com.cn www.youtube.com js.stripe.com",
            "cache-control": "max-age=600",
            "expires": "Wed, 25 Oct 2023 12:42:49 GMT",
            "x-clacks-overhead": "GNU Terry Pratchett",
            "x-backend-server": "bedrock-6d4f8bd7f6-fg885.gcp-eu-west1",
            "strict-transport-security": "max-age=31536000",
            "x-content-type-options": "nosniff",
            "x-xss-protection": "1; mode=block",
            "referrer-policy": "strict-origin-when-cross-origin",
            "via": "1.1 google, 1.1 91f3147e9f66b9e5e2ff9fa00ee626c0.cloudfront.net (CloudFront)",
            "content-encoding": "br",
            "etag": "W/\"9594eccbe455712880399d16a52f9362\"",
            "vary": "Accept-Encoding",
            "x-cache": "Hit from cloudfront",
            "x-amz-cf-pop": "HAM50-C2",
            "x-amz-cf-id": "i0d30BUqAg5N3LFWYutBe4fQhefJRBAF-bXJJ7suE41kUHhTkqa1Cw==",
            "age": "79"
        }
    },
    {
        "number": 6,
        "request": "GET https://www.mozilla.org/en-US/ HTTP/1.1\r\nHost: www.mozilla.org\r\nUser-Agent: Mozilla/5.0 (Windows NT 10.0; rv:102.0) Gecko/20100101 Firefox/102.0\r\nAccept: text/html,application/xhtml+xml,application/xml;q=0.9,image/avif,image/webp,*/*;q=0.8\r\nAccept-Encoding: gzip, deflate, br\r\nAccept-Language: en-US,en;q=0.5\r\nDNT: 1\r\nConnection: keep-alive\r\nUpgrade-Insecure-Requests: 1\r\nSec-Fetch-Dest: document\r\nSec-Fetch-Mode: navigate\r\nSec-Fetch-Site: cross-site\r\n\r\n",
        "deviation_count": 0,
        "uri": "https://www.mozilla.org/en-US/",
        "request_length": 458,
        "Response_Time": 0.04769778251647949,
        "status_code": 200,
        "reason_phrase": "OK",
        "error_message": [
            ""
        ],
        "response_header_count": 23,
        "response_header_length": 23,
        "response_body_length": 13091,
        "response_header_fields": {
            "content-type": "text/html; charset=utf-8",
            "transfer-encoding": "chunked",
            "connection": "keep-alive",
            "server": "meinheld/1.0.2",
            "date": "Wed, 25 Oct 2023 12:32:49 GMT",
            "x-frame-options": "DENY",
            "content-security-policy": "frame-src 'self' *.mozilla.net *.mozilla.org *.mozilla.com *.mozilla.org www.googletagmanager.com www.google-analytics.com www.youtube-nocookie.com trackertest.org www.surveygizmo.com accounts.firefox.com accounts.firefox.com.cn www.youtube.com js.stripe.com; img-src 'self' *.mozilla.net *.mozilla.org *.mozilla.com *.mozilla.org data: mozilla.org www.googletagmanager.com www.google-analytics.com creativecommons.org cdn-4.convertexperiments.com logs.convertexperiments.com images.ctfassets.net; connect-src 'self' *.mozilla.net *.mozilla.org *.mozilla.com *.mozilla.org www.googletagmanager.com www.google-analytics.com region1.google-analytics.com logs.convertexperiments.com 1003350.metrics.convertexperiments.com 1003343.metrics.convertexperiments.com sentry.prod.mozaws.net o1069899.sentry.io o1069899.ingest.sentry.io https://accounts.firefox.com/ stage.cjms.nonprod.cloudops.mozgcp.net cjms.services.mozilla.com; style-src 'self' *.mozilla.net *.mozilla.org *.mozilla.com *.mozilla.org 'unsafe-inline' app.convert.com; script-src 'self' *.mozilla.net *.mozilla.org *.mozilla.com *.mozilla.org 'unsafe-inline' 'unsafe-eval' www.googletagmanager.com www.google-analytics.com tagmanager.google.com www.youtube.com s.ytimg.com cdn-4.convertexperiments.com app.convert.com data.track.convertexperiments.com 1003350.track.convertexperiments.com 1003343.track.convertexperiments.com js.stripe.com; default-src 'self' *.mozilla.net *.mozilla.org *.mozilla.com *.mozilla.org; font-src 'self'; child-src 'self' *.mozilla.net *.mozilla.org *.mozilla.com *.mozilla.org www.googletagmanager.com www.google-analytics.com www.youtube-nocookie.com trackertest.org www.surveygizmo.com accounts.firefox.com accounts.firefox.com.cn www.youtube.com js.stripe.com",
            "cache-control": "max-age=600",
            "expires": "Wed, 25 Oct 2023 12:42:49 GMT",
            "x-clacks-overhead": "GNU Terry Pratchett",
            "x-backend-server": "bedrock-6d4f8bd7f6-fg885.gcp-eu-west1",
            "strict-transport-security": "max-age=31536000",
            "x-content-type-options": "nosniff",
            "x-xss-protection": "1; mode=block",
            "referrer-policy": "strict-origin-when-cross-origin",
            "via": "1.1 google, 1.1 312b9f49a05a10af1e6462e1c59bae9a.cloudfront.net (CloudFront)",
            "content-encoding": "br",
            "etag": "W/\"9594eccbe455712880399d16a52f9362\"",
            "vary": "Accept-Encoding",
            "x-cache": "Hit from cloudfront",
            "x-amz-cf-pop": "HAM50-C2",
            "x-amz-cf-id": "dP9U7TI42CjTC4Ke5UEJld2-Kjj7UfLc8qjT5aqXt1jmL4YDdnZrGQ==",
            "age": "88"
        }
    },
    {
        "number": 7,
        "request": "GET https://www.mozilla.org/en-US/ HTTP/1.1\r\nHost: www.mozilla.org\r\nUser-Agent: Mozilla/5.0 (Windows NT 10.0; rv:102.0) Gecko/20100101 Firefox/102.0\r\nAccept: text/html,application/xhtml+xml,application/xml;q=0.9,image/avif,image/webp,*/*;q=0.8\r\nAccept-Encoding: gzip, deflate, br\r\nAccept-Language: en-US,en;q=0.5\r\nDNT: 1\r\nConnection: keep-alive\r\nUpgrade-Insecure-Requests: 1\r\nSec-Fetch-Dest: document\r\nSec-Fetch-Mode: navigate\r\nSec-Fetch-Site: cross-site\r\n\r\n",
        "deviation_count": 0,
        "uri": "https://www.mozilla.org/en-US/",
        "request_length": 458,
        "Response_Time": 0.05615639686584473,
        "status_code": 200,
        "reason_phrase": "OK",
        "error_message": [
            ""
        ],
        "response_header_count": 23,
        "response_header_length": 23,
        "response_body_length": 13091,
        "response_header_fields": {
            "content-type": "text/html; charset=utf-8",
            "transfer-encoding": "chunked",
            "connection": "keep-alive",
            "server": "meinheld/1.0.2",
            "date": "Wed, 25 Oct 2023 12:32:49 GMT",
            "x-frame-options": "DENY",
            "content-security-policy": "frame-src 'self' *.mozilla.net *.mozilla.org *.mozilla.com *.mozilla.org www.googletagmanager.com www.google-analytics.com www.youtube-nocookie.com trackertest.org www.surveygizmo.com accounts.firefox.com accounts.firefox.com.cn www.youtube.com js.stripe.com; img-src 'self' *.mozilla.net *.mozilla.org *.mozilla.com *.mozilla.org data: mozilla.org www.googletagmanager.com www.google-analytics.com creativecommons.org cdn-4.convertexperiments.com logs.convertexperiments.com images.ctfassets.net; connect-src 'self' *.mozilla.net *.mozilla.org *.mozilla.com *.mozilla.org www.googletagmanager.com www.google-analytics.com region1.google-analytics.com logs.convertexperiments.com 1003350.metrics.convertexperiments.com 1003343.metrics.convertexperiments.com sentry.prod.mozaws.net o1069899.sentry.io o1069899.ingest.sentry.io https://accounts.firefox.com/ stage.cjms.nonprod.cloudops.mozgcp.net cjms.services.mozilla.com; style-src 'self' *.mozilla.net *.mozilla.org *.mozilla.com *.mozilla.org 'unsafe-inline' app.convert.com; script-src 'self' *.mozilla.net *.mozilla.org *.mozilla.com *.mozilla.org 'unsafe-inline' 'unsafe-eval' www.googletagmanager.com www.google-analytics.com tagmanager.google.com www.youtube.com s.ytimg.com cdn-4.convertexperiments.com app.convert.com data.track.convertexperiments.com 1003350.track.convertexperiments.com 1003343.track.convertexperiments.com js.stripe.com; default-src 'self' *.mozilla.net *.mozilla.org *.mozilla.com *.mozilla.org; font-src 'self'; child-src 'self' *.mozilla.net *.mozilla.org *.mozilla.com *.mozilla.org www.googletagmanager.com www.google-analytics.com www.youtube-nocookie.com trackertest.org www.surveygizmo.com accounts.firefox.com accounts.firefox.com.cn www.youtube.com js.stripe.com",
            "cache-control": "max-age=600",
            "expires": "Wed, 25 Oct 2023 12:42:49 GMT",
            "x-clacks-overhead": "GNU Terry Pratchett",
            "x-backend-server": "bedrock-6d4f8bd7f6-fg885.gcp-eu-west1",
            "strict-transport-security": "max-age=31536000",
            "x-content-type-options": "nosniff",
            "x-xss-protection": "1; mode=block",
            "referrer-policy": "strict-origin-when-cross-origin",
            "via": "1.1 google, 1.1 ea89c67081222c8c680e7a37ad75f4f0.cloudfront.net (CloudFront)",
            "content-encoding": "br",
            "etag": "W/\"9594eccbe455712880399d16a52f9362\"",
            "vary": "Accept-Encoding",
            "x-cache": "Hit from cloudfront",
            "x-amz-cf-pop": "HAM50-C2",
            "x-amz-cf-id": "XfR6fDEfVKPZzT8Ux-P89GBBKRRiCT57oQEjddt8OZruZHwT1qbxKg==",
            "age": "98"
        }
    },
    {
        "number": 8,
        "request": "GET https://www.mozilla.org/en-US/ HTTP/1.1\r\nHost: www.mozilla.org\r\nUser-Agent: Mozilla/5.0 (Windows NT 10.0; rv:102.0) Gecko/20100101 Firefox/102.0\r\nAccept: text/html,application/xhtml+xml,application/xml;q=0.9,image/avif,image/webp,*/*;q=0.8\r\nAccept-Encoding: gzip, deflate, br\r\nAccept-Language: en-US,en;q=0.5\r\nDNT: 1\r\nConnection: keep-alive\r\nUpgrade-Insecure-Requests: 1\r\nSec-Fetch-Dest: document\r\nSec-Fetch-Mode: navigate\r\nSec-Fetch-Site: cross-site\r\n\r\n",
        "deviation_count": 0,
        "uri": "https://www.mozilla.org/en-US/",
        "request_length": 458,
        "Response_Time": 0.0227968692779541,
        "status_code": 200,
        "reason_phrase": "OK",
        "error_message": [
            ""
        ],
        "response_header_count": 23,
        "response_header_length": 23,
        "response_body_length": 13090,
        "response_header_fields": {
            "content-type": "text/html; charset=utf-8",
            "transfer-encoding": "chunked",
            "connection": "keep-alive",
            "server": "meinheld/1.0.2",
            "date": "Wed, 25 Oct 2023 12:32:49 GMT",
            "x-frame-options": "DENY",
            "content-security-policy": "frame-src 'self' *.mozilla.net *.mozilla.org *.mozilla.com *.mozilla.org www.googletagmanager.com www.google-analytics.com www.youtube-nocookie.com trackertest.org www.surveygizmo.com accounts.firefox.com accounts.firefox.com.cn www.youtube.com js.stripe.com; img-src 'self' *.mozilla.net *.mozilla.org *.mozilla.com *.mozilla.org data: mozilla.org www.googletagmanager.com www.google-analytics.com creativecommons.org cdn-4.convertexperiments.com logs.convertexperiments.com images.ctfassets.net; connect-src 'self' *.mozilla.net *.mozilla.org *.mozilla.com *.mozilla.org www.googletagmanager.com www.google-analytics.com region1.google-analytics.com logs.convertexperiments.com 1003350.metrics.convertexperiments.com 1003343.metrics.convertexperiments.com sentry.prod.mozaws.net o1069899.sentry.io o1069899.ingest.sentry.io https://accounts.firefox.com/ stage.cjms.nonprod.cloudops.mozgcp.net cjms.services.mozilla.com; style-src 'self' *.mozilla.net *.mozilla.org *.mozilla.com *.mozilla.org 'unsafe-inline' app.convert.com; script-src 'self' *.mozilla.net *.mozilla.org *.mozilla.com *.mozilla.org 'unsafe-inline' 'unsafe-eval' www.googletagmanager.com www.google-analytics.com tagmanager.google.com www.youtube.com s.ytimg.com cdn-4.convertexperiments.com app.convert.com data.track.convertexperiments.com 1003350.track.convertexperiments.com 1003343.track.convertexperiments.com js.stripe.com; default-src 'self' *.mozilla.net *.mozilla.org *.mozilla.com *.mozilla.org; font-src 'self'; child-src 'self' *.mozilla.net *.mozilla.org *.mozilla.com *.mozilla.org www.googletagmanager.com www.google-analytics.com www.youtube-nocookie.com trackertest.org www.surveygizmo.com accounts.firefox.com accounts.firefox.com.cn www.youtube.com js.stripe.com",
            "cache-control": "max-age=600",
            "expires": "Wed, 25 Oct 2023 12:42:49 GMT",
            "x-clacks-overhead": "GNU Terry Pratchett",
            "x-backend-server": "bedrock-6d4f8bd7f6-fg885.gcp-eu-west1",
            "strict-transport-security": "max-age=31536000",
            "x-content-type-options": "nosniff",
            "x-xss-protection": "1; mode=block",
            "referrer-policy": "strict-origin-when-cross-origin",
            "via": "1.1 google, 1.1 dabb0767cb7bc0fc02f46ee84ad4dbd8.cloudfront.net (CloudFront)",
            "content-encoding": "br",
            "etag": "W/\"9594eccbe455712880399d16a52f9362\"",
            "vary": "Accept-Encoding",
            "x-cache": "Hit from cloudfront",
            "x-amz-cf-pop": "HAM50-C2",
            "x-amz-cf-id": "kSq-agfqWbCKuAIlAYgr5zTm3ORmJheZ6zx_EF2pT-DhK48d7OIfKA==",
            "age": "109"
        }
    },
    {
        "number": 9,
        "request": "GET https://www.mozilla.org/en-US/ HTTP/1.1\r\nHost: www.mozilla.org\r\nUser-Agent: Mozilla/5.0 (Windows NT 10.0; rv:102.0) Gecko/20100101 Firefox/102.0\r\nAccept: text/html,application/xhtml+xml,application/xml;q=0.9,image/avif,image/webp,*/*;q=0.8\r\nAccept-Encoding: gzip, deflate, br\r\nAccept-Language: en-US,en;q=0.5\r\nDNT: 1\r\nConnection: keep-alive\r\nUpgrade-Insecure-Requests: 1\r\nSec-Fetch-Dest: document\r\nSec-Fetch-Mode: navigate\r\nSec-Fetch-Site: cross-site\r\n\r\n",
        "deviation_count": 0,
        "uri": "https://www.mozilla.org/en-US/",
        "request_length": 458,
        "Response_Time": 0.0274200439453125,
        "status_code": 200,
        "reason_phrase": "OK",
        "error_message": [
            ""
        ],
        "response_header_count": 23,
        "response_header_length": 23,
        "response_body_length": 13090,
        "response_header_fields": {
            "content-type": "text/html; charset=utf-8",
            "transfer-encoding": "chunked",
            "connection": "keep-alive",
            "server": "meinheld/1.0.2",
            "date": "Wed, 25 Oct 2023 12:32:49 GMT",
            "x-frame-options": "DENY",
            "content-security-policy": "frame-src 'self' *.mozilla.net *.mozilla.org *.mozilla.com *.mozilla.org www.googletagmanager.com www.google-analytics.com www.youtube-nocookie.com trackertest.org www.surveygizmo.com accounts.firefox.com accounts.firefox.com.cn www.youtube.com js.stripe.com; img-src 'self' *.mozilla.net *.mozilla.org *.mozilla.com *.mozilla.org data: mozilla.org www.googletagmanager.com www.google-analytics.com creativecommons.org cdn-4.convertexperiments.com logs.convertexperiments.com images.ctfassets.net; connect-src 'self' *.mozilla.net *.mozilla.org *.mozilla.com *.mozilla.org www.googletagmanager.com www.google-analytics.com region1.google-analytics.com logs.convertexperiments.com 1003350.metrics.convertexperiments.com 1003343.metrics.convertexperiments.com sentry.prod.mozaws.net o1069899.sentry.io o1069899.ingest.sentry.io https://accounts.firefox.com/ stage.cjms.nonprod.cloudops.mozgcp.net cjms.services.mozilla.com; style-src 'self' *.mozilla.net *.mozilla.org *.mozilla.com *.mozilla.org 'unsafe-inline' app.convert.com; script-src 'self' *.mozilla.net *.mozilla.org *.mozilla.com *.mozilla.org 'unsafe-inline' 'unsafe-eval' www.googletagmanager.com www.google-analytics.com tagmanager.google.com www.youtube.com s.ytimg.com cdn-4.convertexperiments.com app.convert.com data.track.convertexperiments.com 1003350.track.convertexperiments.com 1003343.track.convertexperiments.com js.stripe.com; default-src 'self' *.mozilla.net *.mozilla.org *.mozilla.com *.mozilla.org; font-src 'self'; child-src 'self' *.mozilla.net *.mozilla.org *.mozilla.com *.mozilla.org www.googletagmanager.com www.google-analytics.com www.youtube-nocookie.com trackertest.org www.surveygizmo.com accounts.firefox.com accounts.firefox.com.cn www.youtube.com js.stripe.com",
            "cache-control": "max-age=600",
            "expires": "Wed, 25 Oct 2023 12:42:49 GMT",
            "x-clacks-overhead": "GNU Terry Pratchett",
            "x-backend-server": "bedrock-6d4f8bd7f6-fg885.gcp-eu-west1",
            "strict-transport-security": "max-age=31536000",
            "x-content-type-options": "nosniff",
            "x-xss-protection": "1; mode=block",
            "referrer-policy": "strict-origin-when-cross-origin",
            "via": "1.1 google, 1.1 42d6fa6bba37b1a120fb1adae0e0e8c8.cloudfront.net (CloudFront)",
            "content-encoding": "br",
            "etag": "W/\"9594eccbe455712880399d16a52f9362\"",
            "vary": "Accept-Encoding",
            "x-cache": "Hit from cloudfront",
            "x-amz-cf-pop": "HAM50-C2",
            "x-amz-cf-id": "yA51LbMY5WOxo6FFsyIiFL50iC2MVfx2bnw3_LCX2BNP9dqIdio2Zw==",
            "age": "119"
        }
    }
]