number,request,deviation_count,uri,request_length,http_version,Socket_Connect_Time,Socket_Close_Time,Response_Time,status_code,reason_phrase,error_message,response_header_count,response_header_length,response_body_length,response_header_fields
0,"GET https://open.spotify.com/__noul__?pfhp=2c2ccb58-8a92-4713-a1c0-8b43b3090b49 HTTP/1.1
Host: open.spotify.com
User-Agent: Mozilla/5.0 (Windows NT 10.0; rv:102.0) Gecko/20100101 Firefox/102.0
Accept: text/html,application/xhtml+xml,application/xml;q=0.9,image/avif,image/webp,*/*;q=0.8
Accept-Encoding: gzip, deflate, br
Accept-Language: en-US,en;q=0.5
DNT: 1
Connection: keep-alive
Upgrade-Insecure-Requests: 1
Sec-Fetch-Dest: document
Sec-Fetch-Mode: navigate
Sec-Fetch-Site: cross-site

",0,https://open.spotify.com/__noul__?pfhp=2c2ccb58-8a92-4713-a1c0-8b43b3090b49,504,HTTP/1.1,0.205582857131958,0.10733747482299805,0.0565943717956543,200,OK,[''],13,13,0,"{""server"": ""envoy"", ""date"": ""Wed, 25 Oct 2023 12:33:12 GMT"", ""content-type"": ""text/html; charset=utf-8"", ""vary"": ""Accept-Encoding,Accept-Encoding"", ""set-cookie"": ""sp_landing=https%3A%2F%2Fopen.spotify.com%2F%3Fsp_cid%3Df95d15097a813ba1e3b61878bee50100%26device%3Ddesktop; path=/; expires=Thu, 26 Oct 2023 12:33:12 GMT; domain=.spotify.com; samesite=none; secure; httponly"", ""content-security-policy"": ""script-src 'self' 'unsafe-eval' blob: open.spotifycdn.com open-review.spotifycdn.com quicksilver.scdn.co www.google-analytics.com www.googletagmanager.com static.ads-twitter.com analytics.twitter.com s.pinimg.com sc-static.net https://www.google.com/recaptcha/ cdn.ravenjs.com connect.facebook.net www.gstatic.com sb.scorecardresearch.com pixel-static.spotify.com cdn.cookielaw.org geolocation.onetrust.com www.googleoptimize.com www.fastly-insights.com static.hotjar.com script.hotjar.com https://www.googleadservices.com/pagead/conversion_async.js https://www.googleadservices.com/pagead/conversion/ https://analytics.tiktok.com/i18n/pixel/sdk.js https://analytics.tiktok.com/i18n/pixel/identify.js https://analytics.tiktok.com/i18n/pixel/config.js https://www.redditstatic.com/ads/pixel.js https://t.contentsquare.net/uxa/22f14577e19f3.js cdn.speedcurve.com 'sha256-WfsTi7oVogdF9vq5d14s2birjvCglqWF842fyHhzoNw=' 'sha256-KRzjHxCdT8icNaDOqPBdY0AlKiIh5F8r4bnbe1PQwss=' 'sha256-Z5wh7XXSBR1+mTxLSPFhywCZJt77+uP1GikAgPIsu2s='; frame-ancestors 'self';"", ""content-encoding"": ""gzip"", ""x-envoy-upstream-service-time"": ""22"", ""strict-transport-security"": ""max-age=31536000"", ""x-content-type-options"": ""nosniff"", ""via"": ""HTTP/1.1 fringe, HTTP/2 edgeproxy, 1.1 google"", ""alt-svc"": ""h3=\"":443\""; ma=2592000,h3-29=\"":443\""; ma=2592000"", ""transfer-encoding"": ""chunked""}"
1,"GET https://open.spotify.com/__noul__?pfhp=2c2ccb58-8a92-4713-a1c0-8b43b3090b49 HTTP/1.1
Host: open.spotify.com
User-Agent: Mozilla/5.0 (Windows NT 10.0; rv:102.0) Gecko/20100101 Firefox/102.0
Accept: text/html,application/xhtml+xml,application/xml;q=0.9,image/avif,image/webp,*/*;q=0.8
Accept-Encoding: gzip, deflate, br
Accept-Language: en-US,en;q=0.5
DNT: 1
Connection: keep-alive
Upgrade-Insecure-Requests: 1
Sec-Fetch-Dest: document
Sec-Fetch-Mode: navigate
Sec-Fetch-Site: cross-site

",0,https://open.spotify.com/__noul__?pfhp=2c2ccb58-8a92-4713-a1c0-8b43b3090b49,504,HTTP/1.1,0.17867326736450195,0.11695075035095215,0.0458981990814209,200,OK,[''],13,13,0,"{""server"": ""envoy"", ""date"": ""Wed, 25 Oct 2023 12:33:23 GMT"", ""content-type"": ""text/html; charset=utf-8"", ""vary"": ""Accept-Encoding,Accept-Encoding"", ""set-cookie"": ""sp_landing=https%3A%2F%2Fopen.spotify.com%2F%3Fsp_cid%3De9a3d2edfe25f383a4619c7d2fc99a41%26device%3Ddesktop; path=/; expires=Thu, 26 Oct 2023 12:33:23 GMT; domain=.spotify.com; samesite=none; secure; httponly"", ""content-security-policy"": ""script-src 'self' 'unsafe-eval' blob: open.spotifycdn.com open-review.spotifycdn.com quicksilver.scdn.co www.google-analytics.com www.googletagmanager.com static.ads-twitter.com analytics.twitter.com s.pinimg.com sc-static.net https://www.google.com/recaptcha/ cdn.ravenjs.com connect.facebook.net www.gstatic.com sb.scorecardresearch.com pixel-static.spotify.com cdn.cookielaw.org geolocation.onetrust.com www.googleoptimize.com www.fastly-insights.com static.hotjar.com script.hotjar.com https://www.googleadservices.com/pagead/conversion_async.js https://www.googleadservices.com/pagead/conversion/ https://analytics.tiktok.com/i18n/pixel/sdk.js https://analytics.tiktok.com/i18n/pixel/identify.js https://analytics.tiktok.com/i18n/pixel/config.js https://www.redditstatic.com/ads/pixel.js https://t.contentsquare.net/uxa/22f14577e19f3.js cdn.speedcurve.com 'sha256-WfsTi7oVogdF9vq5d14s2birjvCglqWF842fyHhzoNw=' 'sha256-KRzjHxCdT8icNaDOqPBdY0AlKiIh5F8r4bnbe1PQwss=' 'sha256-Z5wh7XXSBR1+mTxLSPFhywCZJt77+uP1GikAgPIsu2s='; frame-ancestors 'self';"", ""content-encoding"": ""gzip"", ""x-envoy-upstream-service-time"": ""16"", ""strict-transport-security"": ""max-age=31536000"", ""x-content-type-options"": ""nosniff"", ""via"": ""HTTP/1.1 fringe, HTTP/2 edgeproxy, 1.1 google"", ""alt-svc"": ""h3=\"":443\""; ma=2592000,h3-29=\"":443\""; ma=2592000"", ""transfer-encoding"": ""chunked""}"
2,"GET https://open.spotify.com/__noul__?pfhp=2c2ccb58-8a92-4713-a1c0-8b43b3090b49 HTTP/1.1
Host: open.spotify.com
User-Agent: Mozilla/5.0 (Windows NT 10.0; rv:102.0) Gecko/20100101 Firefox/102.0
Accept: text/html,application/xhtml+xml,application/xml;q=0.9,image/avif,image/webp,*/*;q=0.8
Accept-Encoding: gzip, deflate, br
Accept-Language: en-US,en;q=0.5
DNT: 1
Connection: keep-alive
Upgrade-Insecure-Requests: 1
Sec-Fetch-Dest: document
Sec-Fetch-Mode: navigate
Sec-Fetch-Site: cross-site

",0,https://open.spotify.com/__noul__?pfhp=2c2ccb58-8a92-4713-a1c0-8b43b3090b49,504,HTTP/1.1,0.15983366966247559,0.11084818840026855,0.05742168426513672,200,OK,[''],13,13,0,"{""server"": ""envoy"", ""date"": ""Wed, 25 Oct 2023 12:33:34 GMT"", ""content-type"": ""text/html; charset=utf-8"", ""vary"": ""Accept-Encoding,Accept-Encoding"", ""set-cookie"": ""sp_landing=https%3A%2F%2Fopen.spotify.com%2F%3Fsp_cid%3Df63d6f1922d144ed7ba8a6498d4d4b49%26device%3Ddesktop; path=/; expires=Thu, 26 Oct 2023 12:33:34 GMT; domain=.spotify.com; samesite=none; secure; httponly"", ""content-security-policy"": ""script-src 'self' 'unsafe-eval' blob: open.spotifycdn.com open-review.spotifycdn.com quicksilver.scdn.co www.google-analytics.com www.googletagmanager.com static.ads-twitter.com analytics.twitter.com s.pinimg.com sc-static.net https://www.google.com/recaptcha/ cdn.ravenjs.com connect.facebook.net www.gstatic.com sb.scorecardresearch.com pixel-static.spotify.com cdn.cookielaw.org geolocation.onetrust.com www.googleoptimize.com www.fastly-insights.com static.hotjar.com script.hotjar.com https://www.googleadservices.com/pagead/conversion_async.js https://www.googleadservices.com/pagead/conversion/ https://analytics.tiktok.com/i18n/pixel/sdk.js https://analytics.tiktok.com/i18n/pixel/identify.js https://analytics.tiktok.com/i18n/pixel/config.js https://www.redditstatic.com/ads/pixel.js https://t.contentsquare.net/uxa/22f14577e19f3.js cdn.speedcurve.com 'sha256-WfsTi7oVogdF9vq5d14s2birjvCglqWF842fyHhzoNw=' 'sha256-KRzjHxCdT8icNaDOqPBdY0AlKiIh5F8r4bnbe1PQwss=' 'sha256-Z5wh7XXSBR1+mTxLSPFhywCZJt77+uP1GikAgPIsu2s='; frame-ancestors 'self';"", ""content-encoding"": ""gzip"", ""x-envoy-upstream-service-time"": ""15"", ""strict-transport-security"": ""max-age=31536000"", ""x-content-type-options"": ""nosniff"", ""via"": ""HTTP/1.1 fringe, HTTP/2 edgeproxy, 1.1 google"", ""alt-svc"": ""h3=\"":443\""; ma=2592000,h3-29=\"":443\""; ma=2592000"", ""transfer-encoding"": ""chunked""}"
3,"GET https://open.spotify.com/__noul__?pfhp=2c2ccb58-8a92-4713-a1c0-8b43b3090b49 HTTP/1.1
Host: open.spotify.com
User-Agent: Mozilla/5.0 (Windows NT 10.0; rv:102.0) Gecko/20100101 Firefox/102.0
Accept: text/html,application/xhtml+xml,application/xml;q=0.9,image/avif,image/webp,*/*;q=0.8
Accept-Encoding: gzip, deflate, br
Accept-Language: en-US,en;q=0.5
DNT: 1
Connection: keep-alive
Upgrade-Insecure-Requests: 1
Sec-Fetch-Dest: document
Sec-Fetch-Mode: navigate
Sec-Fetch-Site: cross-site

",0,https://open.spotify.com/__noul__?pfhp=2c2ccb58-8a92-4713-a1c0-8b43b3090b49,504,HTTP/1.1,0.1723928451538086,0.12423014640808105,0.05508899688720703,200,OK,[''],13,13,0,"{""server"": ""envoy"", ""date"": ""Wed, 25 Oct 2023 12:33:45 GMT"", ""content-type"": ""text/html; charset=utf-8"", ""vary"": ""Accept-Encoding,Accept-Encoding"", ""set-cookie"": ""sp_landing=https%3A%2F%2Fopen.spotify.com%2F%3Fsp_cid%3D33b9d51e23e883eed1bf83e5024c0e27%26device%3Ddesktop; path=/; expires=Thu, 26 Oct 2023 12:33:45 GMT; domain=.spotify.com; samesite=none; secure; httponly"", ""content-security-policy"": ""script-src 'self' 'unsafe-eval' blob: open.spotifycdn.com open-review.spotifycdn.com quicksilver.scdn.co www.google-analytics.com www.googletagmanager.com static.ads-twitter.com analytics.twitter.com s.pinimg.com sc-static.net https://www.google.com/recaptcha/ cdn.ravenjs.com connect.facebook.net www.gstatic.com sb.scorecardresearch.com pixel-static.spotify.com cdn.cookielaw.org geolocation.onetrust.com www.googleoptimize.com www.fastly-insights.com static.hotjar.com script.hotjar.com https://www.googleadservices.com/pagead/conversion_async.js https://www.googleadservices.com/pagead/conversion/ https://analytics.tiktok.com/i18n/pixel/sdk.js https://analytics.tiktok.com/i18n/pixel/identify.js https://analytics.tiktok.com/i18n/pixel/config.js https://www.redditstatic.com/ads/pixel.js https://t.contentsquare.net/uxa/22f14577e19f3.js cdn.speedcurve.com 'sha256-WfsTi7oVogdF9vq5d14s2birjvCglqWF842fyHhzoNw=' 'sha256-KRzjHxCdT8icNaDOqPBdY0AlKiIh5F8r4bnbe1PQwss=' 'sha256-Z5wh7XXSBR1+mTxLSPFhywCZJt77+uP1GikAgPIsu2s='; frame-ancestors 'self';"", ""content-encoding"": ""gzip"", ""x-envoy-upstream-service-time"": ""16"", ""strict-transport-security"": ""max-age=31536000"", ""x-content-type-options"": ""nosniff"", ""via"": ""HTTP/1.1 fringe, HTTP/2 edgeproxy, 1.1 google"", ""alt-svc"": ""h3=\"":443\""; ma=2592000,h3-29=\"":443\""; ma=2592000"", ""transfer-encoding"": ""chunked""}"
4,"GET https://open.spotify.com/__noul__?pfhp=2c2ccb58-8a92-4713-a1c0-8b43b3090b49 HTTP/1.1
Host: open.spotify.com
User-Agent: Mozilla/5.0 (Windows NT 10.0; rv:102.0) Gecko/20100101 Firefox/102.0
Accept: text/html,application/xhtml+xml,application/xml;q=0.9,image/avif,image/webp,*/*;q=0.8
Accept-Encoding: gzip, deflate, br
Accept-Language: en-US,en;q=0.5
DNT: 1
Connection: keep-alive
Upgrade-Insecure-Requests: 1
Sec-Fetch-Dest: document
Sec-Fetch-Mode: navigate
Sec-Fetch-Site: cross-site

",0,https://open.spotify.com/__noul__?pfhp=2c2ccb58-8a92-4713-a1c0-8b43b3090b49,504,HTTP/1.1,0.14149093627929688,0.10107088088989258,0.0585627555847168,200,OK,[''],13,13,0,"{""server"": ""envoy"", ""date"": ""Wed, 25 Oct 2023 12:33:56 GMT"", ""content-type"": ""text/html; charset=utf-8"", ""vary"": ""Accept-Encoding,Accept-Encoding"", ""set-cookie"": ""sp_landing=https%3A%2F%2Fopen.spotify.com%2F%3Fsp_cid%3D1fa002e6dfd445e938a5e9adbb32bc14%26device%3Ddesktop; path=/; expires=Thu, 26 Oct 2023 12:33:56 GMT; domain=.spotify.com; samesite=none; secure; httponly"", ""content-security-policy"": ""script-src 'self' 'unsafe-eval' blob: open.spotifycdn.com open-review.spotifycdn.com quicksilver.scdn.co www.google-analytics.com www.googletagmanager.com static.ads-twitter.com analytics.twitter.com s.pinimg.com sc-static.net https://www.google.com/recaptcha/ cdn.ravenjs.com connect.facebook.net www.gstatic.com sb.scorecardresearch.com pixel-static.spotify.com cdn.cookielaw.org geolocation.onetrust.com www.googleoptimize.com www.fastly-insights.com static.hotjar.com script.hotjar.com https://www.googleadservices.com/pagead/conversion_async.js https://www.googleadservices.com/pagead/conversion/ https://analytics.tiktok.com/i18n/pixel/sdk.js https://analytics.tiktok.com/i18n/pixel/identify.js https://analytics.tiktok.com/i18n/pixel/config.js https://www.redditstatic.com/ads/pixel.js https://t.contentsquare.net/uxa/22f14577e19f3.js cdn.speedcurve.com 'sha256-WfsTi7oVogdF9vq5d14s2birjvCglqWF842fyHhzoNw=' 'sha256-KRzjHxCdT8icNaDOqPBdY0AlKiIh5F8r4bnbe1PQwss=' 'sha256-Z5wh7XXSBR1+mTxLSPFhywCZJt77+uP1GikAgPIsu2s='; frame-ancestors 'self';"", ""content-encoding"": ""gzip"", ""x-envoy-upstream-service-time"": ""20"", ""strict-transport-security"": ""max-age=31536000"", ""x-content-type-options"": ""nosniff"", ""via"": ""HTTP/1.1 fringe, HTTP/2 edgeproxy, 1.1 google"", ""alt-svc"": ""h3=\"":443\""; ma=2592000,h3-29=\"":443\""; ma=2592000"", ""transfer-encoding"": ""chunked""}"
5,"GET https://open.spotify.com/__noul__?pfhp=2c2ccb58-8a92-4713-a1c0-8b43b3090b49 HTTP/1.1
Host: open.spotify.com
User-Agent: Mozilla/5.0 (Windows NT 10.0; rv:102.0) Gecko/20100101 Firefox/102.0
Accept: text/html,application/xhtml+xml,application/xml;q=0.9,image/avif,image/webp,*/*;q=0.8
Accept-Encoding: gzip, deflate, br
Accept-Language: en-US,en;q=0.5
DNT: 1
Connection: keep-alive
Upgrade-Insecure-Requests: 1
Sec-Fetch-Dest: document
Sec-Fetch-Mode: navigate
Sec-Fetch-Site: cross-site

",0,https://open.spotify.com/__noul__?pfhp=2c2ccb58-8a92-4713-a1c0-8b43b3090b49,504,HTTP/1.1,0.13944721221923828,0.14092445373535156,0.07531166076660156,200,OK,[''],13,13,0,"{""server"": ""envoy"", ""date"": ""Wed, 25 Oct 2023 12:34:07 GMT"", ""content-type"": ""text/html; charset=utf-8"", ""vary"": ""Accept-Encoding,Accept-Encoding"", ""set-cookie"": ""sp_landing=https%3A%2F%2Fopen.spotify.com%2F%3Fsp_cid%3Dc4f5a230195cec51d46fb2d9e8288cc1%26device%3Ddesktop; path=/; expires=Thu, 26 Oct 2023 12:34:07 GMT; domain=.spotify.com; samesite=none; secure; httponly"", ""content-security-policy"": ""script-src 'self' 'unsafe-eval' blob: open.spotifycdn.com open-review.spotifycdn.com quicksilver.scdn.co www.google-analytics.com www.googletagmanager.com static.ads-twitter.com analytics.twitter.com s.pinimg.com sc-static.net https://www.google.com/recaptcha/ cdn.ravenjs.com connect.facebook.net www.gstatic.com sb.scorecardresearch.com pixel-static.spotify.com cdn.cookielaw.org geolocation.onetrust.com www.googleoptimize.com www.fastly-insights.com static.hotjar.com script.hotjar.com https://www.googleadservices.com/pagead/conversion_async.js https://www.googleadservices.com/pagead/conversion/ https://analytics.tiktok.com/i18n/pixel/sdk.js https://analytics.tiktok.com/i18n/pixel/identify.js https://analytics.tiktok.com/i18n/pixel/config.js https://www.redditstatic.com/ads/pixel.js https://t.contentsquare.net/uxa/22f14577e19f3.js cdn.speedcurve.com 'sha256-WfsTi7oVogdF9vq5d14s2birjvCglqWF842fyHhzoNw=' 'sha256-KRzjHxCdT8icNaDOqPBdY0AlKiIh5F8r4bnbe1PQwss=' 'sha256-Z5wh7XXSBR1+mTxLSPFhywCZJt77+uP1GikAgPIsu2s='; frame-ancestors 'self';"", ""content-encoding"": ""gzip"", ""x-envoy-upstream-service-time"": ""17"", ""strict-transport-security"": ""max-age=31536000"", ""x-content-type-options"": ""nosniff"", ""via"": ""HTTP/1.1 fringe, HTTP/2 edgeproxy, 1.1 google"", ""alt-svc"": ""h3=\"":443\""; ma=2592000,h3-29=\"":443\""; ma=2592000"", ""transfer-encoding"": ""chunked""}"
6,"GET https://open.spotify.com/__noul__?pfhp=2c2ccb58-8a92-4713-a1c0-8b43b3090b49 HTTP/1.1
Host: open.spotify.com
User-Agent: Mozilla/5.0 (Windows NT 10.0; rv:102.0) Gecko/20100101 Firefox/102.0
Accept: text/html,application/xhtml+xml,application/xml;q=0.9,image/avif,image/webp,*/*;q=0.8
Accept-Encoding: gzip, deflate, br
Accept-Language: en-US,en;q=0.5
DNT: 1
Connection: keep-alive
Upgrade-Insecure-Requests: 1
Sec-Fetch-Dest: document
Sec-Fetch-Mode: navigate
Sec-Fetch-Site: cross-site

",0,https://open.spotify.com/__noul__?pfhp=2c2ccb58-8a92-4713-a1c0-8b43b3090b49,504,HTTP/1.1,0.1516742706298828,0.12814879417419434,0.12133502960205078,200,OK,[''],13,13,0,"{""server"": ""envoy"", ""date"": ""Wed, 25 Oct 2023 12:34:18 GMT"", ""content-type"": ""text/html; charset=utf-8"", ""vary"": ""Accept-Encoding,Accept-Encoding"", ""set-cookie"": ""sp_landing=https%3A%2F%2Fopen.spotify.com%2F%3Fsp_cid%3Dfa507d19de058c5f0876e026faeb7e2c%26device%3Ddesktop; path=/; expires=Thu, 26 Oct 2023 12:34:18 GMT; domain=.spotify.com; samesite=none; secure; httponly"", ""content-security-policy"": ""script-src 'self' 'unsafe-eval' blob: open.spotifycdn.com open-review.spotifycdn.com quicksilver.scdn.co www.google-analytics.com www.googletagmanager.com static.ads-twitter.com analytics.twitter.com s.pinimg.com sc-static.net https://www.google.com/recaptcha/ cdn.ravenjs.com connect.facebook.net www.gstatic.com sb.scorecardresearch.com pixel-static.spotify.com cdn.cookielaw.org geolocation.onetrust.com www.googleoptimize.com www.fastly-insights.com static.hotjar.com script.hotjar.com https://www.googleadservices.com/pagead/conversion_async.js https://www.googleadservices.com/pagead/conversion/ https://analytics.tiktok.com/i18n/pixel/sdk.js https://analytics.tiktok.com/i18n/pixel/identify.js https://analytics.tiktok.com/i18n/pixel/config.js https://www.redditstatic.com/ads/pixel.js https://t.contentsquare.net/uxa/22f14577e19f3.js cdn.speedcurve.com 'sha256-WfsTi7oVogdF9vq5d14s2birjvCglqWF842fyHhzoNw=' 'sha256-KRzjHxCdT8icNaDOqPBdY0AlKiIh5F8r4bnbe1PQwss=' 'sha256-Z5wh7XXSBR1+mTxLSPFhywCZJt77+uP1GikAgPIsu2s='; frame-ancestors 'self';"", ""content-encoding"": ""gzip"", ""x-envoy-upstream-service-time"": ""25"", ""strict-transport-security"": ""max-age=31536000"", ""x-content-type-options"": ""nosniff"", ""via"": ""HTTP/1.1 fringe, HTTP/2 edgeproxy, 1.1 google"", ""alt-svc"": ""h3=\"":443\""; ma=2592000,h3-29=\"":443\""; ma=2592000"", ""transfer-encoding"": ""chunked""}"
7,"GET https://open.spotify.com/__noul__?pfhp=2c2ccb58-8a92-4713-a1c0-8b43b3090b49 HTTP/1.1
Host: open.spotify.com
User-Agent: Mozilla/5.0 (Windows NT 10.0; rv:102.0) Gecko/20100101 Firefox/102.0
Accept: text/html,application/xhtml+xml,application/xml;q=0.9,image/avif,image/webp,*/*;q=0.8
Accept-Encoding: gzip, deflate, br
Accept-Language: en-US,en;q=0.5
DNT: 1
Connection: keep-alive
Upgrade-Insecure-Requests: 1
Sec-Fetch-Dest: document
Sec-Fetch-Mode: navigate
Sec-Fetch-Site: cross-site

",0,https://open.spotify.com/__noul__?pfhp=2c2ccb58-8a92-4713-a1c0-8b43b3090b49,504,HTTP/1.1,0.20430922508239746,0.11093282699584961,0.057047128677368164,200,OK,[''],13,13,0,"{""server"": ""envoy"", ""date"": ""Wed, 25 Oct 2023 12:34:29 GMT"", ""content-type"": ""text/html; charset=utf-8"", ""vary"": ""Accept-Encoding,Accept-Encoding"", ""set-cookie"": ""sp_landing=https%3A%2F%2Fopen.spotify.com%2F%3Fsp_cid%3D151534e42b4b6b46b16cd802f2fa80c9%26device%3Ddesktop; path=/; expires=Thu, 26 Oct 2023 12:34:29 GMT; domain=.spotify.com; samesite=none; secure; httponly"", ""content-security-policy"": ""script-src 'self' 'unsafe-eval' blob: open.spotifycdn.com open-review.spotifycdn.com quicksilver.scdn.co www.google-analytics.com www.googletagmanager.com static.ads-twitter.com analytics.twitter.com s.pinimg.com sc-static.net https://www.google.com/recaptcha/ cdn.ravenjs.com connect.facebook.net www.gstatic.com sb.scorecardresearch.com pixel-static.spotify.com cdn.cookielaw.org geolocation.onetrust.com www.googleoptimize.com www.fastly-insights.com static.hotjar.com script.hotjar.com https://www.googleadservices.com/pagead/conversion_async.js https://www.googleadservices.com/pagead/conversion/ https://analytics.tiktok.com/i18n/pixel/sdk.js https://analytics.tiktok.com/i18n/pixel/identify.js https://analytics.tiktok.com/i18n/pixel/config.js https://www.redditstatic.com/ads/pixel.js https://t.contentsquare.net/uxa/22f14577e19f3.js cdn.speedcurve.com 'sha256-WfsTi7oVogdF9vq5d14s2birjvCglqWF842fyHhzoNw=' 'sha256-KRzjHxCdT8icNaDOqPBdY0AlKiIh5F8r4bnbe1PQwss=' 'sha256-Z5wh7XXSBR1+mTxLSPFhywCZJt77+uP1GikAgPIsu2s='; frame-ancestors 'self';"", ""content-encoding"": ""gzip"", ""x-envoy-upstream-service-time"": ""15"", ""strict-transport-security"": ""max-age=31536000"", ""x-content-type-options"": ""nosniff"", ""via"": ""HTTP/1.1 fringe, HTTP/2 edgeproxy, 1.1 google"", ""alt-svc"": ""h3=\"":443\""; ma=2592000,h3-29=\"":443\""; ma=2592000"", ""transfer-encoding"": ""chunked""}"
8,"GET https://open.spotify.com/__noul__?pfhp=2c2ccb58-8a92-4713-a1c0-8b43b3090b49 HTTP/1.1
Host: open.spotify.com
User-Agent: Mozilla/5.0 (Windows NT 10.0; rv:102.0) Gecko/20100101 Firefox/102.0
Accept: text/html,application/xhtml+xml,application/xml;q=0.9,image/avif,image/webp,*/*;q=0.8
Accept-Encoding: gzip, deflate, br
Accept-Language: en-US,en;q=0.5
DNT: 1
Connection: keep-alive
Upgrade-Insecure-Requests: 1
Sec-Fetch-Dest: document
Sec-Fetch-Mode: navigate
Sec-Fetch-Site: cross-site

",0,https://open.spotify.com/__noul__?pfhp=2c2ccb58-8a92-4713-a1c0-8b43b3090b49,504,HTTP/1.1,0.10907554626464844,0.10721611976623535,0.05932497978210449,200,OK,[''],13,13,0,"{""server"": ""envoy"", ""date"": ""Wed, 25 Oct 2023 12:34:40 GMT"", ""content-type"": ""text/html; charset=utf-8"", ""vary"": ""Accept-Encoding,Accept-Encoding"", ""set-cookie"": ""sp_landing=https%3A%2F%2Fopen.spotify.com%2F%3Fsp_cid%3D8202b576ffea077d1c96fb48e1f16d42%26device%3Ddesktop; path=/; expires=Thu, 26 Oct 2023 12:34:40 GMT; domain=.spotify.com; samesite=none; secure; httponly"", ""content-security-policy"": ""script-src 'self' 'unsafe-eval' blob: open.spotifycdn.com open-review.spotifycdn.com quicksilver.scdn.co www.google-analytics.com www.googletagmanager.com static.ads-twitter.com analytics.twitter.com s.pinimg.com sc-static.net https://www.google.com/recaptcha/ cdn.ravenjs.com connect.facebook.net www.gstatic.com sb.scorecardresearch.com pixel-static.spotify.com cdn.cookielaw.org geolocation.onetrust.com www.googleoptimize.com www.fastly-insights.com static.hotjar.com script.hotjar.com https://www.googleadservices.com/pagead/conversion_async.js https://www.googleadservices.com/pagead/conversion/ https://analytics.tiktok.com/i18n/pixel/sdk.js https://analytics.tiktok.com/i18n/pixel/identify.js https://analytics.tiktok.com/i18n/pixel/config.js https://www.redditstatic.com/ads/pixel.js https://t.contentsquare.net/uxa/22f14577e19f3.js cdn.speedcurve.com 'sha256-WfsTi7oVogdF9vq5d14s2birjvCglqWF842fyHhzoNw=' 'sha256-KRzjHxCdT8icNaDOqPBdY0AlKiIh5F8r4bnbe1PQwss=' 'sha256-Z5wh7XXSBR1+mTxLSPFhywCZJt77+uP1GikAgPIsu2s='; frame-ancestors 'self';"", ""content-encoding"": ""gzip"", ""x-envoy-upstream-service-time"": ""23"", ""strict-transport-security"": ""max-age=31536000"", ""x-content-type-options"": ""nosniff"", ""via"": ""HTTP/1.1 fringe, HTTP/2 edgeproxy, 1.1 google"", ""alt-svc"": ""h3=\"":443\""; ma=2592000,h3-29=\"":443\""; ma=2592000"", ""transfer-encoding"": ""chunked""}"
9,"GET https://open.spotify.com/__noul__?pfhp=2c2ccb58-8a92-4713-a1c0-8b43b3090b49 HTTP/1.1
Host: open.spotify.com
User-Agent: Mozilla/5.0 (Windows NT 10.0; rv:102.0) Gecko/20100101 Firefox/102.0
Accept: text/html,application/xhtml+xml,application/xml;q=0.9,image/avif,image/webp,*/*;q=0.8
Accept-Encoding: gzip, deflate, br
Accept-Language: en-US,en;q=0.5
DNT: 1
Connection: keep-alive
Upgrade-Insecure-Requests: 1
Sec-Fetch-Dest: document
Sec-Fetch-Mode: navigate
Sec-Fetch-Site: cross-site

",0,https://open.spotify.com/__noul__?pfhp=2c2ccb58-8a92-4713-a1c0-8b43b3090b49,504,HTTP/1.1,0.1525120735168457,0.16141104698181152,0.07306885719299316,200,OK,[''],13,13,0,"{""server"": ""envoy"", ""date"": ""Wed, 25 Oct 2023 12:34:51 GMT"", ""content-type"": ""text/html; charset=utf-8"", ""vary"": ""Accept-Encoding,Accept-Encoding"", ""set-cookie"": ""sp_landing=https%3A%2F%2Fopen.spotify.com%2F%3Fsp_cid%3D3d6a7e1e694145ba8e2f7496718152ce%26device%3Ddesktop; path=/; expires=Thu, 26 Oct 2023 12:34:51 GMT; domain=.spotify.com; samesite=none; secure; httponly"", ""content-security-policy"": ""script-src 'self' 'unsafe-eval' blob: open.spotifycdn.com open-review.spotifycdn.com quicksilver.scdn.co www.google-analytics.com www.googletagmanager.com static.ads-twitter.com analytics.twitter.com s.pinimg.com sc-static.net https://www.google.com/recaptcha/ cdn.ravenjs.com connect.facebook.net www.gstatic.com sb.scorecardresearch.com pixel-static.spotify.com cdn.cookielaw.org geolocation.onetrust.com www.googleoptimize.com www.fastly-insights.com static.hotjar.com script.hotjar.com https://www.googleadservices.com/pagead/conversion_async.js https://www.googleadservices.com/pagead/conversion/ https://analytics.tiktok.com/i18n/pixel/sdk.js https://analytics.tiktok.com/i18n/pixel/identify.js https://analytics.tiktok.com/i18n/pixel/config.js https://www.redditstatic.com/ads/pixel.js https://t.contentsquare.net/uxa/22f14577e19f3.js cdn.speedcurve.com 'sha256-WfsTi7oVogdF9vq5d14s2birjvCglqWF842fyHhzoNw=' 'sha256-KRzjHxCdT8icNaDOqPBdY0AlKiIh5F8r4bnbe1PQwss=' 'sha256-Z5wh7XXSBR1+mTxLSPFhywCZJt77+uP1GikAgPIsu2s='; frame-ancestors 'self';"", ""content-encoding"": ""gzip"", ""x-envoy-upstream-service-time"": ""19"", ""strict-transport-security"": ""max-age=31536000"", ""x-content-type-options"": ""nosniff"", ""via"": ""HTTP/1.1 fringe, HTTP/2 edgeproxy, 1.1 google"", ""alt-svc"": ""h3=\"":443\""; ma=2592000,h3-29=\"":443\""; ma=2592000"", ""transfer-encoding"": ""chunked""}"
