,Attempt No.,uri,Deviation Count,Status Code,Response_Time,response_header_count,response_header_length,response_body_length,response_header_fields
0,0,https://www.ncbi.nlm.nih.gov/,0,400,0.13426446914672852,13,13,7740,"{'date': 'Wed, 25 Oct 2023 12:33:13 GMT', 'server': 'Apache', 'strict-transport-security': 'max-age=31536000; includeSubDomains; preload', 'referrer-policy': 'origin-when-cross-origin', 'content-security-policy': 'upgrade-insecure-requests', 'upgrade': 'h2,h2c', 'connection': 'Upgrade, close', 'accept-ranges': 'bytes', 'vary': 'Accept-Encoding', 'x-ua-compatible': 'IE=Edge', 'x-xss-protection': '1; mode=block', 'x-frame-options': 'SAMEORIGIN', 'content-type': 'text/html'}"
1,1,https://www.ncbi.nlm.nih.gov/,0,400,0.13945579528808594,13,13,7740,"{'date': 'Wed, 25 Oct 2023 12:33:26 GMT', 'server': 'Apache', 'strict-transport-security': 'max-age=31536000; includeSubDomains; preload', 'referrer-policy': 'origin-when-cross-origin', 'content-security-policy': 'upgrade-insecure-requests', 'upgrade': 'h2,h2c', 'connection': 'Upgrade, close', 'accept-ranges': 'bytes', 'vary': 'Accept-Encoding', 'x-ua-compatible': 'IE=Edge', 'x-xss-protection': '1; mode=block', 'x-frame-options': 'SAMEORIGIN', 'content-type': 'text/html'}"
2,2,https://www.ncbi.nlm.nih.gov/,0,400,0.1341090202331543,13,13,7740,"{'date': 'Wed, 25 Oct 2023 12:33:38 GMT', 'server': 'Apache', 'strict-transport-security': 'max-age=31536000; includeSubDomains; preload', 'referrer-policy': 'origin-when-cross-origin', 'content-security-policy': 'upgrade-insecure-requests', 'upgrade': 'h2,h2c', 'connection': 'Upgrade, close', 'accept-ranges': 'bytes', 'vary': 'Accept-Encoding', 'x-ua-compatible': 'IE=Edge', 'x-xss-protection': '1; mode=block', 'x-frame-options': 'SAMEORIGIN', 'content-type': 'text/html'}"
3,3,https://www.ncbi.nlm.nih.gov/,0,400,0.14647722244262695,13,13,7740,"{'date': 'Wed, 25 Oct 2023 12:33:50 GMT', 'server': 'Apache', 'strict-transport-security': 'max-age=31536000; includeSubDomains; preload', 'referrer-policy': 'origin-when-cross-origin', 'content-security-policy': 'upgrade-insecure-requests', 'upgrade': 'h2,h2c', 'connection': 'Upgrade, close', 'accept-ranges': 'bytes', 'vary': 'Accept-Encoding', 'x-ua-compatible': 'IE=Edge', 'x-xss-protection': '1; mode=block', 'x-frame-options': 'SAMEORIGIN', 'content-type': 'text/html'}"
4,4,https://www.ncbi.nlm.nih.gov/,0,400,0.14483165740966797,13,13,7740,"{'date': 'Wed, 25 Oct 2023 12:34:03 GMT', 'server': 'Apache', 'strict-transport-security': 'max-age=31536000; includeSubDomains; preload', 'referrer-policy': 'origin-when-cross-origin', 'content-security-policy': 'upgrade-insecure-requests', 'upgrade': 'h2,h2c', 'connection': 'Upgrade, close', 'accept-ranges': 'bytes', 'vary': 'Accept-Encoding', 'x-ua-compatible': 'IE=Edge', 'x-xss-protection': '1; mode=block', 'x-frame-options': 'SAMEORIGIN', 'content-type': 'text/html'}"
5,5,https://www.ncbi.nlm.nih.gov/,0,400,0.12406682968139648,13,13,7740,"{'date': 'Wed, 25 Oct 2023 12:34:15 GMT', 'server': 'Apache', 'strict-transport-security': 'max-age=31536000; includeSubDomains; preload', 'referrer-policy': 'origin-when-cross-origin', 'content-security-policy': 'upgrade-insecure-requests', 'upgrade': 'h2,h2c', 'connection': 'Upgrade, close', 'accept-ranges': 'bytes', 'vary': 'Accept-Encoding', 'x-ua-compatible': 'IE=Edge', 'x-xss-protection': '1; mode=block', 'x-frame-options': 'SAMEORIGIN', 'content-type': 'text/html'}"
6,6,https://www.ncbi.nlm.nih.gov/,0,400,0.11638331413269043,13,13,7740,"{'date': 'Wed, 25 Oct 2023 12:34:27 GMT', 'server': 'Apache', 'strict-transport-security': 'max-age=31536000; includeSubDomains; preload', 'referrer-policy': 'origin-when-cross-origin', 'content-security-policy': 'upgrade-insecure-requests', 'upgrade': 'h2,h2c', 'connection': 'Upgrade, close', 'accept-ranges': 'bytes', 'vary': 'Accept-Encoding', 'x-ua-compatible': 'IE=Edge', 'x-xss-protection': '1; mode=block', 'x-frame-options': 'SAMEORIGIN', 'content-type': 'text/html'}"
7,7,https://www.ncbi.nlm.nih.gov/,0,400,0.11408567428588867,13,13,7740,"{'date': 'Wed, 25 Oct 2023 12:34:39 GMT', 'server': 'Apache', 'strict-transport-security': 'max-age=31536000; includeSubDomains; preload', 'referrer-policy': 'origin-when-cross-origin', 'content-security-policy': 'upgrade-insecure-requests', 'upgrade': 'h2,h2c', 'connection': 'Upgrade, close', 'accept-ranges': 'bytes', 'vary': 'Accept-Encoding', 'x-ua-compatible': 'IE=Edge', 'x-xss-protection': '1; mode=block', 'x-frame-options': 'SAMEORIGIN', 'content-type': 'text/html'}"
8,8,https://www.ncbi.nlm.nih.gov/,0,400,0.13483786582946777,13,13,7740,"{'date': 'Wed, 25 Oct 2023 12:34:50 GMT', 'server': 'Apache', 'strict-transport-security': 'max-age=31536000; includeSubDomains; preload', 'referrer-policy': 'origin-when-cross-origin', 'content-security-policy': 'upgrade-insecure-requests', 'upgrade': 'h2,h2c', 'connection': 'Upgrade, close', 'accept-ranges': 'bytes', 'vary': 'Accept-Encoding', 'x-ua-compatible': 'IE=Edge', 'x-xss-protection': '1; mode=block', 'x-frame-options': 'SAMEORIGIN', 'content-type': 'text/html'}"
9,9,https://www.ncbi.nlm.nih.gov/,0,400,0.11727523803710938,13,13,7740,"{'date': 'Wed, 25 Oct 2023 12:35:02 GMT', 'server': 'Apache', 'strict-transport-security': 'max-age=31536000; includeSubDomains; preload', 'referrer-policy': 'origin-when-cross-origin', 'content-security-policy': 'upgrade-insecure-requests', 'upgrade': 'h2,h2c', 'connection': 'Upgrade, close', 'accept-ranges': 'bytes', 'vary': 'Accept-Encoding', 'x-ua-compatible': 'IE=Edge', 'x-xss-protection': '1; mode=block', 'x-frame-options': 'SAMEORIGIN', 'content-type': 'text/html'}"
