number,request,deviation_count,uri,request_length,http_version,Socket_Connect_Time,Socket_Close_Time,Response_Time,status_code,reason_phrase,error_message,response_header_count,response_header_length,response_body_length,response_header_fields
0,"GET https://www.ncbi.nlm.nih.gov/  HTTP/1.1
Host: www.ncbi.nlm.nih.gov
User-Agent: Mozilla/5.0 (Windows NT 10.0; rv:102.0) Gecko/20100101 Firefox/102.0
Accept: text/html,application/xhtml+xml,application/xml;q=0.9,image/avif,image/webp,*/*;q=0.8
Accept-Encoding: gzip, deflate, br
Accept-Language: en-US,en;q=0.5
DNT: 1
Connection: keep-alive
Upgrade-Insecure-Requests: 1
Sec-Fetch-Dest: document
Sec-Fetch-Mode: navigate
Sec-Fetch-Site: cross-site

",0,https://www.ncbi.nlm.nih.gov/,463,HTTP/1.1,0.4510023593902588,0.11497783660888672,0.13426446914672852,400,Bad Request,[''],13,13,7740,"{""date"": ""Wed, 25 Oct 2023 12:33:13 GMT"", ""server"": ""Apache"", ""strict-transport-security"": ""max-age=31536000; includeSubDomains; preload"", ""referrer-policy"": ""origin-when-cross-origin"", ""content-security-policy"": ""upgrade-insecure-requests"", ""upgrade"": ""h2,h2c"", ""connection"": ""Upgrade, close"", ""accept-ranges"": ""bytes"", ""vary"": ""Accept-Encoding"", ""x-ua-compatible"": ""IE=Edge"", ""x-xss-protection"": ""1; mode=block"", ""x-frame-options"": ""SAMEORIGIN"", ""content-type"": ""text/html""}"
1,"GET https://www.ncbi.nlm.nih.gov/  HTTP/1.1
Host: www.ncbi.nlm.nih.gov
User-Agent: Mozilla/5.0 (Windows NT 10.0; rv:102.0) Gecko/20100101 Firefox/102.0
Accept: text/html,application/xhtml+xml,application/xml;q=0.9,image/avif,image/webp,*/*;q=0.8
Accept-Encoding: gzip, deflate, br
Accept-Language: en-US,en;q=0.5
DNT: 1
Connection: keep-alive
Upgrade-Insecure-Requests: 1
Sec-Fetch-Dest: document
Sec-Fetch-Mode: navigate
Sec-Fetch-Site: cross-site

",0,https://www.ncbi.nlm.nih.gov/,463,HTTP/1.1,0.3975491523742676,0.10390067100524902,0.13945579528808594,400,Bad Request,[''],13,13,7740,"{""date"": ""Wed, 25 Oct 2023 12:33:26 GMT"", ""server"": ""Apache"", ""strict-transport-security"": ""max-age=31536000; includeSubDomains; preload"", ""referrer-policy"": ""origin-when-cross-origin"", ""content-security-policy"": ""upgrade-insecure-requests"", ""upgrade"": ""h2,h2c"", ""connection"": ""Upgrade, close"", ""accept-ranges"": ""bytes"", ""vary"": ""Accept-Encoding"", ""x-ua-compatible"": ""IE=Edge"", ""x-xss-protection"": ""1; mode=block"", ""x-frame-options"": ""SAMEORIGIN"", ""content-type"": ""text/html""}"
2,"GET https://www.ncbi.nlm.nih.gov/  HTTP/1.1
Host: www.ncbi.nlm.nih.gov
User-Agent: Mozilla/5.0 (Windows NT 10.0; rv:102.0) Gecko/20100101 Firefox/102.0
Accept: text/html,application/xhtml+xml,application/xml;q=0.9,image/avif,image/webp,*/*;q=0.8
Accept-Encoding: gzip, deflate, br
Accept-Language: en-US,en;q=0.5
DNT: 1
Connection: keep-alive
Upgrade-Insecure-Requests: 1
Sec-Fetch-Dest: document
Sec-Fetch-Mode: navigate
Sec-Fetch-Site: cross-site

",0,https://www.ncbi.nlm.nih.gov/,463,HTTP/1.1,0.4312586784362793,0.1071014404296875,0.1341090202331543,400,Bad Request,[''],13,13,7740,"{""date"": ""Wed, 25 Oct 2023 12:33:38 GMT"", ""server"": ""Apache"", ""strict-transport-security"": ""max-age=31536000; includeSubDomains; preload"", ""referrer-policy"": ""origin-when-cross-origin"", ""content-security-policy"": ""upgrade-insecure-requests"", ""upgrade"": ""h2,h2c"", ""connection"": ""Upgrade, close"", ""accept-ranges"": ""bytes"", ""vary"": ""Accept-Encoding"", ""x-ua-compatible"": ""IE=Edge"", ""x-xss-protection"": ""1; mode=block"", ""x-frame-options"": ""SAMEORIGIN"", ""content-type"": ""text/html""}"
3,"GET https://www.ncbi.nlm.nih.gov/  HTTP/1.1
Host: www.ncbi.nlm.nih.gov
User-Agent: Mozilla/5.0 (Windows NT 10.0; rv:102.0) Gecko/20100101 Firefox/102.0
Accept: text/html,application/xhtml+xml,application/xml;q=0.9,image/avif,image/webp,*/*;q=0.8
Accept-Encoding: gzip, deflate, br
Accept-Language: en-US,en;q=0.5
DNT: 1
Connection: keep-alive
Upgrade-Insecure-Requests: 1
Sec-Fetch-Dest: document
Sec-Fetch-Mode: navigate
Sec-Fetch-Site: cross-site

",0,https://www.ncbi.nlm.nih.gov/,463,HTTP/1.1,0.4406578540802002,0.10998725891113281,0.14647722244262695,400,Bad Request,[''],13,13,7740,"{""date"": ""Wed, 25 Oct 2023 12:33:50 GMT"", ""server"": ""Apache"", ""strict-transport-security"": ""max-age=31536000; includeSubDomains; preload"", ""referrer-policy"": ""origin-when-cross-origin"", ""content-security-policy"": ""upgrade-insecure-requests"", ""upgrade"": ""h2,h2c"", ""connection"": ""Upgrade, close"", ""accept-ranges"": ""bytes"", ""vary"": ""Accept-Encoding"", ""x-ua-compatible"": ""IE=Edge"", ""x-xss-protection"": ""1; mode=block"", ""x-frame-options"": ""SAMEORIGIN"", ""content-type"": ""text/html""}"
4,"GET https://www.ncbi.nlm.nih.gov/  HTTP/1.1
Host: www.ncbi.nlm.nih.gov
User-Agent: Mozilla/5.0 (Windows NT 10.0; rv:102.0) Gecko/20100101 Firefox/102.0
Accept: text/html,application/xhtml+xml,application/xml;q=0.9,image/avif,image/webp,*/*;q=0.8
Accept-Encoding: gzip, deflate, br
Accept-Language: en-US,en;q=0.5
DNT: 1
Connection: keep-alive
Upgrade-Insecure-Requests: 1
Sec-Fetch-Dest: document
Sec-Fetch-Mode: navigate
Sec-Fetch-Site: cross-site

",0,https://www.ncbi.nlm.nih.gov/,463,HTTP/1.1,0.40798521041870117,0.12395000457763672,0.14483165740966797,400,Bad Request,[''],13,13,7740,"{""date"": ""Wed, 25 Oct 2023 12:34:03 GMT"", ""server"": ""Apache"", ""strict-transport-security"": ""max-age=31536000; includeSubDomains; preload"", ""referrer-policy"": ""origin-when-cross-origin"", ""content-security-policy"": ""upgrade-insecure-requests"", ""upgrade"": ""h2,h2c"", ""connection"": ""Upgrade, close"", ""accept-ranges"": ""bytes"", ""vary"": ""Accept-Encoding"", ""x-ua-compatible"": ""IE=Edge"", ""x-xss-protection"": ""1; mode=block"", ""x-frame-options"": ""SAMEORIGIN"", ""content-type"": ""text/html""}"
5,"GET https://www.ncbi.nlm.nih.gov/  HTTP/1.1
Host: www.ncbi.nlm.nih.gov
User-Agent: Mozilla/5.0 (Windows NT 10.0; rv:102.0) Gecko/20100101 Firefox/102.0
Accept: text/html,application/xhtml+xml,application/xml;q=0.9,image/avif,image/webp,*/*;q=0.8
Accept-Encoding: gzip, deflate, br
Accept-Language: en-US,en;q=0.5
DNT: 1
Connection: keep-alive
Upgrade-Insecure-Requests: 1
Sec-Fetch-Dest: document
Sec-Fetch-Mode: navigate
Sec-Fetch-Site: cross-site

",0,https://www.ncbi.nlm.nih.gov/,463,HTTP/1.1,0.49460840225219727,0.11471700668334961,0.12406682968139648,400,Bad Request,[''],13,13,7740,"{""date"": ""Wed, 25 Oct 2023 12:34:15 GMT"", ""server"": ""Apache"", ""strict-transport-security"": ""max-age=31536000; includeSubDomains; preload"", ""referrer-policy"": ""origin-when-cross-origin"", ""content-security-policy"": ""upgrade-insecure-requests"", ""upgrade"": ""h2,h2c"", ""connection"": ""Upgrade, close"", ""accept-ranges"": ""bytes"", ""vary"": ""Accept-Encoding"", ""x-ua-compatible"": ""IE=Edge"", ""x-xss-protection"": ""1; mode=block"", ""x-frame-options"": ""SAMEORIGIN"", ""content-type"": ""text/html""}"
6,"GET https://www.ncbi.nlm.nih.gov/  HTTP/1.1
Host: www.ncbi.nlm.nih.gov
User-Agent: Mozilla/5.0 (Windows NT 10.0; rv:102.0) Gecko/20100101 Firefox/102.0
Accept: text/html,application/xhtml+xml,application/xml;q=0.9,image/avif,image/webp,*/*;q=0.8
Accept-Encoding: gzip, deflate, br
Accept-Language: en-US,en;q=0.5
DNT: 1
Connection: keep-alive
Upgrade-Insecure-Requests: 1
Sec-Fetch-Dest: document
Sec-Fetch-Mode: navigate
Sec-Fetch-Site: cross-site

",0,https://www.ncbi.nlm.nih.gov/,463,HTTP/1.1,0.4260563850402832,0.11305856704711914,0.11638331413269043,400,Bad Request,[''],13,13,7740,"{""date"": ""Wed, 25 Oct 2023 12:34:27 GMT"", ""server"": ""Apache"", ""strict-transport-security"": ""max-age=31536000; includeSubDomains; preload"", ""referrer-policy"": ""origin-when-cross-origin"", ""content-security-policy"": ""upgrade-insecure-requests"", ""upgrade"": ""h2,h2c"", ""connection"": ""Upgrade, close"", ""accept-ranges"": ""bytes"", ""vary"": ""Accept-Encoding"", ""x-ua-compatible"": ""IE=Edge"", ""x-xss-protection"": ""1; mode=block"", ""x-frame-options"": ""SAMEORIGIN"", ""content-type"": ""text/html""}"
7,"GET https://www.ncbi.nlm.nih.gov/  HTTP/1.1
Host: www.ncbi.nlm.nih.gov
User-Agent: Mozilla/5.0 (Windows NT 10.0; rv:102.0) Gecko/20100101 Firefox/102.0
Accept: text/html,application/xhtml+xml,application/xml;q=0.9,image/avif,image/webp,*/*;q=0.8
Accept-Encoding: gzip, deflate, br
Accept-Language: en-US,en;q=0.5
DNT: 1
Connection: keep-alive
Upgrade-Insecure-Requests: 1
Sec-Fetch-Dest: document
Sec-Fetch-Mode: navigate
Sec-Fetch-Site: cross-site

",0,https://www.ncbi.nlm.nih.gov/,463,HTTP/1.1,0.4193718433380127,0.10903334617614746,0.11408567428588867,400,Bad Request,[''],13,13,7740,"{""date"": ""Wed, 25 Oct 2023 12:34:39 GMT"", ""server"": ""Apache"", ""strict-transport-security"": ""max-age=31536000; includeSubDomains; preload"", ""referrer-policy"": ""origin-when-cross-origin"", ""content-security-policy"": ""upgrade-insecure-requests"", ""upgrade"": ""h2,h2c"", ""connection"": ""Upgrade, close"", ""accept-ranges"": ""bytes"", ""vary"": ""Accept-Encoding"", ""x-ua-compatible"": ""IE=Edge"", ""x-xss-protection"": ""1; mode=block"", ""x-frame-options"": ""SAMEORIGIN"", ""content-type"": ""text/html""}"
8,"GET https://www.ncbi.nlm.nih.gov/  HTTP/1.1
Host: www.ncbi.nlm.nih.gov
User-Agent: Mozilla/5.0 (Windows NT 10.0; rv:102.0) Gecko/20100101 Firefox/102.0
Accept: text/html,application/xhtml+xml,application/xml;q=0.9,image/avif,image/webp,*/*;q=0.8
Accept-Encoding: gzip, deflate, br
Accept-Language: en-US,en;q=0.5
DNT: 1
Connection: keep-alive
Upgrade-Insecure-Requests: 1
Sec-Fetch-Dest: document
Sec-Fetch-Mode: navigate
Sec-Fetch-Site: cross-site

",0,https://www.ncbi.nlm.nih.gov/,463,HTTP/1.1,0.4189274311065674,0.1359093189239502,0.13483786582946777,400,Bad Request,[''],13,13,7740,"{""date"": ""Wed, 25 Oct 2023 12:34:50 GMT"", ""server"": ""Apache"", ""strict-transport-security"": ""max-age=31536000; includeSubDomains; preload"", ""referrer-policy"": ""origin-when-cross-origin"", ""content-security-policy"": ""upgrade-insecure-requests"", ""upgrade"": ""h2,h2c"", ""connection"": ""Upgrade, close"", ""accept-ranges"": ""bytes"", ""vary"": ""Accept-Encoding"", ""x-ua-compatible"": ""IE=Edge"", ""x-xss-protection"": ""1; mode=block"", ""x-frame-options"": ""SAMEORIGIN"", ""content-type"": ""text/html""}"
9,"GET https://www.ncbi.nlm.nih.gov/  HTTP/1.1
Host: www.ncbi.nlm.nih.gov
User-Agent: Mozilla/5.0 (Windows NT 10.0; rv:102.0) Gecko/20100101 Firefox/102.0
Accept: text/html,application/xhtml+xml,application/xml;q=0.9,image/avif,image/webp,*/*;q=0.8
Accept-Encoding: gzip, deflate, br
Accept-Language: en-US,en;q=0.5
DNT: 1
Connection: keep-alive
Upgrade-Insecure-Requests: 1
Sec-Fetch-Dest: document
Sec-Fetch-Mode: navigate
Sec-Fetch-Site: cross-site

",0,https://www.ncbi.nlm.nih.gov/,463,HTTP/1.1,0.42479372024536133,0.11711788177490234,0.11727523803710938,400,Bad Request,[''],13,13,7740,"{""date"": ""Wed, 25 Oct 2023 12:35:02 GMT"", ""server"": ""Apache"", ""strict-transport-security"": ""max-age=31536000; includeSubDomains; preload"", ""referrer-policy"": ""origin-when-cross-origin"", ""content-security-policy"": ""upgrade-insecure-requests"", ""upgrade"": ""h2,h2c"", ""connection"": ""Upgrade, close"", ""accept-ranges"": ""bytes"", ""vary"": ""Accept-Encoding"", ""x-ua-compatible"": ""IE=Edge"", ""x-xss-protection"": ""1; mode=block"", ""x-frame-options"": ""SAMEORIGIN"", ""content-type"": ""text/html""}"
