[
    {
        "number": 0,
        "request": "GET https://www.ncbi.nlm.nih.gov/  HTTP/1.1\r\nHost: www.ncbi.nlm.nih.gov\r\nUser-Agent: Mozilla/5.0 (Windows NT 10.0; rv:102.0) Gecko/20100101 Firefox/102.0\r\nAccept: text/html,application/xhtml+xml,application/xml;q=0.9,image/avif,image/webp,*/*;q=0.8\r\nAccept-Encoding: gzip, deflate, br\r\nAccept-Language: en-US,en;q=0.5\r\nDNT: 1\r\nConnection: keep-alive\r\nUpgrade-Insecure-Requests: 1\r\nSec-Fetch-Dest: document\r\nSec-Fetch-Mode: navigate\r\nSec-Fetch-Site: cross-site\r\n\r\n",
        "deviation_count": 0,
        "uri": "https://www.ncbi.nlm.nih.gov/",
        "request_length": 463,
        "Response_Time": 0.13426446914672852,
        "status_code": 400,
        "reason_phrase": "Bad Request",
        "error_message": [
            ""
        ],
        "response_header_count": 13,
        "response_header_length": 13,
        "response_body_length": 7740,
        "response_header_fields": {
            "date": "Wed, 25 Oct 2023 12:33:13 GMT",
            "server": "Apache",
            "strict-transport-security": "max-age=31536000; includeSubDomains; preload",
            "referrer-policy": "origin-when-cross-origin",
            "content-security-policy": "upgrade-insecure-requests",
            "upgrade": "h2,h2c",
            "connection": "Upgrade, close",
            "accept-ranges": "bytes",
            "vary": "Accept-Encoding",
            "x-ua-compatible": "IE=Edge",
            "x-xss-protection": "1; mode=block",
            "x-frame-options": "SAMEORIGIN",
            "content-type": "text/html"
        }
    },
    {
        "number": 1,
        "request": "GET https://www.ncbi.nlm.nih.gov/  HTTP/1.1\r\nHost: www.ncbi.nlm.nih.gov\r\nUser-Agent: Mozilla/5.0 (Windows NT 10.0; rv:102.0) Gecko/20100101 Firefox/102.0\r\nAccept: text/html,application/xhtml+xml,application/xml;q=0.9,image/avif,image/webp,*/*;q=0.8\r\nAccept-Encoding: gzip, deflate, br\r\nAccept-Language: en-US,en;q=0.5\r\nDNT: 1\r\nConnection: keep-alive\r\nUpgrade-Insecure-Requests: 1\r\nSec-Fetch-Dest: document\r\nSec-Fetch-Mode: navigate\r\nSec-Fetch-Site: cross-site\r\n\r\n",
        "deviation_count": 0,
        "uri": "https://www.ncbi.nlm.nih.gov/",
        "request_length": 463,
        "Response_Time": 0.13945579528808594,
        "status_code": 400,
        "reason_phrase": "Bad Request",
        "error_message": [
            ""
        ],
        "response_header_count": 13,
        "response_header_length": 13,
        "response_body_length": 7740,
        "response_header_fields": {
            "date": "Wed, 25 Oct 2023 12:33:26 GMT",
            "server": "Apache",
            "strict-transport-security": "max-age=31536000; includeSubDomains; preload",
            "referrer-policy": "origin-when-cross-origin",
            "content-security-policy": "upgrade-insecure-requests",
            "upgrade": "h2,h2c",
            "connection": "Upgrade, close",
            "accept-ranges": "bytes",
            "vary": "Accept-Encoding",
            "x-ua-compatible": "IE=Edge",
            "x-xss-protection": "1; mode=block",
            "x-frame-options": "SAMEORIGIN",
            "content-type": "text/html"
        }
    },
    {
        "number": 2,
        "request": "GET https://www.ncbi.nlm.nih.gov/  HTTP/1.1\r\nHost: www.ncbi.nlm.nih.gov\r\nUser-Agent: Mozilla/5.0 (Windows NT 10.0; rv:102.0) Gecko/20100101 Firefox/102.0\r\nAccept: text/html,application/xhtml+xml,application/xml;q=0.9,image/avif,image/webp,*/*;q=0.8\r\nAccept-Encoding: gzip, deflate, br\r\nAccept-Language: en-US,en;q=0.5\r\nDNT: 1\r\nConnection: keep-alive\r\nUpgrade-Insecure-Requests: 1\r\nSec-Fetch-Dest: document\r\nSec-Fetch-Mode: navigate\r\nSec-Fetch-Site: cross-site\r\n\r\n",
        "deviation_count": 0,
        "uri": "https://www.ncbi.nlm.nih.gov/",
        "request_length": 463,
        "Response_Time": 0.1341090202331543,
        "status_code": 400,
        "reason_phrase": "Bad Request",
        "error_message": [
            ""
        ],
        "response_header_count": 13,
        "response_header_length": 13,
        "response_body_length": 7740,
        "response_header_fields": {
            "date": "Wed, 25 Oct 2023 12:33:38 GMT",
            "server": "Apache",
            "strict-transport-security": "max-age=31536000; includeSubDomains; preload",
            "referrer-policy": "origin-when-cross-origin",
            "content-security-policy": "upgrade-insecure-requests",
            "upgrade": "h2,h2c",
            "connection": "Upgrade, close",
            "accept-ranges": "bytes",
            "vary": "Accept-Encoding",
            "x-ua-compatible": "IE=Edge",
            "x-xss-protection": "1; mode=block",
            "x-frame-options": "SAMEORIGIN",
            "content-type": "text/html"
        }
    },
    {
        "number": 3,
        "request": "GET https://www.ncbi.nlm.nih.gov/  HTTP/1.1\r\nHost: www.ncbi.nlm.nih.gov\r\nUser-Agent: Mozilla/5.0 (Windows NT 10.0; rv:102.0) Gecko/20100101 Firefox/102.0\r\nAccept: text/html,application/xhtml+xml,application/xml;q=0.9,image/avif,image/webp,*/*;q=0.8\r\nAccept-Encoding: gzip, deflate, br\r\nAccept-Language: en-US,en;q=0.5\r\nDNT: 1\r\nConnection: keep-alive\r\nUpgrade-Insecure-Requests: 1\r\nSec-Fetch-Dest: document\r\nSec-Fetch-Mode: navigate\r\nSec-Fetch-Site: cross-site\r\n\r\n",
        "deviation_count": 0,
        "uri": "https://www.ncbi.nlm.nih.gov/",
        "request_length": 463,
        "Response_Time": 0.14647722244262695,
        "status_code": 400,
        "reason_phrase": "Bad Request",
        "error_message": [
            ""
        ],
        "response_header_count": 13,
        "response_header_length": 13,
        "response_body_length": 7740,
        "response_header_fields": {
            "date": "Wed, 25 Oct 2023 12:33:50 GMT",
            "server": "Apache",
            "strict-transport-security": "max-age=31536000; includeSubDomains; preload",
            "referrer-policy": "origin-when-cross-origin",
            "content-security-policy": "upgrade-insecure-requests",
            "upgrade": "h2,h2c",
            "connection": "Upgrade, close",
            "accept-ranges": "bytes",
            "vary": "Accept-Encoding",
            "x-ua-compatible": "IE=Edge",
            "x-xss-protection": "1; mode=block",
            "x-frame-options": "SAMEORIGIN",
            "content-type": "text/html"
        }
    },
    {
        "number": 4,
        "request": "GET https://www.ncbi.nlm.nih.gov/  HTTP/1.1\r\nHost: www.ncbi.nlm.nih.gov\r\nUser-Agent: Mozilla/5.0 (Windows NT 10.0; rv:102.0) Gecko/20100101 Firefox/102.0\r\nAccept: text/html,application/xhtml+xml,application/xml;q=0.9,image/avif,image/webp,*/*;q=0.8\r\nAccept-Encoding: gzip, deflate, br\r\nAccept-Language: en-US,en;q=0.5\r\nDNT: 1\r\nConnection: keep-alive\r\nUpgrade-Insecure-Requests: 1\r\nSec-Fetch-Dest: document\r\nSec-Fetch-Mode: navigate\r\nSec-Fetch-Site: cross-site\r\n\r\n",
        "deviation_count": 0,
        "uri": "https://www.ncbi.nlm.nih.gov/",
        "request_length": 463,
        "Response_Time": 0.14483165740966797,
        "status_code": 400,
        "reason_phrase": "Bad Request",
        "error_message": [
            ""
        ],
        "response_header_count": 13,
        "response_header_length": 13,
        "response_body_length": 7740,
        "response_header_fields": {
            "date": "Wed, 25 Oct 2023 12:34:03 GMT",
            "server": "Apache",
            "strict-transport-security": "max-age=31536000; includeSubDomains; preload",
            "referrer-policy": "origin-when-cross-origin",
            "content-security-policy": "upgrade-insecure-requests",
            "upgrade": "h2,h2c",
            "connection": "Upgrade, close",
            "accept-ranges": "bytes",
            "vary": "Accept-Encoding",
            "x-ua-compatible": "IE=Edge",
            "x-xss-protection": "1; mode=block",
            "x-frame-options": "SAMEORIGIN",
            "content-type": "text/html"
        }
    },
    {
        "number": 5,
        "request": "GET https://www.ncbi.nlm.nih.gov/  HTTP/1.1\r\nHost: www.ncbi.nlm.nih.gov\r\nUser-Agent: Mozilla/5.0 (Windows NT 10.0; rv:102.0) Gecko/20100101 Firefox/102.0\r\nAccept: text/html,application/xhtml+xml,application/xml;q=0.9,image/avif,image/webp,*/*;q=0.8\r\nAccept-Encoding: gzip, deflate, br\r\nAccept-Language: en-US,en;q=0.5\r\nDNT: 1\r\nConnection: keep-alive\r\nUpgrade-Insecure-Requests: 1\r\nSec-Fetch-Dest: document\r\nSec-Fetch-Mode: navigate\r\nSec-Fetch-Site: cross-site\r\n\r\n",
        "deviation_count": 0,
        "uri": "https://www.ncbi.nlm.nih.gov/",
        "request_length": 463,
        "Response_Time": 0.12406682968139648,
        "status_code": 400,
        "reason_phrase": "Bad Request",
        "error_message": [
            ""
        ],
        "response_header_count": 13,
        "response_header_length": 13,
        "response_body_length": 7740,
        "response_header_fields": {
            "date": "Wed, 25 Oct 2023 12:34:15 GMT",
            "server": "Apache",
            "strict-transport-security": "max-age=31536000; includeSubDomains; preload",
            "referrer-policy": "origin-when-cross-origin",
            "content-security-policy": "upgrade-insecure-requests",
            "upgrade": "h2,h2c",
            "connection": "Upgrade, close",
            "accept-ranges": "bytes",
            "vary": "Accept-Encoding",
            "x-ua-compatible": "IE=Edge",
            "x-xss-protection": "1; mode=block",
            "x-frame-options": "SAMEORIGIN",
            "content-type": "text/html"
        }
    },
    {
        "number": 6,
        "request": "GET https://www.ncbi.nlm.nih.gov/  HTTP/1.1\r\nHost: www.ncbi.nlm.nih.gov\r\nUser-Agent: Mozilla/5.0 (Windows NT 10.0; rv:102.0) Gecko/20100101 Firefox/102.0\r\nAccept: text/html,application/xhtml+xml,application/xml;q=0.9,image/avif,image/webp,*/*;q=0.8\r\nAccept-Encoding: gzip, deflate, br\r\nAccept-Language: en-US,en;q=0.5\r\nDNT: 1\r\nConnection: keep-alive\r\nUpgrade-Insecure-Requests: 1\r\nSec-Fetch-Dest: document\r\nSec-Fetch-Mode: navigate\r\nSec-Fetch-Site: cross-site\r\n\r\n",
        "deviation_count": 0,
        "uri": "https://www.ncbi.nlm.nih.gov/",
        "request_length": 463,
        "Response_Time": 0.11638331413269043,
        "status_code": 400,
        "reason_phrase": "Bad Request",
        "error_message": [
            ""
        ],
        "response_header_count": 13,
        "response_header_length": 13,
        "response_body_length": 7740,
        "response_header_fields": {
            "date": "Wed, 25 Oct 2023 12:34:27 GMT",
            "server": "Apache",
            "strict-transport-security": "max-age=31536000; includeSubDomains; preload",
            "referrer-policy": "origin-when-cross-origin",
            "content-security-policy": "upgrade-insecure-requests",
            "upgrade": "h2,h2c",
            "connection": "Upgrade, close",
            "accept-ranges": "bytes",
            "vary": "Accept-Encoding",
            "x-ua-compatible": "IE=Edge",
            "x-xss-protection": "1; mode=block",
            "x-frame-options": "SAMEORIGIN",
            "content-type": "text/html"
        }
    },
    {
        "number": 7,
        "request": "GET https://www.ncbi.nlm.nih.gov/  HTTP/1.1\r\nHost: www.ncbi.nlm.nih.gov\r\nUser-Agent: Mozilla/5.0 (Windows NT 10.0; rv:102.0) Gecko/20100101 Firefox/102.0\r\nAccept: text/html,application/xhtml+xml,application/xml;q=0.9,image/avif,image/webp,*/*;q=0.8\r\nAccept-Encoding: gzip, deflate, br\r\nAccept-Language: en-US,en;q=0.5\r\nDNT: 1\r\nConnection: keep-alive\r\nUpgrade-Insecure-Requests: 1\r\nSec-Fetch-Dest: document\r\nSec-Fetch-Mode: navigate\r\nSec-Fetch-Site: cross-site\r\n\r\n",
        "deviation_count": 0,
        "uri": "https://www.ncbi.nlm.nih.gov/",
        "request_length": 463,
        "Response_Time": 0.11408567428588867,
        "status_code": 400,
        "reason_phrase": "Bad Request",
        "error_message": [
            ""
        ],
        "response_header_count": 13,
        "response_header_length": 13,
        "response_body_length": 7740,
        "response_header_fields": {
            "date": "Wed, 25 Oct 2023 12:34:39 GMT",
            "server": "Apache",
            "strict-transport-security": "max-age=31536000; includeSubDomains; preload",
            "referrer-policy": "origin-when-cross-origin",
            "content-security-policy": "upgrade-insecure-requests",
            "upgrade": "h2,h2c",
            "connection": "Upgrade, close",
            "accept-ranges": "bytes",
            "vary": "Accept-Encoding",
            "x-ua-compatible": "IE=Edge",
            "x-xss-protection": "1; mode=block",
            "x-frame-options": "SAMEORIGIN",
            "content-type": "text/html"
        }
    },
    {
        "number": 8,
        "request": "GET https://www.ncbi.nlm.nih.gov/  HTTP/1.1\r\nHost: www.ncbi.nlm.nih.gov\r\nUser-Agent: Mozilla/5.0 (Windows NT 10.0; rv:102.0) Gecko/20100101 Firefox/102.0\r\nAccept: text/html,application/xhtml+xml,application/xml;q=0.9,image/avif,image/webp,*/*;q=0.8\r\nAccept-Encoding: gzip, deflate, br\r\nAccept-Language: en-US,en;q=0.5\r\nDNT: 1\r\nConnection: keep-alive\r\nUpgrade-Insecure-Requests: 1\r\nSec-Fetch-Dest: document\r\nSec-Fetch-Mode: navigate\r\nSec-Fetch-Site: cross-site\r\n\r\n",
        "deviation_count": 0,
        "uri": "https://www.ncbi.nlm.nih.gov/",
        "request_length": 463,
        "Response_Time": 0.13483786582946777,
        "status_code": 400,
        "reason_phrase": "Bad Request",
        "error_message": [
            ""
        ],
        "response_header_count": 13,
        "response_header_length": 13,
        "response_body_length": 7740,
        "response_header_fields": {
            "date": "Wed, 25 Oct 2023 12:34:50 GMT",
            "server": "Apache",
            "strict-transport-security": "max-age=31536000; includeSubDomains; preload",
            "referrer-policy": "origin-when-cross-origin",
            "content-security-policy": "upgrade-insecure-requests",
            "upgrade": "h2,h2c",
            "connection": "Upgrade, close",
            "accept-ranges": "bytes",
            "vary": "Accept-Encoding",
            "x-ua-compatible": "IE=Edge",
            "x-xss-protection": "1; mode=block",
            "x-frame-options": "SAMEORIGIN",
            "content-type": "text/html"
        }
    },
    {
        "number": 9,
        "request": "GET https://www.ncbi.nlm.nih.gov/  HTTP/1.1\r\nHost: www.ncbi.nlm.nih.gov\r\nUser-Agent: Mozilla/5.0 (Windows NT 10.0; rv:102.0) Gecko/20100101 Firefox/102.0\r\nAccept: text/html,application/xhtml+xml,application/xml;q=0.9,image/avif,image/webp,*/*;q=0.8\r\nAccept-Encoding: gzip, deflate, br\r\nAccept-Language: en-US,en;q=0.5\r\nDNT: 1\r\nConnection: keep-alive\r\nUpgrade-Insecure-Requests: 1\r\nSec-Fetch-Dest: document\r\nSec-Fetch-Mode: navigate\r\nSec-Fetch-Site: cross-site\r\n\r\n",
        "deviation_count": 0,
        "uri": "https://www.ncbi.nlm.nih.gov/",
        "request_length": 463,
        "Response_Time": 0.11727523803710938,
        "status_code": 400,
        "reason_phrase": "Bad Request",
        "error_message": [
            ""
        ],
        "response_header_count": 13,
        "response_header_length": 13,
        "response_body_length": 7740,
        "response_header_fields": {
            "date": "Wed, 25 Oct 2023 12:35:02 GMT",
            "server": "Apache",
            "strict-transport-security": "max-age=31536000; includeSubDomains; preload",
            "referrer-policy": "origin-when-cross-origin",
            "content-security-policy": "upgrade-insecure-requests",
            "upgrade": "h2,h2c",
            "connection": "Upgrade, close",
            "accept-ranges": "bytes",
            "vary": "Accept-Encoding",
            "x-ua-compatible": "IE=Edge",
            "x-xss-protection": "1; mode=block",
            "x-frame-options": "SAMEORIGIN",
            "content-type": "text/html"
        }
    }
]