number,request,deviation_count,uri,request_length,http_version,Socket_Connect_Time,Socket_Close_Time,Response_Time,status_code,reason_phrase,error_message,response_header_count,response_header_length,response_body_length,response_header_fields
0,"GET https://www.dropbox.com/  HTTP/1.1
Host: www.dropbox.com
User-Agent: Mozilla/5.0 (Windows NT 10.0; rv:102.0) Gecko/20100101 Firefox/102.0
Accept: text/html,application/xhtml+xml,application/xml;q=0.9,image/avif,image/webp,*/*;q=0.8
Accept-Encoding: gzip, deflate, br
Accept-Language: en-US,en;q=0.5
DNT: 1
Connection: keep-alive
Upgrade-Insecure-Requests: 1
Sec-Fetch-Dest: document
Sec-Fetch-Mode: navigate
Sec-Fetch-Site: cross-site

",0,https://www.dropbox.com/,453,HTTP/1.1,0.1921379566192627,0.1448974609375,0.8414027690887451,200,OK,[''],18,18,2906,"{""content-security-policy"": ""report-uri https://www.dropbox.com/csp_log?policy_name=metaserver-dynamic ; script-src 'unsafe-eval' 'strict-dynamic' 'nonce-7dZEfkdnH8R2tO1DtSkT' 'nonce-djQ7rdbyMT4zuMjO1r4t'"", ""referrer-policy"": ""strict-origin-when-cross-origin"", ""set-cookie"": ""locale=en; Domain=dropbox.com; expires=Mon, 23 Oct 2028 12:33:18 GMT; Path=/; SameSite=None; Secure"", ""x-content-type-options"": ""nosniff"", ""x-frame-options"": ""DENY"", ""x-permitted-cross-domain-policies"": ""none"", ""x-xss-protection"": ""1; mode=block"", ""content-type"": ""text/html; charset=utf-8"", ""accept-encoding"": ""identity,gzip"", ""date"": ""Wed, 25 Oct 2023 12:33:18 GMT"", ""server"": ""envoy"", ""strict-transport-security"": ""max-age=31536000; includeSubDomains"", ""cache-control"": ""no-cache, no-store"", ""content-encoding"": ""gzip"", ""vary"": ""Accept-Encoding"", ""x-dropbox-response-origin"": ""far_remote"", ""x-dropbox-request-id"": ""84d5258d09b14479ae653fd2a1fbcb5f"", ""transfer-encoding"": ""chunked""}"
1,"GET https://www.dropbox.com/  HTTP/1.1
Host: www.dropbox.com
User-Agent: Mozilla/5.0 (Windows NT 10.0; rv:102.0) Gecko/20100101 Firefox/102.0
Accept: text/html,application/xhtml+xml,application/xml;q=0.9,image/avif,image/webp,*/*;q=0.8
Accept-Encoding: gzip, deflate, br
Accept-Language: en-US,en;q=0.5
DNT: 1
Connection: keep-alive
Upgrade-Insecure-Requests: 1
Sec-Fetch-Dest: document
Sec-Fetch-Mode: navigate
Sec-Fetch-Site: cross-site

",0,https://www.dropbox.com/,453,HTTP/1.1,0.15756726264953613,0.10694241523742676,0.8657844066619873,200,OK,[''],18,18,0,"{""content-security-policy"": ""report-uri https://www.dropbox.com/csp_log?policy_name=metaserver-dynamic ; script-src 'unsafe-eval' 'strict-dynamic' 'nonce-2hKl30R1EqCbVnYy6vAT' 'nonce-FT/8rXIWvwMkW0WgyqHI'"", ""referrer-policy"": ""strict-origin-when-cross-origin"", ""set-cookie"": ""locale=en; Domain=dropbox.com; expires=Mon, 23 Oct 2028 12:33:29 GMT; Path=/; SameSite=None; Secure"", ""x-content-type-options"": ""nosniff"", ""x-frame-options"": ""DENY"", ""x-permitted-cross-domain-policies"": ""none"", ""x-xss-protection"": ""1; mode=block"", ""content-type"": ""text/html; charset=utf-8"", ""accept-encoding"": ""identity,gzip"", ""date"": ""Wed, 25 Oct 2023 12:33:28 GMT"", ""server"": ""envoy"", ""strict-transport-security"": ""max-age=31536000; includeSubDomains"", ""cache-control"": ""no-cache, no-store"", ""content-encoding"": ""gzip"", ""vary"": ""Accept-Encoding"", ""x-dropbox-response-origin"": ""far_remote"", ""x-dropbox-request-id"": ""06e9f301bae14f259b01e226f7a8bd73"", ""transfer-encoding"": ""chunked""}"
2,"GET https://www.dropbox.com/  HTTP/1.1
Host: www.dropbox.com
User-Agent: Mozilla/5.0 (Windows NT 10.0; rv:102.0) Gecko/20100101 Firefox/102.0
Accept: text/html,application/xhtml+xml,application/xml;q=0.9,image/avif,image/webp,*/*;q=0.8
Accept-Encoding: gzip, deflate, br
Accept-Language: en-US,en;q=0.5
DNT: 1
Connection: keep-alive
Upgrade-Insecure-Requests: 1
Sec-Fetch-Dest: document
Sec-Fetch-Mode: navigate
Sec-Fetch-Site: cross-site

",0,https://www.dropbox.com/,453,HTTP/1.1,0.15156340599060059,0.11263179779052734,0.7246294021606445,200,OK,[''],18,18,0,"{""content-security-policy"": ""report-uri https://www.dropbox.com/csp_log?policy_name=metaserver-dynamic ; script-src 'unsafe-eval' 'strict-dynamic' 'nonce-hcMt40voaE0crD20gtYk' 'nonce-hSxcxadqNPr/Q9NQSHie'"", ""referrer-policy"": ""strict-origin-when-cross-origin"", ""set-cookie"": ""locale=en; Domain=dropbox.com; expires=Mon, 23 Oct 2028 12:33:40 GMT; Path=/; SameSite=None; Secure"", ""x-content-type-options"": ""nosniff"", ""x-frame-options"": ""DENY"", ""x-permitted-cross-domain-policies"": ""none"", ""x-xss-protection"": ""1; mode=block"", ""content-type"": ""text/html; charset=utf-8"", ""accept-encoding"": ""identity,gzip"", ""date"": ""Wed, 25 Oct 2023 12:33:39 GMT"", ""server"": ""envoy"", ""strict-transport-security"": ""max-age=31536000; includeSubDomains"", ""cache-control"": ""no-cache, no-store"", ""content-encoding"": ""gzip"", ""vary"": ""Accept-Encoding"", ""x-dropbox-response-origin"": ""far_remote"", ""x-dropbox-request-id"": ""56e22587335347fc9e198355831015da"", ""transfer-encoding"": ""chunked""}"
3,"GET https://www.dropbox.com/  HTTP/1.1
Host: www.dropbox.com
User-Agent: Mozilla/5.0 (Windows NT 10.0; rv:102.0) Gecko/20100101 Firefox/102.0
Accept: text/html,application/xhtml+xml,application/xml;q=0.9,image/avif,image/webp,*/*;q=0.8
Accept-Encoding: gzip, deflate, br
Accept-Language: en-US,en;q=0.5
DNT: 1
Connection: keep-alive
Upgrade-Insecure-Requests: 1
Sec-Fetch-Dest: document
Sec-Fetch-Mode: navigate
Sec-Fetch-Site: cross-site

",0,https://www.dropbox.com/,453,HTTP/1.1,0.1765766143798828,0.1256413459777832,0.8252847194671631,200,OK,[''],18,18,0,"{""content-security-policy"": ""report-uri https://www.dropbox.com/csp_log?policy_name=metaserver-dynamic ; script-src 'unsafe-eval' 'strict-dynamic' 'nonce-4VEwjnHl4MTb+UF70oG1' 'nonce-MSiZdCPxgkwDKEaGVRcL'"", ""referrer-policy"": ""strict-origin-when-cross-origin"", ""set-cookie"": ""locale=en; Domain=dropbox.com; expires=Mon, 23 Oct 2028 12:33:50 GMT; Path=/; SameSite=None; Secure"", ""x-content-type-options"": ""nosniff"", ""x-frame-options"": ""DENY"", ""x-permitted-cross-domain-policies"": ""none"", ""x-xss-protection"": ""1; mode=block"", ""content-type"": ""text/html; charset=utf-8"", ""accept-encoding"": ""identity,gzip"", ""date"": ""Wed, 25 Oct 2023 12:33:50 GMT"", ""server"": ""envoy"", ""strict-transport-security"": ""max-age=31536000; includeSubDomains"", ""cache-control"": ""no-cache, no-store"", ""content-encoding"": ""gzip"", ""vary"": ""Accept-Encoding"", ""x-dropbox-response-origin"": ""far_remote"", ""x-dropbox-request-id"": ""f04f4ce831f9497fbb58575a467f687a"", ""transfer-encoding"": ""chunked""}"
4,"GET https://www.dropbox.com/  HTTP/1.1
Host: www.dropbox.com
User-Agent: Mozilla/5.0 (Windows NT 10.0; rv:102.0) Gecko/20100101 Firefox/102.0
Accept: text/html,application/xhtml+xml,application/xml;q=0.9,image/avif,image/webp,*/*;q=0.8
Accept-Encoding: gzip, deflate, br
Accept-Language: en-US,en;q=0.5
DNT: 1
Connection: keep-alive
Upgrade-Insecure-Requests: 1
Sec-Fetch-Dest: document
Sec-Fetch-Mode: navigate
Sec-Fetch-Site: cross-site

",0,https://www.dropbox.com/,453,HTTP/1.1,0.15386247634887695,0.10626864433288574,0.9142262935638428,200,OK,[''],18,18,0,"{""content-security-policy"": ""report-uri https://www.dropbox.com/csp_log?policy_name=metaserver-dynamic ; script-src 'unsafe-eval' 'strict-dynamic' 'nonce-D+6NJyIi+7bShT8OIzsK' 'nonce-iP4y4La4lOWlvqf7vOI8'"", ""referrer-policy"": ""strict-origin-when-cross-origin"", ""set-cookie"": ""locale=en; Domain=dropbox.com; expires=Mon, 23 Oct 2028 12:34:01 GMT; Path=/; SameSite=None; Secure"", ""x-content-type-options"": ""nosniff"", ""x-frame-options"": ""DENY"", ""x-permitted-cross-domain-policies"": ""none"", ""x-xss-protection"": ""1; mode=block"", ""content-type"": ""text/html; charset=utf-8"", ""accept-encoding"": ""identity,gzip"", ""date"": ""Wed, 25 Oct 2023 12:34:00 GMT"", ""server"": ""envoy"", ""strict-transport-security"": ""max-age=31536000; includeSubDomains"", ""cache-control"": ""no-cache, no-store"", ""content-encoding"": ""gzip"", ""vary"": ""Accept-Encoding"", ""x-dropbox-response-origin"": ""far_remote"", ""x-dropbox-request-id"": ""b787ac27af804690a10d0a8cd4908814"", ""transfer-encoding"": ""chunked""}"
5,"GET https://www.dropbox.com/  HTTP/1.1
Host: www.dropbox.com
User-Agent: Mozilla/5.0 (Windows NT 10.0; rv:102.0) Gecko/20100101 Firefox/102.0
Accept: text/html,application/xhtml+xml,application/xml;q=0.9,image/avif,image/webp,*/*;q=0.8
Accept-Encoding: gzip, deflate, br
Accept-Language: en-US,en;q=0.5
DNT: 1
Connection: keep-alive
Upgrade-Insecure-Requests: 1
Sec-Fetch-Dest: document
Sec-Fetch-Mode: navigate
Sec-Fetch-Site: cross-site

",0,https://www.dropbox.com/,453,HTTP/1.1,0.21166276931762695,0.10521245002746582,0.6612708568572998,200,OK,[''],18,18,0,"{""content-security-policy"": ""report-uri https://www.dropbox.com/csp_log?policy_name=metaserver-dynamic ; script-src 'unsafe-eval' 'strict-dynamic' 'nonce-ERwo76JpFuH4mF6koSiE' 'nonce-iXJ54qoLWo8rX6XSzPAM'"", ""referrer-policy"": ""strict-origin-when-cross-origin"", ""set-cookie"": ""locale=en; Domain=dropbox.com; expires=Mon, 23 Oct 2028 12:34:11 GMT; Path=/; SameSite=None; Secure"", ""x-content-type-options"": ""nosniff"", ""x-frame-options"": ""DENY"", ""x-permitted-cross-domain-policies"": ""none"", ""x-xss-protection"": ""1; mode=block"", ""content-type"": ""text/html; charset=utf-8"", ""accept-encoding"": ""identity,gzip"", ""date"": ""Wed, 25 Oct 2023 12:34:11 GMT"", ""server"": ""envoy"", ""strict-transport-security"": ""max-age=31536000; includeSubDomains"", ""cache-control"": ""no-cache, no-store"", ""content-encoding"": ""gzip"", ""vary"": ""Accept-Encoding"", ""x-dropbox-response-origin"": ""far_remote"", ""x-dropbox-request-id"": ""7a6fb42831834e6384cfc0b07b3998a6"", ""transfer-encoding"": ""chunked""}"
6,"GET https://www.dropbox.com/  HTTP/1.1
Host: www.dropbox.com
User-Agent: Mozilla/5.0 (Windows NT 10.0; rv:102.0) Gecko/20100101 Firefox/102.0
Accept: text/html,application/xhtml+xml,application/xml;q=0.9,image/avif,image/webp,*/*;q=0.8
Accept-Encoding: gzip, deflate, br
Accept-Language: en-US,en;q=0.5
DNT: 1
Connection: keep-alive
Upgrade-Insecure-Requests: 1
Sec-Fetch-Dest: document
Sec-Fetch-Mode: navigate
Sec-Fetch-Site: cross-site

",0,https://www.dropbox.com/,453,HTTP/1.1,0.11133432388305664,0.10515975952148438,1.0038037300109863,200,OK,[''],18,18,0,"{""content-security-policy"": ""report-uri https://www.dropbox.com/csp_log?policy_name=metaserver-dynamic ; script-src 'unsafe-eval' 'strict-dynamic' 'nonce-2zDefcQhtveH6m61eGGw' 'nonce-8OuEiitcaFltrLaf2vPR'"", ""referrer-policy"": ""strict-origin-when-cross-origin"", ""set-cookie"": ""locale=en; Domain=dropbox.com; expires=Mon, 23 Oct 2028 12:34:21 GMT; Path=/; SameSite=None; Secure"", ""x-content-type-options"": ""nosniff"", ""x-frame-options"": ""DENY"", ""x-permitted-cross-domain-policies"": ""none"", ""x-xss-protection"": ""1; mode=block"", ""content-type"": ""text/html; charset=utf-8"", ""accept-encoding"": ""identity,gzip"", ""date"": ""Wed, 25 Oct 2023 12:34:21 GMT"", ""server"": ""envoy"", ""strict-transport-security"": ""max-age=31536000; includeSubDomains"", ""cache-control"": ""no-cache, no-store"", ""content-encoding"": ""gzip"", ""vary"": ""Accept-Encoding"", ""x-dropbox-response-origin"": ""far_remote"", ""x-dropbox-request-id"": ""5aabb778cfc948e8b99d50190c4f5c38"", ""transfer-encoding"": ""chunked""}"
7,"GET https://www.dropbox.com/  HTTP/1.1
Host: www.dropbox.com
User-Agent: Mozilla/5.0 (Windows NT 10.0; rv:102.0) Gecko/20100101 Firefox/102.0
Accept: text/html,application/xhtml+xml,application/xml;q=0.9,image/avif,image/webp,*/*;q=0.8
Accept-Encoding: gzip, deflate, br
Accept-Language: en-US,en;q=0.5
DNT: 1
Connection: keep-alive
Upgrade-Insecure-Requests: 1
Sec-Fetch-Dest: document
Sec-Fetch-Mode: navigate
Sec-Fetch-Site: cross-site

",0,https://www.dropbox.com/,453,HTTP/1.1,0.12633967399597168,0.1091616153717041,0.9255983829498291,200,OK,[''],18,18,0,"{""content-security-policy"": ""report-uri https://www.dropbox.com/csp_log?policy_name=metaserver-dynamic ; script-src 'unsafe-eval' 'strict-dynamic' 'nonce-gRMsyipdOgDBvFGgzq3j' 'nonce-N1lTcDoPftLVSOltvepv'"", ""referrer-policy"": ""strict-origin-when-cross-origin"", ""set-cookie"": ""locale=en; Domain=dropbox.com; expires=Mon, 23 Oct 2028 12:34:31 GMT; Path=/; SameSite=None; Secure"", ""x-content-type-options"": ""nosniff"", ""x-frame-options"": ""DENY"", ""x-permitted-cross-domain-policies"": ""none"", ""x-xss-protection"": ""1; mode=block"", ""content-type"": ""text/html; charset=utf-8"", ""accept-encoding"": ""identity,gzip"", ""date"": ""Wed, 25 Oct 2023 12:34:31 GMT"", ""server"": ""envoy"", ""strict-transport-security"": ""max-age=31536000; includeSubDomains"", ""cache-control"": ""no-cache, no-store"", ""content-encoding"": ""gzip"", ""vary"": ""Accept-Encoding"", ""x-dropbox-response-origin"": ""far_remote"", ""x-dropbox-request-id"": ""841496fa65794902b603349af5dd1c6d"", ""transfer-encoding"": ""chunked""}"
8,"GET https://www.dropbox.com/  HTTP/1.1
Host: www.dropbox.com
User-Agent: Mozilla/5.0 (Windows NT 10.0; rv:102.0) Gecko/20100101 Firefox/102.0
Accept: text/html,application/xhtml+xml,application/xml;q=0.9,image/avif,image/webp,*/*;q=0.8
Accept-Encoding: gzip, deflate, br
Accept-Language: en-US,en;q=0.5
DNT: 1
Connection: keep-alive
Upgrade-Insecure-Requests: 1
Sec-Fetch-Dest: document
Sec-Fetch-Mode: navigate
Sec-Fetch-Site: cross-site

",0,https://www.dropbox.com/,453,HTTP/1.1,0.19446349143981934,0.1330723762512207,0.7835996150970459,200,OK,[''],18,18,0,"{""content-security-policy"": ""report-uri https://www.dropbox.com/csp_log?policy_name=metaserver-dynamic ; script-src 'unsafe-eval' 'strict-dynamic' 'nonce-UQ/D1CJd3fYGTUEtQAsi' 'nonce-FG7B3QKQ15eCr7LePE5S'"", ""referrer-policy"": ""strict-origin-when-cross-origin"", ""set-cookie"": ""locale=en; Domain=dropbox.com; expires=Mon, 23 Oct 2028 12:34:42 GMT; Path=/; SameSite=None; Secure"", ""x-content-type-options"": ""nosniff"", ""x-frame-options"": ""DENY"", ""x-permitted-cross-domain-policies"": ""none"", ""x-xss-protection"": ""1; mode=block"", ""content-type"": ""text/html; charset=utf-8"", ""accept-encoding"": ""identity,gzip"", ""date"": ""Wed, 25 Oct 2023 12:34:41 GMT"", ""server"": ""envoy"", ""strict-transport-security"": ""max-age=31536000; includeSubDomains"", ""cache-control"": ""no-cache, no-store"", ""content-encoding"": ""gzip"", ""vary"": ""Accept-Encoding"", ""x-dropbox-response-origin"": ""far_remote"", ""x-dropbox-request-id"": ""452c3248b8234d2a85ba29a2113c005e"", ""transfer-encoding"": ""chunked""}"
9,"GET https://www.dropbox.com/  HTTP/1.1
Host: www.dropbox.com
User-Agent: Mozilla/5.0 (Windows NT 10.0; rv:102.0) Gecko/20100101 Firefox/102.0
Accept: text/html,application/xhtml+xml,application/xml;q=0.9,image/avif,image/webp,*/*;q=0.8
Accept-Encoding: gzip, deflate, br
Accept-Language: en-US,en;q=0.5
DNT: 1
Connection: keep-alive
Upgrade-Insecure-Requests: 1
Sec-Fetch-Dest: document
Sec-Fetch-Mode: navigate
Sec-Fetch-Site: cross-site

",0,https://www.dropbox.com/,453,HTTP/1.1,0.24948835372924805,0.11386442184448242,0.9239118099212646,200,OK,[''],18,18,0,"{""content-security-policy"": ""report-uri https://www.dropbox.com/csp_log?policy_name=metaserver-dynamic ; script-src 'unsafe-eval' 'strict-dynamic' 'nonce-3DpR6CQokAe8FGnF0wqx' 'nonce-6H140uQXUaPmZO/9tkag'"", ""referrer-policy"": ""strict-origin-when-cross-origin"", ""set-cookie"": ""locale=en; Domain=dropbox.com; expires=Mon, 23 Oct 2028 12:34:51 GMT; Path=/; SameSite=None; Secure"", ""x-content-type-options"": ""nosniff"", ""x-frame-options"": ""DENY"", ""x-permitted-cross-domain-policies"": ""none"", ""x-xss-protection"": ""1; mode=block"", ""content-type"": ""text/html; charset=utf-8"", ""accept-encoding"": ""identity,gzip"", ""date"": ""Wed, 25 Oct 2023 12:34:51 GMT"", ""server"": ""envoy"", ""strict-transport-security"": ""max-age=31536000; includeSubDomains"", ""cache-control"": ""no-cache, no-store"", ""content-encoding"": ""gzip"", ""vary"": ""Accept-Encoding"", ""x-dropbox-response-origin"": ""far_remote"", ""x-dropbox-request-id"": ""92fe0ed2d2f949758c98462353741119"", ""transfer-encoding"": ""chunked""}"
