[
    {
        "number": 0,
        "request": "GET https://www.dropbox.com/  HTTP/1.1\r\nHost: www.dropbox.com\r\nUser-Agent: Mozilla/5.0 (Windows NT 10.0; rv:102.0) Gecko/20100101 Firefox/102.0\r\nAccept: text/html,application/xhtml+xml,application/xml;q=0.9,image/avif,image/webp,*/*;q=0.8\r\nAccept-Encoding: gzip, deflate, br\r\nAccept-Language: en-US,en;q=0.5\r\nDNT: 1\r\nConnection: keep-alive\r\nUpgrade-Insecure-Requests: 1\r\nSec-Fetch-Dest: document\r\nSec-Fetch-Mode: navigate\r\nSec-Fetch-Site: cross-site\r\n\r\n",
        "deviation_count": 0,
        "uri": "https://www.dropbox.com/",
        "request_length": 453,
        "Response_Time": 0.8414027690887451,
        "status_code": 200,
        "reason_phrase": "OK",
        "error_message": [
            ""
        ],
        "response_header_count": 18,
        "response_header_length": 18,
        "response_body_length": 2906,
        "response_header_fields": {
            "content-security-policy": "report-uri https://www.dropbox.com/csp_log?policy_name=metaserver-dynamic ; script-src 'unsafe-eval' 'strict-dynamic' 'nonce-7dZEfkdnH8R2tO1DtSkT' 'nonce-djQ7rdbyMT4zuMjO1r4t'",
            "referrer-policy": "strict-origin-when-cross-origin",
            "set-cookie": "locale=en; Domain=dropbox.com; expires=Mon, 23 Oct 2028 12:33:18 GMT; Path=/; SameSite=None; Secure",
            "x-content-type-options": "nosniff",
            "x-frame-options": "DENY",
            "x-permitted-cross-domain-policies": "none",
            "x-xss-protection": "1; mode=block",
            "content-type": "text/html; charset=utf-8",
            "accept-encoding": "identity,gzip",
            "date": "Wed, 25 Oct 2023 12:33:18 GMT",
            "server": "envoy",
            "strict-transport-security": "max-age=31536000; includeSubDomains",
            "cache-control": "no-cache, no-store",
            "content-encoding": "gzip",
            "vary": "Accept-Encoding",
            "x-dropbox-response-origin": "far_remote",
            "x-dropbox-request-id": "84d5258d09b14479ae653fd2a1fbcb5f",
            "transfer-encoding": "chunked"
        }
    },
    {
        "number": 1,
        "request": "GET https://www.dropbox.com/  HTTP/1.1\r\nHost: www.dropbox.com\r\nUser-Agent: Mozilla/5.0 (Windows NT 10.0; rv:102.0) Gecko/20100101 Firefox/102.0\r\nAccept: text/html,application/xhtml+xml,application/xml;q=0.9,image/avif,image/webp,*/*;q=0.8\r\nAccept-Encoding: gzip, deflate, br\r\nAccept-Language: en-US,en;q=0.5\r\nDNT: 1\r\nConnection: keep-alive\r\nUpgrade-Insecure-Requests: 1\r\nSec-Fetch-Dest: document\r\nSec-Fetch-Mode: navigate\r\nSec-Fetch-Site: cross-site\r\n\r\n",
        "deviation_count": 0,
        "uri": "https://www.dropbox.com/",
        "request_length": 453,
        "Response_Time": 0.8657844066619873,
        "status_code": 200,
        "reason_phrase": "OK",
        "error_message": [
            ""
        ],
        "response_header_count": 18,
        "response_header_length": 18,
        "response_body_length": 0,
        "response_header_fields": {
            "content-security-policy": "report-uri https://www.dropbox.com/csp_log?policy_name=metaserver-dynamic ; script-src 'unsafe-eval' 'strict-dynamic' 'nonce-2hKl30R1EqCbVnYy6vAT' 'nonce-FT/8rXIWvwMkW0WgyqHI'",
            "referrer-policy": "strict-origin-when-cross-origin",
            "set-cookie": "locale=en; Domain=dropbox.com; expires=Mon, 23 Oct 2028 12:33:29 GMT; Path=/; SameSite=None; Secure",
            "x-content-type-options": "nosniff",
            "x-frame-options": "DENY",
            "x-permitted-cross-domain-policies": "none",
            "x-xss-protection": "1; mode=block",
            "content-type": "text/html; charset=utf-8",
            "accept-encoding": "identity,gzip",
            "date": "Wed, 25 Oct 2023 12:33:28 GMT",
            "server": "envoy",
            "strict-transport-security": "max-age=31536000; includeSubDomains",
            "cache-control": "no-cache, no-store",
            "content-encoding": "gzip",
            "vary": "Accept-Encoding",
            "x-dropbox-response-origin": "far_remote",
            "x-dropbox-request-id": "06e9f301bae14f259b01e226f7a8bd73",
            "transfer-encoding": "chunked"
        }
    },
    {
        "number": 2,
        "request": "GET https://www.dropbox.com/  HTTP/1.1\r\nHost: www.dropbox.com\r\nUser-Agent: Mozilla/5.0 (Windows NT 10.0; rv:102.0) Gecko/20100101 Firefox/102.0\r\nAccept: text/html,application/xhtml+xml,application/xml;q=0.9,image/avif,image/webp,*/*;q=0.8\r\nAccept-Encoding: gzip, deflate, br\r\nAccept-Language: en-US,en;q=0.5\r\nDNT: 1\r\nConnection: keep-alive\r\nUpgrade-Insecure-Requests: 1\r\nSec-Fetch-Dest: document\r\nSec-Fetch-Mode: navigate\r\nSec-Fetch-Site: cross-site\r\n\r\n",
        "deviation_count": 0,
        "uri": "https://www.dropbox.com/",
        "request_length": 453,
        "Response_Time": 0.7246294021606445,
        "status_code": 200,
        "reason_phrase": "OK",
        "error_message": [
            ""
        ],
        "response_header_count": 18,
        "response_header_length": 18,
        "response_body_length": 0,
        "response_header_fields": {
            "content-security-policy": "report-uri https://www.dropbox.com/csp_log?policy_name=metaserver-dynamic ; script-src 'unsafe-eval' 'strict-dynamic' 'nonce-hcMt40voaE0crD20gtYk' 'nonce-hSxcxadqNPr/Q9NQSHie'",
            "referrer-policy": "strict-origin-when-cross-origin",
            "set-cookie": "locale=en; Domain=dropbox.com; expires=Mon, 23 Oct 2028 12:33:40 GMT; Path=/; SameSite=None; Secure",
            "x-content-type-options": "nosniff",
            "x-frame-options": "DENY",
            "x-permitted-cross-domain-policies": "none",
            "x-xss-protection": "1; mode=block",
            "content-type": "text/html; charset=utf-8",
            "accept-encoding": "identity,gzip",
            "date": "Wed, 25 Oct 2023 12:33:39 GMT",
            "server": "envoy",
            "strict-transport-security": "max-age=31536000; includeSubDomains",
            "cache-control": "no-cache, no-store",
            "content-encoding": "gzip",
            "vary": "Accept-Encoding",
            "x-dropbox-response-origin": "far_remote",
            "x-dropbox-request-id": "56e22587335347fc9e198355831015da",
            "transfer-encoding": "chunked"
        }
    },
    {
        "number": 3,
        "request": "GET https://www.dropbox.com/  HTTP/1.1\r\nHost: www.dropbox.com\r\nUser-Agent: Mozilla/5.0 (Windows NT 10.0; rv:102.0) Gecko/20100101 Firefox/102.0\r\nAccept: text/html,application/xhtml+xml,application/xml;q=0.9,image/avif,image/webp,*/*;q=0.8\r\nAccept-Encoding: gzip, deflate, br\r\nAccept-Language: en-US,en;q=0.5\r\nDNT: 1\r\nConnection: keep-alive\r\nUpgrade-Insecure-Requests: 1\r\nSec-Fetch-Dest: document\r\nSec-Fetch-Mode: navigate\r\nSec-Fetch-Site: cross-site\r\n\r\n",
        "deviation_count": 0,
        "uri": "https://www.dropbox.com/",
        "request_length": 453,
        "Response_Time": 0.8252847194671631,
        "status_code": 200,
        "reason_phrase": "OK",
        "error_message": [
            ""
        ],
        "response_header_count": 18,
        "response_header_length": 18,
        "response_body_length": 0,
        "response_header_fields": {
            "content-security-policy": "report-uri https://www.dropbox.com/csp_log?policy_name=metaserver-dynamic ; script-src 'unsafe-eval' 'strict-dynamic' 'nonce-4VEwjnHl4MTb+UF70oG1' 'nonce-MSiZdCPxgkwDKEaGVRcL'",
            "referrer-policy": "strict-origin-when-cross-origin",
            "set-cookie": "locale=en; Domain=dropbox.com; expires=Mon, 23 Oct 2028 12:33:50 GMT; Path=/; SameSite=None; Secure",
            "x-content-type-options": "nosniff",
            "x-frame-options": "DENY",
            "x-permitted-cross-domain-policies": "none",
            "x-xss-protection": "1; mode=block",
            "content-type": "text/html; charset=utf-8",
            "accept-encoding": "identity,gzip",
            "date": "Wed, 25 Oct 2023 12:33:50 GMT",
            "server": "envoy",
            "strict-transport-security": "max-age=31536000; includeSubDomains",
            "cache-control": "no-cache, no-store",
            "content-encoding": "gzip",
            "vary": "Accept-Encoding",
            "x-dropbox-response-origin": "far_remote",
            "x-dropbox-request-id": "f04f4ce831f9497fbb58575a467f687a",
            "transfer-encoding": "chunked"
        }
    },
    {
        "number": 4,
        "request": "GET https://www.dropbox.com/  HTTP/1.1\r\nHost: www.dropbox.com\r\nUser-Agent: Mozilla/5.0 (Windows NT 10.0; rv:102.0) Gecko/20100101 Firefox/102.0\r\nAccept: text/html,application/xhtml+xml,application/xml;q=0.9,image/avif,image/webp,*/*;q=0.8\r\nAccept-Encoding: gzip, deflate, br\r\nAccept-Language: en-US,en;q=0.5\r\nDNT: 1\r\nConnection: keep-alive\r\nUpgrade-Insecure-Requests: 1\r\nSec-Fetch-Dest: document\r\nSec-Fetch-Mode: navigate\r\nSec-Fetch-Site: cross-site\r\n\r\n",
        "deviation_count": 0,
        "uri": "https://www.dropbox.com/",
        "request_length": 453,
        "Response_Time": 0.9142262935638428,
        "status_code": 200,
        "reason_phrase": "OK",
        "error_message": [
            ""
        ],
        "response_header_count": 18,
        "response_header_length": 18,
        "response_body_length": 0,
        "response_header_fields": {
            "content-security-policy": "report-uri https://www.dropbox.com/csp_log?policy_name=metaserver-dynamic ; script-src 'unsafe-eval' 'strict-dynamic' 'nonce-D+6NJyIi+7bShT8OIzsK' 'nonce-iP4y4La4lOWlvqf7vOI8'",
            "referrer-policy": "strict-origin-when-cross-origin",
            "set-cookie": "locale=en; Domain=dropbox.com; expires=Mon, 23 Oct 2028 12:34:01 GMT; Path=/; SameSite=None; Secure",
            "x-content-type-options": "nosniff",
            "x-frame-options": "DENY",
            "x-permitted-cross-domain-policies": "none",
            "x-xss-protection": "1; mode=block",
            "content-type": "text/html; charset=utf-8",
            "accept-encoding": "identity,gzip",
            "date": "Wed, 25 Oct 2023 12:34:00 GMT",
            "server": "envoy",
            "strict-transport-security": "max-age=31536000; includeSubDomains",
            "cache-control": "no-cache, no-store",
            "content-encoding": "gzip",
            "vary": "Accept-Encoding",
            "x-dropbox-response-origin": "far_remote",
            "x-dropbox-request-id": "b787ac27af804690a10d0a8cd4908814",
            "transfer-encoding": "chunked"
        }
    },
    {
        "number": 5,
        "request": "GET https://www.dropbox.com/  HTTP/1.1\r\nHost: www.dropbox.com\r\nUser-Agent: Mozilla/5.0 (Windows NT 10.0; rv:102.0) Gecko/20100101 Firefox/102.0\r\nAccept: text/html,application/xhtml+xml,application/xml;q=0.9,image/avif,image/webp,*/*;q=0.8\r\nAccept-Encoding: gzip, deflate, br\r\nAccept-Language: en-US,en;q=0.5\r\nDNT: 1\r\nConnection: keep-alive\r\nUpgrade-Insecure-Requests: 1\r\nSec-Fetch-Dest: document\r\nSec-Fetch-Mode: navigate\r\nSec-Fetch-Site: cross-site\r\n\r\n",
        "deviation_count": 0,
        "uri": "https://www.dropbox.com/",
        "request_length": 453,
        "Response_Time": 0.6612708568572998,
        "status_code": 200,
        "reason_phrase": "OK",
        "error_message": [
            ""
        ],
        "response_header_count": 18,
        "response_header_length": 18,
        "response_body_length": 0,
        "response_header_fields": {
            "content-security-policy": "report-uri https://www.dropbox.com/csp_log?policy_name=metaserver-dynamic ; script-src 'unsafe-eval' 'strict-dynamic' 'nonce-ERwo76JpFuH4mF6koSiE' 'nonce-iXJ54qoLWo8rX6XSzPAM'",
            "referrer-policy": "strict-origin-when-cross-origin",
            "set-cookie": "locale=en; Domain=dropbox.com; expires=Mon, 23 Oct 2028 12:34:11 GMT; Path=/; SameSite=None; Secure",
            "x-content-type-options": "nosniff",
            "x-frame-options": "DENY",
            "x-permitted-cross-domain-policies": "none",
            "x-xss-protection": "1; mode=block",
            "content-type": "text/html; charset=utf-8",
            "accept-encoding": "identity,gzip",
            "date": "Wed, 25 Oct 2023 12:34:11 GMT",
            "server": "envoy",
            "strict-transport-security": "max-age=31536000; includeSubDomains",
            "cache-control": "no-cache, no-store",
            "content-encoding": "gzip",
            "vary": "Accept-Encoding",
            "x-dropbox-response-origin": "far_remote",
            "x-dropbox-request-id": "7a6fb42831834e6384cfc0b07b3998a6",
            "transfer-encoding": "chunked"
        }
    },
    {
        "number": 6,
        "request": "GET https://www.dropbox.com/  HTTP/1.1\r\nHost: www.dropbox.com\r\nUser-Agent: Mozilla/5.0 (Windows NT 10.0; rv:102.0) Gecko/20100101 Firefox/102.0\r\nAccept: text/html,application/xhtml+xml,application/xml;q=0.9,image/avif,image/webp,*/*;q=0.8\r\nAccept-Encoding: gzip, deflate, br\r\nAccept-Language: en-US,en;q=0.5\r\nDNT: 1\r\nConnection: keep-alive\r\nUpgrade-Insecure-Requests: 1\r\nSec-Fetch-Dest: document\r\nSec-Fetch-Mode: navigate\r\nSec-Fetch-Site: cross-site\r\n\r\n",
        "deviation_count": 0,
        "uri": "https://www.dropbox.com/",
        "request_length": 453,
        "Response_Time": 1.0038037300109863,
        "status_code": 200,
        "reason_phrase": "OK",
        "error_message": [
            ""
        ],
        "response_header_count": 18,
        "response_header_length": 18,
        "response_body_length": 0,
        "response_header_fields": {
            "content-security-policy": "report-uri https://www.dropbox.com/csp_log?policy_name=metaserver-dynamic ; script-src 'unsafe-eval' 'strict-dynamic' 'nonce-2zDefcQhtveH6m61eGGw' 'nonce-8OuEiitcaFltrLaf2vPR'",
            "referrer-policy": "strict-origin-when-cross-origin",
            "set-cookie": "locale=en; Domain=dropbox.com; expires=Mon, 23 Oct 2028 12:34:21 GMT; Path=/; SameSite=None; Secure",
            "x-content-type-options": "nosniff",
            "x-frame-options": "DENY",
            "x-permitted-cross-domain-policies": "none",
            "x-xss-protection": "1; mode=block",
            "content-type": "text/html; charset=utf-8",
            "accept-encoding": "identity,gzip",
            "date": "Wed, 25 Oct 2023 12:34:21 GMT",
            "server": "envoy",
            "strict-transport-security": "max-age=31536000; includeSubDomains",
            "cache-control": "no-cache, no-store",
            "content-encoding": "gzip",
            "vary": "Accept-Encoding",
            "x-dropbox-response-origin": "far_remote",
            "x-dropbox-request-id": "5aabb778cfc948e8b99d50190c4f5c38",
            "transfer-encoding": "chunked"
        }
    },
    {
        "number": 7,
        "request": "GET https://www.dropbox.com/  HTTP/1.1\r\nHost: www.dropbox.com\r\nUser-Agent: Mozilla/5.0 (Windows NT 10.0; rv:102.0) Gecko/20100101 Firefox/102.0\r\nAccept: text/html,application/xhtml+xml,application/xml;q=0.9,image/avif,image/webp,*/*;q=0.8\r\nAccept-Encoding: gzip, deflate, br\r\nAccept-Language: en-US,en;q=0.5\r\nDNT: 1\r\nConnection: keep-alive\r\nUpgrade-Insecure-Requests: 1\r\nSec-Fetch-Dest: document\r\nSec-Fetch-Mode: navigate\r\nSec-Fetch-Site: cross-site\r\n\r\n",
        "deviation_count": 0,
        "uri": "https://www.dropbox.com/",
        "request_length": 453,
        "Response_Time": 0.9255983829498291,
        "status_code": 200,
        "reason_phrase": "OK",
        "error_message": [
            ""
        ],
        "response_header_count": 18,
        "response_header_length": 18,
        "response_body_length": 0,
        "response_header_fields": {
            "content-security-policy": "report-uri https://www.dropbox.com/csp_log?policy_name=metaserver-dynamic ; script-src 'unsafe-eval' 'strict-dynamic' 'nonce-gRMsyipdOgDBvFGgzq3j' 'nonce-N1lTcDoPftLVSOltvepv'",
            "referrer-policy": "strict-origin-when-cross-origin",
            "set-cookie": "locale=en; Domain=dropbox.com; expires=Mon, 23 Oct 2028 12:34:31 GMT; Path=/; SameSite=None; Secure",
            "x-content-type-options": "nosniff",
            "x-frame-options": "DENY",
            "x-permitted-cross-domain-policies": "none",
            "x-xss-protection": "1; mode=block",
            "content-type": "text/html; charset=utf-8",
            "accept-encoding": "identity,gzip",
            "date": "Wed, 25 Oct 2023 12:34:31 GMT",
            "server": "envoy",
            "strict-transport-security": "max-age=31536000; includeSubDomains",
            "cache-control": "no-cache, no-store",
            "content-encoding": "gzip",
            "vary": "Accept-Encoding",
            "x-dropbox-response-origin": "far_remote",
            "x-dropbox-request-id": "841496fa65794902b603349af5dd1c6d",
            "transfer-encoding": "chunked"
        }
    },
    {
        "number": 8,
        "request": "GET https://www.dropbox.com/  HTTP/1.1\r\nHost: www.dropbox.com\r\nUser-Agent: Mozilla/5.0 (Windows NT 10.0; rv:102.0) Gecko/20100101 Firefox/102.0\r\nAccept: text/html,application/xhtml+xml,application/xml;q=0.9,image/avif,image/webp,*/*;q=0.8\r\nAccept-Encoding: gzip, deflate, br\r\nAccept-Language: en-US,en;q=0.5\r\nDNT: 1\r\nConnection: keep-alive\r\nUpgrade-Insecure-Requests: 1\r\nSec-Fetch-Dest: document\r\nSec-Fetch-Mode: navigate\r\nSec-Fetch-Site: cross-site\r\n\r\n",
        "deviation_count": 0,
        "uri": "https://www.dropbox.com/",
        "request_length": 453,
        "Response_Time": 0.7835996150970459,
        "status_code": 200,
        "reason_phrase": "OK",
        "error_message": [
            ""
        ],
        "response_header_count": 18,
        "response_header_length": 18,
        "response_body_length": 0,
        "response_header_fields": {
            "content-security-policy": "report-uri https://www.dropbox.com/csp_log?policy_name=metaserver-dynamic ; script-src 'unsafe-eval' 'strict-dynamic' 'nonce-UQ/D1CJd3fYGTUEtQAsi' 'nonce-FG7B3QKQ15eCr7LePE5S'",
            "referrer-policy": "strict-origin-when-cross-origin",
            "set-cookie": "locale=en; Domain=dropbox.com; expires=Mon, 23 Oct 2028 12:34:42 GMT; Path=/; SameSite=None; Secure",
            "x-content-type-options": "nosniff",
            "x-frame-options": "DENY",
            "x-permitted-cross-domain-policies": "none",
            "x-xss-protection": "1; mode=block",
            "content-type": "text/html; charset=utf-8",
            "accept-encoding": "identity,gzip",
            "date": "Wed, 25 Oct 2023 12:34:41 GMT",
            "server": "envoy",
            "strict-transport-security": "max-age=31536000; includeSubDomains",
            "cache-control": "no-cache, no-store",
            "content-encoding": "gzip",
            "vary": "Accept-Encoding",
            "x-dropbox-response-origin": "far_remote",
            "x-dropbox-request-id": "452c3248b8234d2a85ba29a2113c005e",
            "transfer-encoding": "chunked"
        }
    },
    {
        "number": 9,
        "request": "GET https://www.dropbox.com/  HTTP/1.1\r\nHost: www.dropbox.com\r\nUser-Agent: Mozilla/5.0 (Windows NT 10.0; rv:102.0) Gecko/20100101 Firefox/102.0\r\nAccept: text/html,application/xhtml+xml,application/xml;q=0.9,image/avif,image/webp,*/*;q=0.8\r\nAccept-Encoding: gzip, deflate, br\r\nAccept-Language: en-US,en;q=0.5\r\nDNT: 1\r\nConnection: keep-alive\r\nUpgrade-Insecure-Requests: 1\r\nSec-Fetch-Dest: document\r\nSec-Fetch-Mode: navigate\r\nSec-Fetch-Site: cross-site\r\n\r\n",
        "deviation_count": 0,
        "uri": "https://www.dropbox.com/",
        "request_length": 453,
        "Response_Time": 0.9239118099212646,
        "status_code": 200,
        "reason_phrase": "OK",
        "error_message": [
            ""
        ],
        "response_header_count": 18,
        "response_header_length": 18,
        "response_body_length": 0,
        "response_header_fields": {
            "content-security-policy": "report-uri https://www.dropbox.com/csp_log?policy_name=metaserver-dynamic ; script-src 'unsafe-eval' 'strict-dynamic' 'nonce-3DpR6CQokAe8FGnF0wqx' 'nonce-6H140uQXUaPmZO/9tkag'",
            "referrer-policy": "strict-origin-when-cross-origin",
            "set-cookie": "locale=en; Domain=dropbox.com; expires=Mon, 23 Oct 2028 12:34:51 GMT; Path=/; SameSite=None; Secure",
            "x-content-type-options": "nosniff",
            "x-frame-options": "DENY",
            "x-permitted-cross-domain-policies": "none",
            "x-xss-protection": "1; mode=block",
            "content-type": "text/html; charset=utf-8",
            "accept-encoding": "identity,gzip",
            "date": "Wed, 25 Oct 2023 12:34:51 GMT",
            "server": "envoy",
            "strict-transport-security": "max-age=31536000; includeSubDomains",
            "cache-control": "no-cache, no-store",
            "content-encoding": "gzip",
            "vary": "Accept-Encoding",
            "x-dropbox-response-origin": "far_remote",
            "x-dropbox-request-id": "92fe0ed2d2f949758c98462353741119",
            "transfer-encoding": "chunked"
        }
    }
]