[
    {
        "number": 0,
        "request": "GET https://www.criteo.com/  HTTP/1.1\r\nHost: www.criteo.com\r\nUser-Agent: Mozilla/5.0 (Windows NT 10.0; rv:102.0) Gecko/20100101 Firefox/102.0\r\nAccept: text/html,application/xhtml+xml,application/xml;q=0.9,image/avif,image/webp,*/*;q=0.8\r\nAccept-Encoding: gzip, deflate, br\r\nAccept-Language: en-US,en;q=0.5\r\nDNT: 1\r\nConnection: keep-alive\r\nUpgrade-Insecure-Requests: 1\r\nSec-Fetch-Dest: document\r\nSec-Fetch-Mode: navigate\r\nSec-Fetch-Site: cross-site\r\n\r\n",
        "deviation_count": 0,
        "uri": "https://www.criteo.com/",
        "request_length": 451,
        "Response_Time": 0.02959275245666504,
        "status_code": 200,
        "reason_phrase": "OK",
        "error_message": [
            ""
        ],
        "response_header_count": 19,
        "response_header_length": 19,
        "response_body_length": 0,
        "response_header_fields": {
            "connection": "keep-alive",
            "content-length": "65832",
            "cache-control": "public, max-age=86400",
            "content-encoding": "gzip",
            "content-type": "text/html; charset=UTF-8",
            "link": "<https://www.criteo.com/>; rel=shortlink",
            "server": "nginx",
            "strict-transport-security": "max-age=300",
            "x-pantheon-styx-hostname": "styx-fe4-a-574b8cd764-hd8fh",
            "x-styx-req-id": "fedc4324-7326-11ee-8acf-2ac8c4b86eed",
            "age": "5007",
            "accept-ranges": "bytes",
            "via": "1.1 varnish, 1.1 varnish, 1.1 varnish, 1.1 varnish",
            "date": "Wed, 25 Oct 2023 12:33:11 GMT",
            "x-served-by": "cache-chi-klot8100156-CHI, cache-fra-etou8220034-FRA, cache-fra-eddf8230079-FRA, cache-fra-eddf8230079-FRA",
            "x-cache": "HIT, HIT, MISS, MISS",
            "x-cache-hits": "6, 982, 0, 0",
            "x-timer": "S1698237192.658803,VS0,VE3",
            "vary": "Accept-Encoding, Cookie, Cookie"
        }
    },
    {
        "number": 1,
        "request": "GET https://www.criteo.com/  HTTP/1.1\r\nHost: www.criteo.com\r\nUser-Agent: Mozilla/5.0 (Windows NT 10.0; rv:102.0) Gecko/20100101 Firefox/102.0\r\nAccept: text/html,application/xhtml+xml,application/xml;q=0.9,image/avif,image/webp,*/*;q=0.8\r\nAccept-Encoding: gzip, deflate, br\r\nAccept-Language: en-US,en;q=0.5\r\nDNT: 1\r\nConnection: keep-alive\r\nUpgrade-Insecure-Requests: 1\r\nSec-Fetch-Dest: document\r\nSec-Fetch-Mode: navigate\r\nSec-Fetch-Site: cross-site\r\n\r\n",
        "deviation_count": 0,
        "uri": "https://www.criteo.com/",
        "request_length": 451,
        "Response_Time": 0.04059123992919922,
        "status_code": 200,
        "reason_phrase": "OK",
        "error_message": [
            ""
        ],
        "response_header_count": 19,
        "response_header_length": 19,
        "response_body_length": 0,
        "response_header_fields": {
            "connection": "keep-alive",
            "content-length": "65832",
            "cache-control": "public, max-age=86400",
            "content-encoding": "gzip",
            "content-type": "text/html; charset=UTF-8",
            "link": "<https://www.criteo.com/>; rel=shortlink",
            "server": "nginx",
            "strict-transport-security": "max-age=300",
            "x-pantheon-styx-hostname": "styx-fe4-a-574b8cd764-hd8fh",
            "x-styx-req-id": "fedc4324-7326-11ee-8acf-2ac8c4b86eed",
            "age": "5020",
            "accept-ranges": "bytes",
            "via": "1.1 varnish, 1.1 varnish, 1.1 varnish, 1.1 varnish",
            "date": "Wed, 25 Oct 2023 12:33:24 GMT",
            "x-served-by": "cache-chi-klot8100156-CHI, cache-fra-etou8220034-FRA, cache-fra-eddf8230025-FRA, cache-fra-eddf8230025-FRA",
            "x-cache": "HIT, HIT, MISS, MISS",
            "x-cache-hits": "6, 984, 0, 0",
            "x-timer": "S1698237204.082111,VS0,VE6",
            "vary": "Accept-Encoding, Cookie, Cookie"
        }
    },
    {
        "number": 2,
        "request": "GET https://www.criteo.com/  HTTP/1.1\r\nHost: www.criteo.com\r\nUser-Agent: Mozilla/5.0 (Windows NT 10.0; rv:102.0) Gecko/20100101 Firefox/102.0\r\nAccept: text/html,application/xhtml+xml,application/xml;q=0.9,image/avif,image/webp,*/*;q=0.8\r\nAccept-Encoding: gzip, deflate, br\r\nAccept-Language: en-US,en;q=0.5\r\nDNT: 1\r\nConnection: keep-alive\r\nUpgrade-Insecure-Requests: 1\r\nSec-Fetch-Dest: document\r\nSec-Fetch-Mode: navigate\r\nSec-Fetch-Site: cross-site\r\n\r\n",
        "deviation_count": 0,
        "uri": "https://www.criteo.com/",
        "request_length": 451,
        "Response_Time": 0.03374338150024414,
        "status_code": 200,
        "reason_phrase": "OK",
        "error_message": [
            ""
        ],
        "response_header_count": 19,
        "response_header_length": 19,
        "response_body_length": 0,
        "response_header_fields": {
            "connection": "keep-alive",
            "content-length": "65832",
            "cache-control": "public, max-age=86400",
            "content-encoding": "gzip",
            "content-type": "text/html; charset=UTF-8",
            "link": "<https://www.criteo.com/>; rel=shortlink",
            "server": "nginx",
            "strict-transport-security": "max-age=300",
            "x-pantheon-styx-hostname": "styx-fe4-a-574b8cd764-hd8fh",
            "x-styx-req-id": "fedc4324-7326-11ee-8acf-2ac8c4b86eed",
            "age": "5031",
            "accept-ranges": "bytes",
            "via": "1.1 varnish, 1.1 varnish, 1.1 varnish, 1.1 varnish",
            "date": "Wed, 25 Oct 2023 12:33:35 GMT",
            "x-served-by": "cache-chi-klot8100156-CHI, cache-fra-etou8220034-FRA, cache-fra-eddf8230088-FRA, cache-fra-eddf8230088-FRA",
            "x-cache": "HIT, HIT, MISS, MISS",
            "x-cache-hits": "6, 988, 0, 0",
            "x-timer": "S1698237216.782162,VS0,VE4",
            "vary": "Accept-Encoding, Cookie, Cookie"
        }
    },
    {
        "number": 3,
        "request": "GET https://www.criteo.com/  HTTP/1.1\r\nHost: www.criteo.com\r\nUser-Agent: Mozilla/5.0 (Windows NT 10.0; rv:102.0) Gecko/20100101 Firefox/102.0\r\nAccept: text/html,application/xhtml+xml,application/xml;q=0.9,image/avif,image/webp,*/*;q=0.8\r\nAccept-Encoding: gzip, deflate, br\r\nAccept-Language: en-US,en;q=0.5\r\nDNT: 1\r\nConnection: keep-alive\r\nUpgrade-Insecure-Requests: 1\r\nSec-Fetch-Dest: document\r\nSec-Fetch-Mode: navigate\r\nSec-Fetch-Site: cross-site\r\n\r\n",
        "deviation_count": 0,
        "uri": "https://www.criteo.com/",
        "request_length": 451,
        "Response_Time": 0.03610563278198242,
        "status_code": 200,
        "reason_phrase": "OK",
        "error_message": [
            ""
        ],
        "response_header_count": 19,
        "response_header_length": 19,
        "response_body_length": 0,
        "response_header_fields": {
            "connection": "keep-alive",
            "content-length": "65832",
            "cache-control": "public, max-age=86400",
            "content-encoding": "gzip",
            "content-type": "text/html; charset=UTF-8",
            "link": "<https://www.criteo.com/>; rel=shortlink",
            "server": "nginx",
            "strict-transport-security": "max-age=300",
            "x-pantheon-styx-hostname": "styx-fe4-a-574b8cd764-hd8fh",
            "x-styx-req-id": "fedc4324-7326-11ee-8acf-2ac8c4b86eed",
            "age": "5044",
            "accept-ranges": "bytes",
            "via": "1.1 varnish, 1.1 varnish, 1.1 varnish, 1.1 varnish",
            "date": "Wed, 25 Oct 2023 12:33:48 GMT",
            "x-served-by": "cache-chi-klot8100156-CHI, cache-fra-etou8220034-FRA, cache-fra-eddf8230027-FRA, cache-fra-eddf8230027-FRA",
            "x-cache": "HIT, HIT, MISS, MISS",
            "x-cache-hits": "6, 989, 0, 0",
            "x-timer": "S1698237228.489759,VS0,VE5",
            "vary": "Accept-Encoding, Cookie, Cookie"
        }
    },
    {
        "number": 4,
        "request": "GET https://www.criteo.com/  HTTP/1.1\r\nHost: www.criteo.com\r\nUser-Agent: Mozilla/5.0 (Windows NT 10.0; rv:102.0) Gecko/20100101 Firefox/102.0\r\nAccept: text/html,application/xhtml+xml,application/xml;q=0.9,image/avif,image/webp,*/*;q=0.8\r\nAccept-Encoding: gzip, deflate, br\r\nAccept-Language: en-US,en;q=0.5\r\nDNT: 1\r\nConnection: keep-alive\r\nUpgrade-Insecure-Requests: 1\r\nSec-Fetch-Dest: document\r\nSec-Fetch-Mode: navigate\r\nSec-Fetch-Site: cross-site\r\n\r\n",
        "deviation_count": 0,
        "uri": "https://www.criteo.com/",
        "request_length": 451,
        "Response_Time": 0.023673057556152344,
        "status_code": 200,
        "reason_phrase": "OK",
        "error_message": [
            ""
        ],
        "response_header_count": 19,
        "response_header_length": 19,
        "response_body_length": 0,
        "response_header_fields": {
            "connection": "keep-alive",
            "content-length": "65832",
            "cache-control": "public, max-age=86400",
            "content-encoding": "gzip",
            "content-type": "text/html; charset=UTF-8",
            "link": "<https://www.criteo.com/>; rel=shortlink",
            "server": "nginx",
            "strict-transport-security": "max-age=300",
            "x-pantheon-styx-hostname": "styx-fe4-a-574b8cd764-hd8fh",
            "x-styx-req-id": "fedc4324-7326-11ee-8acf-2ac8c4b86eed",
            "age": "5057",
            "accept-ranges": "bytes",
            "via": "1.1 varnish, 1.1 varnish, 1.1 varnish, 1.1 varnish",
            "date": "Wed, 25 Oct 2023 12:34:01 GMT",
            "x-served-by": "cache-chi-klot8100156-CHI, cache-fra-etou8220034-FRA, cache-fra-eddf8230051-FRA, cache-fra-eddf8230051-FRA",
            "x-cache": "HIT, HIT, MISS, MISS",
            "x-cache-hits": "6, 992, 0, 0",
            "x-timer": "S1698237241.343776,VS0,VE4",
            "vary": "Accept-Encoding, Cookie, Cookie"
        }
    },
    {
        "number": 5,
        "request": "GET https://www.criteo.com/  HTTP/1.1\r\nHost: www.criteo.com\r\nUser-Agent: Mozilla/5.0 (Windows NT 10.0; rv:102.0) Gecko/20100101 Firefox/102.0\r\nAccept: text/html,application/xhtml+xml,application/xml;q=0.9,image/avif,image/webp,*/*;q=0.8\r\nAccept-Encoding: gzip, deflate, br\r\nAccept-Language: en-US,en;q=0.5\r\nDNT: 1\r\nConnection: keep-alive\r\nUpgrade-Insecure-Requests: 1\r\nSec-Fetch-Dest: document\r\nSec-Fetch-Mode: navigate\r\nSec-Fetch-Site: cross-site\r\n\r\n",
        "deviation_count": 0,
        "uri": "https://www.criteo.com/",
        "request_length": 451,
        "Response_Time": 0.02721118927001953,
        "status_code": 200,
        "reason_phrase": "OK",
        "error_message": [
            ""
        ],
        "response_header_count": 19,
        "response_header_length": 19,
        "response_body_length": 0,
        "response_header_fields": {
            "connection": "keep-alive",
            "content-length": "65832",
            "cache-control": "public, max-age=86400",
            "content-encoding": "gzip",
            "content-type": "text/html; charset=UTF-8",
            "link": "<https://www.criteo.com/>; rel=shortlink",
            "server": "nginx",
            "strict-transport-security": "max-age=300",
            "x-pantheon-styx-hostname": "styx-fe4-a-574b8cd764-hd8fh",
            "x-styx-req-id": "fedc4324-7326-11ee-8acf-2ac8c4b86eed",
            "age": "5069",
            "accept-ranges": "bytes",
            "via": "1.1 varnish, 1.1 varnish, 1.1 varnish, 1.1 varnish",
            "date": "Wed, 25 Oct 2023 12:34:13 GMT",
            "x-served-by": "cache-chi-klot8100156-CHI, cache-fra-etou8220034-FRA, cache-fra-eddf8230123-FRA, cache-fra-eddf8230123-FRA",
            "x-cache": "HIT, HIT, MISS, MISS",
            "x-cache-hits": "6, 996, 0, 0",
            "x-timer": "S1698237253.172429,VS0,VE7",
            "vary": "Accept-Encoding, Cookie, Cookie"
        }
    },
    {
        "number": 6,
        "request": "GET https://www.criteo.com/  HTTP/1.1\r\nHost: www.criteo.com\r\nUser-Agent: Mozilla/5.0 (Windows NT 10.0; rv:102.0) Gecko/20100101 Firefox/102.0\r\nAccept: text/html,application/xhtml+xml,application/xml;q=0.9,image/avif,image/webp,*/*;q=0.8\r\nAccept-Encoding: gzip, deflate, br\r\nAccept-Language: en-US,en;q=0.5\r\nDNT: 1\r\nConnection: keep-alive\r\nUpgrade-Insecure-Requests: 1\r\nSec-Fetch-Dest: document\r\nSec-Fetch-Mode: navigate\r\nSec-Fetch-Site: cross-site\r\n\r\n",
        "deviation_count": 0,
        "uri": "https://www.criteo.com/",
        "request_length": 451,
        "Response_Time": 0.04181075096130371,
        "status_code": 200,
        "reason_phrase": "OK",
        "error_message": [
            ""
        ],
        "response_header_count": 19,
        "response_header_length": 19,
        "response_body_length": 0,
        "response_header_fields": {
            "connection": "keep-alive",
            "content-length": "65832",
            "cache-control": "public, max-age=86400",
            "content-encoding": "gzip",
            "content-type": "text/html; charset=UTF-8",
            "link": "<https://www.criteo.com/>; rel=shortlink",
            "server": "nginx",
            "strict-transport-security": "max-age=300",
            "x-pantheon-styx-hostname": "styx-fe4-a-574b8cd764-hd8fh",
            "x-styx-req-id": "fedc4324-7326-11ee-8acf-2ac8c4b86eed",
            "age": "5081",
            "accept-ranges": "bytes",
            "via": "1.1 varnish, 1.1 varnish, 1.1 varnish, 1.1 varnish",
            "date": "Wed, 25 Oct 2023 12:34:25 GMT",
            "x-served-by": "cache-chi-klot8100156-CHI, cache-fra-etou8220034-FRA, cache-fra-eddf8230061-FRA, cache-fra-eddf8230061-FRA",
            "x-cache": "HIT, HIT, MISS, MISS",
            "x-cache-hits": "6, 997, 0, 0",
            "x-timer": "S1698237266.659742,VS0,VE3",
            "vary": "Accept-Encoding, Cookie, Cookie"
        }
    },
    {
        "number": 7,
        "request": "GET https://www.criteo.com/  HTTP/1.1\r\nHost: www.criteo.com\r\nUser-Agent: Mozilla/5.0 (Windows NT 10.0; rv:102.0) Gecko/20100101 Firefox/102.0\r\nAccept: text/html,application/xhtml+xml,application/xml;q=0.9,image/avif,image/webp,*/*;q=0.8\r\nAccept-Encoding: gzip, deflate, br\r\nAccept-Language: en-US,en;q=0.5\r\nDNT: 1\r\nConnection: keep-alive\r\nUpgrade-Insecure-Requests: 1\r\nSec-Fetch-Dest: document\r\nSec-Fetch-Mode: navigate\r\nSec-Fetch-Site: cross-site\r\n\r\n",
        "deviation_count": 0,
        "uri": "https://www.criteo.com/",
        "request_length": 451,
        "Response_Time": 0.03845357894897461,
        "status_code": 200,
        "reason_phrase": "OK",
        "error_message": [
            ""
        ],
        "response_header_count": 19,
        "response_header_length": 19,
        "response_body_length": 0,
        "response_header_fields": {
            "connection": "keep-alive",
            "content-length": "65832",
            "cache-control": "public, max-age=86400",
            "content-encoding": "gzip",
            "content-type": "text/html; charset=UTF-8",
            "link": "<https://www.criteo.com/>; rel=shortlink",
            "server": "nginx",
            "strict-transport-security": "max-age=300",
            "x-pantheon-styx-hostname": "styx-fe4-a-574b8cd764-hd8fh",
            "x-styx-req-id": "fedc4324-7326-11ee-8acf-2ac8c4b86eed",
            "age": "5093",
            "accept-ranges": "bytes",
            "via": "1.1 varnish, 1.1 varnish, 1.1 varnish, 1.1 varnish",
            "date": "Wed, 25 Oct 2023 12:34:37 GMT",
            "x-served-by": "cache-chi-klot8100156-CHI, cache-fra-etou8220034-FRA, cache-fra-eddf8230125-FRA, cache-fra-eddf8230125-FRA",
            "x-cache": "HIT, HIT, MISS, MISS",
            "x-cache-hits": "6, 999, 0, 0",
            "x-timer": "S1698237277.439089,VS0,VE4",
            "vary": "Accept-Encoding, Cookie, Cookie"
        }
    },
    {
        "number": 8,
        "request": "GET https://www.criteo.com/  HTTP/1.1\r\nHost: www.criteo.com\r\nUser-Agent: Mozilla/5.0 (Windows NT 10.0; rv:102.0) Gecko/20100101 Firefox/102.0\r\nAccept: text/html,application/xhtml+xml,application/xml;q=0.9,image/avif,image/webp,*/*;q=0.8\r\nAccept-Encoding: gzip, deflate, br\r\nAccept-Language: en-US,en;q=0.5\r\nDNT: 1\r\nConnection: keep-alive\r\nUpgrade-Insecure-Requests: 1\r\nSec-Fetch-Dest: document\r\nSec-Fetch-Mode: navigate\r\nSec-Fetch-Site: cross-site\r\n\r\n",
        "deviation_count": 0,
        "uri": "https://www.criteo.com/",
        "request_length": 451,
        "Response_Time": 0.050284385681152344,
        "status_code": 200,
        "reason_phrase": "OK",
        "error_message": [
            ""
        ],
        "response_header_count": 19,
        "response_header_length": 19,
        "response_body_length": 0,
        "response_header_fields": {
            "connection": "keep-alive",
            "content-length": "65832",
            "cache-control": "public, max-age=86400",
            "content-encoding": "gzip",
            "content-type": "text/html; charset=UTF-8",
            "link": "<https://www.criteo.com/>; rel=shortlink",
            "server": "nginx",
            "strict-transport-security": "max-age=300",
            "x-pantheon-styx-hostname": "styx-fe4-a-574b8cd764-hd8fh",
            "x-styx-req-id": "fedc4324-7326-11ee-8acf-2ac8c4b86eed",
            "age": "5104",
            "accept-ranges": "bytes",
            "via": "1.1 varnish, 1.1 varnish, 1.1 varnish, 1.1 varnish",
            "date": "Wed, 25 Oct 2023 12:34:48 GMT",
            "x-served-by": "cache-chi-klot8100156-CHI, cache-fra-etou8220034-FRA, cache-fra-eddf8230076-FRA, cache-fra-eddf8230076-FRA",
            "x-cache": "HIT, HIT, MISS, MISS",
            "x-cache-hits": "6, 1001, 0, 0",
            "x-timer": "S1698237288.024038,VS0,VE3",
            "vary": "Accept-Encoding, Cookie, Cookie"
        }
    },
    {
        "number": 9,
        "request": "GET https://www.criteo.com/  HTTP/1.1\r\nHost: www.criteo.com\r\nUser-Agent: Mozilla/5.0 (Windows NT 10.0; rv:102.0) Gecko/20100101 Firefox/102.0\r\nAccept: text/html,application/xhtml+xml,application/xml;q=0.9,image/avif,image/webp,*/*;q=0.8\r\nAccept-Encoding: gzip, deflate, br\r\nAccept-Language: en-US,en;q=0.5\r\nDNT: 1\r\nConnection: keep-alive\r\nUpgrade-Insecure-Requests: 1\r\nSec-Fetch-Dest: document\r\nSec-Fetch-Mode: navigate\r\nSec-Fetch-Site: cross-site\r\n\r\n",
        "deviation_count": 0,
        "uri": "https://www.criteo.com/",
        "request_length": 451,
        "Response_Time": 0.020291566848754883,
        "status_code": 200,
        "reason_phrase": "OK",
        "error_message": [
            ""
        ],
        "response_header_count": 19,
        "response_header_length": 19,
        "response_body_length": 0,
        "response_header_fields": {
            "connection": "keep-alive",
            "content-length": "65832",
            "cache-control": "public, max-age=86400",
            "content-encoding": "gzip",
            "content-type": "text/html; charset=UTF-8",
            "link": "<https://www.criteo.com/>; rel=shortlink",
            "server": "nginx",
            "strict-transport-security": "max-age=300",
            "x-pantheon-styx-hostname": "styx-fe4-a-574b8cd764-hd8fh",
            "x-styx-req-id": "fedc4324-7326-11ee-8acf-2ac8c4b86eed",
            "age": "5116",
            "accept-ranges": "bytes",
            "via": "1.1 varnish, 1.1 varnish, 1.1 varnish, 1.1 varnish",
            "date": "Wed, 25 Oct 2023 12:34:59 GMT",
            "x-served-by": "cache-chi-klot8100156-CHI, cache-fra-etou8220034-FRA, cache-fra-eddf8230072-FRA, cache-fra-eddf8230072-FRA",
            "x-cache": "HIT, HIT, MISS, MISS",
            "x-cache-hits": "6, 1004, 0, 0",
            "x-timer": "S1698237300.932048,VS0,VE3",
            "vary": "Accept-Encoding, Cookie, Cookie"
        }
    }
]