number,request,deviation_count,uri,request_length,http_version,Socket_Connect_Time,Socket_Close_Time,Response_Time,status_code,reason_phrase,error_message,response_header_count,response_header_length,response_body_length,response_header_fields
0,"GET https://login.microsoftonline.com/common/oauth2/authorize?client_id=00000002-0000-0ff1-ce00-000000000000&redirect_uri=https%3a%2f%2fsubstrate.office.com%2fowa%2f&resource=00000002-0000-0ff1-ce00-000000000000&response_mode=form_post&response_type=code+id_token&scope=openid&msafed=1&msaredir=1&client-request-id=a46719b9-3cfb-350c-4a2a-d9eb928870c3&protectedtoken=true&claims=%7b%22id_token%22%3a%7b%22xms_cc%22%3a%7b%22values%22%3a%5b%22CP1%22%5d%7d%7d%7d&nonce=638338339829618675.cd2ea540-d477-4dd7-b1d2-a1247796e037&state=FYtBDoAwCASpxudggbbQPqdKzx79vpjMzGGTTQCwh1uYKAKmpZef0WUod7V23i5rtkro1Qyru-HFLjhZYhi6qFiK75Gfd-YP HTTP/1.1
Host: login.microsoftonline.com
User-Agent: Mozilla/5.0 (Windows NT 10.0; rv:102.0) Gecko/20100101 Firefox/102.0
Accept: text/html,application/xhtml+xml,application/xml;q=0.9,image/avif,image/webp,*/*;q=0.8
Accept-Encoding: gzip, deflate, br
Accept-Language: en-US,en;q=0.5
DNT: 1
Connection: keep-alive
Upgrade-Insecure-Requests: 1
Sec-Fetch-Dest: document
Sec-Fetch-Mode: navigate
Sec-Fetch-Site: cross-site

",0,https://login.microsoftonline.com/common/oauth2/authorize?client_id=00000002-0000-0ff1-ce00-000000000000&redirect_uri=https%3a%2f%2fsubstrate.office.com%2fowa%2f&resource=00000002-0000-0ff1-ce00-000000000000&response_mode=form_post&response_type=code+id_token&scope=openid&msafed=1&msaredir=1&client-request-id=a46719b9-3cfb-350c-4a2a-d9eb928870c3&protectedtoken=true&claims=%7b%22id_token%22%3a%7b%22xms_cc%22%3a%7b%22values%22%3a%5b%22CP1%22%5d%7d%7d%7d&nonce=638338339829618675.cd2ea540-d477-4dd7-b1d2-a1247796e037&state=FYtBDoAwCASpxudggbbQPqdKzx79vpjMzGGTTQCwh1uYKAKmpZef0WUod7V23i5rtkro1Qyru-HFLjhZYhi6qFiK75Gfd-YP,1058,HTTP/1.1,0.17967724800109863,0.10644721984863281,0.14959955215454102,200,OK,[''],19,19,13887,"{""cache-control"": ""no-store, no-cache"", ""pragma"": ""no-cache"", ""content-type"": ""text/html; charset=utf-8"", ""content-encoding"": ""gzip"", ""expires"": ""-1"", ""vary"": ""Accept-Encoding"", ""strict-transport-security"": ""max-age=31536000; includeSubDomains"", ""x-content-type-options"": ""nosniff"", ""x-frame-options"": ""DENY"", ""link"": ""<https://aadcdn.msauth.net>; rel=dns-prefetch"", ""x-dns-prefetch-control"": ""on"", ""p3p"": ""CP=\""DSP CUR OTPi IND OTRi ONL FIN\"""", ""x-ms-request-id"": ""bc8b292d-1c8d-428e-8508-2df7c3da2800"", ""x-ms-ests-server"": ""2.1.16571.6 - NEULR1 ProdSlices"", ""referrer-policy"": ""strict-origin-when-cross-origin"", ""x-xss-protection"": ""0"", ""set-cookie"": ""stsservicecookie=estsfd; path=/; secure; samesite=none; httponly"", ""date"": ""Wed, 25 Oct 2023 12:33:16 GMT"", ""content-length"": ""15174""}"
1,"GET https://login.microsoftonline.com/common/oauth2/authorize?client_id=00000002-0000-0ff1-ce00-000000000000&redirect_uri=https%3a%2f%2fsubstrate.office.com%2fowa%2f&resource=00000002-0000-0ff1-ce00-000000000000&response_mode=form_post&response_type=code+id_token&scope=openid&msafed=1&msaredir=1&client-request-id=a46719b9-3cfb-350c-4a2a-d9eb928870c3&protectedtoken=true&claims=%7b%22id_token%22%3a%7b%22xms_cc%22%3a%7b%22values%22%3a%5b%22CP1%22%5d%7d%7d%7d&nonce=638338339829618675.cd2ea540-d477-4dd7-b1d2-a1247796e037&state=FYtBDoAwCASpxudggbbQPqdKzx79vpjMzGGTTQCwh1uYKAKmpZef0WUod7V23i5rtkro1Qyru-HFLjhZYhi6qFiK75Gfd-YP HTTP/1.1
Host: login.microsoftonline.com
User-Agent: Mozilla/5.0 (Windows NT 10.0; rv:102.0) Gecko/20100101 Firefox/102.0
Accept: text/html,application/xhtml+xml,application/xml;q=0.9,image/avif,image/webp,*/*;q=0.8
Accept-Encoding: gzip, deflate, br
Accept-Language: en-US,en;q=0.5
DNT: 1
Connection: keep-alive
Upgrade-Insecure-Requests: 1
Sec-Fetch-Dest: document
Sec-Fetch-Mode: navigate
Sec-Fetch-Site: cross-site

",0,https://login.microsoftonline.com/common/oauth2/authorize?client_id=00000002-0000-0ff1-ce00-000000000000&redirect_uri=https%3a%2f%2fsubstrate.office.com%2fowa%2f&resource=00000002-0000-0ff1-ce00-000000000000&response_mode=form_post&response_type=code+id_token&scope=openid&msafed=1&msaredir=1&client-request-id=a46719b9-3cfb-350c-4a2a-d9eb928870c3&protectedtoken=true&claims=%7b%22id_token%22%3a%7b%22xms_cc%22%3a%7b%22values%22%3a%5b%22CP1%22%5d%7d%7d%7d&nonce=638338339829618675.cd2ea540-d477-4dd7-b1d2-a1247796e037&state=FYtBDoAwCASpxudggbbQPqdKzx79vpjMzGGTTQCwh1uYKAKmpZef0WUod7V23i5rtkro1Qyru-HFLjhZYhi6qFiK75Gfd-YP,1058,HTTP/1.1,0.24117064476013184,0.13738369941711426,0.1665935516357422,200,OK,[''],19,19,13913,"{""cache-control"": ""no-store, no-cache"", ""pragma"": ""no-cache"", ""content-type"": ""text/html; charset=utf-8"", ""content-encoding"": ""gzip"", ""expires"": ""-1"", ""vary"": ""Accept-Encoding"", ""strict-transport-security"": ""max-age=31536000; includeSubDomains"", ""x-content-type-options"": ""nosniff"", ""x-frame-options"": ""DENY"", ""link"": ""<https://aadcdn.msftauth.net>; rel=dns-prefetch"", ""x-dns-prefetch-control"": ""on"", ""p3p"": ""CP=\""DSP CUR OTPi IND OTRi ONL FIN\"""", ""x-ms-request-id"": ""4c41cd77-5607-45c8-8657-2b9879ec1c00"", ""x-ms-ests-server"": ""2.1.16571.6 - NEULR1 ProdSlices"", ""referrer-policy"": ""strict-origin-when-cross-origin"", ""x-xss-protection"": ""0"", ""set-cookie"": ""stsservicecookie=estsfd; path=/; secure; samesite=none; httponly"", ""date"": ""Wed, 25 Oct 2023 12:33:27 GMT"", ""content-length"": ""16128""}"
2,"GET https://login.microsoftonline.com/common/oauth2/authorize?client_id=00000002-0000-0ff1-ce00-000000000000&redirect_uri=https%3a%2f%2fsubstrate.office.com%2fowa%2f&resource=00000002-0000-0ff1-ce00-000000000000&response_mode=form_post&response_type=code+id_token&scope=openid&msafed=1&msaredir=1&client-request-id=a46719b9-3cfb-350c-4a2a-d9eb928870c3&protectedtoken=true&claims=%7b%22id_token%22%3a%7b%22xms_cc%22%3a%7b%22values%22%3a%5b%22CP1%22%5d%7d%7d%7d&nonce=638338339829618675.cd2ea540-d477-4dd7-b1d2-a1247796e037&state=FYtBDoAwCASpxudggbbQPqdKzx79vpjMzGGTTQCwh1uYKAKmpZef0WUod7V23i5rtkro1Qyru-HFLjhZYhi6qFiK75Gfd-YP HTTP/1.1
Host: login.microsoftonline.com
User-Agent: Mozilla/5.0 (Windows NT 10.0; rv:102.0) Gecko/20100101 Firefox/102.0
Accept: text/html,application/xhtml+xml,application/xml;q=0.9,image/avif,image/webp,*/*;q=0.8
Accept-Encoding: gzip, deflate, br
Accept-Language: en-US,en;q=0.5
DNT: 1
Connection: keep-alive
Upgrade-Insecure-Requests: 1
Sec-Fetch-Dest: document
Sec-Fetch-Mode: navigate
Sec-Fetch-Site: cross-site

",0,https://login.microsoftonline.com/common/oauth2/authorize?client_id=00000002-0000-0ff1-ce00-000000000000&redirect_uri=https%3a%2f%2fsubstrate.office.com%2fowa%2f&resource=00000002-0000-0ff1-ce00-000000000000&response_mode=form_post&response_type=code+id_token&scope=openid&msafed=1&msaredir=1&client-request-id=a46719b9-3cfb-350c-4a2a-d9eb928870c3&protectedtoken=true&claims=%7b%22id_token%22%3a%7b%22xms_cc%22%3a%7b%22values%22%3a%5b%22CP1%22%5d%7d%7d%7d&nonce=638338339829618675.cd2ea540-d477-4dd7-b1d2-a1247796e037&state=FYtBDoAwCASpxudggbbQPqdKzx79vpjMzGGTTQCwh1uYKAKmpZef0WUod7V23i5rtkro1Qyru-HFLjhZYhi6qFiK75Gfd-YP,1058,HTTP/1.1,0.22498703002929688,0.11359047889709473,0.13997220993041992,200,OK,[''],19,19,13855,"{""cache-control"": ""no-store, no-cache"", ""pragma"": ""no-cache"", ""content-type"": ""text/html; charset=utf-8"", ""content-encoding"": ""gzip"", ""expires"": ""-1"", ""vary"": ""Accept-Encoding"", ""strict-transport-security"": ""max-age=31536000; includeSubDomains"", ""x-content-type-options"": ""nosniff"", ""x-frame-options"": ""DENY"", ""link"": ""<https://aadcdn.msauth.net>; rel=dns-prefetch"", ""x-dns-prefetch-control"": ""on"", ""p3p"": ""CP=\""DSP CUR OTPi IND OTRi ONL FIN\"""", ""x-ms-request-id"": ""bb4e9144-2662-4db5-a776-cce659fe3e00"", ""x-ms-ests-server"": ""2.1.16571.6 - NEULR1 ProdSlices"", ""referrer-policy"": ""strict-origin-when-cross-origin"", ""x-xss-protection"": ""0"", ""set-cookie"": ""stsservicecookie=estsfd; path=/; secure; samesite=none; httponly"", ""date"": ""Wed, 25 Oct 2023 12:33:38 GMT"", ""content-length"": ""15574""}"
3,"GET https://login.microsoftonline.com/common/oauth2/authorize?client_id=00000002-0000-0ff1-ce00-000000000000&redirect_uri=https%3a%2f%2fsubstrate.office.com%2fowa%2f&resource=00000002-0000-0ff1-ce00-000000000000&response_mode=form_post&response_type=code+id_token&scope=openid&msafed=1&msaredir=1&client-request-id=a46719b9-3cfb-350c-4a2a-d9eb928870c3&protectedtoken=true&claims=%7b%22id_token%22%3a%7b%22xms_cc%22%3a%7b%22values%22%3a%5b%22CP1%22%5d%7d%7d%7d&nonce=638338339829618675.cd2ea540-d477-4dd7-b1d2-a1247796e037&state=FYtBDoAwCASpxudggbbQPqdKzx79vpjMzGGTTQCwh1uYKAKmpZef0WUod7V23i5rtkro1Qyru-HFLjhZYhi6qFiK75Gfd-YP HTTP/1.1
Host: login.microsoftonline.com
User-Agent: Mozilla/5.0 (Windows NT 10.0; rv:102.0) Gecko/20100101 Firefox/102.0
Accept: text/html,application/xhtml+xml,application/xml;q=0.9,image/avif,image/webp,*/*;q=0.8
Accept-Encoding: gzip, deflate, br
Accept-Language: en-US,en;q=0.5
DNT: 1
Connection: keep-alive
Upgrade-Insecure-Requests: 1
Sec-Fetch-Dest: document
Sec-Fetch-Mode: navigate
Sec-Fetch-Site: cross-site

",0,https://login.microsoftonline.com/common/oauth2/authorize?client_id=00000002-0000-0ff1-ce00-000000000000&redirect_uri=https%3a%2f%2fsubstrate.office.com%2fowa%2f&resource=00000002-0000-0ff1-ce00-000000000000&response_mode=form_post&response_type=code+id_token&scope=openid&msafed=1&msaredir=1&client-request-id=a46719b9-3cfb-350c-4a2a-d9eb928870c3&protectedtoken=true&claims=%7b%22id_token%22%3a%7b%22xms_cc%22%3a%7b%22values%22%3a%5b%22CP1%22%5d%7d%7d%7d&nonce=638338339829618675.cd2ea540-d477-4dd7-b1d2-a1247796e037&state=FYtBDoAwCASpxudggbbQPqdKzx79vpjMzGGTTQCwh1uYKAKmpZef0WUod7V23i5rtkro1Qyru-HFLjhZYhi6qFiK75Gfd-YP,1058,HTTP/1.1,0.2333998680114746,0.14200520515441895,0.17275214195251465,200,OK,[''],19,19,13858,"{""cache-control"": ""no-store, no-cache"", ""pragma"": ""no-cache"", ""content-type"": ""text/html; charset=utf-8"", ""content-encoding"": ""gzip"", ""expires"": ""-1"", ""vary"": ""Accept-Encoding"", ""strict-transport-security"": ""max-age=31536000; includeSubDomains"", ""x-content-type-options"": ""nosniff"", ""x-frame-options"": ""DENY"", ""link"": ""<https://aadcdn.msftauth.net>; rel=dns-prefetch"", ""x-dns-prefetch-control"": ""on"", ""p3p"": ""CP=\""DSP CUR OTPi IND OTRi ONL FIN\"""", ""x-ms-request-id"": ""97c3e3ea-d44e-435e-8616-b339098c2b00"", ""x-ms-ests-server"": ""2.1.16571.6 - WEULR1 ProdSlices"", ""referrer-policy"": ""strict-origin-when-cross-origin"", ""x-xss-protection"": ""0"", ""set-cookie"": ""stsservicecookie=estsfd; path=/; secure; samesite=none; httponly"", ""date"": ""Wed, 25 Oct 2023 12:33:48 GMT"", ""content-length"": ""15170""}"
4,"GET https://login.microsoftonline.com/common/oauth2/authorize?client_id=00000002-0000-0ff1-ce00-000000000000&redirect_uri=https%3a%2f%2fsubstrate.office.com%2fowa%2f&resource=00000002-0000-0ff1-ce00-000000000000&response_mode=form_post&response_type=code+id_token&scope=openid&msafed=1&msaredir=1&client-request-id=a46719b9-3cfb-350c-4a2a-d9eb928870c3&protectedtoken=true&claims=%7b%22id_token%22%3a%7b%22xms_cc%22%3a%7b%22values%22%3a%5b%22CP1%22%5d%7d%7d%7d&nonce=638338339829618675.cd2ea540-d477-4dd7-b1d2-a1247796e037&state=FYtBDoAwCASpxudggbbQPqdKzx79vpjMzGGTTQCwh1uYKAKmpZef0WUod7V23i5rtkro1Qyru-HFLjhZYhi6qFiK75Gfd-YP HTTP/1.1
Host: login.microsoftonline.com
User-Agent: Mozilla/5.0 (Windows NT 10.0; rv:102.0) Gecko/20100101 Firefox/102.0
Accept: text/html,application/xhtml+xml,application/xml;q=0.9,image/avif,image/webp,*/*;q=0.8
Accept-Encoding: gzip, deflate, br
Accept-Language: en-US,en;q=0.5
DNT: 1
Connection: keep-alive
Upgrade-Insecure-Requests: 1
Sec-Fetch-Dest: document
Sec-Fetch-Mode: navigate
Sec-Fetch-Site: cross-site

",0,https://login.microsoftonline.com/common/oauth2/authorize?client_id=00000002-0000-0ff1-ce00-000000000000&redirect_uri=https%3a%2f%2fsubstrate.office.com%2fowa%2f&resource=00000002-0000-0ff1-ce00-000000000000&response_mode=form_post&response_type=code+id_token&scope=openid&msafed=1&msaredir=1&client-request-id=a46719b9-3cfb-350c-4a2a-d9eb928870c3&protectedtoken=true&claims=%7b%22id_token%22%3a%7b%22xms_cc%22%3a%7b%22values%22%3a%5b%22CP1%22%5d%7d%7d%7d&nonce=638338339829618675.cd2ea540-d477-4dd7-b1d2-a1247796e037&state=FYtBDoAwCASpxudggbbQPqdKzx79vpjMzGGTTQCwh1uYKAKmpZef0WUod7V23i5rtkro1Qyru-HFLjhZYhi6qFiK75Gfd-YP,1058,HTTP/1.1,0.331958532333374,0.12215280532836914,0.14009666442871094,200,OK,[''],19,19,13864,"{""cache-control"": ""no-store, no-cache"", ""pragma"": ""no-cache"", ""content-type"": ""text/html; charset=utf-8"", ""content-encoding"": ""gzip"", ""expires"": ""-1"", ""vary"": ""Accept-Encoding"", ""strict-transport-security"": ""max-age=31536000; includeSubDomains"", ""x-content-type-options"": ""nosniff"", ""x-frame-options"": ""DENY"", ""link"": ""<https://aadcdn.msauth.net>; rel=dns-prefetch"", ""x-dns-prefetch-control"": ""on"", ""p3p"": ""CP=\""DSP CUR OTPi IND OTRi ONL FIN\"""", ""x-ms-request-id"": ""e1b90a33-3f6c-44c0-a36e-4dd238eab400"", ""x-ms-ests-server"": ""2.1.16571.6 - FRC ProdSlices"", ""referrer-policy"": ""strict-origin-when-cross-origin"", ""x-xss-protection"": ""0"", ""set-cookie"": ""stsservicecookie=estsfd; path=/; secure; samesite=none; httponly"", ""date"": ""Wed, 25 Oct 2023 12:33:58 GMT"", ""content-length"": ""16072""}"
5,"GET https://login.microsoftonline.com/common/oauth2/authorize?client_id=00000002-0000-0ff1-ce00-000000000000&redirect_uri=https%3a%2f%2fsubstrate.office.com%2fowa%2f&resource=00000002-0000-0ff1-ce00-000000000000&response_mode=form_post&response_type=code+id_token&scope=openid&msafed=1&msaredir=1&client-request-id=a46719b9-3cfb-350c-4a2a-d9eb928870c3&protectedtoken=true&claims=%7b%22id_token%22%3a%7b%22xms_cc%22%3a%7b%22values%22%3a%5b%22CP1%22%5d%7d%7d%7d&nonce=638338339829618675.cd2ea540-d477-4dd7-b1d2-a1247796e037&state=FYtBDoAwCASpxudggbbQPqdKzx79vpjMzGGTTQCwh1uYKAKmpZef0WUod7V23i5rtkro1Qyru-HFLjhZYhi6qFiK75Gfd-YP HTTP/1.1
Host: login.microsoftonline.com
User-Agent: Mozilla/5.0 (Windows NT 10.0; rv:102.0) Gecko/20100101 Firefox/102.0
Accept: text/html,application/xhtml+xml,application/xml;q=0.9,image/avif,image/webp,*/*;q=0.8
Accept-Encoding: gzip, deflate, br
Accept-Language: en-US,en;q=0.5
DNT: 1
Connection: keep-alive
Upgrade-Insecure-Requests: 1
Sec-Fetch-Dest: document
Sec-Fetch-Mode: navigate
Sec-Fetch-Site: cross-site

",0,https://login.microsoftonline.com/common/oauth2/authorize?client_id=00000002-0000-0ff1-ce00-000000000000&redirect_uri=https%3a%2f%2fsubstrate.office.com%2fowa%2f&resource=00000002-0000-0ff1-ce00-000000000000&response_mode=form_post&response_type=code+id_token&scope=openid&msafed=1&msaredir=1&client-request-id=a46719b9-3cfb-350c-4a2a-d9eb928870c3&protectedtoken=true&claims=%7b%22id_token%22%3a%7b%22xms_cc%22%3a%7b%22values%22%3a%5b%22CP1%22%5d%7d%7d%7d&nonce=638338339829618675.cd2ea540-d477-4dd7-b1d2-a1247796e037&state=FYtBDoAwCASpxudggbbQPqdKzx79vpjMzGGTTQCwh1uYKAKmpZef0WUod7V23i5rtkro1Qyru-HFLjhZYhi6qFiK75Gfd-YP,1058,HTTP/1.1,0.17085027694702148,0.11063194274902344,0.12930703163146973,200,OK,[''],19,19,13846,"{""cache-control"": ""no-store, no-cache"", ""pragma"": ""no-cache"", ""content-type"": ""text/html; charset=utf-8"", ""content-encoding"": ""gzip"", ""expires"": ""-1"", ""vary"": ""Accept-Encoding"", ""strict-transport-security"": ""max-age=31536000; includeSubDomains"", ""x-content-type-options"": ""nosniff"", ""x-frame-options"": ""DENY"", ""link"": ""<https://aadcdn.msauth.net>; rel=dns-prefetch"", ""x-dns-prefetch-control"": ""on"", ""p3p"": ""CP=\""DSP CUR OTPi IND OTRi ONL FIN\"""", ""x-ms-request-id"": ""763cd261-4035-48ce-ae3d-9eceb1d54200"", ""x-ms-ests-server"": ""2.1.16571.6 - WEULR1 ProdSlices"", ""referrer-policy"": ""strict-origin-when-cross-origin"", ""x-xss-protection"": ""0"", ""set-cookie"": ""stsservicecookie=estsfd; path=/; secure; samesite=none; httponly"", ""date"": ""Wed, 25 Oct 2023 12:34:09 GMT"", ""content-length"": ""16138""}"
6,"GET https://login.microsoftonline.com/common/oauth2/authorize?client_id=00000002-0000-0ff1-ce00-000000000000&redirect_uri=https%3a%2f%2fsubstrate.office.com%2fowa%2f&resource=00000002-0000-0ff1-ce00-000000000000&response_mode=form_post&response_type=code+id_token&scope=openid&msafed=1&msaredir=1&client-request-id=a46719b9-3cfb-350c-4a2a-d9eb928870c3&protectedtoken=true&claims=%7b%22id_token%22%3a%7b%22xms_cc%22%3a%7b%22values%22%3a%5b%22CP1%22%5d%7d%7d%7d&nonce=638338339829618675.cd2ea540-d477-4dd7-b1d2-a1247796e037&state=FYtBDoAwCASpxudggbbQPqdKzx79vpjMzGGTTQCwh1uYKAKmpZef0WUod7V23i5rtkro1Qyru-HFLjhZYhi6qFiK75Gfd-YP HTTP/1.1
Host: login.microsoftonline.com
User-Agent: Mozilla/5.0 (Windows NT 10.0; rv:102.0) Gecko/20100101 Firefox/102.0
Accept: text/html,application/xhtml+xml,application/xml;q=0.9,image/avif,image/webp,*/*;q=0.8
Accept-Encoding: gzip, deflate, br
Accept-Language: en-US,en;q=0.5
DNT: 1
Connection: keep-alive
Upgrade-Insecure-Requests: 1
Sec-Fetch-Dest: document
Sec-Fetch-Mode: navigate
Sec-Fetch-Site: cross-site

",0,https://login.microsoftonline.com/common/oauth2/authorize?client_id=00000002-0000-0ff1-ce00-000000000000&redirect_uri=https%3a%2f%2fsubstrate.office.com%2fowa%2f&resource=00000002-0000-0ff1-ce00-000000000000&response_mode=form_post&response_type=code+id_token&scope=openid&msafed=1&msaredir=1&client-request-id=a46719b9-3cfb-350c-4a2a-d9eb928870c3&protectedtoken=true&claims=%7b%22id_token%22%3a%7b%22xms_cc%22%3a%7b%22values%22%3a%5b%22CP1%22%5d%7d%7d%7d&nonce=638338339829618675.cd2ea540-d477-4dd7-b1d2-a1247796e037&state=FYtBDoAwCASpxudggbbQPqdKzx79vpjMzGGTTQCwh1uYKAKmpZef0WUod7V23i5rtkro1Qyru-HFLjhZYhi6qFiK75Gfd-YP,1058,HTTP/1.1,0.251314640045166,0.11792874336242676,0.14663147926330566,200,OK,[''],19,19,13910,"{""cache-control"": ""no-store, no-cache"", ""pragma"": ""no-cache"", ""content-type"": ""text/html; charset=utf-8"", ""content-encoding"": ""gzip"", ""expires"": ""-1"", ""vary"": ""Accept-Encoding"", ""strict-transport-security"": ""max-age=31536000; includeSubDomains"", ""x-content-type-options"": ""nosniff"", ""x-frame-options"": ""DENY"", ""link"": ""<https://aadcdn.msauth.net>; rel=dns-prefetch"", ""x-dns-prefetch-control"": ""on"", ""p3p"": ""CP=\""DSP CUR OTPi IND OTRi ONL FIN\"""", ""x-ms-request-id"": ""5c756a25-a057-4e2d-851e-beec084a3b00"", ""x-ms-ests-server"": ""2.1.16571.6 - WEULR1 ProdSlices"", ""referrer-policy"": ""strict-origin-when-cross-origin"", ""x-xss-protection"": ""0"", ""set-cookie"": ""stsservicecookie=estsfd; path=/; secure; samesite=none; httponly"", ""date"": ""Wed, 25 Oct 2023 12:34:19 GMT"", ""content-length"": ""15151""}"
7,"GET https://login.microsoftonline.com/common/oauth2/authorize?client_id=00000002-0000-0ff1-ce00-000000000000&redirect_uri=https%3a%2f%2fsubstrate.office.com%2fowa%2f&resource=00000002-0000-0ff1-ce00-000000000000&response_mode=form_post&response_type=code+id_token&scope=openid&msafed=1&msaredir=1&client-request-id=a46719b9-3cfb-350c-4a2a-d9eb928870c3&protectedtoken=true&claims=%7b%22id_token%22%3a%7b%22xms_cc%22%3a%7b%22values%22%3a%5b%22CP1%22%5d%7d%7d%7d&nonce=638338339829618675.cd2ea540-d477-4dd7-b1d2-a1247796e037&state=FYtBDoAwCASpxudggbbQPqdKzx79vpjMzGGTTQCwh1uYKAKmpZef0WUod7V23i5rtkro1Qyru-HFLjhZYhi6qFiK75Gfd-YP HTTP/1.1
Host: login.microsoftonline.com
User-Agent: Mozilla/5.0 (Windows NT 10.0; rv:102.0) Gecko/20100101 Firefox/102.0
Accept: text/html,application/xhtml+xml,application/xml;q=0.9,image/avif,image/webp,*/*;q=0.8
Accept-Encoding: gzip, deflate, br
Accept-Language: en-US,en;q=0.5
DNT: 1
Connection: keep-alive
Upgrade-Insecure-Requests: 1
Sec-Fetch-Dest: document
Sec-Fetch-Mode: navigate
Sec-Fetch-Site: cross-site

",0,https://login.microsoftonline.com/common/oauth2/authorize?client_id=00000002-0000-0ff1-ce00-000000000000&redirect_uri=https%3a%2f%2fsubstrate.office.com%2fowa%2f&resource=00000002-0000-0ff1-ce00-000000000000&response_mode=form_post&response_type=code+id_token&scope=openid&msafed=1&msaredir=1&client-request-id=a46719b9-3cfb-350c-4a2a-d9eb928870c3&protectedtoken=true&claims=%7b%22id_token%22%3a%7b%22xms_cc%22%3a%7b%22values%22%3a%5b%22CP1%22%5d%7d%7d%7d&nonce=638338339829618675.cd2ea540-d477-4dd7-b1d2-a1247796e037&state=FYtBDoAwCASpxudggbbQPqdKzx79vpjMzGGTTQCwh1uYKAKmpZef0WUod7V23i5rtkro1Qyru-HFLjhZYhi6qFiK75Gfd-YP,1058,HTTP/1.1,0.26857733726501465,0.1039133071899414,0.16808128356933594,200,OK,[''],19,19,13935,"{""cache-control"": ""no-store, no-cache"", ""pragma"": ""no-cache"", ""content-type"": ""text/html; charset=utf-8"", ""content-encoding"": ""gzip"", ""expires"": ""-1"", ""vary"": ""Accept-Encoding"", ""strict-transport-security"": ""max-age=31536000; includeSubDomains"", ""x-content-type-options"": ""nosniff"", ""x-frame-options"": ""DENY"", ""link"": ""<https://aadcdn.msauth.net>; rel=dns-prefetch"", ""x-dns-prefetch-control"": ""on"", ""p3p"": ""CP=\""DSP CUR OTPi IND OTRi ONL FIN\"""", ""x-ms-request-id"": ""5111321d-c09c-49fb-b69c-c795b9d11e00"", ""x-ms-ests-server"": ""2.1.16571.6 - NEULR1 ProdSlices"", ""referrer-policy"": ""strict-origin-when-cross-origin"", ""x-xss-protection"": ""0"", ""set-cookie"": ""stsservicecookie=estsfd; path=/; secure; samesite=none; httponly"", ""date"": ""Wed, 25 Oct 2023 12:34:29 GMT"", ""content-length"": ""16139""}"
8,"GET https://login.microsoftonline.com/common/oauth2/authorize?client_id=00000002-0000-0ff1-ce00-000000000000&redirect_uri=https%3a%2f%2fsubstrate.office.com%2fowa%2f&resource=00000002-0000-0ff1-ce00-000000000000&response_mode=form_post&response_type=code+id_token&scope=openid&msafed=1&msaredir=1&client-request-id=a46719b9-3cfb-350c-4a2a-d9eb928870c3&protectedtoken=true&claims=%7b%22id_token%22%3a%7b%22xms_cc%22%3a%7b%22values%22%3a%5b%22CP1%22%5d%7d%7d%7d&nonce=638338339829618675.cd2ea540-d477-4dd7-b1d2-a1247796e037&state=FYtBDoAwCASpxudggbbQPqdKzx79vpjMzGGTTQCwh1uYKAKmpZef0WUod7V23i5rtkro1Qyru-HFLjhZYhi6qFiK75Gfd-YP HTTP/1.1
Host: login.microsoftonline.com
User-Agent: Mozilla/5.0 (Windows NT 10.0; rv:102.0) Gecko/20100101 Firefox/102.0
Accept: text/html,application/xhtml+xml,application/xml;q=0.9,image/avif,image/webp,*/*;q=0.8
Accept-Encoding: gzip, deflate, br
Accept-Language: en-US,en;q=0.5
DNT: 1
Connection: keep-alive
Upgrade-Insecure-Requests: 1
Sec-Fetch-Dest: document
Sec-Fetch-Mode: navigate
Sec-Fetch-Site: cross-site

",0,https://login.microsoftonline.com/common/oauth2/authorize?client_id=00000002-0000-0ff1-ce00-000000000000&redirect_uri=https%3a%2f%2fsubstrate.office.com%2fowa%2f&resource=00000002-0000-0ff1-ce00-000000000000&response_mode=form_post&response_type=code+id_token&scope=openid&msafed=1&msaredir=1&client-request-id=a46719b9-3cfb-350c-4a2a-d9eb928870c3&protectedtoken=true&claims=%7b%22id_token%22%3a%7b%22xms_cc%22%3a%7b%22values%22%3a%5b%22CP1%22%5d%7d%7d%7d&nonce=638338339829618675.cd2ea540-d477-4dd7-b1d2-a1247796e037&state=FYtBDoAwCASpxudggbbQPqdKzx79vpjMzGGTTQCwh1uYKAKmpZef0WUod7V23i5rtkro1Qyru-HFLjhZYhi6qFiK75Gfd-YP,1058,HTTP/1.1,0.20806431770324707,0.12242388725280762,0.14473295211791992,200,OK,[''],19,19,13648,"{""cache-control"": ""no-store, no-cache"", ""pragma"": ""no-cache"", ""content-type"": ""text/html; charset=utf-8"", ""content-encoding"": ""gzip"", ""expires"": ""-1"", ""vary"": ""Accept-Encoding"", ""strict-transport-security"": ""max-age=31536000; includeSubDomains"", ""x-content-type-options"": ""nosniff"", ""x-frame-options"": ""DENY"", ""link"": ""<https://aadcdn.msauth.net>; rel=dns-prefetch"", ""x-dns-prefetch-control"": ""on"", ""p3p"": ""CP=\""DSP CUR OTPi IND OTRi ONL FIN\"""", ""x-ms-request-id"": ""81d76742-29db-4439-8835-423dc3401900"", ""x-ms-ests-server"": ""2.1.16651.5 - WEULR1 ProdSlices"", ""referrer-policy"": ""strict-origin-when-cross-origin"", ""x-xss-protection"": ""0"", ""set-cookie"": ""stsservicecookie=estsfd; path=/; secure; samesite=none; httponly"", ""date"": ""Wed, 25 Oct 2023 12:34:39 GMT"", ""content-length"": ""15534""}"
9,"GET https://login.microsoftonline.com/common/oauth2/authorize?client_id=00000002-0000-0ff1-ce00-000000000000&redirect_uri=https%3a%2f%2fsubstrate.office.com%2fowa%2f&resource=00000002-0000-0ff1-ce00-000000000000&response_mode=form_post&response_type=code+id_token&scope=openid&msafed=1&msaredir=1&client-request-id=a46719b9-3cfb-350c-4a2a-d9eb928870c3&protectedtoken=true&claims=%7b%22id_token%22%3a%7b%22xms_cc%22%3a%7b%22values%22%3a%5b%22CP1%22%5d%7d%7d%7d&nonce=638338339829618675.cd2ea540-d477-4dd7-b1d2-a1247796e037&state=FYtBDoAwCASpxudggbbQPqdKzx79vpjMzGGTTQCwh1uYKAKmpZef0WUod7V23i5rtkro1Qyru-HFLjhZYhi6qFiK75Gfd-YP HTTP/1.1
Host: login.microsoftonline.com
User-Agent: Mozilla/5.0 (Windows NT 10.0; rv:102.0) Gecko/20100101 Firefox/102.0
Accept: text/html,application/xhtml+xml,application/xml;q=0.9,image/avif,image/webp,*/*;q=0.8
Accept-Encoding: gzip, deflate, br
Accept-Language: en-US,en;q=0.5
DNT: 1
Connection: keep-alive
Upgrade-Insecure-Requests: 1
Sec-Fetch-Dest: document
Sec-Fetch-Mode: navigate
Sec-Fetch-Site: cross-site

",0,https://login.microsoftonline.com/common/oauth2/authorize?client_id=00000002-0000-0ff1-ce00-000000000000&redirect_uri=https%3a%2f%2fsubstrate.office.com%2fowa%2f&resource=00000002-0000-0ff1-ce00-000000000000&response_mode=form_post&response_type=code+id_token&scope=openid&msafed=1&msaredir=1&client-request-id=a46719b9-3cfb-350c-4a2a-d9eb928870c3&protectedtoken=true&claims=%7b%22id_token%22%3a%7b%22xms_cc%22%3a%7b%22values%22%3a%5b%22CP1%22%5d%7d%7d%7d&nonce=638338339829618675.cd2ea540-d477-4dd7-b1d2-a1247796e037&state=FYtBDoAwCASpxudggbbQPqdKzx79vpjMzGGTTQCwh1uYKAKmpZef0WUod7V23i5rtkro1Qyru-HFLjhZYhi6qFiK75Gfd-YP,1058,HTTP/1.1,0.23969817161560059,0.10784769058227539,0.15383625030517578,200,OK,[''],19,19,13894,"{""cache-control"": ""no-store, no-cache"", ""pragma"": ""no-cache"", ""content-type"": ""text/html; charset=utf-8"", ""content-encoding"": ""gzip"", ""expires"": ""-1"", ""vary"": ""Accept-Encoding"", ""strict-transport-security"": ""max-age=31536000; includeSubDomains"", ""x-content-type-options"": ""nosniff"", ""x-frame-options"": ""DENY"", ""link"": ""<https://aadcdn.msftauth.net>; rel=dns-prefetch"", ""x-dns-prefetch-control"": ""on"", ""p3p"": ""CP=\""DSP CUR OTPi IND OTRi ONL FIN\"""", ""x-ms-request-id"": ""cd262082-381a-40a6-9e4d-3cfa59d91d00"", ""x-ms-ests-server"": ""2.1.16571.6 - WEULR1 ProdSlices"", ""referrer-policy"": ""strict-origin-when-cross-origin"", ""x-xss-protection"": ""0"", ""set-cookie"": ""stsservicecookie=estsfd; path=/; secure; samesite=none; httponly"", ""date"": ""Wed, 25 Oct 2023 12:34:49 GMT"", ""content-length"": ""15147""}"
