,Attempt No.,uri,Deviation Count,Status Code,Response_Time,response_header_count,response_header_length,response_body_length,response_header_fields
0,0,https://openx.net/,0,200,0.03688764572143555,6,6,0,"{'server': 'OXGW/0.0.0', 'date': 'Wed, 25 Oct 2023 12:33:20 GMT', 'content-type': 'text/html', 'content-length': '516', 'via': '1.1 google', 'alt-svc': 'h3="":443""; ma=2592000,h3-29="":443""; ma=2592000'}"
1,1,https://openx.net/,0,200,0.03088068962097168,6,6,0,"{'server': 'OXGW/0.0.0', 'date': 'Wed, 25 Oct 2023 12:33:32 GMT', 'content-type': 'text/html', 'content-length': '516', 'via': '1.1 google', 'alt-svc': 'h3="":443""; ma=2592000,h3-29="":443""; ma=2592000'}"
2,2,https://openx.net/,0,200,0.03564333915710449,6,6,0,"{'server': 'OXGW/0.0.0', 'date': 'Wed, 25 Oct 2023 12:33:45 GMT', 'content-type': 'text/html', 'content-length': '516', 'via': '1.1 google', 'alt-svc': 'h3="":443""; ma=2592000,h3-29="":443""; ma=2592000'}"
3,3,https://openx.net/,0,200,0.03849220275878906,6,6,516,"{'server': 'OXGW/0.0.0', 'date': 'Wed, 25 Oct 2023 12:33:57 GMT', 'content-type': 'text/html', 'content-length': '516', 'via': '1.1 google', 'alt-svc': 'h3="":443""; ma=2592000,h3-29="":443""; ma=2592000'}"
4,4,https://openx.net/,0,200,0.04528498649597168,6,6,516,"{'server': 'OXGW/0.0.0', 'date': 'Wed, 25 Oct 2023 12:34:10 GMT', 'content-type': 'text/html', 'content-length': '516', 'via': '1.1 google', 'alt-svc': 'h3="":443""; ma=2592000,h3-29="":443""; ma=2592000'}"
5,5,https://openx.net/,0,200,0.03311562538146973,6,6,0,"{'server': 'OXGW/0.0.0', 'date': 'Wed, 25 Oct 2023 12:34:22 GMT', 'content-type': 'text/html', 'content-length': '516', 'via': '1.1 google', 'alt-svc': 'h3="":443""; ma=2592000,h3-29="":443""; ma=2592000'}"
6,6,https://openx.net/,0,200,0.062188148498535156,6,6,0,"{'server': 'OXGW/0.0.0', 'date': 'Wed, 25 Oct 2023 12:34:34 GMT', 'content-type': 'text/html', 'content-length': '516', 'via': '1.1 google', 'alt-svc': 'h3="":443""; ma=2592000,h3-29="":443""; ma=2592000'}"
7,7,https://openx.net/,0,200,0.042714595794677734,6,6,0,"{'server': 'OXGW/0.0.0', 'date': 'Wed, 25 Oct 2023 12:34:45 GMT', 'content-type': 'text/html', 'content-length': '516', 'via': '1.1 google', 'alt-svc': 'h3="":443""; ma=2592000,h3-29="":443""; ma=2592000'}"
8,8,https://openx.net/,0,200,0.02899026870727539,6,6,0,"{'server': 'OXGW/0.0.0', 'date': 'Wed, 25 Oct 2023 12:34:56 GMT', 'content-type': 'text/html', 'content-length': '516', 'via': '1.1 google', 'alt-svc': 'h3="":443""; ma=2592000,h3-29="":443""; ma=2592000'}"
9,9,https://openx.net/,0,200,0.054865121841430664,6,6,0,"{'server': 'OXGW/0.0.0', 'date': 'Wed, 25 Oct 2023 12:35:08 GMT', 'content-type': 'text/html', 'content-length': '516', 'via': '1.1 google', 'alt-svc': 'h3="":443""; ma=2592000,h3-29="":443""; ma=2592000'}"
