number,request,deviation_count,uri,request_length,http_version,Socket_Connect_Time,Socket_Close_Time,Response_Time,status_code,reason_phrase,error_message,response_header_count,response_header_length,response_body_length,response_header_fields
0,"GET https://openx.net/  HTTP/1.1
Host: openx.net
User-Agent: Mozilla/5.0 (Windows NT 10.0; rv:102.0) Gecko/20100101 Firefox/102.0
Accept: text/html,application/xhtml+xml,application/xml;q=0.9,image/avif,image/webp,*/*;q=0.8
Accept-Encoding: gzip, deflate, br
Accept-Language: en-US,en;q=0.5
DNT: 1
Connection: keep-alive
Upgrade-Insecure-Requests: 1
Sec-Fetch-Dest: document
Sec-Fetch-Mode: navigate
Sec-Fetch-Site: cross-site

",0,https://openx.net/,441,HTTP/1.1,0.1940474510192871,0.10446929931640625,0.03688764572143555,200,OK,[''],6,6,0,"{""server"": ""OXGW/0.0.0"", ""date"": ""Wed, 25 Oct 2023 12:33:20 GMT"", ""content-type"": ""text/html"", ""content-length"": ""516"", ""via"": ""1.1 google"", ""alt-svc"": ""h3=\"":443\""; ma=2592000,h3-29=\"":443\""; ma=2592000""}"
1,"GET https://openx.net/  HTTP/1.1
Host: openx.net
User-Agent: Mozilla/5.0 (Windows NT 10.0; rv:102.0) Gecko/20100101 Firefox/102.0
Accept: text/html,application/xhtml+xml,application/xml;q=0.9,image/avif,image/webp,*/*;q=0.8
Accept-Encoding: gzip, deflate, br
Accept-Language: en-US,en;q=0.5
DNT: 1
Connection: keep-alive
Upgrade-Insecure-Requests: 1
Sec-Fetch-Dest: document
Sec-Fetch-Mode: navigate
Sec-Fetch-Site: cross-site

",0,https://openx.net/,441,HTTP/1.1,0.14014935493469238,0.10697174072265625,0.03088068962097168,200,OK,[''],6,6,0,"{""server"": ""OXGW/0.0.0"", ""date"": ""Wed, 25 Oct 2023 12:33:32 GMT"", ""content-type"": ""text/html"", ""content-length"": ""516"", ""via"": ""1.1 google"", ""alt-svc"": ""h3=\"":443\""; ma=2592000,h3-29=\"":443\""; ma=2592000""}"
2,"GET https://openx.net/  HTTP/1.1
Host: openx.net
User-Agent: Mozilla/5.0 (Windows NT 10.0; rv:102.0) Gecko/20100101 Firefox/102.0
Accept: text/html,application/xhtml+xml,application/xml;q=0.9,image/avif,image/webp,*/*;q=0.8
Accept-Encoding: gzip, deflate, br
Accept-Language: en-US,en;q=0.5
DNT: 1
Connection: keep-alive
Upgrade-Insecure-Requests: 1
Sec-Fetch-Dest: document
Sec-Fetch-Mode: navigate
Sec-Fetch-Site: cross-site

",0,https://openx.net/,441,HTTP/1.1,0.2233586311340332,0.10146713256835938,0.03564333915710449,200,OK,[''],6,6,0,"{""server"": ""OXGW/0.0.0"", ""date"": ""Wed, 25 Oct 2023 12:33:45 GMT"", ""content-type"": ""text/html"", ""content-length"": ""516"", ""via"": ""1.1 google"", ""alt-svc"": ""h3=\"":443\""; ma=2592000,h3-29=\"":443\""; ma=2592000""}"
3,"GET https://openx.net/  HTTP/1.1
Host: openx.net
User-Agent: Mozilla/5.0 (Windows NT 10.0; rv:102.0) Gecko/20100101 Firefox/102.0
Accept: text/html,application/xhtml+xml,application/xml;q=0.9,image/avif,image/webp,*/*;q=0.8
Accept-Encoding: gzip, deflate, br
Accept-Language: en-US,en;q=0.5
DNT: 1
Connection: keep-alive
Upgrade-Insecure-Requests: 1
Sec-Fetch-Dest: document
Sec-Fetch-Mode: navigate
Sec-Fetch-Site: cross-site

",0,https://openx.net/,441,HTTP/1.1,0.20470070838928223,0.11766910552978516,0.03849220275878906,200,OK,[''],6,6,516,"{""server"": ""OXGW/0.0.0"", ""date"": ""Wed, 25 Oct 2023 12:33:57 GMT"", ""content-type"": ""text/html"", ""content-length"": ""516"", ""via"": ""1.1 google"", ""alt-svc"": ""h3=\"":443\""; ma=2592000,h3-29=\"":443\""; ma=2592000""}"
4,"GET https://openx.net/  HTTP/1.1
Host: openx.net
User-Agent: Mozilla/5.0 (Windows NT 10.0; rv:102.0) Gecko/20100101 Firefox/102.0
Accept: text/html,application/xhtml+xml,application/xml;q=0.9,image/avif,image/webp,*/*;q=0.8
Accept-Encoding: gzip, deflate, br
Accept-Language: en-US,en;q=0.5
DNT: 1
Connection: keep-alive
Upgrade-Insecure-Requests: 1
Sec-Fetch-Dest: document
Sec-Fetch-Mode: navigate
Sec-Fetch-Site: cross-site

",0,https://openx.net/,441,HTTP/1.1,0.1367170810699463,0.1110842227935791,0.04528498649597168,200,OK,[''],6,6,516,"{""server"": ""OXGW/0.0.0"", ""date"": ""Wed, 25 Oct 2023 12:34:10 GMT"", ""content-type"": ""text/html"", ""content-length"": ""516"", ""via"": ""1.1 google"", ""alt-svc"": ""h3=\"":443\""; ma=2592000,h3-29=\"":443\""; ma=2592000""}"
5,"GET https://openx.net/  HTTP/1.1
Host: openx.net
User-Agent: Mozilla/5.0 (Windows NT 10.0; rv:102.0) Gecko/20100101 Firefox/102.0
Accept: text/html,application/xhtml+xml,application/xml;q=0.9,image/avif,image/webp,*/*;q=0.8
Accept-Encoding: gzip, deflate, br
Accept-Language: en-US,en;q=0.5
DNT: 1
Connection: keep-alive
Upgrade-Insecure-Requests: 1
Sec-Fetch-Dest: document
Sec-Fetch-Mode: navigate
Sec-Fetch-Site: cross-site

",0,https://openx.net/,441,HTTP/1.1,0.26160216331481934,0.1221473217010498,0.03311562538146973,200,OK,[''],6,6,0,"{""server"": ""OXGW/0.0.0"", ""date"": ""Wed, 25 Oct 2023 12:34:22 GMT"", ""content-type"": ""text/html"", ""content-length"": ""516"", ""via"": ""1.1 google"", ""alt-svc"": ""h3=\"":443\""; ma=2592000,h3-29=\"":443\""; ma=2592000""}"
6,"GET https://openx.net/  HTTP/1.1
Host: openx.net
User-Agent: Mozilla/5.0 (Windows NT 10.0; rv:102.0) Gecko/20100101 Firefox/102.0
Accept: text/html,application/xhtml+xml,application/xml;q=0.9,image/avif,image/webp,*/*;q=0.8
Accept-Encoding: gzip, deflate, br
Accept-Language: en-US,en;q=0.5
DNT: 1
Connection: keep-alive
Upgrade-Insecure-Requests: 1
Sec-Fetch-Dest: document
Sec-Fetch-Mode: navigate
Sec-Fetch-Site: cross-site

",0,https://openx.net/,441,HTTP/1.1,0.09663963317871094,0.11113381385803223,0.062188148498535156,200,OK,[''],6,6,0,"{""server"": ""OXGW/0.0.0"", ""date"": ""Wed, 25 Oct 2023 12:34:34 GMT"", ""content-type"": ""text/html"", ""content-length"": ""516"", ""via"": ""1.1 google"", ""alt-svc"": ""h3=\"":443\""; ma=2592000,h3-29=\"":443\""; ma=2592000""}"
7,"GET https://openx.net/  HTTP/1.1
Host: openx.net
User-Agent: Mozilla/5.0 (Windows NT 10.0; rv:102.0) Gecko/20100101 Firefox/102.0
Accept: text/html,application/xhtml+xml,application/xml;q=0.9,image/avif,image/webp,*/*;q=0.8
Accept-Encoding: gzip, deflate, br
Accept-Language: en-US,en;q=0.5
DNT: 1
Connection: keep-alive
Upgrade-Insecure-Requests: 1
Sec-Fetch-Dest: document
Sec-Fetch-Mode: navigate
Sec-Fetch-Site: cross-site

",0,https://openx.net/,441,HTTP/1.1,0.12320709228515625,0.11669635772705078,0.042714595794677734,200,OK,[''],6,6,0,"{""server"": ""OXGW/0.0.0"", ""date"": ""Wed, 25 Oct 2023 12:34:45 GMT"", ""content-type"": ""text/html"", ""content-length"": ""516"", ""via"": ""1.1 google"", ""alt-svc"": ""h3=\"":443\""; ma=2592000,h3-29=\"":443\""; ma=2592000""}"
8,"GET https://openx.net/  HTTP/1.1
Host: openx.net
User-Agent: Mozilla/5.0 (Windows NT 10.0; rv:102.0) Gecko/20100101 Firefox/102.0
Accept: text/html,application/xhtml+xml,application/xml;q=0.9,image/avif,image/webp,*/*;q=0.8
Accept-Encoding: gzip, deflate, br
Accept-Language: en-US,en;q=0.5
DNT: 1
Connection: keep-alive
Upgrade-Insecure-Requests: 1
Sec-Fetch-Dest: document
Sec-Fetch-Mode: navigate
Sec-Fetch-Site: cross-site

",0,https://openx.net/,441,HTTP/1.1,0.1442852020263672,0.10576701164245605,0.02899026870727539,200,OK,[''],6,6,0,"{""server"": ""OXGW/0.0.0"", ""date"": ""Wed, 25 Oct 2023 12:34:56 GMT"", ""content-type"": ""text/html"", ""content-length"": ""516"", ""via"": ""1.1 google"", ""alt-svc"": ""h3=\"":443\""; ma=2592000,h3-29=\"":443\""; ma=2592000""}"
9,"GET https://openx.net/  HTTP/1.1
Host: openx.net
User-Agent: Mozilla/5.0 (Windows NT 10.0; rv:102.0) Gecko/20100101 Firefox/102.0
Accept: text/html,application/xhtml+xml,application/xml;q=0.9,image/avif,image/webp,*/*;q=0.8
Accept-Encoding: gzip, deflate, br
Accept-Language: en-US,en;q=0.5
DNT: 1
Connection: keep-alive
Upgrade-Insecure-Requests: 1
Sec-Fetch-Dest: document
Sec-Fetch-Mode: navigate
Sec-Fetch-Site: cross-site

",0,https://openx.net/,441,HTTP/1.1,0.18513751029968262,0.11164140701293945,0.054865121841430664,200,OK,[''],6,6,0,"{""server"": ""OXGW/0.0.0"", ""date"": ""Wed, 25 Oct 2023 12:35:08 GMT"", ""content-type"": ""text/html"", ""content-length"": ""516"", ""via"": ""1.1 google"", ""alt-svc"": ""h3=\"":443\""; ma=2592000,h3-29=\"":443\""; ma=2592000""}"
