[
    {
        "number": 0,
        "request": "GET https://openx.net/  HTTP/1.1\r\nHost: openx.net\r\nUser-Agent: Mozilla/5.0 (Windows NT 10.0; rv:102.0) Gecko/20100101 Firefox/102.0\r\nAccept: text/html,application/xhtml+xml,application/xml;q=0.9,image/avif,image/webp,*/*;q=0.8\r\nAccept-Encoding: gzip, deflate, br\r\nAccept-Language: en-US,en;q=0.5\r\nDNT: 1\r\nConnection: keep-alive\r\nUpgrade-Insecure-Requests: 1\r\nSec-Fetch-Dest: document\r\nSec-Fetch-Mode: navigate\r\nSec-Fetch-Site: cross-site\r\n\r\n",
        "deviation_count": 0,
        "uri": "https://openx.net/",
        "request_length": 441,
        "Response_Time": 0.03688764572143555,
        "status_code": 200,
        "reason_phrase": "OK",
        "error_message": [
            ""
        ],
        "response_header_count": 6,
        "response_header_length": 6,
        "response_body_length": 0,
        "response_header_fields": {
            "server": "OXGW/0.0.0",
            "date": "Wed, 25 Oct 2023 12:33:20 GMT",
            "content-type": "text/html",
            "content-length": "516",
            "via": "1.1 google",
            "alt-svc": "h3=\":443\"; ma=2592000,h3-29=\":443\"; ma=2592000"
        }
    },
    {
        "number": 1,
        "request": "GET https://openx.net/  HTTP/1.1\r\nHost: openx.net\r\nUser-Agent: Mozilla/5.0 (Windows NT 10.0; rv:102.0) Gecko/20100101 Firefox/102.0\r\nAccept: text/html,application/xhtml+xml,application/xml;q=0.9,image/avif,image/webp,*/*;q=0.8\r\nAccept-Encoding: gzip, deflate, br\r\nAccept-Language: en-US,en;q=0.5\r\nDNT: 1\r\nConnection: keep-alive\r\nUpgrade-Insecure-Requests: 1\r\nSec-Fetch-Dest: document\r\nSec-Fetch-Mode: navigate\r\nSec-Fetch-Site: cross-site\r\n\r\n",
        "deviation_count": 0,
        "uri": "https://openx.net/",
        "request_length": 441,
        "Response_Time": 0.03088068962097168,
        "status_code": 200,
        "reason_phrase": "OK",
        "error_message": [
            ""
        ],
        "response_header_count": 6,
        "response_header_length": 6,
        "response_body_length": 0,
        "response_header_fields": {
            "server": "OXGW/0.0.0",
            "date": "Wed, 25 Oct 2023 12:33:32 GMT",
            "content-type": "text/html",
            "content-length": "516",
            "via": "1.1 google",
            "alt-svc": "h3=\":443\"; ma=2592000,h3-29=\":443\"; ma=2592000"
        }
    },
    {
        "number": 2,
        "request": "GET https://openx.net/  HTTP/1.1\r\nHost: openx.net\r\nUser-Agent: Mozilla/5.0 (Windows NT 10.0; rv:102.0) Gecko/20100101 Firefox/102.0\r\nAccept: text/html,application/xhtml+xml,application/xml;q=0.9,image/avif,image/webp,*/*;q=0.8\r\nAccept-Encoding: gzip, deflate, br\r\nAccept-Language: en-US,en;q=0.5\r\nDNT: 1\r\nConnection: keep-alive\r\nUpgrade-Insecure-Requests: 1\r\nSec-Fetch-Dest: document\r\nSec-Fetch-Mode: navigate\r\nSec-Fetch-Site: cross-site\r\n\r\n",
        "deviation_count": 0,
        "uri": "https://openx.net/",
        "request_length": 441,
        "Response_Time": 0.03564333915710449,
        "status_code": 200,
        "reason_phrase": "OK",
        "error_message": [
            ""
        ],
        "response_header_count": 6,
        "response_header_length": 6,
        "response_body_length": 0,
        "response_header_fields": {
            "server": "OXGW/0.0.0",
            "date": "Wed, 25 Oct 2023 12:33:45 GMT",
            "content-type": "text/html",
            "content-length": "516",
            "via": "1.1 google",
            "alt-svc": "h3=\":443\"; ma=2592000,h3-29=\":443\"; ma=2592000"
        }
    },
    {
        "number": 3,
        "request": "GET https://openx.net/  HTTP/1.1\r\nHost: openx.net\r\nUser-Agent: Mozilla/5.0 (Windows NT 10.0; rv:102.0) Gecko/20100101 Firefox/102.0\r\nAccept: text/html,application/xhtml+xml,application/xml;q=0.9,image/avif,image/webp,*/*;q=0.8\r\nAccept-Encoding: gzip, deflate, br\r\nAccept-Language: en-US,en;q=0.5\r\nDNT: 1\r\nConnection: keep-alive\r\nUpgrade-Insecure-Requests: 1\r\nSec-Fetch-Dest: document\r\nSec-Fetch-Mode: navigate\r\nSec-Fetch-Site: cross-site\r\n\r\n",
        "deviation_count": 0,
        "uri": "https://openx.net/",
        "request_length": 441,
        "Response_Time": 0.03849220275878906,
        "status_code": 200,
        "reason_phrase": "OK",
        "error_message": [
            ""
        ],
        "response_header_count": 6,
        "response_header_length": 6,
        "response_body_length": 516,
        "response_header_fields": {
            "server": "OXGW/0.0.0",
            "date": "Wed, 25 Oct 2023 12:33:57 GMT",
            "content-type": "text/html",
            "content-length": "516",
            "via": "1.1 google",
            "alt-svc": "h3=\":443\"; ma=2592000,h3-29=\":443\"; ma=2592000"
        }
    },
    {
        "number": 4,
        "request": "GET https://openx.net/  HTTP/1.1\r\nHost: openx.net\r\nUser-Agent: Mozilla/5.0 (Windows NT 10.0; rv:102.0) Gecko/20100101 Firefox/102.0\r\nAccept: text/html,application/xhtml+xml,application/xml;q=0.9,image/avif,image/webp,*/*;q=0.8\r\nAccept-Encoding: gzip, deflate, br\r\nAccept-Language: en-US,en;q=0.5\r\nDNT: 1\r\nConnection: keep-alive\r\nUpgrade-Insecure-Requests: 1\r\nSec-Fetch-Dest: document\r\nSec-Fetch-Mode: navigate\r\nSec-Fetch-Site: cross-site\r\n\r\n",
        "deviation_count": 0,
        "uri": "https://openx.net/",
        "request_length": 441,
        "Response_Time": 0.04528498649597168,
        "status_code": 200,
        "reason_phrase": "OK",
        "error_message": [
            ""
        ],
        "response_header_count": 6,
        "response_header_length": 6,
        "response_body_length": 516,
        "response_header_fields": {
            "server": "OXGW/0.0.0",
            "date": "Wed, 25 Oct 2023 12:34:10 GMT",
            "content-type": "text/html",
            "content-length": "516",
            "via": "1.1 google",
            "alt-svc": "h3=\":443\"; ma=2592000,h3-29=\":443\"; ma=2592000"
        }
    },
    {
        "number": 5,
        "request": "GET https://openx.net/  HTTP/1.1\r\nHost: openx.net\r\nUser-Agent: Mozilla/5.0 (Windows NT 10.0; rv:102.0) Gecko/20100101 Firefox/102.0\r\nAccept: text/html,application/xhtml+xml,application/xml;q=0.9,image/avif,image/webp,*/*;q=0.8\r\nAccept-Encoding: gzip, deflate, br\r\nAccept-Language: en-US,en;q=0.5\r\nDNT: 1\r\nConnection: keep-alive\r\nUpgrade-Insecure-Requests: 1\r\nSec-Fetch-Dest: document\r\nSec-Fetch-Mode: navigate\r\nSec-Fetch-Site: cross-site\r\n\r\n",
        "deviation_count": 0,
        "uri": "https://openx.net/",
        "request_length": 441,
        "Response_Time": 0.03311562538146973,
        "status_code": 200,
        "reason_phrase": "OK",
        "error_message": [
            ""
        ],
        "response_header_count": 6,
        "response_header_length": 6,
        "response_body_length": 0,
        "response_header_fields": {
            "server": "OXGW/0.0.0",
            "date": "Wed, 25 Oct 2023 12:34:22 GMT",
            "content-type": "text/html",
            "content-length": "516",
            "via": "1.1 google",
            "alt-svc": "h3=\":443\"; ma=2592000,h3-29=\":443\"; ma=2592000"
        }
    },
    {
        "number": 6,
        "request": "GET https://openx.net/  HTTP/1.1\r\nHost: openx.net\r\nUser-Agent: Mozilla/5.0 (Windows NT 10.0; rv:102.0) Gecko/20100101 Firefox/102.0\r\nAccept: text/html,application/xhtml+xml,application/xml;q=0.9,image/avif,image/webp,*/*;q=0.8\r\nAccept-Encoding: gzip, deflate, br\r\nAccept-Language: en-US,en;q=0.5\r\nDNT: 1\r\nConnection: keep-alive\r\nUpgrade-Insecure-Requests: 1\r\nSec-Fetch-Dest: document\r\nSec-Fetch-Mode: navigate\r\nSec-Fetch-Site: cross-site\r\n\r\n",
        "deviation_count": 0,
        "uri": "https://openx.net/",
        "request_length": 441,
        "Response_Time": 0.062188148498535156,
        "status_code": 200,
        "reason_phrase": "OK",
        "error_message": [
            ""
        ],
        "response_header_count": 6,
        "response_header_length": 6,
        "response_body_length": 0,
        "response_header_fields": {
            "server": "OXGW/0.0.0",
            "date": "Wed, 25 Oct 2023 12:34:34 GMT",
            "content-type": "text/html",
            "content-length": "516",
            "via": "1.1 google",
            "alt-svc": "h3=\":443\"; ma=2592000,h3-29=\":443\"; ma=2592000"
        }
    },
    {
        "number": 7,
        "request": "GET https://openx.net/  HTTP/1.1\r\nHost: openx.net\r\nUser-Agent: Mozilla/5.0 (Windows NT 10.0; rv:102.0) Gecko/20100101 Firefox/102.0\r\nAccept: text/html,application/xhtml+xml,application/xml;q=0.9,image/avif,image/webp,*/*;q=0.8\r\nAccept-Encoding: gzip, deflate, br\r\nAccept-Language: en-US,en;q=0.5\r\nDNT: 1\r\nConnection: keep-alive\r\nUpgrade-Insecure-Requests: 1\r\nSec-Fetch-Dest: document\r\nSec-Fetch-Mode: navigate\r\nSec-Fetch-Site: cross-site\r\n\r\n",
        "deviation_count": 0,
        "uri": "https://openx.net/",
        "request_length": 441,
        "Response_Time": 0.042714595794677734,
        "status_code": 200,
        "reason_phrase": "OK",
        "error_message": [
            ""
        ],
        "response_header_count": 6,
        "response_header_length": 6,
        "response_body_length": 0,
        "response_header_fields": {
            "server": "OXGW/0.0.0",
            "date": "Wed, 25 Oct 2023 12:34:45 GMT",
            "content-type": "text/html",
            "content-length": "516",
            "via": "1.1 google",
            "alt-svc": "h3=\":443\"; ma=2592000,h3-29=\":443\"; ma=2592000"
        }
    },
    {
        "number": 8,
        "request": "GET https://openx.net/  HTTP/1.1\r\nHost: openx.net\r\nUser-Agent: Mozilla/5.0 (Windows NT 10.0; rv:102.0) Gecko/20100101 Firefox/102.0\r\nAccept: text/html,application/xhtml+xml,application/xml;q=0.9,image/avif,image/webp,*/*;q=0.8\r\nAccept-Encoding: gzip, deflate, br\r\nAccept-Language: en-US,en;q=0.5\r\nDNT: 1\r\nConnection: keep-alive\r\nUpgrade-Insecure-Requests: 1\r\nSec-Fetch-Dest: document\r\nSec-Fetch-Mode: navigate\r\nSec-Fetch-Site: cross-site\r\n\r\n",
        "deviation_count": 0,
        "uri": "https://openx.net/",
        "request_length": 441,
        "Response_Time": 0.02899026870727539,
        "status_code": 200,
        "reason_phrase": "OK",
        "error_message": [
            ""
        ],
        "response_header_count": 6,
        "response_header_length": 6,
        "response_body_length": 0,
        "response_header_fields": {
            "server": "OXGW/0.0.0",
            "date": "Wed, 25 Oct 2023 12:34:56 GMT",
            "content-type": "text/html",
            "content-length": "516",
            "via": "1.1 google",
            "alt-svc": "h3=\":443\"; ma=2592000,h3-29=\":443\"; ma=2592000"
        }
    },
    {
        "number": 9,
        "request": "GET https://openx.net/  HTTP/1.1\r\nHost: openx.net\r\nUser-Agent: Mozilla/5.0 (Windows NT 10.0; rv:102.0) Gecko/20100101 Firefox/102.0\r\nAccept: text/html,application/xhtml+xml,application/xml;q=0.9,image/avif,image/webp,*/*;q=0.8\r\nAccept-Encoding: gzip, deflate, br\r\nAccept-Language: en-US,en;q=0.5\r\nDNT: 1\r\nConnection: keep-alive\r\nUpgrade-Insecure-Requests: 1\r\nSec-Fetch-Dest: document\r\nSec-Fetch-Mode: navigate\r\nSec-Fetch-Site: cross-site\r\n\r\n",
        "deviation_count": 0,
        "uri": "https://openx.net/",
        "request_length": 441,
        "Response_Time": 0.054865121841430664,
        "status_code": 200,
        "reason_phrase": "OK",
        "error_message": [
            ""
        ],
        "response_header_count": 6,
        "response_header_length": 6,
        "response_body_length": 0,
        "response_header_fields": {
            "server": "OXGW/0.0.0",
            "date": "Wed, 25 Oct 2023 12:35:08 GMT",
            "content-type": "text/html",
            "content-length": "516",
            "via": "1.1 google",
            "alt-svc": "h3=\":443\"; ma=2592000,h3-29=\":443\"; ma=2592000"
        }
    }
]