number,request,deviation_count,uri,request_length,http_version,Socket_Connect_Time,Socket_Close_Time,Response_Time,status_code,reason_phrase,error_message,response_header_count,response_header_length,response_body_length,response_header_fields
0,"GET https://www.icloud.com/  HTTP/1.1
Host: www.icloud.com
User-Agent: Mozilla/5.0 (Windows NT 10.0; rv:102.0) Gecko/20100101 Firefox/102.0
Accept: text/html,application/xhtml+xml,application/xml;q=0.9,image/avif,image/webp,*/*;q=0.8
Accept-Encoding: gzip, deflate, br
Accept-Language: en-US,en;q=0.5
DNT: 1
Connection: keep-alive
Upgrade-Insecure-Requests: 1
Sec-Fetch-Dest: document
Sec-Fetch-Mode: navigate
Sec-Fetch-Site: cross-site

",0,https://www.icloud.com/,451,HTTP/1.1,0.23349905014038086,0.11139512062072754,0.060152292251586914,200,OK,[''],21,21,13964,"{""server"": ""AppleHttpServer/78689afb4479"", ""content-type"": ""text/html"", ""content-length"": ""48180"", ""etag"": ""\""18b1e358590bc34\"""", ""content-language"": ""en-us"", ""content-encoding"": ""br"", ""content-location"": ""/system/icloud.com/index.html.en-us.brotli"", ""vary"": ""accept-encoding"", ""content-version"": ""V1"", ""x-frame-options"": ""SAMEORIGIN"", ""x-robots-tag"": ""noarchive"", ""strict-transport-security"": ""max-age=31536000; includeSubDomains; preload"", ""cache-control"": ""public, max-age=300"", ""x-content-type-options"": ""nosniff"", ""content-security-policy"": ""img-src 'self' blob: data: icloud.com *.icloud.com *.apple.com *.cdn-apple.com *.icloud-content.com *.icloud-content.com.cn *.apple-mapkit.com *.mzstatic.com; media-src 'self' blob: data: *.icloud.com *.apple.com *.cdn-apple.com *.icloud-content.com *.icloud-content.com.cn; font-src 'self' blob: data: icloud.com *.icloud.com *.apple.com *.cdn-apple.com; connect-src blob: 'self' icloud.com *.icloud.com *.apple.com *.cdn-apple.com *.icloud-content.com *.icloud-content.com.cn *.apple-mapkit.com; frame-src 'self' blob: mailto: tel: *.icloud.com *.apple.com *.icloud-sandbox.com *.icloud-content.com *.icloud-content.com.cn; frame-ancestors 'self' *.icloud.com *.apple.com; form-action 'self' *.icloud.com *.apple.com; child-src blob: 'self'; base-uri 'self' *.icloud.com *.cdn-apple.com; report-uri https://feedbackws.icloud.com/reportRaw"", ""x-xss-protection"": ""1; mode=block"", ""expect-ct"": ""max-age=30, report-uri=\""https://feedbackws.icloud.com/reportRaw\"""", ""x-apple-request-uuid"": ""9f4bf287-d2d0-466a-83c7-859416647c44"", ""access-control-expose-headers"": ""X-Apple-Request-UUID,Via"", ""date"": ""Wed, 25 Oct 2023 12:33:11 GMT"", ""connection"": ""keep-alive""}"
1,"GET https://www.icloud.com/  HTTP/1.1
Host: www.icloud.com
User-Agent: Mozilla/5.0 (Windows NT 10.0; rv:102.0) Gecko/20100101 Firefox/102.0
Accept: text/html,application/xhtml+xml,application/xml;q=0.9,image/avif,image/webp,*/*;q=0.8
Accept-Encoding: gzip, deflate, br
Accept-Language: en-US,en;q=0.5
DNT: 1
Connection: keep-alive
Upgrade-Insecure-Requests: 1
Sec-Fetch-Dest: document
Sec-Fetch-Mode: navigate
Sec-Fetch-Site: cross-site

",0,https://www.icloud.com/,451,HTTP/1.1,0.1327981948852539,0.11358380317687988,0.03397011756896973,200,OK,[''],21,21,13964,"{""server"": ""AppleHttpServer/78689afb4479"", ""content-type"": ""text/html"", ""content-length"": ""48180"", ""etag"": ""\""18b1e358590bc34\"""", ""content-language"": ""en-us"", ""content-encoding"": ""br"", ""content-location"": ""/system/icloud.com/index.html.en-us.brotli"", ""vary"": ""accept-encoding"", ""content-version"": ""V1"", ""x-frame-options"": ""SAMEORIGIN"", ""x-robots-tag"": ""noarchive"", ""strict-transport-security"": ""max-age=31536000; includeSubDomains; preload"", ""cache-control"": ""public, max-age=300"", ""x-content-type-options"": ""nosniff"", ""content-security-policy"": ""img-src 'self' blob: data: icloud.com *.icloud.com *.apple.com *.cdn-apple.com *.icloud-content.com *.icloud-content.com.cn *.apple-mapkit.com *.mzstatic.com; media-src 'self' blob: data: *.icloud.com *.apple.com *.cdn-apple.com *.icloud-content.com *.icloud-content.com.cn; font-src 'self' blob: data: icloud.com *.icloud.com *.apple.com *.cdn-apple.com; connect-src blob: 'self' icloud.com *.icloud.com *.apple.com *.cdn-apple.com *.icloud-content.com *.icloud-content.com.cn *.apple-mapkit.com; frame-src 'self' blob: mailto: tel: *.icloud.com *.apple.com *.icloud-sandbox.com *.icloud-content.com *.icloud-content.com.cn; frame-ancestors 'self' *.icloud.com *.apple.com; form-action 'self' *.icloud.com *.apple.com; child-src blob: 'self'; base-uri 'self' *.icloud.com *.cdn-apple.com; report-uri https://feedbackws.icloud.com/reportRaw"", ""x-xss-protection"": ""1; mode=block"", ""expect-ct"": ""max-age=30, report-uri=\""https://feedbackws.icloud.com/reportRaw\"""", ""x-apple-request-uuid"": ""9f4bf287-d2d0-466a-83c7-859416647c44"", ""access-control-expose-headers"": ""X-Apple-Request-UUID,Via"", ""date"": ""Wed, 25 Oct 2023 12:33:21 GMT"", ""connection"": ""keep-alive""}"
2,"GET https://www.icloud.com/  HTTP/1.1
Host: www.icloud.com
User-Agent: Mozilla/5.0 (Windows NT 10.0; rv:102.0) Gecko/20100101 Firefox/102.0
Accept: text/html,application/xhtml+xml,application/xml;q=0.9,image/avif,image/webp,*/*;q=0.8
Accept-Encoding: gzip, deflate, br
Accept-Language: en-US,en;q=0.5
DNT: 1
Connection: keep-alive
Upgrade-Insecure-Requests: 1
Sec-Fetch-Dest: document
Sec-Fetch-Mode: navigate
Sec-Fetch-Site: cross-site

",0,https://www.icloud.com/,451,HTTP/1.1,0.12112092971801758,0.10887718200683594,0.029624223709106445,200,OK,[''],21,21,13964,"{""server"": ""AppleHttpServer/78689afb4479"", ""content-type"": ""text/html"", ""content-length"": ""48180"", ""etag"": ""\""18b1e358590bc34\"""", ""content-language"": ""en-us"", ""content-encoding"": ""br"", ""content-location"": ""/system/icloud.com/index.html.en-us.brotli"", ""vary"": ""accept-encoding"", ""content-version"": ""V1"", ""x-frame-options"": ""SAMEORIGIN"", ""x-robots-tag"": ""noarchive"", ""strict-transport-security"": ""max-age=31536000; includeSubDomains; preload"", ""cache-control"": ""public, max-age=300"", ""x-content-type-options"": ""nosniff"", ""content-security-policy"": ""img-src 'self' blob: data: icloud.com *.icloud.com *.apple.com *.cdn-apple.com *.icloud-content.com *.icloud-content.com.cn *.apple-mapkit.com *.mzstatic.com; media-src 'self' blob: data: *.icloud.com *.apple.com *.cdn-apple.com *.icloud-content.com *.icloud-content.com.cn; font-src 'self' blob: data: icloud.com *.icloud.com *.apple.com *.cdn-apple.com; connect-src blob: 'self' icloud.com *.icloud.com *.apple.com *.cdn-apple.com *.icloud-content.com *.icloud-content.com.cn *.apple-mapkit.com; frame-src 'self' blob: mailto: tel: *.icloud.com *.apple.com *.icloud-sandbox.com *.icloud-content.com *.icloud-content.com.cn; frame-ancestors 'self' *.icloud.com *.apple.com; form-action 'self' *.icloud.com *.apple.com; child-src blob: 'self'; base-uri 'self' *.icloud.com *.cdn-apple.com; report-uri https://feedbackws.icloud.com/reportRaw"", ""x-xss-protection"": ""1; mode=block"", ""expect-ct"": ""max-age=30, report-uri=\""https://feedbackws.icloud.com/reportRaw\"""", ""x-apple-request-uuid"": ""9f4bf287-d2d0-466a-83c7-859416647c44"", ""access-control-expose-headers"": ""X-Apple-Request-UUID,Via"", ""date"": ""Wed, 25 Oct 2023 12:33:30 GMT"", ""connection"": ""keep-alive""}"
3,"GET https://www.icloud.com/  HTTP/1.1
Host: www.icloud.com
User-Agent: Mozilla/5.0 (Windows NT 10.0; rv:102.0) Gecko/20100101 Firefox/102.0
Accept: text/html,application/xhtml+xml,application/xml;q=0.9,image/avif,image/webp,*/*;q=0.8
Accept-Encoding: gzip, deflate, br
Accept-Language: en-US,en;q=0.5
DNT: 1
Connection: keep-alive
Upgrade-Insecure-Requests: 1
Sec-Fetch-Dest: document
Sec-Fetch-Mode: navigate
Sec-Fetch-Site: cross-site

",0,https://www.icloud.com/,451,HTTP/1.1,0.14293670654296875,0.10876870155334473,0.03981375694274902,200,OK,[''],21,21,13964,"{""server"": ""AppleHttpServer/78689afb4479"", ""content-type"": ""text/html"", ""content-length"": ""48180"", ""etag"": ""\""18b1e358590bc34\"""", ""content-language"": ""en-us"", ""content-encoding"": ""br"", ""content-location"": ""/system/icloud.com/index.html.en-us.brotli"", ""vary"": ""accept-encoding"", ""content-version"": ""V1"", ""x-frame-options"": ""SAMEORIGIN"", ""x-robots-tag"": ""noarchive"", ""strict-transport-security"": ""max-age=31536000; includeSubDomains; preload"", ""cache-control"": ""public, max-age=300"", ""x-content-type-options"": ""nosniff"", ""content-security-policy"": ""img-src 'self' blob: data: icloud.com *.icloud.com *.apple.com *.cdn-apple.com *.icloud-content.com *.icloud-content.com.cn *.apple-mapkit.com *.mzstatic.com; media-src 'self' blob: data: *.icloud.com *.apple.com *.cdn-apple.com *.icloud-content.com *.icloud-content.com.cn; font-src 'self' blob: data: icloud.com *.icloud.com *.apple.com *.cdn-apple.com; connect-src blob: 'self' icloud.com *.icloud.com *.apple.com *.cdn-apple.com *.icloud-content.com *.icloud-content.com.cn *.apple-mapkit.com; frame-src 'self' blob: mailto: tel: *.icloud.com *.apple.com *.icloud-sandbox.com *.icloud-content.com *.icloud-content.com.cn; frame-ancestors 'self' *.icloud.com *.apple.com; form-action 'self' *.icloud.com *.apple.com; child-src blob: 'self'; base-uri 'self' *.icloud.com *.cdn-apple.com; report-uri https://feedbackws.icloud.com/reportRaw"", ""x-xss-protection"": ""1; mode=block"", ""expect-ct"": ""max-age=30, report-uri=\""https://feedbackws.icloud.com/reportRaw\"""", ""x-apple-request-uuid"": ""9f4bf287-d2d0-466a-83c7-859416647c44"", ""access-control-expose-headers"": ""X-Apple-Request-UUID,Via"", ""date"": ""Wed, 25 Oct 2023 12:33:40 GMT"", ""connection"": ""keep-alive""}"
4,"GET https://www.icloud.com/  HTTP/1.1
Host: www.icloud.com
User-Agent: Mozilla/5.0 (Windows NT 10.0; rv:102.0) Gecko/20100101 Firefox/102.0
Accept: text/html,application/xhtml+xml,application/xml;q=0.9,image/avif,image/webp,*/*;q=0.8
Accept-Encoding: gzip, deflate, br
Accept-Language: en-US,en;q=0.5
DNT: 1
Connection: keep-alive
Upgrade-Insecure-Requests: 1
Sec-Fetch-Dest: document
Sec-Fetch-Mode: navigate
Sec-Fetch-Site: cross-site

",0,https://www.icloud.com/,451,HTTP/1.1,0.1808316707611084,0.10360264778137207,0.0567469596862793,200,OK,[''],21,21,13964,"{""server"": ""AppleHttpServer/78689afb4479"", ""content-type"": ""text/html"", ""content-length"": ""48180"", ""etag"": ""\""18b1e358590bc34\"""", ""content-language"": ""en-us"", ""content-encoding"": ""br"", ""content-location"": ""/system/icloud.com/index.html.en-us.brotli"", ""vary"": ""accept-encoding"", ""content-version"": ""V1"", ""x-frame-options"": ""SAMEORIGIN"", ""x-robots-tag"": ""noarchive"", ""strict-transport-security"": ""max-age=31536000; includeSubDomains; preload"", ""cache-control"": ""public, max-age=300"", ""x-content-type-options"": ""nosniff"", ""content-security-policy"": ""img-src 'self' blob: data: icloud.com *.icloud.com *.apple.com *.cdn-apple.com *.icloud-content.com *.icloud-content.com.cn *.apple-mapkit.com *.mzstatic.com; media-src 'self' blob: data: *.icloud.com *.apple.com *.cdn-apple.com *.icloud-content.com *.icloud-content.com.cn; font-src 'self' blob: data: icloud.com *.icloud.com *.apple.com *.cdn-apple.com; connect-src blob: 'self' icloud.com *.icloud.com *.apple.com *.cdn-apple.com *.icloud-content.com *.icloud-content.com.cn *.apple-mapkit.com; frame-src 'self' blob: mailto: tel: *.icloud.com *.apple.com *.icloud-sandbox.com *.icloud-content.com *.icloud-content.com.cn; frame-ancestors 'self' *.icloud.com *.apple.com; form-action 'self' *.icloud.com *.apple.com; child-src blob: 'self'; base-uri 'self' *.icloud.com *.cdn-apple.com; report-uri https://feedbackws.icloud.com/reportRaw"", ""x-xss-protection"": ""1; mode=block"", ""expect-ct"": ""max-age=30, report-uri=\""https://feedbackws.icloud.com/reportRaw\"""", ""x-apple-request-uuid"": ""9f4bf287-d2d0-466a-83c7-859416647c44"", ""access-control-expose-headers"": ""X-Apple-Request-UUID,Via"", ""date"": ""Wed, 25 Oct 2023 12:33:50 GMT"", ""connection"": ""keep-alive""}"
5,"GET https://www.icloud.com/  HTTP/1.1
Host: www.icloud.com
User-Agent: Mozilla/5.0 (Windows NT 10.0; rv:102.0) Gecko/20100101 Firefox/102.0
Accept: text/html,application/xhtml+xml,application/xml;q=0.9,image/avif,image/webp,*/*;q=0.8
Accept-Encoding: gzip, deflate, br
Accept-Language: en-US,en;q=0.5
DNT: 1
Connection: keep-alive
Upgrade-Insecure-Requests: 1
Sec-Fetch-Dest: document
Sec-Fetch-Mode: navigate
Sec-Fetch-Site: cross-site

",0,https://www.icloud.com/,451,HTTP/1.1,0.15412020683288574,0.11127591133117676,0.015296459197998047,200,OK,[''],21,21,13964,"{""server"": ""AppleHttpServer/78689afb4479"", ""content-type"": ""text/html"", ""content-length"": ""48180"", ""etag"": ""\""18b1e358590bc34\"""", ""content-language"": ""en-us"", ""content-encoding"": ""br"", ""content-location"": ""/system/icloud.com/index.html.en-us.brotli"", ""vary"": ""accept-encoding"", ""content-version"": ""V1"", ""x-frame-options"": ""SAMEORIGIN"", ""x-robots-tag"": ""noarchive"", ""strict-transport-security"": ""max-age=31536000; includeSubDomains; preload"", ""cache-control"": ""public, max-age=300"", ""x-content-type-options"": ""nosniff"", ""content-security-policy"": ""img-src 'self' blob: data: icloud.com *.icloud.com *.apple.com *.cdn-apple.com *.icloud-content.com *.icloud-content.com.cn *.apple-mapkit.com *.mzstatic.com; media-src 'self' blob: data: *.icloud.com *.apple.com *.cdn-apple.com *.icloud-content.com *.icloud-content.com.cn; font-src 'self' blob: data: icloud.com *.icloud.com *.apple.com *.cdn-apple.com; connect-src blob: 'self' icloud.com *.icloud.com *.apple.com *.cdn-apple.com *.icloud-content.com *.icloud-content.com.cn *.apple-mapkit.com; frame-src 'self' blob: mailto: tel: *.icloud.com *.apple.com *.icloud-sandbox.com *.icloud-content.com *.icloud-content.com.cn; frame-ancestors 'self' *.icloud.com *.apple.com; form-action 'self' *.icloud.com *.apple.com; child-src blob: 'self'; base-uri 'self' *.icloud.com *.cdn-apple.com; report-uri https://feedbackws.icloud.com/reportRaw"", ""x-xss-protection"": ""1; mode=block"", ""expect-ct"": ""max-age=30, report-uri=\""https://feedbackws.icloud.com/reportRaw\"""", ""x-apple-request-uuid"": ""9f4bf287-d2d0-466a-83c7-859416647c44"", ""access-control-expose-headers"": ""X-Apple-Request-UUID,Via"", ""date"": ""Wed, 25 Oct 2023 12:34:00 GMT"", ""connection"": ""keep-alive""}"
6,"GET https://www.icloud.com/  HTTP/1.1
Host: www.icloud.com
User-Agent: Mozilla/5.0 (Windows NT 10.0; rv:102.0) Gecko/20100101 Firefox/102.0
Accept: text/html,application/xhtml+xml,application/xml;q=0.9,image/avif,image/webp,*/*;q=0.8
Accept-Encoding: gzip, deflate, br
Accept-Language: en-US,en;q=0.5
DNT: 1
Connection: keep-alive
Upgrade-Insecure-Requests: 1
Sec-Fetch-Dest: document
Sec-Fetch-Mode: navigate
Sec-Fetch-Site: cross-site

",0,https://www.icloud.com/,451,HTTP/1.1,0.12601709365844727,0.10788440704345703,0.0585477352142334,200,OK,[''],21,21,13964,"{""server"": ""AppleHttpServer/78689afb4479"", ""content-type"": ""text/html"", ""content-length"": ""48180"", ""etag"": ""\""18b1e358590bc34\"""", ""content-language"": ""en-us"", ""content-encoding"": ""br"", ""content-location"": ""/system/icloud.com/index.html.en-us.brotli"", ""vary"": ""accept-encoding"", ""content-version"": ""V1"", ""x-frame-options"": ""SAMEORIGIN"", ""x-robots-tag"": ""noarchive"", ""strict-transport-security"": ""max-age=31536000; includeSubDomains; preload"", ""cache-control"": ""public, max-age=300"", ""x-content-type-options"": ""nosniff"", ""content-security-policy"": ""img-src 'self' blob: data: icloud.com *.icloud.com *.apple.com *.cdn-apple.com *.icloud-content.com *.icloud-content.com.cn *.apple-mapkit.com *.mzstatic.com; media-src 'self' blob: data: *.icloud.com *.apple.com *.cdn-apple.com *.icloud-content.com *.icloud-content.com.cn; font-src 'self' blob: data: icloud.com *.icloud.com *.apple.com *.cdn-apple.com; connect-src blob: 'self' icloud.com *.icloud.com *.apple.com *.cdn-apple.com *.icloud-content.com *.icloud-content.com.cn *.apple-mapkit.com; frame-src 'self' blob: mailto: tel: *.icloud.com *.apple.com *.icloud-sandbox.com *.icloud-content.com *.icloud-content.com.cn; frame-ancestors 'self' *.icloud.com *.apple.com; form-action 'self' *.icloud.com *.apple.com; child-src blob: 'self'; base-uri 'self' *.icloud.com *.cdn-apple.com; report-uri https://feedbackws.icloud.com/reportRaw"", ""x-xss-protection"": ""1; mode=block"", ""expect-ct"": ""max-age=30, report-uri=\""https://feedbackws.icloud.com/reportRaw\"""", ""x-apple-request-uuid"": ""9f4bf287-d2d0-466a-83c7-859416647c44"", ""access-control-expose-headers"": ""X-Apple-Request-UUID,Via"", ""date"": ""Wed, 25 Oct 2023 12:34:10 GMT"", ""connection"": ""keep-alive""}"
7,"GET https://www.icloud.com/  HTTP/1.1
Host: www.icloud.com
User-Agent: Mozilla/5.0 (Windows NT 10.0; rv:102.0) Gecko/20100101 Firefox/102.0
Accept: text/html,application/xhtml+xml,application/xml;q=0.9,image/avif,image/webp,*/*;q=0.8
Accept-Encoding: gzip, deflate, br
Accept-Language: en-US,en;q=0.5
DNT: 1
Connection: keep-alive
Upgrade-Insecure-Requests: 1
Sec-Fetch-Dest: document
Sec-Fetch-Mode: navigate
Sec-Fetch-Site: cross-site

",0,https://www.icloud.com/,451,HTTP/1.1,0.36739325523376465,0.1117854118347168,0.04040789604187012,200,OK,[''],21,21,13964,"{""server"": ""AppleHttpServer/78689afb4479"", ""content-type"": ""text/html"", ""content-length"": ""48180"", ""etag"": ""\""18b1e358590bc34\"""", ""content-language"": ""en-us"", ""content-encoding"": ""br"", ""content-location"": ""/system/icloud.com/index.html.en-us.brotli"", ""vary"": ""accept-encoding"", ""content-version"": ""V1"", ""x-frame-options"": ""SAMEORIGIN"", ""x-robots-tag"": ""noarchive"", ""strict-transport-security"": ""max-age=31536000; includeSubDomains; preload"", ""cache-control"": ""public, max-age=300"", ""x-content-type-options"": ""nosniff"", ""content-security-policy"": ""img-src 'self' blob: data: icloud.com *.icloud.com *.apple.com *.cdn-apple.com *.icloud-content.com *.icloud-content.com.cn *.apple-mapkit.com *.mzstatic.com; media-src 'self' blob: data: *.icloud.com *.apple.com *.cdn-apple.com *.icloud-content.com *.icloud-content.com.cn; font-src 'self' blob: data: icloud.com *.icloud.com *.apple.com *.cdn-apple.com; connect-src blob: 'self' icloud.com *.icloud.com *.apple.com *.cdn-apple.com *.icloud-content.com *.icloud-content.com.cn *.apple-mapkit.com; frame-src 'self' blob: mailto: tel: *.icloud.com *.apple.com *.icloud-sandbox.com *.icloud-content.com *.icloud-content.com.cn; frame-ancestors 'self' *.icloud.com *.apple.com; form-action 'self' *.icloud.com *.apple.com; child-src blob: 'self'; base-uri 'self' *.icloud.com *.cdn-apple.com; report-uri https://feedbackws.icloud.com/reportRaw"", ""x-xss-protection"": ""1; mode=block"", ""expect-ct"": ""max-age=30, report-uri=\""https://feedbackws.icloud.com/reportRaw\"""", ""x-apple-request-uuid"": ""9f4bf287-d2d0-466a-83c7-859416647c44"", ""access-control-expose-headers"": ""X-Apple-Request-UUID,Via"", ""date"": ""Wed, 25 Oct 2023 12:34:19 GMT"", ""connection"": ""keep-alive""}"
8,"GET https://www.icloud.com/  HTTP/1.1
Host: www.icloud.com
User-Agent: Mozilla/5.0 (Windows NT 10.0; rv:102.0) Gecko/20100101 Firefox/102.0
Accept: text/html,application/xhtml+xml,application/xml;q=0.9,image/avif,image/webp,*/*;q=0.8
Accept-Encoding: gzip, deflate, br
Accept-Language: en-US,en;q=0.5
DNT: 1
Connection: keep-alive
Upgrade-Insecure-Requests: 1
Sec-Fetch-Dest: document
Sec-Fetch-Mode: navigate
Sec-Fetch-Site: cross-site

",0,https://www.icloud.com/,451,HTTP/1.1,0.12540698051452637,0.14003443717956543,0.01627373695373535,200,OK,[''],21,21,13964,"{""server"": ""AppleHttpServer/78689afb4479"", ""content-type"": ""text/html"", ""content-length"": ""48180"", ""etag"": ""\""18b1e358590bc34\"""", ""content-language"": ""en-us"", ""content-encoding"": ""br"", ""content-location"": ""/system/icloud.com/index.html.en-us.brotli"", ""vary"": ""accept-encoding"", ""content-version"": ""V1"", ""x-frame-options"": ""SAMEORIGIN"", ""x-robots-tag"": ""noarchive"", ""strict-transport-security"": ""max-age=31536000; includeSubDomains; preload"", ""cache-control"": ""public, max-age=300"", ""x-content-type-options"": ""nosniff"", ""content-security-policy"": ""img-src 'self' blob: data: icloud.com *.icloud.com *.apple.com *.cdn-apple.com *.icloud-content.com *.icloud-content.com.cn *.apple-mapkit.com *.mzstatic.com; media-src 'self' blob: data: *.icloud.com *.apple.com *.cdn-apple.com *.icloud-content.com *.icloud-content.com.cn; font-src 'self' blob: data: icloud.com *.icloud.com *.apple.com *.cdn-apple.com; connect-src blob: 'self' icloud.com *.icloud.com *.apple.com *.cdn-apple.com *.icloud-content.com *.icloud-content.com.cn *.apple-mapkit.com; frame-src 'self' blob: mailto: tel: *.icloud.com *.apple.com *.icloud-sandbox.com *.icloud-content.com *.icloud-content.com.cn; frame-ancestors 'self' *.icloud.com *.apple.com; form-action 'self' *.icloud.com *.apple.com; child-src blob: 'self'; base-uri 'self' *.icloud.com *.cdn-apple.com; report-uri https://feedbackws.icloud.com/reportRaw"", ""x-xss-protection"": ""1; mode=block"", ""expect-ct"": ""max-age=30, report-uri=\""https://feedbackws.icloud.com/reportRaw\"""", ""x-apple-request-uuid"": ""9f4bf287-d2d0-466a-83c7-859416647c44"", ""access-control-expose-headers"": ""X-Apple-Request-UUID,Via"", ""date"": ""Wed, 25 Oct 2023 12:34:28 GMT"", ""connection"": ""keep-alive""}"
9,"GET https://www.icloud.com/  HTTP/1.1
Host: www.icloud.com
User-Agent: Mozilla/5.0 (Windows NT 10.0; rv:102.0) Gecko/20100101 Firefox/102.0
Accept: text/html,application/xhtml+xml,application/xml;q=0.9,image/avif,image/webp,*/*;q=0.8
Accept-Encoding: gzip, deflate, br
Accept-Language: en-US,en;q=0.5
DNT: 1
Connection: keep-alive
Upgrade-Insecure-Requests: 1
Sec-Fetch-Dest: document
Sec-Fetch-Mode: navigate
Sec-Fetch-Site: cross-site

",0,https://www.icloud.com/,451,HTTP/1.1,0.17367053031921387,0.11820363998413086,0.07685565948486328,200,OK,[''],21,21,13964,"{""server"": ""AppleHttpServer/78689afb4479"", ""content-type"": ""text/html"", ""content-length"": ""48180"", ""etag"": ""\""18b1e358590bc34\"""", ""content-language"": ""en-us"", ""content-encoding"": ""br"", ""content-location"": ""/system/icloud.com/index.html.en-us.brotli"", ""vary"": ""accept-encoding"", ""content-version"": ""V1"", ""x-frame-options"": ""SAMEORIGIN"", ""x-robots-tag"": ""noarchive"", ""strict-transport-security"": ""max-age=31536000; includeSubDomains; preload"", ""cache-control"": ""public, max-age=300"", ""x-content-type-options"": ""nosniff"", ""content-security-policy"": ""img-src 'self' blob: data: icloud.com *.icloud.com *.apple.com *.cdn-apple.com *.icloud-content.com *.icloud-content.com.cn *.apple-mapkit.com *.mzstatic.com; media-src 'self' blob: data: *.icloud.com *.apple.com *.cdn-apple.com *.icloud-content.com *.icloud-content.com.cn; font-src 'self' blob: data: icloud.com *.icloud.com *.apple.com *.cdn-apple.com; connect-src blob: 'self' icloud.com *.icloud.com *.apple.com *.cdn-apple.com *.icloud-content.com *.icloud-content.com.cn *.apple-mapkit.com; frame-src 'self' blob: mailto: tel: *.icloud.com *.apple.com *.icloud-sandbox.com *.icloud-content.com *.icloud-content.com.cn; frame-ancestors 'self' *.icloud.com *.apple.com; form-action 'self' *.icloud.com *.apple.com; child-src blob: 'self'; base-uri 'self' *.icloud.com *.cdn-apple.com; report-uri https://feedbackws.icloud.com/reportRaw"", ""x-xss-protection"": ""1; mode=block"", ""expect-ct"": ""max-age=30, report-uri=\""https://feedbackws.icloud.com/reportRaw\"""", ""x-apple-request-uuid"": ""9f4bf287-d2d0-466a-83c7-859416647c44"", ""access-control-expose-headers"": ""X-Apple-Request-UUID,Via"", ""date"": ""Wed, 25 Oct 2023 12:34:39 GMT"", ""connection"": ""keep-alive""}"
