[
    {
        "number": 0,
        "request": "GET https://www.icloud.com/  HTTP/1.1\r\nHost: www.icloud.com\r\nUser-Agent: Mozilla/5.0 (Windows NT 10.0; rv:102.0) Gecko/20100101 Firefox/102.0\r\nAccept: text/html,application/xhtml+xml,application/xml;q=0.9,image/avif,image/webp,*/*;q=0.8\r\nAccept-Encoding: gzip, deflate, br\r\nAccept-Language: en-US,en;q=0.5\r\nDNT: 1\r\nConnection: keep-alive\r\nUpgrade-Insecure-Requests: 1\r\nSec-Fetch-Dest: document\r\nSec-Fetch-Mode: navigate\r\nSec-Fetch-Site: cross-site\r\n\r\n",
        "deviation_count": 0,
        "uri": "https://www.icloud.com/",
        "request_length": 451,
        "Response_Time": 0.060152292251586914,
        "status_code": 200,
        "reason_phrase": "OK",
        "error_message": [
            ""
        ],
        "response_header_count": 21,
        "response_header_length": 21,
        "response_body_length": 13964,
        "response_header_fields": {
            "server": "AppleHttpServer/78689afb4479",
            "content-type": "text/html",
            "content-length": "48180",
            "etag": "\"18b1e358590bc34\"",
            "content-language": "en-us",
            "content-encoding": "br",
            "content-location": "/system/icloud.com/index.html.en-us.brotli",
            "vary": "accept-encoding",
            "content-version": "V1",
            "x-frame-options": "SAMEORIGIN",
            "x-robots-tag": "noarchive",
            "strict-transport-security": "max-age=31536000; includeSubDomains; preload",
            "cache-control": "public, max-age=300",
            "x-content-type-options": "nosniff",
            "content-security-policy": "img-src 'self' blob: data: icloud.com *.icloud.com *.apple.com *.cdn-apple.com *.icloud-content.com *.icloud-content.com.cn *.apple-mapkit.com *.mzstatic.com; media-src 'self' blob: data: *.icloud.com *.apple.com *.cdn-apple.com *.icloud-content.com *.icloud-content.com.cn; font-src 'self' blob: data: icloud.com *.icloud.com *.apple.com *.cdn-apple.com; connect-src blob: 'self' icloud.com *.icloud.com *.apple.com *.cdn-apple.com *.icloud-content.com *.icloud-content.com.cn *.apple-mapkit.com; frame-src 'self' blob: mailto: tel: *.icloud.com *.apple.com *.icloud-sandbox.com *.icloud-content.com *.icloud-content.com.cn; frame-ancestors 'self' *.icloud.com *.apple.com; form-action 'self' *.icloud.com *.apple.com; child-src blob: 'self'; base-uri 'self' *.icloud.com *.cdn-apple.com; report-uri https://feedbackws.icloud.com/reportRaw",
            "x-xss-protection": "1; mode=block",
            "expect-ct": "max-age=30, report-uri=\"https://feedbackws.icloud.com/reportRaw\"",
            "x-apple-request-uuid": "9f4bf287-d2d0-466a-83c7-859416647c44",
            "access-control-expose-headers": "X-Apple-Request-UUID,Via",
            "date": "Wed, 25 Oct 2023 12:33:11 GMT",
            "connection": "keep-alive"
        }
    },
    {
        "number": 1,
        "request": "GET https://www.icloud.com/  HTTP/1.1\r\nHost: www.icloud.com\r\nUser-Agent: Mozilla/5.0 (Windows NT 10.0; rv:102.0) Gecko/20100101 Firefox/102.0\r\nAccept: text/html,application/xhtml+xml,application/xml;q=0.9,image/avif,image/webp,*/*;q=0.8\r\nAccept-Encoding: gzip, deflate, br\r\nAccept-Language: en-US,en;q=0.5\r\nDNT: 1\r\nConnection: keep-alive\r\nUpgrade-Insecure-Requests: 1\r\nSec-Fetch-Dest: document\r\nSec-Fetch-Mode: navigate\r\nSec-Fetch-Site: cross-site\r\n\r\n",
        "deviation_count": 0,
        "uri": "https://www.icloud.com/",
        "request_length": 451,
        "Response_Time": 0.03397011756896973,
        "status_code": 200,
        "reason_phrase": "OK",
        "error_message": [
            ""
        ],
        "response_header_count": 21,
        "response_header_length": 21,
        "response_body_length": 13964,
        "response_header_fields": {
            "server": "AppleHttpServer/78689afb4479",
            "content-type": "text/html",
            "content-length": "48180",
            "etag": "\"18b1e358590bc34\"",
            "content-language": "en-us",
            "content-encoding": "br",
            "content-location": "/system/icloud.com/index.html.en-us.brotli",
            "vary": "accept-encoding",
            "content-version": "V1",
            "x-frame-options": "SAMEORIGIN",
            "x-robots-tag": "noarchive",
            "strict-transport-security": "max-age=31536000; includeSubDomains; preload",
            "cache-control": "public, max-age=300",
            "x-content-type-options": "nosniff",
            "content-security-policy": "img-src 'self' blob: data: icloud.com *.icloud.com *.apple.com *.cdn-apple.com *.icloud-content.com *.icloud-content.com.cn *.apple-mapkit.com *.mzstatic.com; media-src 'self' blob: data: *.icloud.com *.apple.com *.cdn-apple.com *.icloud-content.com *.icloud-content.com.cn; font-src 'self' blob: data: icloud.com *.icloud.com *.apple.com *.cdn-apple.com; connect-src blob: 'self' icloud.com *.icloud.com *.apple.com *.cdn-apple.com *.icloud-content.com *.icloud-content.com.cn *.apple-mapkit.com; frame-src 'self' blob: mailto: tel: *.icloud.com *.apple.com *.icloud-sandbox.com *.icloud-content.com *.icloud-content.com.cn; frame-ancestors 'self' *.icloud.com *.apple.com; form-action 'self' *.icloud.com *.apple.com; child-src blob: 'self'; base-uri 'self' *.icloud.com *.cdn-apple.com; report-uri https://feedbackws.icloud.com/reportRaw",
            "x-xss-protection": "1; mode=block",
            "expect-ct": "max-age=30, report-uri=\"https://feedbackws.icloud.com/reportRaw\"",
            "x-apple-request-uuid": "9f4bf287-d2d0-466a-83c7-859416647c44",
            "access-control-expose-headers": "X-Apple-Request-UUID,Via",
            "date": "Wed, 25 Oct 2023 12:33:21 GMT",
            "connection": "keep-alive"
        }
    },
    {
        "number": 2,
        "request": "GET https://www.icloud.com/  HTTP/1.1\r\nHost: www.icloud.com\r\nUser-Agent: Mozilla/5.0 (Windows NT 10.0; rv:102.0) Gecko/20100101 Firefox/102.0\r\nAccept: text/html,application/xhtml+xml,application/xml;q=0.9,image/avif,image/webp,*/*;q=0.8\r\nAccept-Encoding: gzip, deflate, br\r\nAccept-Language: en-US,en;q=0.5\r\nDNT: 1\r\nConnection: keep-alive\r\nUpgrade-Insecure-Requests: 1\r\nSec-Fetch-Dest: document\r\nSec-Fetch-Mode: navigate\r\nSec-Fetch-Site: cross-site\r\n\r\n",
        "deviation_count": 0,
        "uri": "https://www.icloud.com/",
        "request_length": 451,
        "Response_Time": 0.029624223709106445,
        "status_code": 200,
        "reason_phrase": "OK",
        "error_message": [
            ""
        ],
        "response_header_count": 21,
        "response_header_length": 21,
        "response_body_length": 13964,
        "response_header_fields": {
            "server": "AppleHttpServer/78689afb4479",
            "content-type": "text/html",
            "content-length": "48180",
            "etag": "\"18b1e358590bc34\"",
            "content-language": "en-us",
            "content-encoding": "br",
            "content-location": "/system/icloud.com/index.html.en-us.brotli",
            "vary": "accept-encoding",
            "content-version": "V1",
            "x-frame-options": "SAMEORIGIN",
            "x-robots-tag": "noarchive",
            "strict-transport-security": "max-age=31536000; includeSubDomains; preload",
            "cache-control": "public, max-age=300",
            "x-content-type-options": "nosniff",
            "content-security-policy": "img-src 'self' blob: data: icloud.com *.icloud.com *.apple.com *.cdn-apple.com *.icloud-content.com *.icloud-content.com.cn *.apple-mapkit.com *.mzstatic.com; media-src 'self' blob: data: *.icloud.com *.apple.com *.cdn-apple.com *.icloud-content.com *.icloud-content.com.cn; font-src 'self' blob: data: icloud.com *.icloud.com *.apple.com *.cdn-apple.com; connect-src blob: 'self' icloud.com *.icloud.com *.apple.com *.cdn-apple.com *.icloud-content.com *.icloud-content.com.cn *.apple-mapkit.com; frame-src 'self' blob: mailto: tel: *.icloud.com *.apple.com *.icloud-sandbox.com *.icloud-content.com *.icloud-content.com.cn; frame-ancestors 'self' *.icloud.com *.apple.com; form-action 'self' *.icloud.com *.apple.com; child-src blob: 'self'; base-uri 'self' *.icloud.com *.cdn-apple.com; report-uri https://feedbackws.icloud.com/reportRaw",
            "x-xss-protection": "1; mode=block",
            "expect-ct": "max-age=30, report-uri=\"https://feedbackws.icloud.com/reportRaw\"",
            "x-apple-request-uuid": "9f4bf287-d2d0-466a-83c7-859416647c44",
            "access-control-expose-headers": "X-Apple-Request-UUID,Via",
            "date": "Wed, 25 Oct 2023 12:33:30 GMT",
            "connection": "keep-alive"
        }
    },
    {
        "number": 3,
        "request": "GET https://www.icloud.com/  HTTP/1.1\r\nHost: www.icloud.com\r\nUser-Agent: Mozilla/5.0 (Windows NT 10.0; rv:102.0) Gecko/20100101 Firefox/102.0\r\nAccept: text/html,application/xhtml+xml,application/xml;q=0.9,image/avif,image/webp,*/*;q=0.8\r\nAccept-Encoding: gzip, deflate, br\r\nAccept-Language: en-US,en;q=0.5\r\nDNT: 1\r\nConnection: keep-alive\r\nUpgrade-Insecure-Requests: 1\r\nSec-Fetch-Dest: document\r\nSec-Fetch-Mode: navigate\r\nSec-Fetch-Site: cross-site\r\n\r\n",
        "deviation_count": 0,
        "uri": "https://www.icloud.com/",
        "request_length": 451,
        "Response_Time": 0.03981375694274902,
        "status_code": 200,
        "reason_phrase": "OK",
        "error_message": [
            ""
        ],
        "response_header_count": 21,
        "response_header_length": 21,
        "response_body_length": 13964,
        "response_header_fields": {
            "server": "AppleHttpServer/78689afb4479",
            "content-type": "text/html",
            "content-length": "48180",
            "etag": "\"18b1e358590bc34\"",
            "content-language": "en-us",
            "content-encoding": "br",
            "content-location": "/system/icloud.com/index.html.en-us.brotli",
            "vary": "accept-encoding",
            "content-version": "V1",
            "x-frame-options": "SAMEORIGIN",
            "x-robots-tag": "noarchive",
            "strict-transport-security": "max-age=31536000; includeSubDomains; preload",
            "cache-control": "public, max-age=300",
            "x-content-type-options": "nosniff",
            "content-security-policy": "img-src 'self' blob: data: icloud.com *.icloud.com *.apple.com *.cdn-apple.com *.icloud-content.com *.icloud-content.com.cn *.apple-mapkit.com *.mzstatic.com; media-src 'self' blob: data: *.icloud.com *.apple.com *.cdn-apple.com *.icloud-content.com *.icloud-content.com.cn; font-src 'self' blob: data: icloud.com *.icloud.com *.apple.com *.cdn-apple.com; connect-src blob: 'self' icloud.com *.icloud.com *.apple.com *.cdn-apple.com *.icloud-content.com *.icloud-content.com.cn *.apple-mapkit.com; frame-src 'self' blob: mailto: tel: *.icloud.com *.apple.com *.icloud-sandbox.com *.icloud-content.com *.icloud-content.com.cn; frame-ancestors 'self' *.icloud.com *.apple.com; form-action 'self' *.icloud.com *.apple.com; child-src blob: 'self'; base-uri 'self' *.icloud.com *.cdn-apple.com; report-uri https://feedbackws.icloud.com/reportRaw",
            "x-xss-protection": "1; mode=block",
            "expect-ct": "max-age=30, report-uri=\"https://feedbackws.icloud.com/reportRaw\"",
            "x-apple-request-uuid": "9f4bf287-d2d0-466a-83c7-859416647c44",
            "access-control-expose-headers": "X-Apple-Request-UUID,Via",
            "date": "Wed, 25 Oct 2023 12:33:40 GMT",
            "connection": "keep-alive"
        }
    },
    {
        "number": 4,
        "request": "GET https://www.icloud.com/  HTTP/1.1\r\nHost: www.icloud.com\r\nUser-Agent: Mozilla/5.0 (Windows NT 10.0; rv:102.0) Gecko/20100101 Firefox/102.0\r\nAccept: text/html,application/xhtml+xml,application/xml;q=0.9,image/avif,image/webp,*/*;q=0.8\r\nAccept-Encoding: gzip, deflate, br\r\nAccept-Language: en-US,en;q=0.5\r\nDNT: 1\r\nConnection: keep-alive\r\nUpgrade-Insecure-Requests: 1\r\nSec-Fetch-Dest: document\r\nSec-Fetch-Mode: navigate\r\nSec-Fetch-Site: cross-site\r\n\r\n",
        "deviation_count": 0,
        "uri": "https://www.icloud.com/",
        "request_length": 451,
        "Response_Time": 0.0567469596862793,
        "status_code": 200,
        "reason_phrase": "OK",
        "error_message": [
            ""
        ],
        "response_header_count": 21,
        "response_header_length": 21,
        "response_body_length": 13964,
        "response_header_fields": {
            "server": "AppleHttpServer/78689afb4479",
            "content-type": "text/html",
            "content-length": "48180",
            "etag": "\"18b1e358590bc34\"",
            "content-language": "en-us",
            "content-encoding": "br",
            "content-location": "/system/icloud.com/index.html.en-us.brotli",
            "vary": "accept-encoding",
            "content-version": "V1",
            "x-frame-options": "SAMEORIGIN",
            "x-robots-tag": "noarchive",
            "strict-transport-security": "max-age=31536000; includeSubDomains; preload",
            "cache-control": "public, max-age=300",
            "x-content-type-options": "nosniff",
            "content-security-policy": "img-src 'self' blob: data: icloud.com *.icloud.com *.apple.com *.cdn-apple.com *.icloud-content.com *.icloud-content.com.cn *.apple-mapkit.com *.mzstatic.com; media-src 'self' blob: data: *.icloud.com *.apple.com *.cdn-apple.com *.icloud-content.com *.icloud-content.com.cn; font-src 'self' blob: data: icloud.com *.icloud.com *.apple.com *.cdn-apple.com; connect-src blob: 'self' icloud.com *.icloud.com *.apple.com *.cdn-apple.com *.icloud-content.com *.icloud-content.com.cn *.apple-mapkit.com; frame-src 'self' blob: mailto: tel: *.icloud.com *.apple.com *.icloud-sandbox.com *.icloud-content.com *.icloud-content.com.cn; frame-ancestors 'self' *.icloud.com *.apple.com; form-action 'self' *.icloud.com *.apple.com; child-src blob: 'self'; base-uri 'self' *.icloud.com *.cdn-apple.com; report-uri https://feedbackws.icloud.com/reportRaw",
            "x-xss-protection": "1; mode=block",
            "expect-ct": "max-age=30, report-uri=\"https://feedbackws.icloud.com/reportRaw\"",
            "x-apple-request-uuid": "9f4bf287-d2d0-466a-83c7-859416647c44",
            "access-control-expose-headers": "X-Apple-Request-UUID,Via",
            "date": "Wed, 25 Oct 2023 12:33:50 GMT",
            "connection": "keep-alive"
        }
    },
    {
        "number": 5,
        "request": "GET https://www.icloud.com/  HTTP/1.1\r\nHost: www.icloud.com\r\nUser-Agent: Mozilla/5.0 (Windows NT 10.0; rv:102.0) Gecko/20100101 Firefox/102.0\r\nAccept: text/html,application/xhtml+xml,application/xml;q=0.9,image/avif,image/webp,*/*;q=0.8\r\nAccept-Encoding: gzip, deflate, br\r\nAccept-Language: en-US,en;q=0.5\r\nDNT: 1\r\nConnection: keep-alive\r\nUpgrade-Insecure-Requests: 1\r\nSec-Fetch-Dest: document\r\nSec-Fetch-Mode: navigate\r\nSec-Fetch-Site: cross-site\r\n\r\n",
        "deviation_count": 0,
        "uri": "https://www.icloud.com/",
        "request_length": 451,
        "Response_Time": 0.015296459197998047,
        "status_code": 200,
        "reason_phrase": "OK",
        "error_message": [
            ""
        ],
        "response_header_count": 21,
        "response_header_length": 21,
        "response_body_length": 13964,
        "response_header_fields": {
            "server": "AppleHttpServer/78689afb4479",
            "content-type": "text/html",
            "content-length": "48180",
            "etag": "\"18b1e358590bc34\"",
            "content-language": "en-us",
            "content-encoding": "br",
            "content-location": "/system/icloud.com/index.html.en-us.brotli",
            "vary": "accept-encoding",
            "content-version": "V1",
            "x-frame-options": "SAMEORIGIN",
            "x-robots-tag": "noarchive",
            "strict-transport-security": "max-age=31536000; includeSubDomains; preload",
            "cache-control": "public, max-age=300",
            "x-content-type-options": "nosniff",
            "content-security-policy": "img-src 'self' blob: data: icloud.com *.icloud.com *.apple.com *.cdn-apple.com *.icloud-content.com *.icloud-content.com.cn *.apple-mapkit.com *.mzstatic.com; media-src 'self' blob: data: *.icloud.com *.apple.com *.cdn-apple.com *.icloud-content.com *.icloud-content.com.cn; font-src 'self' blob: data: icloud.com *.icloud.com *.apple.com *.cdn-apple.com; connect-src blob: 'self' icloud.com *.icloud.com *.apple.com *.cdn-apple.com *.icloud-content.com *.icloud-content.com.cn *.apple-mapkit.com; frame-src 'self' blob: mailto: tel: *.icloud.com *.apple.com *.icloud-sandbox.com *.icloud-content.com *.icloud-content.com.cn; frame-ancestors 'self' *.icloud.com *.apple.com; form-action 'self' *.icloud.com *.apple.com; child-src blob: 'self'; base-uri 'self' *.icloud.com *.cdn-apple.com; report-uri https://feedbackws.icloud.com/reportRaw",
            "x-xss-protection": "1; mode=block",
            "expect-ct": "max-age=30, report-uri=\"https://feedbackws.icloud.com/reportRaw\"",
            "x-apple-request-uuid": "9f4bf287-d2d0-466a-83c7-859416647c44",
            "access-control-expose-headers": "X-Apple-Request-UUID,Via",
            "date": "Wed, 25 Oct 2023 12:34:00 GMT",
            "connection": "keep-alive"
        }
    },
    {
        "number": 6,
        "request": "GET https://www.icloud.com/  HTTP/1.1\r\nHost: www.icloud.com\r\nUser-Agent: Mozilla/5.0 (Windows NT 10.0; rv:102.0) Gecko/20100101 Firefox/102.0\r\nAccept: text/html,application/xhtml+xml,application/xml;q=0.9,image/avif,image/webp,*/*;q=0.8\r\nAccept-Encoding: gzip, deflate, br\r\nAccept-Language: en-US,en;q=0.5\r\nDNT: 1\r\nConnection: keep-alive\r\nUpgrade-Insecure-Requests: 1\r\nSec-Fetch-Dest: document\r\nSec-Fetch-Mode: navigate\r\nSec-Fetch-Site: cross-site\r\n\r\n",
        "deviation_count": 0,
        "uri": "https://www.icloud.com/",
        "request_length": 451,
        "Response_Time": 0.0585477352142334,
        "status_code": 200,
        "reason_phrase": "OK",
        "error_message": [
            ""
        ],
        "response_header_count": 21,
        "response_header_length": 21,
        "response_body_length": 13964,
        "response_header_fields": {
            "server": "AppleHttpServer/78689afb4479",
            "content-type": "text/html",
            "content-length": "48180",
            "etag": "\"18b1e358590bc34\"",
            "content-language": "en-us",
            "content-encoding": "br",
            "content-location": "/system/icloud.com/index.html.en-us.brotli",
            "vary": "accept-encoding",
            "content-version": "V1",
            "x-frame-options": "SAMEORIGIN",
            "x-robots-tag": "noarchive",
            "strict-transport-security": "max-age=31536000; includeSubDomains; preload",
            "cache-control": "public, max-age=300",
            "x-content-type-options": "nosniff",
            "content-security-policy": "img-src 'self' blob: data: icloud.com *.icloud.com *.apple.com *.cdn-apple.com *.icloud-content.com *.icloud-content.com.cn *.apple-mapkit.com *.mzstatic.com; media-src 'self' blob: data: *.icloud.com *.apple.com *.cdn-apple.com *.icloud-content.com *.icloud-content.com.cn; font-src 'self' blob: data: icloud.com *.icloud.com *.apple.com *.cdn-apple.com; connect-src blob: 'self' icloud.com *.icloud.com *.apple.com *.cdn-apple.com *.icloud-content.com *.icloud-content.com.cn *.apple-mapkit.com; frame-src 'self' blob: mailto: tel: *.icloud.com *.apple.com *.icloud-sandbox.com *.icloud-content.com *.icloud-content.com.cn; frame-ancestors 'self' *.icloud.com *.apple.com; form-action 'self' *.icloud.com *.apple.com; child-src blob: 'self'; base-uri 'self' *.icloud.com *.cdn-apple.com; report-uri https://feedbackws.icloud.com/reportRaw",
            "x-xss-protection": "1; mode=block",
            "expect-ct": "max-age=30, report-uri=\"https://feedbackws.icloud.com/reportRaw\"",
            "x-apple-request-uuid": "9f4bf287-d2d0-466a-83c7-859416647c44",
            "access-control-expose-headers": "X-Apple-Request-UUID,Via",
            "date": "Wed, 25 Oct 2023 12:34:10 GMT",
            "connection": "keep-alive"
        }
    },
    {
        "number": 7,
        "request": "GET https://www.icloud.com/  HTTP/1.1\r\nHost: www.icloud.com\r\nUser-Agent: Mozilla/5.0 (Windows NT 10.0; rv:102.0) Gecko/20100101 Firefox/102.0\r\nAccept: text/html,application/xhtml+xml,application/xml;q=0.9,image/avif,image/webp,*/*;q=0.8\r\nAccept-Encoding: gzip, deflate, br\r\nAccept-Language: en-US,en;q=0.5\r\nDNT: 1\r\nConnection: keep-alive\r\nUpgrade-Insecure-Requests: 1\r\nSec-Fetch-Dest: document\r\nSec-Fetch-Mode: navigate\r\nSec-Fetch-Site: cross-site\r\n\r\n",
        "deviation_count": 0,
        "uri": "https://www.icloud.com/",
        "request_length": 451,
        "Response_Time": 0.04040789604187012,
        "status_code": 200,
        "reason_phrase": "OK",
        "error_message": [
            ""
        ],
        "response_header_count": 21,
        "response_header_length": 21,
        "response_body_length": 13964,
        "response_header_fields": {
            "server": "AppleHttpServer/78689afb4479",
            "content-type": "text/html",
            "content-length": "48180",
            "etag": "\"18b1e358590bc34\"",
            "content-language": "en-us",
            "content-encoding": "br",
            "content-location": "/system/icloud.com/index.html.en-us.brotli",
            "vary": "accept-encoding",
            "content-version": "V1",
            "x-frame-options": "SAMEORIGIN",
            "x-robots-tag": "noarchive",
            "strict-transport-security": "max-age=31536000; includeSubDomains; preload",
            "cache-control": "public, max-age=300",
            "x-content-type-options": "nosniff",
            "content-security-policy": "img-src 'self' blob: data: icloud.com *.icloud.com *.apple.com *.cdn-apple.com *.icloud-content.com *.icloud-content.com.cn *.apple-mapkit.com *.mzstatic.com; media-src 'self' blob: data: *.icloud.com *.apple.com *.cdn-apple.com *.icloud-content.com *.icloud-content.com.cn; font-src 'self' blob: data: icloud.com *.icloud.com *.apple.com *.cdn-apple.com; connect-src blob: 'self' icloud.com *.icloud.com *.apple.com *.cdn-apple.com *.icloud-content.com *.icloud-content.com.cn *.apple-mapkit.com; frame-src 'self' blob: mailto: tel: *.icloud.com *.apple.com *.icloud-sandbox.com *.icloud-content.com *.icloud-content.com.cn; frame-ancestors 'self' *.icloud.com *.apple.com; form-action 'self' *.icloud.com *.apple.com; child-src blob: 'self'; base-uri 'self' *.icloud.com *.cdn-apple.com; report-uri https://feedbackws.icloud.com/reportRaw",
            "x-xss-protection": "1; mode=block",
            "expect-ct": "max-age=30, report-uri=\"https://feedbackws.icloud.com/reportRaw\"",
            "x-apple-request-uuid": "9f4bf287-d2d0-466a-83c7-859416647c44",
            "access-control-expose-headers": "X-Apple-Request-UUID,Via",
            "date": "Wed, 25 Oct 2023 12:34:19 GMT",
            "connection": "keep-alive"
        }
    },
    {
        "number": 8,
        "request": "GET https://www.icloud.com/  HTTP/1.1\r\nHost: www.icloud.com\r\nUser-Agent: Mozilla/5.0 (Windows NT 10.0; rv:102.0) Gecko/20100101 Firefox/102.0\r\nAccept: text/html,application/xhtml+xml,application/xml;q=0.9,image/avif,image/webp,*/*;q=0.8\r\nAccept-Encoding: gzip, deflate, br\r\nAccept-Language: en-US,en;q=0.5\r\nDNT: 1\r\nConnection: keep-alive\r\nUpgrade-Insecure-Requests: 1\r\nSec-Fetch-Dest: document\r\nSec-Fetch-Mode: navigate\r\nSec-Fetch-Site: cross-site\r\n\r\n",
        "deviation_count": 0,
        "uri": "https://www.icloud.com/",
        "request_length": 451,
        "Response_Time": 0.01627373695373535,
        "status_code": 200,
        "reason_phrase": "OK",
        "error_message": [
            ""
        ],
        "response_header_count": 21,
        "response_header_length": 21,
        "response_body_length": 13964,
        "response_header_fields": {
            "server": "AppleHttpServer/78689afb4479",
            "content-type": "text/html",
            "content-length": "48180",
            "etag": "\"18b1e358590bc34\"",
            "content-language": "en-us",
            "content-encoding": "br",
            "content-location": "/system/icloud.com/index.html.en-us.brotli",
            "vary": "accept-encoding",
            "content-version": "V1",
            "x-frame-options": "SAMEORIGIN",
            "x-robots-tag": "noarchive",
            "strict-transport-security": "max-age=31536000; includeSubDomains; preload",
            "cache-control": "public, max-age=300",
            "x-content-type-options": "nosniff",
            "content-security-policy": "img-src 'self' blob: data: icloud.com *.icloud.com *.apple.com *.cdn-apple.com *.icloud-content.com *.icloud-content.com.cn *.apple-mapkit.com *.mzstatic.com; media-src 'self' blob: data: *.icloud.com *.apple.com *.cdn-apple.com *.icloud-content.com *.icloud-content.com.cn; font-src 'self' blob: data: icloud.com *.icloud.com *.apple.com *.cdn-apple.com; connect-src blob: 'self' icloud.com *.icloud.com *.apple.com *.cdn-apple.com *.icloud-content.com *.icloud-content.com.cn *.apple-mapkit.com; frame-src 'self' blob: mailto: tel: *.icloud.com *.apple.com *.icloud-sandbox.com *.icloud-content.com *.icloud-content.com.cn; frame-ancestors 'self' *.icloud.com *.apple.com; form-action 'self' *.icloud.com *.apple.com; child-src blob: 'self'; base-uri 'self' *.icloud.com *.cdn-apple.com; report-uri https://feedbackws.icloud.com/reportRaw",
            "x-xss-protection": "1; mode=block",
            "expect-ct": "max-age=30, report-uri=\"https://feedbackws.icloud.com/reportRaw\"",
            "x-apple-request-uuid": "9f4bf287-d2d0-466a-83c7-859416647c44",
            "access-control-expose-headers": "X-Apple-Request-UUID,Via",
            "date": "Wed, 25 Oct 2023 12:34:28 GMT",
            "connection": "keep-alive"
        }
    },
    {
        "number": 9,
        "request": "GET https://www.icloud.com/  HTTP/1.1\r\nHost: www.icloud.com\r\nUser-Agent: Mozilla/5.0 (Windows NT 10.0; rv:102.0) Gecko/20100101 Firefox/102.0\r\nAccept: text/html,application/xhtml+xml,application/xml;q=0.9,image/avif,image/webp,*/*;q=0.8\r\nAccept-Encoding: gzip, deflate, br\r\nAccept-Language: en-US,en;q=0.5\r\nDNT: 1\r\nConnection: keep-alive\r\nUpgrade-Insecure-Requests: 1\r\nSec-Fetch-Dest: document\r\nSec-Fetch-Mode: navigate\r\nSec-Fetch-Site: cross-site\r\n\r\n",
        "deviation_count": 0,
        "uri": "https://www.icloud.com/",
        "request_length": 451,
        "Response_Time": 0.07685565948486328,
        "status_code": 200,
        "reason_phrase": "OK",
        "error_message": [
            ""
        ],
        "response_header_count": 21,
        "response_header_length": 21,
        "response_body_length": 13964,
        "response_header_fields": {
            "server": "AppleHttpServer/78689afb4479",
            "content-type": "text/html",
            "content-length": "48180",
            "etag": "\"18b1e358590bc34\"",
            "content-language": "en-us",
            "content-encoding": "br",
            "content-location": "/system/icloud.com/index.html.en-us.brotli",
            "vary": "accept-encoding",
            "content-version": "V1",
            "x-frame-options": "SAMEORIGIN",
            "x-robots-tag": "noarchive",
            "strict-transport-security": "max-age=31536000; includeSubDomains; preload",
            "cache-control": "public, max-age=300",
            "x-content-type-options": "nosniff",
            "content-security-policy": "img-src 'self' blob: data: icloud.com *.icloud.com *.apple.com *.cdn-apple.com *.icloud-content.com *.icloud-content.com.cn *.apple-mapkit.com *.mzstatic.com; media-src 'self' blob: data: *.icloud.com *.apple.com *.cdn-apple.com *.icloud-content.com *.icloud-content.com.cn; font-src 'self' blob: data: icloud.com *.icloud.com *.apple.com *.cdn-apple.com; connect-src blob: 'self' icloud.com *.icloud.com *.apple.com *.cdn-apple.com *.icloud-content.com *.icloud-content.com.cn *.apple-mapkit.com; frame-src 'self' blob: mailto: tel: *.icloud.com *.apple.com *.icloud-sandbox.com *.icloud-content.com *.icloud-content.com.cn; frame-ancestors 'self' *.icloud.com *.apple.com; form-action 'self' *.icloud.com *.apple.com; child-src blob: 'self'; base-uri 'self' *.icloud.com *.cdn-apple.com; report-uri https://feedbackws.icloud.com/reportRaw",
            "x-xss-protection": "1; mode=block",
            "expect-ct": "max-age=30, report-uri=\"https://feedbackws.icloud.com/reportRaw\"",
            "x-apple-request-uuid": "9f4bf287-d2d0-466a-83c7-859416647c44",
            "access-control-expose-headers": "X-Apple-Request-UUID,Via",
            "date": "Wed, 25 Oct 2023 12:34:39 GMT",
            "connection": "keep-alive"
        }
    }
]