,Attempt No.,uri,Deviation Count,Status Code,Response_Time,response_header_count,response_header_length,response_body_length,response_header_fields
0,0,https://www.qq.com/,0,200,0.15133047103881836,13,13,15070,"{'content-type': 'text/html; charset=GB2312', 'server': 'squid/3.5.24', 'content-encoding': 'gzip', 'x-frame-options': 'SAMEORIGIN', 'content-security-policy': 'frame-ancestors https://*.qq.com', 'x-content-type-options': 'nosniff', 'content-length': '18408', 'cache-control': 'max-age=60', 'expires': 'Wed, 25 Oct 2023 12:34:15 GMT', 'date': 'Wed, 25 Oct 2023 12:33:15 GMT', 'connection': 'keep-alive', 'vary': 'Accept-Encoding', 'strict-transport-security': 'max-age=2628000 ; preload'}"
1,1,https://www.qq.com/,0,200,0.16710495948791504,13,13,15070,"{'content-type': 'text/html; charset=GB2312', 'server': 'squid/3.5.24', 'content-encoding': 'gzip', 'x-frame-options': 'SAMEORIGIN', 'content-security-policy': 'frame-ancestors https://*.qq.com', 'x-content-type-options': 'nosniff', 'content-length': '18408', 'cache-control': 'max-age=60', 'expires': 'Wed, 25 Oct 2023 12:34:26 GMT', 'date': 'Wed, 25 Oct 2023 12:33:26 GMT', 'connection': 'keep-alive', 'vary': 'Accept-Encoding', 'strict-transport-security': 'max-age=2628000 ; preload'}"
2,2,https://www.qq.com/,0,200,0.1544489860534668,13,13,15070,"{'content-type': 'text/html; charset=GB2312', 'server': 'squid/3.5.24', 'content-encoding': 'gzip', 'x-frame-options': 'SAMEORIGIN', 'content-security-policy': 'frame-ancestors https://*.qq.com', 'x-content-type-options': 'nosniff', 'content-length': '18408', 'cache-control': 'max-age=60', 'expires': 'Wed, 25 Oct 2023 12:34:36 GMT', 'date': 'Wed, 25 Oct 2023 12:33:36 GMT', 'connection': 'keep-alive', 'vary': 'Accept-Encoding', 'strict-transport-security': 'max-age=2628000 ; preload'}"
3,3,https://www.qq.com/,0,200,0.04820752143859863,13,13,15070,"{'content-type': 'text/html; charset=GB2312', 'server': 'squid/3.5.24', 'content-encoding': 'gzip', 'x-frame-options': 'SAMEORIGIN', 'content-security-policy': 'frame-ancestors https://*.qq.com', 'x-content-type-options': 'nosniff', 'content-length': '18408', 'cache-control': 'max-age=60', 'expires': 'Wed, 25 Oct 2023 12:34:48 GMT', 'date': 'Wed, 25 Oct 2023 12:33:48 GMT', 'connection': 'keep-alive', 'vary': 'Accept-Encoding', 'strict-transport-security': 'max-age=2628000 ; preload'}"
4,4,https://www.qq.com/,0,200,0.12728500366210938,13,13,15070,"{'content-type': 'text/html; charset=GB2312', 'server': 'squid/3.5.24', 'content-encoding': 'gzip', 'x-frame-options': 'SAMEORIGIN', 'content-security-policy': 'frame-ancestors https://*.qq.com', 'x-content-type-options': 'nosniff', 'content-length': '18408', 'cache-control': 'max-age=60', 'expires': 'Wed, 25 Oct 2023 12:34:57 GMT', 'date': 'Wed, 25 Oct 2023 12:33:57 GMT', 'connection': 'keep-alive', 'vary': 'Accept-Encoding', 'strict-transport-security': 'max-age=2628000 ; preload'}"
5,5,https://www.qq.com/,0,200,0.05598640441894531,13,13,15070,"{'content-type': 'text/html; charset=GB2312', 'server': 'squid/3.5.24', 'content-encoding': 'gzip', 'x-frame-options': 'SAMEORIGIN', 'content-security-policy': 'frame-ancestors https://*.qq.com', 'x-content-type-options': 'nosniff', 'content-length': '18408', 'cache-control': 'max-age=60', 'expires': 'Wed, 25 Oct 2023 12:35:08 GMT', 'date': 'Wed, 25 Oct 2023 12:34:08 GMT', 'connection': 'keep-alive', 'vary': 'Accept-Encoding', 'strict-transport-security': 'max-age=2628000 ; preload'}"
6,6,https://www.qq.com/,0,200,0.1959686279296875,13,13,15070,"{'content-type': 'text/html; charset=GB2312', 'server': 'squid/3.5.24', 'content-encoding': 'gzip', 'x-frame-options': 'SAMEORIGIN', 'content-security-policy': 'frame-ancestors https://*.qq.com', 'x-content-type-options': 'nosniff', 'content-length': '18408', 'cache-control': 'max-age=60', 'expires': 'Wed, 25 Oct 2023 12:35:18 GMT', 'date': 'Wed, 25 Oct 2023 12:34:18 GMT', 'connection': 'keep-alive', 'vary': 'Accept-Encoding', 'strict-transport-security': 'max-age=2628000 ; preload'}"
7,7,https://www.qq.com/,0,200,0.03550004959106445,13,13,15070,"{'content-type': 'text/html; charset=GB2312', 'server': 'squid/3.5.24', 'content-encoding': 'gzip', 'x-frame-options': 'SAMEORIGIN', 'content-security-policy': 'frame-ancestors https://*.qq.com', 'x-content-type-options': 'nosniff', 'content-length': '18408', 'cache-control': 'max-age=60', 'expires': 'Wed, 25 Oct 2023 12:35:28 GMT', 'date': 'Wed, 25 Oct 2023 12:34:28 GMT', 'connection': 'keep-alive', 'vary': 'Accept-Encoding', 'strict-transport-security': 'max-age=2628000 ; preload'}"
8,8,https://www.qq.com/,0,200,0.12920022010803223,13,13,15070,"{'content-type': 'text/html; charset=GB2312', 'server': 'squid/3.5.24', 'content-encoding': 'gzip', 'x-frame-options': 'SAMEORIGIN', 'content-security-policy': 'frame-ancestors https://*.qq.com', 'x-content-type-options': 'nosniff', 'content-length': '18408', 'cache-control': 'max-age=60', 'expires': 'Wed, 25 Oct 2023 12:35:39 GMT', 'date': 'Wed, 25 Oct 2023 12:34:39 GMT', 'connection': 'keep-alive', 'vary': 'Accept-Encoding', 'strict-transport-security': 'max-age=2628000 ; preload'}"
9,9,https://www.qq.com/,0,200,0.1181640625,13,13,15070,"{'content-type': 'text/html; charset=GB2312', 'server': 'squid/3.5.24', 'content-encoding': 'gzip', 'x-frame-options': 'SAMEORIGIN', 'content-security-policy': 'frame-ancestors https://*.qq.com', 'x-content-type-options': 'nosniff', 'content-length': '18408', 'cache-control': 'max-age=60', 'expires': 'Wed, 25 Oct 2023 12:35:49 GMT', 'date': 'Wed, 25 Oct 2023 12:34:49 GMT', 'connection': 'keep-alive', 'vary': 'Accept-Encoding', 'strict-transport-security': 'max-age=2628000 ; preload'}"
