number,request,deviation_count,uri,request_length,http_version,Socket_Connect_Time,Socket_Close_Time,Response_Time,status_code,reason_phrase,error_message,response_header_count,response_header_length,response_body_length,response_header_fields
0,"GET https://www.qq.com/  HTTP/1.1
Host: www.qq.com
User-Agent: Mozilla/5.0 (Windows NT 10.0; rv:102.0) Gecko/20100101 Firefox/102.0
Accept: text/html,application/xhtml+xml,application/xml;q=0.9,image/avif,image/webp,*/*;q=0.8
Accept-Encoding: gzip, deflate, br
Accept-Language: en-US,en;q=0.5
DNT: 1
Connection: keep-alive
Upgrade-Insecure-Requests: 1
Sec-Fetch-Dest: document
Sec-Fetch-Mode: navigate
Sec-Fetch-Site: cross-site

",0,https://www.qq.com/,443,HTTP/1.1,0.22781944274902344,0.1067962646484375,0.15133047103881836,200,OK,[''],13,13,15070,"{""content-type"": ""text/html; charset=GB2312"", ""server"": ""squid/3.5.24"", ""content-encoding"": ""gzip"", ""x-frame-options"": ""SAMEORIGIN"", ""content-security-policy"": ""frame-ancestors https://*.qq.com"", ""x-content-type-options"": ""nosniff"", ""content-length"": ""18408"", ""cache-control"": ""max-age=60"", ""expires"": ""Wed, 25 Oct 2023 12:34:15 GMT"", ""date"": ""Wed, 25 Oct 2023 12:33:15 GMT"", ""connection"": ""keep-alive"", ""vary"": ""Accept-Encoding"", ""strict-transport-security"": ""max-age=2628000 ; preload""}"
1,"GET https://www.qq.com/  HTTP/1.1
Host: www.qq.com
User-Agent: Mozilla/5.0 (Windows NT 10.0; rv:102.0) Gecko/20100101 Firefox/102.0
Accept: text/html,application/xhtml+xml,application/xml;q=0.9,image/avif,image/webp,*/*;q=0.8
Accept-Encoding: gzip, deflate, br
Accept-Language: en-US,en;q=0.5
DNT: 1
Connection: keep-alive
Upgrade-Insecure-Requests: 1
Sec-Fetch-Dest: document
Sec-Fetch-Mode: navigate
Sec-Fetch-Site: cross-site

",0,https://www.qq.com/,443,HTTP/1.1,0.1285693645477295,0.10105371475219727,0.16710495948791504,200,OK,[''],13,13,15070,"{""content-type"": ""text/html; charset=GB2312"", ""server"": ""squid/3.5.24"", ""content-encoding"": ""gzip"", ""x-frame-options"": ""SAMEORIGIN"", ""content-security-policy"": ""frame-ancestors https://*.qq.com"", ""x-content-type-options"": ""nosniff"", ""content-length"": ""18408"", ""cache-control"": ""max-age=60"", ""expires"": ""Wed, 25 Oct 2023 12:34:26 GMT"", ""date"": ""Wed, 25 Oct 2023 12:33:26 GMT"", ""connection"": ""keep-alive"", ""vary"": ""Accept-Encoding"", ""strict-transport-security"": ""max-age=2628000 ; preload""}"
2,"GET https://www.qq.com/  HTTP/1.1
Host: www.qq.com
User-Agent: Mozilla/5.0 (Windows NT 10.0; rv:102.0) Gecko/20100101 Firefox/102.0
Accept: text/html,application/xhtml+xml,application/xml;q=0.9,image/avif,image/webp,*/*;q=0.8
Accept-Encoding: gzip, deflate, br
Accept-Language: en-US,en;q=0.5
DNT: 1
Connection: keep-alive
Upgrade-Insecure-Requests: 1
Sec-Fetch-Dest: document
Sec-Fetch-Mode: navigate
Sec-Fetch-Site: cross-site

",0,https://www.qq.com/,443,HTTP/1.1,0.1184689998626709,0.15032410621643066,0.1544489860534668,200,OK,[''],13,13,15070,"{""content-type"": ""text/html; charset=GB2312"", ""server"": ""squid/3.5.24"", ""content-encoding"": ""gzip"", ""x-frame-options"": ""SAMEORIGIN"", ""content-security-policy"": ""frame-ancestors https://*.qq.com"", ""x-content-type-options"": ""nosniff"", ""content-length"": ""18408"", ""cache-control"": ""max-age=60"", ""expires"": ""Wed, 25 Oct 2023 12:34:36 GMT"", ""date"": ""Wed, 25 Oct 2023 12:33:36 GMT"", ""connection"": ""keep-alive"", ""vary"": ""Accept-Encoding"", ""strict-transport-security"": ""max-age=2628000 ; preload""}"
3,"GET https://www.qq.com/  HTTP/1.1
Host: www.qq.com
User-Agent: Mozilla/5.0 (Windows NT 10.0; rv:102.0) Gecko/20100101 Firefox/102.0
Accept: text/html,application/xhtml+xml,application/xml;q=0.9,image/avif,image/webp,*/*;q=0.8
Accept-Encoding: gzip, deflate, br
Accept-Language: en-US,en;q=0.5
DNT: 1
Connection: keep-alive
Upgrade-Insecure-Requests: 1
Sec-Fetch-Dest: document
Sec-Fetch-Mode: navigate
Sec-Fetch-Site: cross-site

",0,https://www.qq.com/,443,HTTP/1.1,0.16563868522644043,0.1914970874786377,0.04820752143859863,200,OK,[''],13,13,15070,"{""content-type"": ""text/html; charset=GB2312"", ""server"": ""squid/3.5.24"", ""content-encoding"": ""gzip"", ""x-frame-options"": ""SAMEORIGIN"", ""content-security-policy"": ""frame-ancestors https://*.qq.com"", ""x-content-type-options"": ""nosniff"", ""content-length"": ""18408"", ""cache-control"": ""max-age=60"", ""expires"": ""Wed, 25 Oct 2023 12:34:48 GMT"", ""date"": ""Wed, 25 Oct 2023 12:33:48 GMT"", ""connection"": ""keep-alive"", ""vary"": ""Accept-Encoding"", ""strict-transport-security"": ""max-age=2628000 ; preload""}"
4,"GET https://www.qq.com/  HTTP/1.1
Host: www.qq.com
User-Agent: Mozilla/5.0 (Windows NT 10.0; rv:102.0) Gecko/20100101 Firefox/102.0
Accept: text/html,application/xhtml+xml,application/xml;q=0.9,image/avif,image/webp,*/*;q=0.8
Accept-Encoding: gzip, deflate, br
Accept-Language: en-US,en;q=0.5
DNT: 1
Connection: keep-alive
Upgrade-Insecure-Requests: 1
Sec-Fetch-Dest: document
Sec-Fetch-Mode: navigate
Sec-Fetch-Site: cross-site

",0,https://www.qq.com/,443,HTTP/1.1,0.11926150321960449,0.1177818775177002,0.12728500366210938,200,OK,[''],13,13,15070,"{""content-type"": ""text/html; charset=GB2312"", ""server"": ""squid/3.5.24"", ""content-encoding"": ""gzip"", ""x-frame-options"": ""SAMEORIGIN"", ""content-security-policy"": ""frame-ancestors https://*.qq.com"", ""x-content-type-options"": ""nosniff"", ""content-length"": ""18408"", ""cache-control"": ""max-age=60"", ""expires"": ""Wed, 25 Oct 2023 12:34:57 GMT"", ""date"": ""Wed, 25 Oct 2023 12:33:57 GMT"", ""connection"": ""keep-alive"", ""vary"": ""Accept-Encoding"", ""strict-transport-security"": ""max-age=2628000 ; preload""}"
5,"GET https://www.qq.com/  HTTP/1.1
Host: www.qq.com
User-Agent: Mozilla/5.0 (Windows NT 10.0; rv:102.0) Gecko/20100101 Firefox/102.0
Accept: text/html,application/xhtml+xml,application/xml;q=0.9,image/avif,image/webp,*/*;q=0.8
Accept-Encoding: gzip, deflate, br
Accept-Language: en-US,en;q=0.5
DNT: 1
Connection: keep-alive
Upgrade-Insecure-Requests: 1
Sec-Fetch-Dest: document
Sec-Fetch-Mode: navigate
Sec-Fetch-Site: cross-site

",0,https://www.qq.com/,443,HTTP/1.1,0.17860841751098633,0.10733962059020996,0.05598640441894531,200,OK,[''],13,13,15070,"{""content-type"": ""text/html; charset=GB2312"", ""server"": ""squid/3.5.24"", ""content-encoding"": ""gzip"", ""x-frame-options"": ""SAMEORIGIN"", ""content-security-policy"": ""frame-ancestors https://*.qq.com"", ""x-content-type-options"": ""nosniff"", ""content-length"": ""18408"", ""cache-control"": ""max-age=60"", ""expires"": ""Wed, 25 Oct 2023 12:35:08 GMT"", ""date"": ""Wed, 25 Oct 2023 12:34:08 GMT"", ""connection"": ""keep-alive"", ""vary"": ""Accept-Encoding"", ""strict-transport-security"": ""max-age=2628000 ; preload""}"
6,"GET https://www.qq.com/  HTTP/1.1
Host: www.qq.com
User-Agent: Mozilla/5.0 (Windows NT 10.0; rv:102.0) Gecko/20100101 Firefox/102.0
Accept: text/html,application/xhtml+xml,application/xml;q=0.9,image/avif,image/webp,*/*;q=0.8
Accept-Encoding: gzip, deflate, br
Accept-Language: en-US,en;q=0.5
DNT: 1
Connection: keep-alive
Upgrade-Insecure-Requests: 1
Sec-Fetch-Dest: document
Sec-Fetch-Mode: navigate
Sec-Fetch-Site: cross-site

",0,https://www.qq.com/,443,HTTP/1.1,0.1431577205657959,0.14574289321899414,0.1959686279296875,200,OK,[''],13,13,15070,"{""content-type"": ""text/html; charset=GB2312"", ""server"": ""squid/3.5.24"", ""content-encoding"": ""gzip"", ""x-frame-options"": ""SAMEORIGIN"", ""content-security-policy"": ""frame-ancestors https://*.qq.com"", ""x-content-type-options"": ""nosniff"", ""content-length"": ""18408"", ""cache-control"": ""max-age=60"", ""expires"": ""Wed, 25 Oct 2023 12:35:18 GMT"", ""date"": ""Wed, 25 Oct 2023 12:34:18 GMT"", ""connection"": ""keep-alive"", ""vary"": ""Accept-Encoding"", ""strict-transport-security"": ""max-age=2628000 ; preload""}"
7,"GET https://www.qq.com/  HTTP/1.1
Host: www.qq.com
User-Agent: Mozilla/5.0 (Windows NT 10.0; rv:102.0) Gecko/20100101 Firefox/102.0
Accept: text/html,application/xhtml+xml,application/xml;q=0.9,image/avif,image/webp,*/*;q=0.8
Accept-Encoding: gzip, deflate, br
Accept-Language: en-US,en;q=0.5
DNT: 1
Connection: keep-alive
Upgrade-Insecure-Requests: 1
Sec-Fetch-Dest: document
Sec-Fetch-Mode: navigate
Sec-Fetch-Site: cross-site

",0,https://www.qq.com/,443,HTTP/1.1,0.142655611038208,0.11069321632385254,0.03550004959106445,200,OK,[''],13,13,15070,"{""content-type"": ""text/html; charset=GB2312"", ""server"": ""squid/3.5.24"", ""content-encoding"": ""gzip"", ""x-frame-options"": ""SAMEORIGIN"", ""content-security-policy"": ""frame-ancestors https://*.qq.com"", ""x-content-type-options"": ""nosniff"", ""content-length"": ""18408"", ""cache-control"": ""max-age=60"", ""expires"": ""Wed, 25 Oct 2023 12:35:28 GMT"", ""date"": ""Wed, 25 Oct 2023 12:34:28 GMT"", ""connection"": ""keep-alive"", ""vary"": ""Accept-Encoding"", ""strict-transport-security"": ""max-age=2628000 ; preload""}"
8,"GET https://www.qq.com/  HTTP/1.1
Host: www.qq.com
User-Agent: Mozilla/5.0 (Windows NT 10.0; rv:102.0) Gecko/20100101 Firefox/102.0
Accept: text/html,application/xhtml+xml,application/xml;q=0.9,image/avif,image/webp,*/*;q=0.8
Accept-Encoding: gzip, deflate, br
Accept-Language: en-US,en;q=0.5
DNT: 1
Connection: keep-alive
Upgrade-Insecure-Requests: 1
Sec-Fetch-Dest: document
Sec-Fetch-Mode: navigate
Sec-Fetch-Site: cross-site

",0,https://www.qq.com/,443,HTTP/1.1,0.12493252754211426,0.15610647201538086,0.12920022010803223,200,OK,[''],13,13,15070,"{""content-type"": ""text/html; charset=GB2312"", ""server"": ""squid/3.5.24"", ""content-encoding"": ""gzip"", ""x-frame-options"": ""SAMEORIGIN"", ""content-security-policy"": ""frame-ancestors https://*.qq.com"", ""x-content-type-options"": ""nosniff"", ""content-length"": ""18408"", ""cache-control"": ""max-age=60"", ""expires"": ""Wed, 25 Oct 2023 12:35:39 GMT"", ""date"": ""Wed, 25 Oct 2023 12:34:39 GMT"", ""connection"": ""keep-alive"", ""vary"": ""Accept-Encoding"", ""strict-transport-security"": ""max-age=2628000 ; preload""}"
9,"GET https://www.qq.com/  HTTP/1.1
Host: www.qq.com
User-Agent: Mozilla/5.0 (Windows NT 10.0; rv:102.0) Gecko/20100101 Firefox/102.0
Accept: text/html,application/xhtml+xml,application/xml;q=0.9,image/avif,image/webp,*/*;q=0.8
Accept-Encoding: gzip, deflate, br
Accept-Language: en-US,en;q=0.5
DNT: 1
Connection: keep-alive
Upgrade-Insecure-Requests: 1
Sec-Fetch-Dest: document
Sec-Fetch-Mode: navigate
Sec-Fetch-Site: cross-site

",0,https://www.qq.com/,443,HTTP/1.1,0.07907938957214355,0.11902856826782227,0.1181640625,200,OK,[''],13,13,15070,"{""content-type"": ""text/html; charset=GB2312"", ""server"": ""squid/3.5.24"", ""content-encoding"": ""gzip"", ""x-frame-options"": ""SAMEORIGIN"", ""content-security-policy"": ""frame-ancestors https://*.qq.com"", ""x-content-type-options"": ""nosniff"", ""content-length"": ""18408"", ""cache-control"": ""max-age=60"", ""expires"": ""Wed, 25 Oct 2023 12:35:49 GMT"", ""date"": ""Wed, 25 Oct 2023 12:34:49 GMT"", ""connection"": ""keep-alive"", ""vary"": ""Accept-Encoding"", ""strict-transport-security"": ""max-age=2628000 ; preload""}"
