[
    {
        "number": 0,
        "request": "GET https://www.qq.com/  HTTP/1.1\r\nHost: www.qq.com\r\nUser-Agent: Mozilla/5.0 (Windows NT 10.0; rv:102.0) Gecko/20100101 Firefox/102.0\r\nAccept: text/html,application/xhtml+xml,application/xml;q=0.9,image/avif,image/webp,*/*;q=0.8\r\nAccept-Encoding: gzip, deflate, br\r\nAccept-Language: en-US,en;q=0.5\r\nDNT: 1\r\nConnection: keep-alive\r\nUpgrade-Insecure-Requests: 1\r\nSec-Fetch-Dest: document\r\nSec-Fetch-Mode: navigate\r\nSec-Fetch-Site: cross-site\r\n\r\n",
        "deviation_count": 0,
        "uri": "https://www.qq.com/",
        "request_length": 443,
        "Response_Time": 0.15133047103881836,
        "status_code": 200,
        "reason_phrase": "OK",
        "error_message": [
            ""
        ],
        "response_header_count": 13,
        "response_header_length": 13,
        "response_body_length": 15070,
        "response_header_fields": {
            "content-type": "text/html; charset=GB2312",
            "server": "squid/3.5.24",
            "content-encoding": "gzip",
            "x-frame-options": "SAMEORIGIN",
            "content-security-policy": "frame-ancestors https://*.qq.com",
            "x-content-type-options": "nosniff",
            "content-length": "18408",
            "cache-control": "max-age=60",
            "expires": "Wed, 25 Oct 2023 12:34:15 GMT",
            "date": "Wed, 25 Oct 2023 12:33:15 GMT",
            "connection": "keep-alive",
            "vary": "Accept-Encoding",
            "strict-transport-security": "max-age=2628000 ; preload"
        }
    },
    {
        "number": 1,
        "request": "GET https://www.qq.com/  HTTP/1.1\r\nHost: www.qq.com\r\nUser-Agent: Mozilla/5.0 (Windows NT 10.0; rv:102.0) Gecko/20100101 Firefox/102.0\r\nAccept: text/html,application/xhtml+xml,application/xml;q=0.9,image/avif,image/webp,*/*;q=0.8\r\nAccept-Encoding: gzip, deflate, br\r\nAccept-Language: en-US,en;q=0.5\r\nDNT: 1\r\nConnection: keep-alive\r\nUpgrade-Insecure-Requests: 1\r\nSec-Fetch-Dest: document\r\nSec-Fetch-Mode: navigate\r\nSec-Fetch-Site: cross-site\r\n\r\n",
        "deviation_count": 0,
        "uri": "https://www.qq.com/",
        "request_length": 443,
        "Response_Time": 0.16710495948791504,
        "status_code": 200,
        "reason_phrase": "OK",
        "error_message": [
            ""
        ],
        "response_header_count": 13,
        "response_header_length": 13,
        "response_body_length": 15070,
        "response_header_fields": {
            "content-type": "text/html; charset=GB2312",
            "server": "squid/3.5.24",
            "content-encoding": "gzip",
            "x-frame-options": "SAMEORIGIN",
            "content-security-policy": "frame-ancestors https://*.qq.com",
            "x-content-type-options": "nosniff",
            "content-length": "18408",
            "cache-control": "max-age=60",
            "expires": "Wed, 25 Oct 2023 12:34:26 GMT",
            "date": "Wed, 25 Oct 2023 12:33:26 GMT",
            "connection": "keep-alive",
            "vary": "Accept-Encoding",
            "strict-transport-security": "max-age=2628000 ; preload"
        }
    },
    {
        "number": 2,
        "request": "GET https://www.qq.com/  HTTP/1.1\r\nHost: www.qq.com\r\nUser-Agent: Mozilla/5.0 (Windows NT 10.0; rv:102.0) Gecko/20100101 Firefox/102.0\r\nAccept: text/html,application/xhtml+xml,application/xml;q=0.9,image/avif,image/webp,*/*;q=0.8\r\nAccept-Encoding: gzip, deflate, br\r\nAccept-Language: en-US,en;q=0.5\r\nDNT: 1\r\nConnection: keep-alive\r\nUpgrade-Insecure-Requests: 1\r\nSec-Fetch-Dest: document\r\nSec-Fetch-Mode: navigate\r\nSec-Fetch-Site: cross-site\r\n\r\n",
        "deviation_count": 0,
        "uri": "https://www.qq.com/",
        "request_length": 443,
        "Response_Time": 0.1544489860534668,
        "status_code": 200,
        "reason_phrase": "OK",
        "error_message": [
            ""
        ],
        "response_header_count": 13,
        "response_header_length": 13,
        "response_body_length": 15070,
        "response_header_fields": {
            "content-type": "text/html; charset=GB2312",
            "server": "squid/3.5.24",
            "content-encoding": "gzip",
            "x-frame-options": "SAMEORIGIN",
            "content-security-policy": "frame-ancestors https://*.qq.com",
            "x-content-type-options": "nosniff",
            "content-length": "18408",
            "cache-control": "max-age=60",
            "expires": "Wed, 25 Oct 2023 12:34:36 GMT",
            "date": "Wed, 25 Oct 2023 12:33:36 GMT",
            "connection": "keep-alive",
            "vary": "Accept-Encoding",
            "strict-transport-security": "max-age=2628000 ; preload"
        }
    },
    {
        "number": 3,
        "request": "GET https://www.qq.com/  HTTP/1.1\r\nHost: www.qq.com\r\nUser-Agent: Mozilla/5.0 (Windows NT 10.0; rv:102.0) Gecko/20100101 Firefox/102.0\r\nAccept: text/html,application/xhtml+xml,application/xml;q=0.9,image/avif,image/webp,*/*;q=0.8\r\nAccept-Encoding: gzip, deflate, br\r\nAccept-Language: en-US,en;q=0.5\r\nDNT: 1\r\nConnection: keep-alive\r\nUpgrade-Insecure-Requests: 1\r\nSec-Fetch-Dest: document\r\nSec-Fetch-Mode: navigate\r\nSec-Fetch-Site: cross-site\r\n\r\n",
        "deviation_count": 0,
        "uri": "https://www.qq.com/",
        "request_length": 443,
        "Response_Time": 0.04820752143859863,
        "status_code": 200,
        "reason_phrase": "OK",
        "error_message": [
            ""
        ],
        "response_header_count": 13,
        "response_header_length": 13,
        "response_body_length": 15070,
        "response_header_fields": {
            "content-type": "text/html; charset=GB2312",
            "server": "squid/3.5.24",
            "content-encoding": "gzip",
            "x-frame-options": "SAMEORIGIN",
            "content-security-policy": "frame-ancestors https://*.qq.com",
            "x-content-type-options": "nosniff",
            "content-length": "18408",
            "cache-control": "max-age=60",
            "expires": "Wed, 25 Oct 2023 12:34:48 GMT",
            "date": "Wed, 25 Oct 2023 12:33:48 GMT",
            "connection": "keep-alive",
            "vary": "Accept-Encoding",
            "strict-transport-security": "max-age=2628000 ; preload"
        }
    },
    {
        "number": 4,
        "request": "GET https://www.qq.com/  HTTP/1.1\r\nHost: www.qq.com\r\nUser-Agent: Mozilla/5.0 (Windows NT 10.0; rv:102.0) Gecko/20100101 Firefox/102.0\r\nAccept: text/html,application/xhtml+xml,application/xml;q=0.9,image/avif,image/webp,*/*;q=0.8\r\nAccept-Encoding: gzip, deflate, br\r\nAccept-Language: en-US,en;q=0.5\r\nDNT: 1\r\nConnection: keep-alive\r\nUpgrade-Insecure-Requests: 1\r\nSec-Fetch-Dest: document\r\nSec-Fetch-Mode: navigate\r\nSec-Fetch-Site: cross-site\r\n\r\n",
        "deviation_count": 0,
        "uri": "https://www.qq.com/",
        "request_length": 443,
        "Response_Time": 0.12728500366210938,
        "status_code": 200,
        "reason_phrase": "OK",
        "error_message": [
            ""
        ],
        "response_header_count": 13,
        "response_header_length": 13,
        "response_body_length": 15070,
        "response_header_fields": {
            "content-type": "text/html; charset=GB2312",
            "server": "squid/3.5.24",
            "content-encoding": "gzip",
            "x-frame-options": "SAMEORIGIN",
            "content-security-policy": "frame-ancestors https://*.qq.com",
            "x-content-type-options": "nosniff",
            "content-length": "18408",
            "cache-control": "max-age=60",
            "expires": "Wed, 25 Oct 2023 12:34:57 GMT",
            "date": "Wed, 25 Oct 2023 12:33:57 GMT",
            "connection": "keep-alive",
            "vary": "Accept-Encoding",
            "strict-transport-security": "max-age=2628000 ; preload"
        }
    },
    {
        "number": 5,
        "request": "GET https://www.qq.com/  HTTP/1.1\r\nHost: www.qq.com\r\nUser-Agent: Mozilla/5.0 (Windows NT 10.0; rv:102.0) Gecko/20100101 Firefox/102.0\r\nAccept: text/html,application/xhtml+xml,application/xml;q=0.9,image/avif,image/webp,*/*;q=0.8\r\nAccept-Encoding: gzip, deflate, br\r\nAccept-Language: en-US,en;q=0.5\r\nDNT: 1\r\nConnection: keep-alive\r\nUpgrade-Insecure-Requests: 1\r\nSec-Fetch-Dest: document\r\nSec-Fetch-Mode: navigate\r\nSec-Fetch-Site: cross-site\r\n\r\n",
        "deviation_count": 0,
        "uri": "https://www.qq.com/",
        "request_length": 443,
        "Response_Time": 0.05598640441894531,
        "status_code": 200,
        "reason_phrase": "OK",
        "error_message": [
            ""
        ],
        "response_header_count": 13,
        "response_header_length": 13,
        "response_body_length": 15070,
        "response_header_fields": {
            "content-type": "text/html; charset=GB2312",
            "server": "squid/3.5.24",
            "content-encoding": "gzip",
            "x-frame-options": "SAMEORIGIN",
            "content-security-policy": "frame-ancestors https://*.qq.com",
            "x-content-type-options": "nosniff",
            "content-length": "18408",
            "cache-control": "max-age=60",
            "expires": "Wed, 25 Oct 2023 12:35:08 GMT",
            "date": "Wed, 25 Oct 2023 12:34:08 GMT",
            "connection": "keep-alive",
            "vary": "Accept-Encoding",
            "strict-transport-security": "max-age=2628000 ; preload"
        }
    },
    {
        "number": 6,
        "request": "GET https://www.qq.com/  HTTP/1.1\r\nHost: www.qq.com\r\nUser-Agent: Mozilla/5.0 (Windows NT 10.0; rv:102.0) Gecko/20100101 Firefox/102.0\r\nAccept: text/html,application/xhtml+xml,application/xml;q=0.9,image/avif,image/webp,*/*;q=0.8\r\nAccept-Encoding: gzip, deflate, br\r\nAccept-Language: en-US,en;q=0.5\r\nDNT: 1\r\nConnection: keep-alive\r\nUpgrade-Insecure-Requests: 1\r\nSec-Fetch-Dest: document\r\nSec-Fetch-Mode: navigate\r\nSec-Fetch-Site: cross-site\r\n\r\n",
        "deviation_count": 0,
        "uri": "https://www.qq.com/",
        "request_length": 443,
        "Response_Time": 0.1959686279296875,
        "status_code": 200,
        "reason_phrase": "OK",
        "error_message": [
            ""
        ],
        "response_header_count": 13,
        "response_header_length": 13,
        "response_body_length": 15070,
        "response_header_fields": {
            "content-type": "text/html; charset=GB2312",
            "server": "squid/3.5.24",
            "content-encoding": "gzip",
            "x-frame-options": "SAMEORIGIN",
            "content-security-policy": "frame-ancestors https://*.qq.com",
            "x-content-type-options": "nosniff",
            "content-length": "18408",
            "cache-control": "max-age=60",
            "expires": "Wed, 25 Oct 2023 12:35:18 GMT",
            "date": "Wed, 25 Oct 2023 12:34:18 GMT",
            "connection": "keep-alive",
            "vary": "Accept-Encoding",
            "strict-transport-security": "max-age=2628000 ; preload"
        }
    },
    {
        "number": 7,
        "request": "GET https://www.qq.com/  HTTP/1.1\r\nHost: www.qq.com\r\nUser-Agent: Mozilla/5.0 (Windows NT 10.0; rv:102.0) Gecko/20100101 Firefox/102.0\r\nAccept: text/html,application/xhtml+xml,application/xml;q=0.9,image/avif,image/webp,*/*;q=0.8\r\nAccept-Encoding: gzip, deflate, br\r\nAccept-Language: en-US,en;q=0.5\r\nDNT: 1\r\nConnection: keep-alive\r\nUpgrade-Insecure-Requests: 1\r\nSec-Fetch-Dest: document\r\nSec-Fetch-Mode: navigate\r\nSec-Fetch-Site: cross-site\r\n\r\n",
        "deviation_count": 0,
        "uri": "https://www.qq.com/",
        "request_length": 443,
        "Response_Time": 0.03550004959106445,
        "status_code": 200,
        "reason_phrase": "OK",
        "error_message": [
            ""
        ],
        "response_header_count": 13,
        "response_header_length": 13,
        "response_body_length": 15070,
        "response_header_fields": {
            "content-type": "text/html; charset=GB2312",
            "server": "squid/3.5.24",
            "content-encoding": "gzip",
            "x-frame-options": "SAMEORIGIN",
            "content-security-policy": "frame-ancestors https://*.qq.com",
            "x-content-type-options": "nosniff",
            "content-length": "18408",
            "cache-control": "max-age=60",
            "expires": "Wed, 25 Oct 2023 12:35:28 GMT",
            "date": "Wed, 25 Oct 2023 12:34:28 GMT",
            "connection": "keep-alive",
            "vary": "Accept-Encoding",
            "strict-transport-security": "max-age=2628000 ; preload"
        }
    },
    {
        "number": 8,
        "request": "GET https://www.qq.com/  HTTP/1.1\r\nHost: www.qq.com\r\nUser-Agent: Mozilla/5.0 (Windows NT 10.0; rv:102.0) Gecko/20100101 Firefox/102.0\r\nAccept: text/html,application/xhtml+xml,application/xml;q=0.9,image/avif,image/webp,*/*;q=0.8\r\nAccept-Encoding: gzip, deflate, br\r\nAccept-Language: en-US,en;q=0.5\r\nDNT: 1\r\nConnection: keep-alive\r\nUpgrade-Insecure-Requests: 1\r\nSec-Fetch-Dest: document\r\nSec-Fetch-Mode: navigate\r\nSec-Fetch-Site: cross-site\r\n\r\n",
        "deviation_count": 0,
        "uri": "https://www.qq.com/",
        "request_length": 443,
        "Response_Time": 0.12920022010803223,
        "status_code": 200,
        "reason_phrase": "OK",
        "error_message": [
            ""
        ],
        "response_header_count": 13,
        "response_header_length": 13,
        "response_body_length": 15070,
        "response_header_fields": {
            "content-type": "text/html; charset=GB2312",
            "server": "squid/3.5.24",
            "content-encoding": "gzip",
            "x-frame-options": "SAMEORIGIN",
            "content-security-policy": "frame-ancestors https://*.qq.com",
            "x-content-type-options": "nosniff",
            "content-length": "18408",
            "cache-control": "max-age=60",
            "expires": "Wed, 25 Oct 2023 12:35:39 GMT",
            "date": "Wed, 25 Oct 2023 12:34:39 GMT",
            "connection": "keep-alive",
            "vary": "Accept-Encoding",
            "strict-transport-security": "max-age=2628000 ; preload"
        }
    },
    {
        "number": 9,
        "request": "GET https://www.qq.com/  HTTP/1.1\r\nHost: www.qq.com\r\nUser-Agent: Mozilla/5.0 (Windows NT 10.0; rv:102.0) Gecko/20100101 Firefox/102.0\r\nAccept: text/html,application/xhtml+xml,application/xml;q=0.9,image/avif,image/webp,*/*;q=0.8\r\nAccept-Encoding: gzip, deflate, br\r\nAccept-Language: en-US,en;q=0.5\r\nDNT: 1\r\nConnection: keep-alive\r\nUpgrade-Insecure-Requests: 1\r\nSec-Fetch-Dest: document\r\nSec-Fetch-Mode: navigate\r\nSec-Fetch-Site: cross-site\r\n\r\n",
        "deviation_count": 0,
        "uri": "https://www.qq.com/",
        "request_length": 443,
        "Response_Time": 0.1181640625,
        "status_code": 200,
        "reason_phrase": "OK",
        "error_message": [
            ""
        ],
        "response_header_count": 13,
        "response_header_length": 13,
        "response_body_length": 15070,
        "response_header_fields": {
            "content-type": "text/html; charset=GB2312",
            "server": "squid/3.5.24",
            "content-encoding": "gzip",
            "x-frame-options": "SAMEORIGIN",
            "content-security-policy": "frame-ancestors https://*.qq.com",
            "x-content-type-options": "nosniff",
            "content-length": "18408",
            "cache-control": "max-age=60",
            "expires": "Wed, 25 Oct 2023 12:35:49 GMT",
            "date": "Wed, 25 Oct 2023 12:34:49 GMT",
            "connection": "keep-alive",
            "vary": "Accept-Encoding",
            "strict-transport-security": "max-age=2628000 ; preload"
        }
    }
]