number,request,deviation_count,uri,request_length,http_version,Socket_Connect_Time,Socket_Close_Time,Response_Time,status_code,reason_phrase,error_message,response_header_count,response_header_length,response_body_length,response_header_fields
0,"GET https://www.microsoft.com/de-de/ HTTP/1.1
Host: www.microsoft.com
User-Agent: Mozilla/5.0 (Windows NT 10.0; rv:102.0) Gecko/20100101 Firefox/102.0
Accept: text/html,application/xhtml+xml,application/xml;q=0.9,image/avif,image/webp,*/*;q=0.8
Accept-Encoding: gzip, deflate, br
Accept-Language: en-US,en;q=0.5
DNT: 1
Connection: keep-alive
Upgrade-Insecure-Requests: 1
Sec-Fetch-Dest: document
Sec-Fetch-Mode: navigate
Sec-Fetch-Site: cross-site

",0,https://www.microsoft.com/de-de/,462,HTTP/1.1,0.04865860939025879,0.1376502513885498,0.2764112949371338,200,OK,[''],19,19,14636,"{""content-type"": ""text/html;charset=utf-8"", ""set-cookie"": ""akacd_OneRF=1706013198~rv=92~id=cb44eec2c9c835ea729223858f191a73; path=/; Expires=Tue, 23 Jan 2024 12:33:18 GMT; Secure; SameSite=None"", ""x-dispatcher"": ""dispatcher2westeurope"", ""x-rtag"": ""AEM_PROD_Marketing"", ""ms-cv-esi"": ""CASMicrosoftCV36e85c6e.0"", ""ms-cv"": ""CASMicrosoftCV36e85c6e.0"", ""strict-transport-security"": ""max-age=31536000"", ""tls_version"": ""tls1.3"", ""vary"": ""Accept-Encoding"", ""x-frame-options"": ""SAMEORIGIN"", ""etag"": ""\""1d0be-6088507f58af1-gzip\"""", ""ms-commit-id"": ""b1244c2"", ""x-content-type-options"": ""nosniff"", ""x-vhost"": ""publish_microsoft_s"", ""cache-control"": ""max-age=0,s-maxage=86400"", ""content-encoding"": ""gzip"", ""date"": ""Wed, 25 Oct 2023 12:33:18 GMT"", ""content-length"": ""26201"", ""connection"": ""keep-alive""}"
1,"GET https://www.microsoft.com/de-de/ HTTP/1.1
Host: www.microsoft.com
User-Agent: Mozilla/5.0 (Windows NT 10.0; rv:102.0) Gecko/20100101 Firefox/102.0
Accept: text/html,application/xhtml+xml,application/xml;q=0.9,image/avif,image/webp,*/*;q=0.8
Accept-Encoding: gzip, deflate, br
Accept-Language: en-US,en;q=0.5
DNT: 1
Connection: keep-alive
Upgrade-Insecure-Requests: 1
Sec-Fetch-Dest: document
Sec-Fetch-Mode: navigate
Sec-Fetch-Site: cross-site

",0,https://www.microsoft.com/de-de/,462,HTTP/1.1,0.12494540214538574,0.10617709159851074,0.7505671977996826,200,OK,[''],19,19,14652,"{""content-type"": ""text/html;charset=utf-8"", ""set-cookie"": ""akacd_OneRF=1706013208~rv=77~id=79ae0f5d409db8205357b79c8f3e54d7; path=/; Expires=Tue, 23 Jan 2024 12:33:28 GMT; Secure; SameSite=None"", ""x-dispatcher"": ""dispatcher2westeurope"", ""x-rtag"": ""AEM_PROD_Marketing"", ""ms-cv-esi"": ""CASMicrosoftCV1475ca3d.0"", ""ms-cv"": ""CASMicrosoftCV1475ca3d.0"", ""strict-transport-security"": ""max-age=31536000"", ""tls_version"": ""tls1.3"", ""vary"": ""Accept-Encoding"", ""x-frame-options"": ""SAMEORIGIN"", ""etag"": ""\""1d0be-6088507f58af1-gzip\"""", ""ms-commit-id"": ""b1244c2"", ""x-content-type-options"": ""nosniff"", ""x-vhost"": ""publish_microsoft_s"", ""cache-control"": ""max-age=0,s-maxage=86400"", ""content-encoding"": ""gzip"", ""date"": ""Wed, 25 Oct 2023 12:33:29 GMT"", ""content-length"": ""26202"", ""connection"": ""keep-alive""}"
2,"GET https://www.microsoft.com/de-de/ HTTP/1.1
Host: www.microsoft.com
User-Agent: Mozilla/5.0 (Windows NT 10.0; rv:102.0) Gecko/20100101 Firefox/102.0
Accept: text/html,application/xhtml+xml,application/xml;q=0.9,image/avif,image/webp,*/*;q=0.8
Accept-Encoding: gzip, deflate, br
Accept-Language: en-US,en;q=0.5
DNT: 1
Connection: keep-alive
Upgrade-Insecure-Requests: 1
Sec-Fetch-Dest: document
Sec-Fetch-Mode: navigate
Sec-Fetch-Site: cross-site

",0,https://www.microsoft.com/de-de/,462,HTTP/1.1,0.26213812828063965,0.11468648910522461,0.8744442462921143,200,OK,[''],19,19,14658,"{""content-type"": ""text/html;charset=utf-8"", ""set-cookie"": ""akacd_OneRF=1706013219~rv=67~id=3d0d80a597c0dfa5d5a8094c665737ae; path=/; Expires=Tue, 23 Jan 2024 12:33:39 GMT; Secure; SameSite=None"", ""x-dispatcher"": ""dispatcher1westeurope"", ""x-rtag"": ""AEM_PROD_Marketing"", ""ms-cv-esi"": ""CASMicrosoftCV63c086f2.0"", ""ms-cv"": ""CASMicrosoftCV63c086f2.0"", ""strict-transport-security"": ""max-age=31536000"", ""tls_version"": ""tls1.3"", ""vary"": ""Accept-Encoding"", ""x-frame-options"": ""SAMEORIGIN"", ""etag"": ""\""1d0be-6088507fbe375-gzip\"""", ""ms-commit-id"": ""b1244c2"", ""x-content-type-options"": ""nosniff"", ""x-vhost"": ""publish_microsoft_s"", ""cache-control"": ""max-age=0,s-maxage=86400"", ""content-encoding"": ""gzip"", ""date"": ""Wed, 25 Oct 2023 12:33:40 GMT"", ""content-length"": ""26193"", ""connection"": ""keep-alive""}"
3,"GET https://www.microsoft.com/de-de/ HTTP/1.1
Host: www.microsoft.com
User-Agent: Mozilla/5.0 (Windows NT 10.0; rv:102.0) Gecko/20100101 Firefox/102.0
Accept: text/html,application/xhtml+xml,application/xml;q=0.9,image/avif,image/webp,*/*;q=0.8
Accept-Encoding: gzip, deflate, br
Accept-Language: en-US,en;q=0.5
DNT: 1
Connection: keep-alive
Upgrade-Insecure-Requests: 1
Sec-Fetch-Dest: document
Sec-Fetch-Mode: navigate
Sec-Fetch-Site: cross-site

",0,https://www.microsoft.com/de-de/,462,HTTP/1.1,0.14786267280578613,0.11021232604980469,0.9279975891113281,200,OK,[''],19,19,14635,"{""content-type"": ""text/html;charset=utf-8"", ""set-cookie"": ""akacd_OneRF=1706013230~rv=38~id=e28ce3f1c3d120fcd60ff266c9857083; path=/; Expires=Tue, 23 Jan 2024 12:33:50 GMT; Secure; SameSite=None"", ""x-dispatcher"": ""dispatcher2westeurope"", ""x-rtag"": ""AEM_PROD_Marketing"", ""ms-cv-esi"": ""CASMicrosoftCV57143577.0"", ""ms-cv"": ""CASMicrosoftCV57143577.0"", ""strict-transport-security"": ""max-age=31536000"", ""tls_version"": ""tls1.3"", ""vary"": ""Accept-Encoding"", ""x-frame-options"": ""SAMEORIGIN"", ""etag"": ""\""1d0be-6088507f58af1-gzip\"""", ""ms-commit-id"": ""b1244c2"", ""x-content-type-options"": ""nosniff"", ""x-vhost"": ""publish_microsoft_s"", ""cache-control"": ""max-age=0,s-maxage=86400"", ""content-encoding"": ""gzip"", ""date"": ""Wed, 25 Oct 2023 12:33:51 GMT"", ""content-length"": ""26202"", ""connection"": ""keep-alive""}"
4,"GET https://www.microsoft.com/de-de/ HTTP/1.1
Host: www.microsoft.com
User-Agent: Mozilla/5.0 (Windows NT 10.0; rv:102.0) Gecko/20100101 Firefox/102.0
Accept: text/html,application/xhtml+xml,application/xml;q=0.9,image/avif,image/webp,*/*;q=0.8
Accept-Encoding: gzip, deflate, br
Accept-Language: en-US,en;q=0.5
DNT: 1
Connection: keep-alive
Upgrade-Insecure-Requests: 1
Sec-Fetch-Dest: document
Sec-Fetch-Mode: navigate
Sec-Fetch-Site: cross-site

",0,https://www.microsoft.com/de-de/,462,HTTP/1.1,0.19234490394592285,0.1443791389465332,0.700624942779541,200,OK,[''],19,19,14628,"{""content-type"": ""text/html;charset=utf-8"", ""set-cookie"": ""akacd_OneRF=1706013241~rv=90~id=b4493e9638fb62f8d104e6456ca070d9; path=/; Expires=Tue, 23 Jan 2024 12:34:01 GMT; Secure; SameSite=None"", ""x-dispatcher"": ""dispatcher2westeurope"", ""x-rtag"": ""AEM_PROD_Marketing"", ""ms-cv-esi"": ""CASMicrosoftCV15d46caa.0"", ""ms-cv"": ""CASMicrosoftCV15d46caa.0"", ""strict-transport-security"": ""max-age=31536000"", ""tls_version"": ""tls1.3"", ""vary"": ""Accept-Encoding"", ""x-frame-options"": ""SAMEORIGIN"", ""etag"": ""\""1d0be-6088507f58af1-gzip\"""", ""ms-commit-id"": ""b1244c2"", ""x-content-type-options"": ""nosniff"", ""x-vhost"": ""publish_microsoft_s"", ""cache-control"": ""max-age=0,s-maxage=86400"", ""content-encoding"": ""gzip"", ""date"": ""Wed, 25 Oct 2023 12:34:02 GMT"", ""content-length"": ""26201"", ""connection"": ""keep-alive""}"
5,"GET https://www.microsoft.com/de-de/ HTTP/1.1
Host: www.microsoft.com
User-Agent: Mozilla/5.0 (Windows NT 10.0; rv:102.0) Gecko/20100101 Firefox/102.0
Accept: text/html,application/xhtml+xml,application/xml;q=0.9,image/avif,image/webp,*/*;q=0.8
Accept-Encoding: gzip, deflate, br
Accept-Language: en-US,en;q=0.5
DNT: 1
Connection: keep-alive
Upgrade-Insecure-Requests: 1
Sec-Fetch-Dest: document
Sec-Fetch-Mode: navigate
Sec-Fetch-Site: cross-site

",0,https://www.microsoft.com/de-de/,462,HTTP/1.1,0.14481329917907715,0.11042952537536621,0.19650769233703613,200,OK,[''],19,19,14643,"{""content-type"": ""text/html;charset=utf-8"", ""set-cookie"": ""akacd_OneRF=1706013252~rv=1~id=902ba41479ad6dcf649c59f16d9e1813; path=/; Expires=Tue, 23 Jan 2024 12:34:12 GMT; Secure; SameSite=None"", ""x-dispatcher"": ""dispatcher1westeurope"", ""x-rtag"": ""AEM_PROD_Marketing"", ""ms-cv-esi"": ""CASMicrosoftCV63c27038.0"", ""ms-cv"": ""CASMicrosoftCV63c27038.0"", ""strict-transport-security"": ""max-age=31536000"", ""tls_version"": ""tls1.3"", ""vary"": ""Accept-Encoding"", ""x-frame-options"": ""SAMEORIGIN"", ""etag"": ""\""1d0be-6088507fbe375-gzip\"""", ""ms-commit-id"": ""b1244c2"", ""x-content-type-options"": ""nosniff"", ""x-vhost"": ""publish_microsoft_s"", ""cache-control"": ""max-age=0,s-maxage=86400"", ""content-encoding"": ""gzip"", ""date"": ""Wed, 25 Oct 2023 12:34:12 GMT"", ""content-length"": ""26193"", ""connection"": ""keep-alive""}"
6,"GET https://www.microsoft.com/de-de/ HTTP/1.1
Host: www.microsoft.com
User-Agent: Mozilla/5.0 (Windows NT 10.0; rv:102.0) Gecko/20100101 Firefox/102.0
Accept: text/html,application/xhtml+xml,application/xml;q=0.9,image/avif,image/webp,*/*;q=0.8
Accept-Encoding: gzip, deflate, br
Accept-Language: en-US,en;q=0.5
DNT: 1
Connection: keep-alive
Upgrade-Insecure-Requests: 1
Sec-Fetch-Dest: document
Sec-Fetch-Mode: navigate
Sec-Fetch-Site: cross-site

",0,https://www.microsoft.com/de-de/,462,HTTP/1.1,0.19434213638305664,0.106414794921875,0.9365406036376953,200,OK,[''],19,19,14637,"{""content-type"": ""text/html;charset=utf-8"", ""set-cookie"": ""akacd_OneRF=1706013263~rv=10~id=bb54ee96bad04039f5ac8d02710b39c7; path=/; Expires=Tue, 23 Jan 2024 12:34:23 GMT; Secure; SameSite=None"", ""x-dispatcher"": ""dispatcher2westeurope"", ""x-rtag"": ""AEM_PROD_Marketing"", ""ms-cv-esi"": ""CASMicrosoftCV5715c0a1.0"", ""ms-cv"": ""CASMicrosoftCV5715c0a1.0"", ""strict-transport-security"": ""max-age=31536000"", ""tls_version"": ""tls1.3"", ""vary"": ""Accept-Encoding"", ""x-frame-options"": ""SAMEORIGIN"", ""etag"": ""\""1d0be-6088507f58af1-gzip\"""", ""ms-commit-id"": ""b1244c2"", ""x-content-type-options"": ""nosniff"", ""x-vhost"": ""publish_microsoft_s"", ""cache-control"": ""max-age=0,s-maxage=86400"", ""content-encoding"": ""gzip"", ""date"": ""Wed, 25 Oct 2023 12:34:24 GMT"", ""content-length"": ""26201"", ""connection"": ""keep-alive""}"
7,"GET https://www.microsoft.com/de-de/ HTTP/1.1
Host: www.microsoft.com
User-Agent: Mozilla/5.0 (Windows NT 10.0; rv:102.0) Gecko/20100101 Firefox/102.0
Accept: text/html,application/xhtml+xml,application/xml;q=0.9,image/avif,image/webp,*/*;q=0.8
Accept-Encoding: gzip, deflate, br
Accept-Language: en-US,en;q=0.5
DNT: 1
Connection: keep-alive
Upgrade-Insecure-Requests: 1
Sec-Fetch-Dest: document
Sec-Fetch-Mode: navigate
Sec-Fetch-Site: cross-site

",0,https://www.microsoft.com/de-de/,462,HTTP/1.1,0.0830986499786377,0.1480426788330078,1.0398187637329102,200,OK,[''],19,19,14628,"{""content-type"": ""text/html;charset=utf-8"", ""set-cookie"": ""akacd_OneRF=1706013274~rv=33~id=c549423b5a17298774c9e4b81817f18b; path=/; Expires=Tue, 23 Jan 2024 12:34:34 GMT; Secure; SameSite=None"", ""x-dispatcher"": ""dispatcher2westeurope"", ""x-rtag"": ""AEM_PROD_Marketing"", ""ms-cv-esi"": ""CASMicrosoftCV51ae28c5.0"", ""ms-cv"": ""CASMicrosoftCV51ae28c5.0"", ""strict-transport-security"": ""max-age=31536000"", ""tls_version"": ""tls1.3"", ""vary"": ""Accept-Encoding"", ""x-frame-options"": ""SAMEORIGIN"", ""etag"": ""\""1d0be-6088507f58af1-gzip\"""", ""ms-commit-id"": ""b1244c2"", ""x-content-type-options"": ""nosniff"", ""x-vhost"": ""publish_microsoft_s"", ""cache-control"": ""max-age=0,s-maxage=86400"", ""content-encoding"": ""gzip"", ""date"": ""Wed, 25 Oct 2023 12:34:35 GMT"", ""content-length"": ""26201"", ""connection"": ""keep-alive""}"
8,"GET https://www.microsoft.com/de-de/ HTTP/1.1
Host: www.microsoft.com
User-Agent: Mozilla/5.0 (Windows NT 10.0; rv:102.0) Gecko/20100101 Firefox/102.0
Accept: text/html,application/xhtml+xml,application/xml;q=0.9,image/avif,image/webp,*/*;q=0.8
Accept-Encoding: gzip, deflate, br
Accept-Language: en-US,en;q=0.5
DNT: 1
Connection: keep-alive
Upgrade-Insecure-Requests: 1
Sec-Fetch-Dest: document
Sec-Fetch-Mode: navigate
Sec-Fetch-Site: cross-site

",0,https://www.microsoft.com/de-de/,462,HTTP/1.1,0.1443643569946289,0.12117147445678711,0.8609113693237305,200,OK,[''],19,19,14612,"{""content-type"": ""text/html;charset=utf-8"", ""set-cookie"": ""akacd_OneRF=1706013285~rv=63~id=eaff1f35cab86182c4c96bf626cf695d; path=/; Expires=Tue, 23 Jan 2024 12:34:45 GMT; Secure; SameSite=None"", ""x-dispatcher"": ""dispatcher2westeurope"", ""x-rtag"": ""AEM_PROD_Marketing"", ""ms-cv-esi"": ""CASMicrosoftCV57169719.0"", ""ms-cv"": ""CASMicrosoftCV57169719.0"", ""strict-transport-security"": ""max-age=31536000"", ""tls_version"": ""tls1.3"", ""vary"": ""Accept-Encoding"", ""x-frame-options"": ""SAMEORIGIN"", ""etag"": ""\""1d0be-6088507f58af1-gzip\"""", ""ms-commit-id"": ""b1244c2"", ""x-content-type-options"": ""nosniff"", ""x-vhost"": ""publish_microsoft_s"", ""cache-control"": ""max-age=0,s-maxage=86400"", ""content-encoding"": ""gzip"", ""date"": ""Wed, 25 Oct 2023 12:34:46 GMT"", ""content-length"": ""26202"", ""connection"": ""keep-alive""}"
9,"GET https://www.microsoft.com/de-de/ HTTP/1.1
Host: www.microsoft.com
User-Agent: Mozilla/5.0 (Windows NT 10.0; rv:102.0) Gecko/20100101 Firefox/102.0
Accept: text/html,application/xhtml+xml,application/xml;q=0.9,image/avif,image/webp,*/*;q=0.8
Accept-Encoding: gzip, deflate, br
Accept-Language: en-US,en;q=0.5
DNT: 1
Connection: keep-alive
Upgrade-Insecure-Requests: 1
Sec-Fetch-Dest: document
Sec-Fetch-Mode: navigate
Sec-Fetch-Site: cross-site

",0,https://www.microsoft.com/de-de/,462,HTTP/1.1,0.1434309482574463,0.10933351516723633,1.088409185409546,200,OK,[''],19,19,14620,"{""content-type"": ""text/html;charset=utf-8"", ""set-cookie"": ""akacd_OneRF=1706013296~rv=57~id=0d2b1b8ae5e7dc6b17b5e59492b318f3; path=/; Expires=Tue, 23 Jan 2024 12:34:56 GMT; Secure; SameSite=None"", ""x-dispatcher"": ""dispatcher1westeurope"", ""x-rtag"": ""AEM_PROD_Marketing"", ""ms-cv-esi"": ""CASMicrosoftCV5edf2589.0"", ""ms-cv"": ""CASMicrosoftCV5edf2589.0"", ""strict-transport-security"": ""max-age=31536000"", ""tls_version"": ""tls1.3"", ""vary"": ""Accept-Encoding"", ""x-frame-options"": ""SAMEORIGIN"", ""etag"": ""\""1d0be-6088507fbe375-gzip\"""", ""ms-commit-id"": ""b1244c2"", ""x-content-type-options"": ""nosniff"", ""x-vhost"": ""publish_microsoft_s"", ""cache-control"": ""max-age=0,s-maxage=86400"", ""content-encoding"": ""gzip"", ""date"": ""Wed, 25 Oct 2023 12:34:57 GMT"", ""content-length"": ""26193"", ""connection"": ""keep-alive""}"
