,Attempt No.,uri,Deviation Count,Status Code,Response_Time,response_header_count,response_header_length,response_body_length,response_header_fields
0,0,https://t.co/,0,200,0.14160823822021484,12,12,3367,"{'date': 'Wed, 25 Oct 2023 12:33:20 GMT', 'perf': '7626143928', 'server': 'tsa_o', 'content-type': 'text/html; charset=utf-8', 'cache-control': 'no-cache, no-store, max-age=0', 'content-length': '1385', 'content-encoding': 'gzip', 'x-transaction-id': '34476d1edd198f8e', 'x-xss-protection': '0', 'strict-transport-security': 'max-age=0', 'x-response-time': '110', 'x-connection-hash': '3365b78f166877a1e4fa863d4a81ecc3a3223e69c5e3c5d83a33b8b4d4cacfa3'}"
1,1,https://t.co/,0,200,0.14641427993774414,12,12,3367,"{'date': 'Wed, 25 Oct 2023 12:33:32 GMT', 'perf': '7626143928', 'server': 'tsa_o', 'content-type': 'text/html; charset=utf-8', 'cache-control': 'no-cache, no-store, max-age=0', 'content-length': '1385', 'content-encoding': 'gzip', 'x-transaction-id': 'e1db2664f62a64cd', 'x-xss-protection': '0', 'strict-transport-security': 'max-age=0', 'x-response-time': '116', 'x-connection-hash': '50a755e6b41d3f71231fc398a96522adc78d54ecedd2304ceedcbae461c42523'}"
2,2,https://t.co/,0,200,0.1955115795135498,12,12,3367,"{'date': 'Wed, 25 Oct 2023 12:33:42 GMT', 'perf': '7626143928', 'server': 'tsa_o', 'content-type': 'text/html; charset=utf-8', 'cache-control': 'no-cache, no-store, max-age=0', 'content-length': '1385', 'content-encoding': 'gzip', 'x-transaction-id': '91a14625f5f47b2e', 'x-xss-protection': '0', 'strict-transport-security': 'max-age=0', 'x-response-time': '103', 'x-connection-hash': '3fb34a196cc4f2855e4faa1f713ea855b54d1bdd8e8299b0025968a09ea178e7'}"
3,3,https://t.co/,0,200,0.13451910018920898,12,12,3367,"{'date': 'Wed, 25 Oct 2023 12:33:53 GMT', 'perf': '7626143928', 'server': 'tsa_o', 'content-type': 'text/html; charset=utf-8', 'cache-control': 'no-cache, no-store, max-age=0', 'content-length': '1385', 'content-encoding': 'gzip', 'x-transaction-id': 'a523b058009f99a3', 'x-xss-protection': '0', 'strict-transport-security': 'max-age=0', 'x-response-time': '109', 'x-connection-hash': 'e48d7f36e3b9ecac9cb5890b2f285c469eac6ac026ba46d6bc77a1a45e6e4d1c'}"
4,4,https://t.co/,0,200,0.14266538619995117,12,12,3367,"{'date': 'Wed, 25 Oct 2023 12:34:04 GMT', 'perf': '7626143928', 'server': 'tsa_o', 'content-type': 'text/html; charset=utf-8', 'cache-control': 'no-cache, no-store, max-age=0', 'content-length': '1385', 'content-encoding': 'gzip', 'x-transaction-id': '10d774c4cdc1c68d', 'x-xss-protection': '0', 'strict-transport-security': 'max-age=0', 'x-response-time': '110', 'x-connection-hash': '1f62c00c53ee381b2bcc5f43f05ef71a6105a8c7935b225be8d435cc483d3c36'}"
5,5,https://t.co/,0,200,0.13752317428588867,12,12,3367,"{'date': 'Wed, 25 Oct 2023 12:34:15 GMT', 'perf': '7626143928', 'server': 'tsa_o', 'content-type': 'text/html; charset=utf-8', 'cache-control': 'no-cache, no-store, max-age=0', 'content-length': '1385', 'content-encoding': 'gzip', 'x-transaction-id': 'b00501f25ed995b4', 'x-xss-protection': '0', 'strict-transport-security': 'max-age=0', 'x-response-time': '109', 'x-connection-hash': 'b925624ea66d06f9646c25165d4716c6ea781c98826e2ae652a03413ebc6c07e'}"
6,6,https://t.co/,0,200,0.13946866989135742,12,12,3367,"{'date': 'Wed, 25 Oct 2023 12:34:27 GMT', 'perf': '7626143928', 'server': 'tsa_o', 'content-type': 'text/html; charset=utf-8', 'cache-control': 'no-cache, no-store, max-age=0', 'content-length': '1385', 'content-encoding': 'gzip', 'x-transaction-id': '9c0da93130d96d85', 'x-xss-protection': '0', 'strict-transport-security': 'max-age=0', 'x-response-time': '102', 'x-connection-hash': 'f121c45cba1ce7dd9727e8de365f434bf16cc18288457e507e6e2ee121a5f67b'}"
7,7,https://t.co/,0,200,0.12458682060241699,12,12,3367,"{'date': 'Wed, 25 Oct 2023 12:34:38 GMT', 'perf': '7626143928', 'server': 'tsa_o', 'content-type': 'text/html; charset=utf-8', 'cache-control': 'no-cache, no-store, max-age=0', 'content-length': '1385', 'content-encoding': 'gzip', 'x-transaction-id': '54692157633d4293', 'x-xss-protection': '0', 'strict-transport-security': 'max-age=0', 'x-response-time': '102', 'x-connection-hash': 'd98b2ef6329db6344a1bf7185b19fd883851ed0895c13e42a319642bf1660f48'}"
8,8,https://t.co/,0,200,0.1404705047607422,12,12,3367,"{'date': 'Wed, 25 Oct 2023 12:34:48 GMT', 'perf': '7626143928', 'server': 'tsa_o', 'content-type': 'text/html; charset=utf-8', 'cache-control': 'no-cache, no-store, max-age=0', 'content-length': '1385', 'content-encoding': 'gzip', 'x-transaction-id': '1ed1bb47a87fb7cf', 'x-xss-protection': '0', 'strict-transport-security': 'max-age=0', 'x-response-time': '103', 'x-connection-hash': '10e1120457309fd67fb176c64e44ee6e70aa25cbf7eeff427498c341dbd2ec59'}"
9,9,https://t.co/,0,200,0.15040302276611328,12,12,3367,"{'date': 'Wed, 25 Oct 2023 12:34:59 GMT', 'perf': '7626143928', 'server': 'tsa_o', 'content-type': 'text/html; charset=utf-8', 'cache-control': 'no-cache, no-store, max-age=0', 'content-length': '1385', 'content-encoding': 'gzip', 'x-transaction-id': '011f7cea1c7c92f8', 'x-xss-protection': '0', 'strict-transport-security': 'max-age=0', 'x-response-time': '118', 'x-connection-hash': 'eb4faf5e3d69f3a8fc7f5d23d006f4f8f66fb2c0edf639ed989a1669195bdd5e'}"
