number,request,deviation_count,uri,request_length,http_version,Socket_Connect_Time,Socket_Close_Time,Response_Time,status_code,reason_phrase,error_message,response_header_count,response_header_length,response_body_length,response_header_fields
0,"GET https://www.office.com/  HTTP/1.1
Host: www.office.com
User-Agent: Mozilla/5.0 (Windows NT 10.0; rv:102.0) Gecko/20100101 Firefox/102.0
Accept: text/html,application/xhtml+xml,application/xml;q=0.9,image/avif,image/webp,*/*;q=0.8
Accept-Encoding: gzip, deflate, br
Accept-Language: en-US,en;q=0.5
DNT: 1
Connection: keep-alive
Upgrade-Insecure-Requests: 1
Sec-Fetch-Dest: document
Sec-Fetch-Mode: navigate
Sec-Fetch-Site: cross-site

",0,https://www.office.com/,451,HTTP/1.1,0.25338315963745117,0.1171727180480957,0.05331850051879883,200,OK,[''],20,20,10,"{""cache-control"": ""no-store,no-cache"", ""pragma"": ""no-cache"", ""transfer-encoding"": ""chunked"", ""content-type"": ""text/html; charset=utf-8"", ""content-encoding"": ""gzip"", ""vary"": ""Accept-Encoding"", ""set-cookie"": ""MUID=1C45EAC2CD73662D186FF977CCAB679D; path=/; secure; expires=Mon, 18-Nov-2024 12:33:14 GMT; domain=office.com"", ""request-context"": ""appId="", ""strict-transport-security"": ""max-age=31536000; includeSubDomains"", ""referrer-policy"": ""strict-origin-when-cross-origin"", ""x-content-type-options"": ""nosniff"", ""x-xss-protection"": ""1; mode=block"", ""x-frame-options"": ""SAMEORIGIN"", ""x-ua-compatible"": ""IE=edge,chrome=1"", ""nel"": ""{\""report_to\"":\""NelOfficeHubUpload1\"",\""max_age\"":3600,\""failure_fraction\"":1.0,\""success_fraction\"":0.01}"", ""report-to"": ""{ \""group\"": \""csp-endpoint\"", \""max_age\"": 86400, \""endpoints\"": [{ \""url\"": \""https://csp.microsoft.com/report/Harmony-App-PROD\"" }]}"", ""content-security-policy"": ""default-src 'self';base-uri 'self';script-src 'nonce-r5l3eMyWEMk8R/1436x6eQ==' 'strict-dynamic' 'report-sample' https:;report-to csp-endpoint;upgrade-insecure-requests;style-src 'self' *.cdn.office.net *.microsoft.com res-dev.cdn.officeppe.net 'unsafe-inline' https://www.microsoft.com/;font-src 'self' data: *.cdn.office.net res-dev.cdn.officeppe.net data c.s-microsoft.com *.microsoft.com;connect-src 'self' https://browser.pipe.aria.microsoft.com https://browser.events.data.microsoft.com *.office.com *.cdn.office.net res-dev.cdn.officeppe.net https://consentreceiverfd-prod.azurefd.net data:;frame-src https://login.microsoftonline.com https://login.live.com mem.gfx.ms amcdn.msftauth.net amcdn.msauth.net;img-src * data: blob:;worker-src 'self' blob:;child-src 'self' blob:;report-uri https://csp.microsoft.com/report/Harmony-App-PROD;"", ""x-cache"": ""CONFIG_NOCACHE"", ""x-msedge-ref"": ""Ref A: B6DEDC7857084BF0AF946130C0435A1B Ref B: AMS231032604039 Ref C: 2023-10-25T12:33:14Z"", ""date"": ""Wed, 25 Oct 2023 12:33:14 GMT""}"
1,"GET https://www.office.com/  HTTP/1.1
Host: www.office.com
User-Agent: Mozilla/5.0 (Windows NT 10.0; rv:102.0) Gecko/20100101 Firefox/102.0
Accept: text/html,application/xhtml+xml,application/xml;q=0.9,image/avif,image/webp,*/*;q=0.8
Accept-Encoding: gzip, deflate, br
Accept-Language: en-US,en;q=0.5
DNT: 1
Connection: keep-alive
Upgrade-Insecure-Requests: 1
Sec-Fetch-Dest: document
Sec-Fetch-Mode: navigate
Sec-Fetch-Site: cross-site

",0,https://www.office.com/,451,HTTP/1.1,0.20780062675476074,0.12269210815429688,0.05037045478820801,200,OK,[''],20,20,10,"{""cache-control"": ""no-store,no-cache"", ""pragma"": ""no-cache"", ""transfer-encoding"": ""chunked"", ""content-type"": ""text/html; charset=utf-8"", ""content-encoding"": ""gzip"", ""vary"": ""Accept-Encoding"", ""set-cookie"": ""MUID=06F886C3055A61862058957604D1602E; path=/; secure; expires=Mon, 18-Nov-2024 12:33:25 GMT; domain=office.com"", ""request-context"": ""appId="", ""strict-transport-security"": ""max-age=31536000; includeSubDomains"", ""referrer-policy"": ""strict-origin-when-cross-origin"", ""x-content-type-options"": ""nosniff"", ""x-xss-protection"": ""1; mode=block"", ""x-frame-options"": ""SAMEORIGIN"", ""x-ua-compatible"": ""IE=edge,chrome=1"", ""nel"": ""{\""report_to\"":\""NelOfficeHubUpload1\"",\""max_age\"":3600,\""failure_fraction\"":1.0,\""success_fraction\"":0.01}"", ""report-to"": ""{ \""group\"": \""csp-endpoint\"", \""max_age\"": 86400, \""endpoints\"": [{ \""url\"": \""https://csp.microsoft.com/report/Harmony-App-PROD\"" }]}"", ""content-security-policy"": ""default-src 'self';base-uri 'self';script-src 'nonce-0OUy574Hopdgb9tTfeX/Fg==' 'strict-dynamic' 'report-sample' https:;report-to csp-endpoint;upgrade-insecure-requests;style-src 'self' *.cdn.office.net *.microsoft.com res-dev.cdn.officeppe.net 'unsafe-inline' https://www.microsoft.com/;font-src 'self' data: *.cdn.office.net res-dev.cdn.officeppe.net data c.s-microsoft.com *.microsoft.com;connect-src 'self' https://browser.pipe.aria.microsoft.com https://browser.events.data.microsoft.com *.office.com *.cdn.office.net res-dev.cdn.officeppe.net https://consentreceiverfd-prod.azurefd.net data:;frame-src https://login.microsoftonline.com https://login.live.com mem.gfx.ms amcdn.msftauth.net amcdn.msauth.net;img-src * data: blob:;worker-src 'self' blob:;child-src 'self' blob:;report-uri https://csp.microsoft.com/report/Harmony-App-PROD;"", ""x-cache"": ""CONFIG_NOCACHE"", ""x-msedge-ref"": ""Ref A: 331EF1D9D4BB44CD84D14B50687AB625 Ref B: AMS231032601031 Ref C: 2023-10-25T12:33:25Z"", ""date"": ""Wed, 25 Oct 2023 12:33:24 GMT""}"
2,"GET https://www.office.com/  HTTP/1.1
Host: www.office.com
User-Agent: Mozilla/5.0 (Windows NT 10.0; rv:102.0) Gecko/20100101 Firefox/102.0
Accept: text/html,application/xhtml+xml,application/xml;q=0.9,image/avif,image/webp,*/*;q=0.8
Accept-Encoding: gzip, deflate, br
Accept-Language: en-US,en;q=0.5
DNT: 1
Connection: keep-alive
Upgrade-Insecure-Requests: 1
Sec-Fetch-Dest: document
Sec-Fetch-Mode: navigate
Sec-Fetch-Site: cross-site

",0,https://www.office.com/,451,HTTP/1.1,0.15286588668823242,0.10495686531066895,0.0314178466796875,200,OK,[''],20,20,10,"{""cache-control"": ""no-store,no-cache"", ""pragma"": ""no-cache"", ""transfer-encoding"": ""chunked"", ""content-type"": ""text/html; charset=utf-8"", ""content-encoding"": ""gzip"", ""vary"": ""Accept-Encoding"", ""set-cookie"": ""MUID=178542871DC66DBD372E51321C1E6C62; path=/; secure; expires=Mon, 18-Nov-2024 12:33:36 GMT; domain=office.com"", ""request-context"": ""appId="", ""strict-transport-security"": ""max-age=31536000; includeSubDomains"", ""referrer-policy"": ""strict-origin-when-cross-origin"", ""x-content-type-options"": ""nosniff"", ""x-xss-protection"": ""1; mode=block"", ""x-frame-options"": ""SAMEORIGIN"", ""x-ua-compatible"": ""IE=edge,chrome=1"", ""nel"": ""{\""report_to\"":\""NelOfficeHubUpload1\"",\""max_age\"":3600,\""failure_fraction\"":1.0,\""success_fraction\"":0.01}"", ""report-to"": ""{ \""group\"": \""csp-endpoint\"", \""max_age\"": 86400, \""endpoints\"": [{ \""url\"": \""https://csp.microsoft.com/report/Harmony-App-PROD\"" }]}"", ""content-security-policy"": ""default-src 'self';base-uri 'self';script-src 'nonce-ljwsPFI4oDQfiqg/YmZMjw==' 'strict-dynamic' 'report-sample' https:;report-to csp-endpoint;upgrade-insecure-requests;style-src 'self' *.cdn.office.net *.microsoft.com res-dev.cdn.officeppe.net 'unsafe-inline' https://www.microsoft.com/;font-src 'self' data: *.cdn.office.net res-dev.cdn.officeppe.net data c.s-microsoft.com *.microsoft.com;connect-src 'self' https://browser.pipe.aria.microsoft.com https://browser.events.data.microsoft.com *.office.com *.cdn.office.net res-dev.cdn.officeppe.net https://consentreceiverfd-prod.azurefd.net data:;frame-src https://login.microsoftonline.com https://login.live.com mem.gfx.ms amcdn.msftauth.net amcdn.msauth.net;img-src * data: blob:;worker-src 'self' blob:;child-src 'self' blob:;report-uri https://csp.microsoft.com/report/Harmony-App-PROD;"", ""x-cache"": ""CONFIG_NOCACHE"", ""x-msedge-ref"": ""Ref A: 2AA8D1B1E97E49789234594B1C96481A Ref B: AMS231032606011 Ref C: 2023-10-25T12:33:36Z"", ""date"": ""Wed, 25 Oct 2023 12:33:35 GMT""}"
3,"GET https://www.office.com/  HTTP/1.1
Host: www.office.com
User-Agent: Mozilla/5.0 (Windows NT 10.0; rv:102.0) Gecko/20100101 Firefox/102.0
Accept: text/html,application/xhtml+xml,application/xml;q=0.9,image/avif,image/webp,*/*;q=0.8
Accept-Encoding: gzip, deflate, br
Accept-Language: en-US,en;q=0.5
DNT: 1
Connection: keep-alive
Upgrade-Insecure-Requests: 1
Sec-Fetch-Dest: document
Sec-Fetch-Mode: navigate
Sec-Fetch-Site: cross-site

",0,https://www.office.com/,451,HTTP/1.1,0.12694573402404785,0.1070854663848877,0.041641950607299805,200,OK,[''],20,20,10,"{""cache-control"": ""no-store,no-cache"", ""pragma"": ""no-cache"", ""transfer-encoding"": ""chunked"", ""content-type"": ""text/html; charset=utf-8"", ""content-encoding"": ""gzip"", ""vary"": ""Accept-Encoding"", ""set-cookie"": ""MUID=14665D77CB1A6026302C4EC2CAC261EF; path=/; secure; expires=Mon, 18-Nov-2024 12:33:47 GMT; domain=office.com"", ""request-context"": ""appId="", ""strict-transport-security"": ""max-age=31536000; includeSubDomains"", ""referrer-policy"": ""strict-origin-when-cross-origin"", ""x-content-type-options"": ""nosniff"", ""x-xss-protection"": ""1; mode=block"", ""x-frame-options"": ""SAMEORIGIN"", ""x-ua-compatible"": ""IE=edge,chrome=1"", ""nel"": ""{\""report_to\"":\""NelOfficeHubUpload1\"",\""max_age\"":3600,\""failure_fraction\"":1.0,\""success_fraction\"":0.01}"", ""report-to"": ""{ \""group\"": \""csp-endpoint\"", \""max_age\"": 86400, \""endpoints\"": [{ \""url\"": \""https://csp.microsoft.com/report/Harmony-App-PROD\"" }]}"", ""content-security-policy"": ""default-src 'self';base-uri 'self';script-src 'nonce-Z1kf42qaLsFEYxh3b98MZg==' 'strict-dynamic' 'report-sample' https:;report-to csp-endpoint;upgrade-insecure-requests;style-src 'self' *.cdn.office.net *.microsoft.com res-dev.cdn.officeppe.net 'unsafe-inline' https://www.microsoft.com/;font-src 'self' data: *.cdn.office.net res-dev.cdn.officeppe.net data c.s-microsoft.com *.microsoft.com;connect-src 'self' https://browser.pipe.aria.microsoft.com https://browser.events.data.microsoft.com *.office.com *.cdn.office.net res-dev.cdn.officeppe.net https://consentreceiverfd-prod.azurefd.net data:;frame-src https://login.microsoftonline.com https://login.live.com mem.gfx.ms amcdn.msftauth.net amcdn.msauth.net;img-src * data: blob:;worker-src 'self' blob:;child-src 'self' blob:;report-uri https://csp.microsoft.com/report/Harmony-App-PROD;"", ""x-cache"": ""CONFIG_NOCACHE"", ""x-msedge-ref"": ""Ref A: FA5FDB859EC84B18A437630B54C5855D Ref B: AMS231032606029 Ref C: 2023-10-25T12:33:47Z"", ""date"": ""Wed, 25 Oct 2023 12:33:47 GMT""}"
4,"GET https://www.office.com/  HTTP/1.1
Host: www.office.com
User-Agent: Mozilla/5.0 (Windows NT 10.0; rv:102.0) Gecko/20100101 Firefox/102.0
Accept: text/html,application/xhtml+xml,application/xml;q=0.9,image/avif,image/webp,*/*;q=0.8
Accept-Encoding: gzip, deflate, br
Accept-Language: en-US,en;q=0.5
DNT: 1
Connection: keep-alive
Upgrade-Insecure-Requests: 1
Sec-Fetch-Dest: document
Sec-Fetch-Mode: navigate
Sec-Fetch-Site: cross-site

",0,https://www.office.com/,451,HTTP/1.1,0.1800854206085205,0.12596893310546875,0.03975534439086914,200,OK,[''],20,20,10,"{""cache-control"": ""no-store,no-cache"", ""pragma"": ""no-cache"", ""transfer-encoding"": ""chunked"", ""content-type"": ""text/html; charset=utf-8"", ""content-encoding"": ""gzip"", ""vary"": ""Accept-Encoding"", ""set-cookie"": ""MUID=28A963FD3CC1699A225D70483D4A681E; path=/; secure; expires=Mon, 18-Nov-2024 12:33:58 GMT; domain=office.com"", ""request-context"": ""appId="", ""strict-transport-security"": ""max-age=31536000; includeSubDomains"", ""referrer-policy"": ""strict-origin-when-cross-origin"", ""x-content-type-options"": ""nosniff"", ""x-xss-protection"": ""1; mode=block"", ""x-frame-options"": ""SAMEORIGIN"", ""x-ua-compatible"": ""IE=edge,chrome=1"", ""nel"": ""{\""report_to\"":\""NelOfficeHubUpload1\"",\""max_age\"":3600,\""failure_fraction\"":1.0,\""success_fraction\"":0.01}"", ""report-to"": ""{ \""group\"": \""csp-endpoint\"", \""max_age\"": 86400, \""endpoints\"": [{ \""url\"": \""https://csp.microsoft.com/report/Harmony-App-PROD\"" }]}"", ""content-security-policy"": ""default-src 'self';base-uri 'self';script-src 'nonce-KtrISmXSQMrs9NagDLsxAg==' 'strict-dynamic' 'report-sample' https:;report-to csp-endpoint;upgrade-insecure-requests;style-src 'self' *.cdn.office.net *.microsoft.com res-dev.cdn.officeppe.net 'unsafe-inline' https://www.microsoft.com/;font-src 'self' data: *.cdn.office.net res-dev.cdn.officeppe.net data c.s-microsoft.com *.microsoft.com;connect-src 'self' https://browser.pipe.aria.microsoft.com https://browser.events.data.microsoft.com *.office.com *.cdn.office.net res-dev.cdn.officeppe.net https://consentreceiverfd-prod.azurefd.net data:;frame-src https://login.microsoftonline.com https://login.live.com mem.gfx.ms amcdn.msftauth.net amcdn.msauth.net;img-src * data: blob:;worker-src 'self' blob:;child-src 'self' blob:;report-uri https://csp.microsoft.com/report/Harmony-App-PROD;"", ""x-cache"": ""CONFIG_NOCACHE"", ""x-msedge-ref"": ""Ref A: 3B360325CA9546BCAD03EC277735CDEE Ref B: AMS231032603049 Ref C: 2023-10-25T12:33:58Z"", ""date"": ""Wed, 25 Oct 2023 12:33:57 GMT""}"
5,"GET https://www.office.com/  HTTP/1.1
Host: www.office.com
User-Agent: Mozilla/5.0 (Windows NT 10.0; rv:102.0) Gecko/20100101 Firefox/102.0
Accept: text/html,application/xhtml+xml,application/xml;q=0.9,image/avif,image/webp,*/*;q=0.8
Accept-Encoding: gzip, deflate, br
Accept-Language: en-US,en;q=0.5
DNT: 1
Connection: keep-alive
Upgrade-Insecure-Requests: 1
Sec-Fetch-Dest: document
Sec-Fetch-Mode: navigate
Sec-Fetch-Site: cross-site

",0,https://www.office.com/,451,HTTP/1.1,0.10823702812194824,0.12299942970275879,0.06720781326293945,200,OK,[''],20,20,10,"{""cache-control"": ""no-store,no-cache"", ""pragma"": ""no-cache"", ""transfer-encoding"": ""chunked"", ""content-type"": ""text/html; charset=utf-8"", ""content-encoding"": ""gzip"", ""vary"": ""Accept-Encoding"", ""set-cookie"": ""MUID=024432CB015260801723217E00D961C7; path=/; secure; expires=Mon, 18-Nov-2024 12:34:09 GMT; domain=office.com"", ""request-context"": ""appId="", ""strict-transport-security"": ""max-age=31536000; includeSubDomains"", ""referrer-policy"": ""strict-origin-when-cross-origin"", ""x-content-type-options"": ""nosniff"", ""x-xss-protection"": ""1; mode=block"", ""x-frame-options"": ""SAMEORIGIN"", ""x-ua-compatible"": ""IE=edge,chrome=1"", ""nel"": ""{\""report_to\"":\""NelOfficeHubUpload1\"",\""max_age\"":3600,\""failure_fraction\"":1.0,\""success_fraction\"":0.01}"", ""report-to"": ""{ \""group\"": \""csp-endpoint\"", \""max_age\"": 86400, \""endpoints\"": [{ \""url\"": \""https://csp.microsoft.com/report/Harmony-App-PROD\"" }]}"", ""content-security-policy"": ""default-src 'self';base-uri 'self';script-src 'nonce-HSHK9zBF3iWBFv2jNI5ejQ==' 'strict-dynamic' 'report-sample' https:;report-to csp-endpoint;upgrade-insecure-requests;style-src 'self' *.cdn.office.net *.microsoft.com res-dev.cdn.officeppe.net 'unsafe-inline' https://www.microsoft.com/;font-src 'self' data: *.cdn.office.net res-dev.cdn.officeppe.net data c.s-microsoft.com *.microsoft.com;connect-src 'self' https://browser.pipe.aria.microsoft.com https://browser.events.data.microsoft.com *.office.com *.cdn.office.net res-dev.cdn.officeppe.net https://consentreceiverfd-prod.azurefd.net data:;frame-src https://login.microsoftonline.com https://login.live.com mem.gfx.ms amcdn.msftauth.net amcdn.msauth.net;img-src * data: blob:;worker-src 'self' blob:;child-src 'self' blob:;report-uri https://csp.microsoft.com/report/Harmony-App-PROD;"", ""x-cache"": ""CONFIG_NOCACHE"", ""x-msedge-ref"": ""Ref A: 80C42464C8414A1CA78FCF21A0563DCB Ref B: AMS231032603021 Ref C: 2023-10-25T12:34:09Z"", ""date"": ""Wed, 25 Oct 2023 12:34:08 GMT""}"
6,"GET https://www.office.com/  HTTP/1.1
Host: www.office.com
User-Agent: Mozilla/5.0 (Windows NT 10.0; rv:102.0) Gecko/20100101 Firefox/102.0
Accept: text/html,application/xhtml+xml,application/xml;q=0.9,image/avif,image/webp,*/*;q=0.8
Accept-Encoding: gzip, deflate, br
Accept-Language: en-US,en;q=0.5
DNT: 1
Connection: keep-alive
Upgrade-Insecure-Requests: 1
Sec-Fetch-Dest: document
Sec-Fetch-Mode: navigate
Sec-Fetch-Site: cross-site

",0,https://www.office.com/,451,HTTP/1.1,0.11992025375366211,0.13936233520507812,0.04161691665649414,200,OK,[''],20,20,10,"{""cache-control"": ""no-store,no-cache"", ""pragma"": ""no-cache"", ""transfer-encoding"": ""chunked"", ""content-type"": ""text/html; charset=utf-8"", ""content-encoding"": ""gzip"", ""vary"": ""Accept-Encoding"", ""set-cookie"": ""MUID=18CF57A1EA6969812BB04414EBB168F1; path=/; secure; expires=Mon, 18-Nov-2024 12:34:20 GMT; domain=office.com"", ""request-context"": ""appId="", ""strict-transport-security"": ""max-age=31536000; includeSubDomains"", ""referrer-policy"": ""strict-origin-when-cross-origin"", ""x-content-type-options"": ""nosniff"", ""x-xss-protection"": ""1; mode=block"", ""x-frame-options"": ""SAMEORIGIN"", ""x-ua-compatible"": ""IE=edge,chrome=1"", ""nel"": ""{\""report_to\"":\""NelOfficeHubUpload1\"",\""max_age\"":3600,\""failure_fraction\"":1.0,\""success_fraction\"":0.01}"", ""report-to"": ""{ \""group\"": \""csp-endpoint\"", \""max_age\"": 86400, \""endpoints\"": [{ \""url\"": \""https://csp.microsoft.com/report/Harmony-App-PROD\"" }]}"", ""content-security-policy"": ""default-src 'self';base-uri 'self';script-src 'nonce-X+ajv8SipPDxwg7v+vjKTg==' 'strict-dynamic' 'report-sample' https:;report-to csp-endpoint;upgrade-insecure-requests;style-src 'self' *.cdn.office.net *.microsoft.com res-dev.cdn.officeppe.net 'unsafe-inline' https://www.microsoft.com/;font-src 'self' data: *.cdn.office.net res-dev.cdn.officeppe.net data c.s-microsoft.com *.microsoft.com;connect-src 'self' https://browser.pipe.aria.microsoft.com https://browser.events.data.microsoft.com *.office.com *.cdn.office.net res-dev.cdn.officeppe.net https://consentreceiverfd-prod.azurefd.net data:;frame-src https://login.microsoftonline.com https://login.live.com mem.gfx.ms amcdn.msftauth.net amcdn.msauth.net;img-src * data: blob:;worker-src 'self' blob:;child-src 'self' blob:;report-uri https://csp.microsoft.com/report/Harmony-App-PROD;"", ""x-cache"": ""CONFIG_NOCACHE"", ""x-msedge-ref"": ""Ref A: 675F9A32B59A443B950D90C4D38E61EB Ref B: AMS231032605051 Ref C: 2023-10-25T12:34:20Z"", ""date"": ""Wed, 25 Oct 2023 12:34:20 GMT""}"
7,"GET https://www.office.com/  HTTP/1.1
Host: www.office.com
User-Agent: Mozilla/5.0 (Windows NT 10.0; rv:102.0) Gecko/20100101 Firefox/102.0
Accept: text/html,application/xhtml+xml,application/xml;q=0.9,image/avif,image/webp,*/*;q=0.8
Accept-Encoding: gzip, deflate, br
Accept-Language: en-US,en;q=0.5
DNT: 1
Connection: keep-alive
Upgrade-Insecure-Requests: 1
Sec-Fetch-Dest: document
Sec-Fetch-Mode: navigate
Sec-Fetch-Site: cross-site

",0,https://www.office.com/,451,HTTP/1.1,0.4100379943847656,0.10025453567504883,0.07979583740234375,200,OK,[''],20,20,10,"{""cache-control"": ""no-store,no-cache"", ""pragma"": ""no-cache"", ""transfer-encoding"": ""chunked"", ""content-type"": ""text/html; charset=utf-8"", ""content-encoding"": ""gzip"", ""vary"": ""Accept-Encoding"", ""set-cookie"": ""MUID=3FC208925E8461B5077D1B275F0F606A; path=/; secure; expires=Mon, 18-Nov-2024 12:34:31 GMT; domain=office.com"", ""request-context"": ""appId="", ""strict-transport-security"": ""max-age=31536000; includeSubDomains"", ""referrer-policy"": ""strict-origin-when-cross-origin"", ""x-content-type-options"": ""nosniff"", ""x-xss-protection"": ""1; mode=block"", ""x-frame-options"": ""SAMEORIGIN"", ""x-ua-compatible"": ""IE=edge,chrome=1"", ""nel"": ""{\""report_to\"":\""NelOfficeHubUpload1\"",\""max_age\"":3600,\""failure_fraction\"":1.0,\""success_fraction\"":0.01}"", ""report-to"": ""{ \""group\"": \""csp-endpoint\"", \""max_age\"": 86400, \""endpoints\"": [{ \""url\"": \""https://csp.microsoft.com/report/Harmony-App-PROD\"" }]}"", ""content-security-policy"": ""default-src 'self';base-uri 'self';script-src 'nonce-aHVJgQ8F29T0289ld2nkwQ==' 'strict-dynamic' 'report-sample' https:;report-to csp-endpoint;upgrade-insecure-requests;style-src 'self' *.cdn.office.net *.microsoft.com res-dev.cdn.officeppe.net 'unsafe-inline' https://www.microsoft.com/;font-src 'self' data: *.cdn.office.net res-dev.cdn.officeppe.net data c.s-microsoft.com *.microsoft.com;connect-src 'self' https://browser.pipe.aria.microsoft.com https://browser.events.data.microsoft.com *.office.com *.cdn.office.net res-dev.cdn.officeppe.net https://consentreceiverfd-prod.azurefd.net data:;frame-src https://login.microsoftonline.com https://login.live.com mem.gfx.ms amcdn.msftauth.net amcdn.msauth.net;img-src * data: blob:;worker-src 'self' blob:;child-src 'self' blob:;report-uri https://csp.microsoft.com/report/Harmony-App-PROD;"", ""x-cache"": ""CONFIG_NOCACHE"", ""x-msedge-ref"": ""Ref A: 20191A49FBC04E22B2E095BD5CE33D92 Ref B: AMS231032602039 Ref C: 2023-10-25T12:34:31Z"", ""date"": ""Wed, 25 Oct 2023 12:34:31 GMT""}"
8,"GET https://www.office.com/  HTTP/1.1
Host: www.office.com
User-Agent: Mozilla/5.0 (Windows NT 10.0; rv:102.0) Gecko/20100101 Firefox/102.0
Accept: text/html,application/xhtml+xml,application/xml;q=0.9,image/avif,image/webp,*/*;q=0.8
Accept-Encoding: gzip, deflate, br
Accept-Language: en-US,en;q=0.5
DNT: 1
Connection: keep-alive
Upgrade-Insecure-Requests: 1
Sec-Fetch-Dest: document
Sec-Fetch-Mode: navigate
Sec-Fetch-Site: cross-site

",0,https://www.office.com/,451,HTTP/1.1,0.12258601188659668,0.11115121841430664,0.04219365119934082,200,OK,[''],20,20,10,"{""cache-control"": ""no-store,no-cache"", ""pragma"": ""no-cache"", ""transfer-encoding"": ""chunked"", ""content-type"": ""text/html; charset=utf-8"", ""content-encoding"": ""gzip"", ""vary"": ""Accept-Encoding"", ""set-cookie"": ""MUID=20EBBF57EB87663B2EA0ACE2EA0C67D9; path=/; secure; expires=Mon, 18-Nov-2024 12:34:42 GMT; domain=office.com"", ""request-context"": ""appId="", ""strict-transport-security"": ""max-age=31536000; includeSubDomains"", ""referrer-policy"": ""strict-origin-when-cross-origin"", ""x-content-type-options"": ""nosniff"", ""x-xss-protection"": ""1; mode=block"", ""x-frame-options"": ""SAMEORIGIN"", ""x-ua-compatible"": ""IE=edge,chrome=1"", ""nel"": ""{\""report_to\"":\""NelOfficeHubUpload1\"",\""max_age\"":3600,\""failure_fraction\"":1.0,\""success_fraction\"":0.01}"", ""report-to"": ""{ \""group\"": \""csp-endpoint\"", \""max_age\"": 86400, \""endpoints\"": [{ \""url\"": \""https://csp.microsoft.com/report/Harmony-App-PROD\"" }]}"", ""content-security-policy"": ""default-src 'self';base-uri 'self';script-src 'nonce-sqMKie7Xq7G1btl5l2yqoA==' 'strict-dynamic' 'report-sample' https:;report-to csp-endpoint;upgrade-insecure-requests;style-src 'self' *.cdn.office.net *.microsoft.com res-dev.cdn.officeppe.net 'unsafe-inline' https://www.microsoft.com/;font-src 'self' data: *.cdn.office.net res-dev.cdn.officeppe.net data c.s-microsoft.com *.microsoft.com;connect-src 'self' https://browser.pipe.aria.microsoft.com https://browser.events.data.microsoft.com *.office.com *.cdn.office.net res-dev.cdn.officeppe.net https://consentreceiverfd-prod.azurefd.net data:;frame-src https://login.microsoftonline.com https://login.live.com mem.gfx.ms amcdn.msftauth.net amcdn.msauth.net;img-src * data: blob:;worker-src 'self' blob:;child-src 'self' blob:;report-uri https://csp.microsoft.com/report/Harmony-App-PROD;"", ""x-cache"": ""CONFIG_NOCACHE"", ""x-msedge-ref"": ""Ref A: AEF65BDE576C4A1FBB4FB95A94570685 Ref B: AMS231032603051 Ref C: 2023-10-25T12:34:42Z"", ""date"": ""Wed, 25 Oct 2023 12:34:41 GMT""}"
9,"GET https://www.office.com/  HTTP/1.1
Host: www.office.com
User-Agent: Mozilla/5.0 (Windows NT 10.0; rv:102.0) Gecko/20100101 Firefox/102.0
Accept: text/html,application/xhtml+xml,application/xml;q=0.9,image/avif,image/webp,*/*;q=0.8
Accept-Encoding: gzip, deflate, br
Accept-Language: en-US,en;q=0.5
DNT: 1
Connection: keep-alive
Upgrade-Insecure-Requests: 1
Sec-Fetch-Dest: document
Sec-Fetch-Mode: navigate
Sec-Fetch-Site: cross-site

",0,https://www.office.com/,451,HTTP/1.1,0.12832951545715332,0.11091160774230957,0.03877139091491699,200,OK,[''],20,20,10,"{""cache-control"": ""no-store,no-cache"", ""pragma"": ""no-cache"", ""transfer-encoding"": ""chunked"", ""content-type"": ""text/html; charset=utf-8"", ""content-encoding"": ""gzip"", ""vary"": ""Accept-Encoding"", ""set-cookie"": ""MUID=23948EEEC16162C302FF9D5BC0B9636B; path=/; secure; expires=Mon, 18-Nov-2024 12:34:52 GMT; domain=office.com"", ""request-context"": ""appId="", ""strict-transport-security"": ""max-age=31536000; includeSubDomains"", ""referrer-policy"": ""strict-origin-when-cross-origin"", ""x-content-type-options"": ""nosniff"", ""x-xss-protection"": ""1; mode=block"", ""x-frame-options"": ""SAMEORIGIN"", ""x-ua-compatible"": ""IE=edge,chrome=1"", ""nel"": ""{\""report_to\"":\""NelOfficeHubUpload1\"",\""max_age\"":3600,\""failure_fraction\"":1.0,\""success_fraction\"":0.01}"", ""report-to"": ""{ \""group\"": \""csp-endpoint\"", \""max_age\"": 86400, \""endpoints\"": [{ \""url\"": \""https://csp.microsoft.com/report/Harmony-App-PROD\"" }]}"", ""content-security-policy"": ""default-src 'self';base-uri 'self';script-src 'nonce-uJNoNcZnV9YnDJ8feqyxTw==' 'strict-dynamic' 'report-sample' https:;report-to csp-endpoint;upgrade-insecure-requests;style-src 'self' *.cdn.office.net *.microsoft.com res-dev.cdn.officeppe.net 'unsafe-inline' https://www.microsoft.com/;font-src 'self' data: *.cdn.office.net res-dev.cdn.officeppe.net data c.s-microsoft.com *.microsoft.com;connect-src 'self' https://browser.pipe.aria.microsoft.com https://browser.events.data.microsoft.com *.office.com *.cdn.office.net res-dev.cdn.officeppe.net https://consentreceiverfd-prod.azurefd.net data:;frame-src https://login.microsoftonline.com https://login.live.com mem.gfx.ms amcdn.msftauth.net amcdn.msauth.net;img-src * data: blob:;worker-src 'self' blob:;child-src 'self' blob:;report-uri https://csp.microsoft.com/report/Harmony-App-PROD;"", ""x-cache"": ""CONFIG_NOCACHE"", ""x-msedge-ref"": ""Ref A: 12CC123D664C4EA8AE3102AC68CA9200 Ref B: AMS231032605029 Ref C: 2023-10-25T12:34:52Z"", ""date"": ""Wed, 25 Oct 2023 12:34:52 GMT""}"
