[
    {
        "number": 0,
        "request": "GET https://www.office.com/  HTTP/1.1\r\nHost: www.office.com\r\nUser-Agent: Mozilla/5.0 (Windows NT 10.0; rv:102.0) Gecko/20100101 Firefox/102.0\r\nAccept: text/html,application/xhtml+xml,application/xml;q=0.9,image/avif,image/webp,*/*;q=0.8\r\nAccept-Encoding: gzip, deflate, br\r\nAccept-Language: en-US,en;q=0.5\r\nDNT: 1\r\nConnection: keep-alive\r\nUpgrade-Insecure-Requests: 1\r\nSec-Fetch-Dest: document\r\nSec-Fetch-Mode: navigate\r\nSec-Fetch-Site: cross-site\r\n\r\n",
        "deviation_count": 0,
        "uri": "https://www.office.com/",
        "request_length": 451,
        "Response_Time": 0.05331850051879883,
        "status_code": 200,
        "reason_phrase": "OK",
        "error_message": [
            ""
        ],
        "response_header_count": 20,
        "response_header_length": 20,
        "response_body_length": 10,
        "response_header_fields": {
            "cache-control": "no-store,no-cache",
            "pragma": "no-cache",
            "transfer-encoding": "chunked",
            "content-type": "text/html; charset=utf-8",
            "content-encoding": "gzip",
            "vary": "Accept-Encoding",
            "set-cookie": "MUID=1C45EAC2CD73662D186FF977CCAB679D; path=/; secure; expires=Mon, 18-Nov-2024 12:33:14 GMT; domain=office.com",
            "request-context": "appId=",
            "strict-transport-security": "max-age=31536000; includeSubDomains",
            "referrer-policy": "strict-origin-when-cross-origin",
            "x-content-type-options": "nosniff",
            "x-xss-protection": "1; mode=block",
            "x-frame-options": "SAMEORIGIN",
            "x-ua-compatible": "IE=edge,chrome=1",
            "nel": "{\"report_to\":\"NelOfficeHubUpload1\",\"max_age\":3600,\"failure_fraction\":1.0,\"success_fraction\":0.01}",
            "report-to": "{ \"group\": \"csp-endpoint\", \"max_age\": 86400, \"endpoints\": [{ \"url\": \"https://csp.microsoft.com/report/Harmony-App-PROD\" }]}",
            "content-security-policy": "default-src 'self';base-uri 'self';script-src 'nonce-r5l3eMyWEMk8R/1436x6eQ==' 'strict-dynamic' 'report-sample' https:;report-to csp-endpoint;upgrade-insecure-requests;style-src 'self' *.cdn.office.net *.microsoft.com res-dev.cdn.officeppe.net 'unsafe-inline' https://www.microsoft.com/;font-src 'self' data: *.cdn.office.net res-dev.cdn.officeppe.net data c.s-microsoft.com *.microsoft.com;connect-src 'self' https://browser.pipe.aria.microsoft.com https://browser.events.data.microsoft.com *.office.com *.cdn.office.net res-dev.cdn.officeppe.net https://consentreceiverfd-prod.azurefd.net data:;frame-src https://login.microsoftonline.com https://login.live.com mem.gfx.ms amcdn.msftauth.net amcdn.msauth.net;img-src * data: blob:;worker-src 'self' blob:;child-src 'self' blob:;report-uri https://csp.microsoft.com/report/Harmony-App-PROD;",
            "x-cache": "CONFIG_NOCACHE",
            "x-msedge-ref": "Ref A: B6DEDC7857084BF0AF946130C0435A1B Ref B: AMS231032604039 Ref C: 2023-10-25T12:33:14Z",
            "date": "Wed, 25 Oct 2023 12:33:14 GMT"
        }
    },
    {
        "number": 1,
        "request": "GET https://www.office.com/  HTTP/1.1\r\nHost: www.office.com\r\nUser-Agent: Mozilla/5.0 (Windows NT 10.0; rv:102.0) Gecko/20100101 Firefox/102.0\r\nAccept: text/html,application/xhtml+xml,application/xml;q=0.9,image/avif,image/webp,*/*;q=0.8\r\nAccept-Encoding: gzip, deflate, br\r\nAccept-Language: en-US,en;q=0.5\r\nDNT: 1\r\nConnection: keep-alive\r\nUpgrade-Insecure-Requests: 1\r\nSec-Fetch-Dest: document\r\nSec-Fetch-Mode: navigate\r\nSec-Fetch-Site: cross-site\r\n\r\n",
        "deviation_count": 0,
        "uri": "https://www.office.com/",
        "request_length": 451,
        "Response_Time": 0.05037045478820801,
        "status_code": 200,
        "reason_phrase": "OK",
        "error_message": [
            ""
        ],
        "response_header_count": 20,
        "response_header_length": 20,
        "response_body_length": 10,
        "response_header_fields": {
            "cache-control": "no-store,no-cache",
            "pragma": "no-cache",
            "transfer-encoding": "chunked",
            "content-type": "text/html; charset=utf-8",
            "content-encoding": "gzip",
            "vary": "Accept-Encoding",
            "set-cookie": "MUID=06F886C3055A61862058957604D1602E; path=/; secure; expires=Mon, 18-Nov-2024 12:33:25 GMT; domain=office.com",
            "request-context": "appId=",
            "strict-transport-security": "max-age=31536000; includeSubDomains",
            "referrer-policy": "strict-origin-when-cross-origin",
            "x-content-type-options": "nosniff",
            "x-xss-protection": "1; mode=block",
            "x-frame-options": "SAMEORIGIN",
            "x-ua-compatible": "IE=edge,chrome=1",
            "nel": "{\"report_to\":\"NelOfficeHubUpload1\",\"max_age\":3600,\"failure_fraction\":1.0,\"success_fraction\":0.01}",
            "report-to": "{ \"group\": \"csp-endpoint\", \"max_age\": 86400, \"endpoints\": [{ \"url\": \"https://csp.microsoft.com/report/Harmony-App-PROD\" }]}",
            "content-security-policy": "default-src 'self';base-uri 'self';script-src 'nonce-0OUy574Hopdgb9tTfeX/Fg==' 'strict-dynamic' 'report-sample' https:;report-to csp-endpoint;upgrade-insecure-requests;style-src 'self' *.cdn.office.net *.microsoft.com res-dev.cdn.officeppe.net 'unsafe-inline' https://www.microsoft.com/;font-src 'self' data: *.cdn.office.net res-dev.cdn.officeppe.net data c.s-microsoft.com *.microsoft.com;connect-src 'self' https://browser.pipe.aria.microsoft.com https://browser.events.data.microsoft.com *.office.com *.cdn.office.net res-dev.cdn.officeppe.net https://consentreceiverfd-prod.azurefd.net data:;frame-src https://login.microsoftonline.com https://login.live.com mem.gfx.ms amcdn.msftauth.net amcdn.msauth.net;img-src * data: blob:;worker-src 'self' blob:;child-src 'self' blob:;report-uri https://csp.microsoft.com/report/Harmony-App-PROD;",
            "x-cache": "CONFIG_NOCACHE",
            "x-msedge-ref": "Ref A: 331EF1D9D4BB44CD84D14B50687AB625 Ref B: AMS231032601031 Ref C: 2023-10-25T12:33:25Z",
            "date": "Wed, 25 Oct 2023 12:33:24 GMT"
        }
    },
    {
        "number": 2,
        "request": "GET https://www.office.com/  HTTP/1.1\r\nHost: www.office.com\r\nUser-Agent: Mozilla/5.0 (Windows NT 10.0; rv:102.0) Gecko/20100101 Firefox/102.0\r\nAccept: text/html,application/xhtml+xml,application/xml;q=0.9,image/avif,image/webp,*/*;q=0.8\r\nAccept-Encoding: gzip, deflate, br\r\nAccept-Language: en-US,en;q=0.5\r\nDNT: 1\r\nConnection: keep-alive\r\nUpgrade-Insecure-Requests: 1\r\nSec-Fetch-Dest: document\r\nSec-Fetch-Mode: navigate\r\nSec-Fetch-Site: cross-site\r\n\r\n",
        "deviation_count": 0,
        "uri": "https://www.office.com/",
        "request_length": 451,
        "Response_Time": 0.0314178466796875,
        "status_code": 200,
        "reason_phrase": "OK",
        "error_message": [
            ""
        ],
        "response_header_count": 20,
        "response_header_length": 20,
        "response_body_length": 10,
        "response_header_fields": {
            "cache-control": "no-store,no-cache",
            "pragma": "no-cache",
            "transfer-encoding": "chunked",
            "content-type": "text/html; charset=utf-8",
            "content-encoding": "gzip",
            "vary": "Accept-Encoding",
            "set-cookie": "MUID=178542871DC66DBD372E51321C1E6C62; path=/; secure; expires=Mon, 18-Nov-2024 12:33:36 GMT; domain=office.com",
            "request-context": "appId=",
            "strict-transport-security": "max-age=31536000; includeSubDomains",
            "referrer-policy": "strict-origin-when-cross-origin",
            "x-content-type-options": "nosniff",
            "x-xss-protection": "1; mode=block",
            "x-frame-options": "SAMEORIGIN",
            "x-ua-compatible": "IE=edge,chrome=1",
            "nel": "{\"report_to\":\"NelOfficeHubUpload1\",\"max_age\":3600,\"failure_fraction\":1.0,\"success_fraction\":0.01}",
            "report-to": "{ \"group\": \"csp-endpoint\", \"max_age\": 86400, \"endpoints\": [{ \"url\": \"https://csp.microsoft.com/report/Harmony-App-PROD\" }]}",
            "content-security-policy": "default-src 'self';base-uri 'self';script-src 'nonce-ljwsPFI4oDQfiqg/YmZMjw==' 'strict-dynamic' 'report-sample' https:;report-to csp-endpoint;upgrade-insecure-requests;style-src 'self' *.cdn.office.net *.microsoft.com res-dev.cdn.officeppe.net 'unsafe-inline' https://www.microsoft.com/;font-src 'self' data: *.cdn.office.net res-dev.cdn.officeppe.net data c.s-microsoft.com *.microsoft.com;connect-src 'self' https://browser.pipe.aria.microsoft.com https://browser.events.data.microsoft.com *.office.com *.cdn.office.net res-dev.cdn.officeppe.net https://consentreceiverfd-prod.azurefd.net data:;frame-src https://login.microsoftonline.com https://login.live.com mem.gfx.ms amcdn.msftauth.net amcdn.msauth.net;img-src * data: blob:;worker-src 'self' blob:;child-src 'self' blob:;report-uri https://csp.microsoft.com/report/Harmony-App-PROD;",
            "x-cache": "CONFIG_NOCACHE",
            "x-msedge-ref": "Ref A: 2AA8D1B1E97E49789234594B1C96481A Ref B: AMS231032606011 Ref C: 2023-10-25T12:33:36Z",
            "date": "Wed, 25 Oct 2023 12:33:35 GMT"
        }
    },
    {
        "number": 3,
        "request": "GET https://www.office.com/  HTTP/1.1\r\nHost: www.office.com\r\nUser-Agent: Mozilla/5.0 (Windows NT 10.0; rv:102.0) Gecko/20100101 Firefox/102.0\r\nAccept: text/html,application/xhtml+xml,application/xml;q=0.9,image/avif,image/webp,*/*;q=0.8\r\nAccept-Encoding: gzip, deflate, br\r\nAccept-Language: en-US,en;q=0.5\r\nDNT: 1\r\nConnection: keep-alive\r\nUpgrade-Insecure-Requests: 1\r\nSec-Fetch-Dest: document\r\nSec-Fetch-Mode: navigate\r\nSec-Fetch-Site: cross-site\r\n\r\n",
        "deviation_count": 0,
        "uri": "https://www.office.com/",
        "request_length": 451,
        "Response_Time": 0.041641950607299805,
        "status_code": 200,
        "reason_phrase": "OK",
        "error_message": [
            ""
        ],
        "response_header_count": 20,
        "response_header_length": 20,
        "response_body_length": 10,
        "response_header_fields": {
            "cache-control": "no-store,no-cache",
            "pragma": "no-cache",
            "transfer-encoding": "chunked",
            "content-type": "text/html; charset=utf-8",
            "content-encoding": "gzip",
            "vary": "Accept-Encoding",
            "set-cookie": "MUID=14665D77CB1A6026302C4EC2CAC261EF; path=/; secure; expires=Mon, 18-Nov-2024 12:33:47 GMT; domain=office.com",
            "request-context": "appId=",
            "strict-transport-security": "max-age=31536000; includeSubDomains",
            "referrer-policy": "strict-origin-when-cross-origin",
            "x-content-type-options": "nosniff",
            "x-xss-protection": "1; mode=block",
            "x-frame-options": "SAMEORIGIN",
            "x-ua-compatible": "IE=edge,chrome=1",
            "nel": "{\"report_to\":\"NelOfficeHubUpload1\",\"max_age\":3600,\"failure_fraction\":1.0,\"success_fraction\":0.01}",
            "report-to": "{ \"group\": \"csp-endpoint\", \"max_age\": 86400, \"endpoints\": [{ \"url\": \"https://csp.microsoft.com/report/Harmony-App-PROD\" }]}",
            "content-security-policy": "default-src 'self';base-uri 'self';script-src 'nonce-Z1kf42qaLsFEYxh3b98MZg==' 'strict-dynamic' 'report-sample' https:;report-to csp-endpoint;upgrade-insecure-requests;style-src 'self' *.cdn.office.net *.microsoft.com res-dev.cdn.officeppe.net 'unsafe-inline' https://www.microsoft.com/;font-src 'self' data: *.cdn.office.net res-dev.cdn.officeppe.net data c.s-microsoft.com *.microsoft.com;connect-src 'self' https://browser.pipe.aria.microsoft.com https://browser.events.data.microsoft.com *.office.com *.cdn.office.net res-dev.cdn.officeppe.net https://consentreceiverfd-prod.azurefd.net data:;frame-src https://login.microsoftonline.com https://login.live.com mem.gfx.ms amcdn.msftauth.net amcdn.msauth.net;img-src * data: blob:;worker-src 'self' blob:;child-src 'self' blob:;report-uri https://csp.microsoft.com/report/Harmony-App-PROD;",
            "x-cache": "CONFIG_NOCACHE",
            "x-msedge-ref": "Ref A: FA5FDB859EC84B18A437630B54C5855D Ref B: AMS231032606029 Ref C: 2023-10-25T12:33:47Z",
            "date": "Wed, 25 Oct 2023 12:33:47 GMT"
        }
    },
    {
        "number": 4,
        "request": "GET https://www.office.com/  HTTP/1.1\r\nHost: www.office.com\r\nUser-Agent: Mozilla/5.0 (Windows NT 10.0; rv:102.0) Gecko/20100101 Firefox/102.0\r\nAccept: text/html,application/xhtml+xml,application/xml;q=0.9,image/avif,image/webp,*/*;q=0.8\r\nAccept-Encoding: gzip, deflate, br\r\nAccept-Language: en-US,en;q=0.5\r\nDNT: 1\r\nConnection: keep-alive\r\nUpgrade-Insecure-Requests: 1\r\nSec-Fetch-Dest: document\r\nSec-Fetch-Mode: navigate\r\nSec-Fetch-Site: cross-site\r\n\r\n",
        "deviation_count": 0,
        "uri": "https://www.office.com/",
        "request_length": 451,
        "Response_Time": 0.03975534439086914,
        "status_code": 200,
        "reason_phrase": "OK",
        "error_message": [
            ""
        ],
        "response_header_count": 20,
        "response_header_length": 20,
        "response_body_length": 10,
        "response_header_fields": {
            "cache-control": "no-store,no-cache",
            "pragma": "no-cache",
            "transfer-encoding": "chunked",
            "content-type": "text/html; charset=utf-8",
            "content-encoding": "gzip",
            "vary": "Accept-Encoding",
            "set-cookie": "MUID=28A963FD3CC1699A225D70483D4A681E; path=/; secure; expires=Mon, 18-Nov-2024 12:33:58 GMT; domain=office.com",
            "request-context": "appId=",
            "strict-transport-security": "max-age=31536000; includeSubDomains",
            "referrer-policy": "strict-origin-when-cross-origin",
            "x-content-type-options": "nosniff",
            "x-xss-protection": "1; mode=block",
            "x-frame-options": "SAMEORIGIN",
            "x-ua-compatible": "IE=edge,chrome=1",
            "nel": "{\"report_to\":\"NelOfficeHubUpload1\",\"max_age\":3600,\"failure_fraction\":1.0,\"success_fraction\":0.01}",
            "report-to": "{ \"group\": \"csp-endpoint\", \"max_age\": 86400, \"endpoints\": [{ \"url\": \"https://csp.microsoft.com/report/Harmony-App-PROD\" }]}",
            "content-security-policy": "default-src 'self';base-uri 'self';script-src 'nonce-KtrISmXSQMrs9NagDLsxAg==' 'strict-dynamic' 'report-sample' https:;report-to csp-endpoint;upgrade-insecure-requests;style-src 'self' *.cdn.office.net *.microsoft.com res-dev.cdn.officeppe.net 'unsafe-inline' https://www.microsoft.com/;font-src 'self' data: *.cdn.office.net res-dev.cdn.officeppe.net data c.s-microsoft.com *.microsoft.com;connect-src 'self' https://browser.pipe.aria.microsoft.com https://browser.events.data.microsoft.com *.office.com *.cdn.office.net res-dev.cdn.officeppe.net https://consentreceiverfd-prod.azurefd.net data:;frame-src https://login.microsoftonline.com https://login.live.com mem.gfx.ms amcdn.msftauth.net amcdn.msauth.net;img-src * data: blob:;worker-src 'self' blob:;child-src 'self' blob:;report-uri https://csp.microsoft.com/report/Harmony-App-PROD;",
            "x-cache": "CONFIG_NOCACHE",
            "x-msedge-ref": "Ref A: 3B360325CA9546BCAD03EC277735CDEE Ref B: AMS231032603049 Ref C: 2023-10-25T12:33:58Z",
            "date": "Wed, 25 Oct 2023 12:33:57 GMT"
        }
    },
    {
        "number": 5,
        "request": "GET https://www.office.com/  HTTP/1.1\r\nHost: www.office.com\r\nUser-Agent: Mozilla/5.0 (Windows NT 10.0; rv:102.0) Gecko/20100101 Firefox/102.0\r\nAccept: text/html,application/xhtml+xml,application/xml;q=0.9,image/avif,image/webp,*/*;q=0.8\r\nAccept-Encoding: gzip, deflate, br\r\nAccept-Language: en-US,en;q=0.5\r\nDNT: 1\r\nConnection: keep-alive\r\nUpgrade-Insecure-Requests: 1\r\nSec-Fetch-Dest: document\r\nSec-Fetch-Mode: navigate\r\nSec-Fetch-Site: cross-site\r\n\r\n",
        "deviation_count": 0,
        "uri": "https://www.office.com/",
        "request_length": 451,
        "Response_Time": 0.06720781326293945,
        "status_code": 200,
        "reason_phrase": "OK",
        "error_message": [
            ""
        ],
        "response_header_count": 20,
        "response_header_length": 20,
        "response_body_length": 10,
        "response_header_fields": {
            "cache-control": "no-store,no-cache",
            "pragma": "no-cache",
            "transfer-encoding": "chunked",
            "content-type": "text/html; charset=utf-8",
            "content-encoding": "gzip",
            "vary": "Accept-Encoding",
            "set-cookie": "MUID=024432CB015260801723217E00D961C7; path=/; secure; expires=Mon, 18-Nov-2024 12:34:09 GMT; domain=office.com",
            "request-context": "appId=",
            "strict-transport-security": "max-age=31536000; includeSubDomains",
            "referrer-policy": "strict-origin-when-cross-origin",
            "x-content-type-options": "nosniff",
            "x-xss-protection": "1; mode=block",
            "x-frame-options": "SAMEORIGIN",
            "x-ua-compatible": "IE=edge,chrome=1",
            "nel": "{\"report_to\":\"NelOfficeHubUpload1\",\"max_age\":3600,\"failure_fraction\":1.0,\"success_fraction\":0.01}",
            "report-to": "{ \"group\": \"csp-endpoint\", \"max_age\": 86400, \"endpoints\": [{ \"url\": \"https://csp.microsoft.com/report/Harmony-App-PROD\" }]}",
            "content-security-policy": "default-src 'self';base-uri 'self';script-src 'nonce-HSHK9zBF3iWBFv2jNI5ejQ==' 'strict-dynamic' 'report-sample' https:;report-to csp-endpoint;upgrade-insecure-requests;style-src 'self' *.cdn.office.net *.microsoft.com res-dev.cdn.officeppe.net 'unsafe-inline' https://www.microsoft.com/;font-src 'self' data: *.cdn.office.net res-dev.cdn.officeppe.net data c.s-microsoft.com *.microsoft.com;connect-src 'self' https://browser.pipe.aria.microsoft.com https://browser.events.data.microsoft.com *.office.com *.cdn.office.net res-dev.cdn.officeppe.net https://consentreceiverfd-prod.azurefd.net data:;frame-src https://login.microsoftonline.com https://login.live.com mem.gfx.ms amcdn.msftauth.net amcdn.msauth.net;img-src * data: blob:;worker-src 'self' blob:;child-src 'self' blob:;report-uri https://csp.microsoft.com/report/Harmony-App-PROD;",
            "x-cache": "CONFIG_NOCACHE",
            "x-msedge-ref": "Ref A: 80C42464C8414A1CA78FCF21A0563DCB Ref B: AMS231032603021 Ref C: 2023-10-25T12:34:09Z",
            "date": "Wed, 25 Oct 2023 12:34:08 GMT"
        }
    },
    {
        "number": 6,
        "request": "GET https://www.office.com/  HTTP/1.1\r\nHost: www.office.com\r\nUser-Agent: Mozilla/5.0 (Windows NT 10.0; rv:102.0) Gecko/20100101 Firefox/102.0\r\nAccept: text/html,application/xhtml+xml,application/xml;q=0.9,image/avif,image/webp,*/*;q=0.8\r\nAccept-Encoding: gzip, deflate, br\r\nAccept-Language: en-US,en;q=0.5\r\nDNT: 1\r\nConnection: keep-alive\r\nUpgrade-Insecure-Requests: 1\r\nSec-Fetch-Dest: document\r\nSec-Fetch-Mode: navigate\r\nSec-Fetch-Site: cross-site\r\n\r\n",
        "deviation_count": 0,
        "uri": "https://www.office.com/",
        "request_length": 451,
        "Response_Time": 0.04161691665649414,
        "status_code": 200,
        "reason_phrase": "OK",
        "error_message": [
            ""
        ],
        "response_header_count": 20,
        "response_header_length": 20,
        "response_body_length": 10,
        "response_header_fields": {
            "cache-control": "no-store,no-cache",
            "pragma": "no-cache",
            "transfer-encoding": "chunked",
            "content-type": "text/html; charset=utf-8",
            "content-encoding": "gzip",
            "vary": "Accept-Encoding",
            "set-cookie": "MUID=18CF57A1EA6969812BB04414EBB168F1; path=/; secure; expires=Mon, 18-Nov-2024 12:34:20 GMT; domain=office.com",
            "request-context": "appId=",
            "strict-transport-security": "max-age=31536000; includeSubDomains",
            "referrer-policy": "strict-origin-when-cross-origin",
            "x-content-type-options": "nosniff",
            "x-xss-protection": "1; mode=block",
            "x-frame-options": "SAMEORIGIN",
            "x-ua-compatible": "IE=edge,chrome=1",
            "nel": "{\"report_to\":\"NelOfficeHubUpload1\",\"max_age\":3600,\"failure_fraction\":1.0,\"success_fraction\":0.01}",
            "report-to": "{ \"group\": \"csp-endpoint\", \"max_age\": 86400, \"endpoints\": [{ \"url\": \"https://csp.microsoft.com/report/Harmony-App-PROD\" }]}",
            "content-security-policy": "default-src 'self';base-uri 'self';script-src 'nonce-X+ajv8SipPDxwg7v+vjKTg==' 'strict-dynamic' 'report-sample' https:;report-to csp-endpoint;upgrade-insecure-requests;style-src 'self' *.cdn.office.net *.microsoft.com res-dev.cdn.officeppe.net 'unsafe-inline' https://www.microsoft.com/;font-src 'self' data: *.cdn.office.net res-dev.cdn.officeppe.net data c.s-microsoft.com *.microsoft.com;connect-src 'self' https://browser.pipe.aria.microsoft.com https://browser.events.data.microsoft.com *.office.com *.cdn.office.net res-dev.cdn.officeppe.net https://consentreceiverfd-prod.azurefd.net data:;frame-src https://login.microsoftonline.com https://login.live.com mem.gfx.ms amcdn.msftauth.net amcdn.msauth.net;img-src * data: blob:;worker-src 'self' blob:;child-src 'self' blob:;report-uri https://csp.microsoft.com/report/Harmony-App-PROD;",
            "x-cache": "CONFIG_NOCACHE",
            "x-msedge-ref": "Ref A: 675F9A32B59A443B950D90C4D38E61EB Ref B: AMS231032605051 Ref C: 2023-10-25T12:34:20Z",
            "date": "Wed, 25 Oct 2023 12:34:20 GMT"
        }
    },
    {
        "number": 7,
        "request": "GET https://www.office.com/  HTTP/1.1\r\nHost: www.office.com\r\nUser-Agent: Mozilla/5.0 (Windows NT 10.0; rv:102.0) Gecko/20100101 Firefox/102.0\r\nAccept: text/html,application/xhtml+xml,application/xml;q=0.9,image/avif,image/webp,*/*;q=0.8\r\nAccept-Encoding: gzip, deflate, br\r\nAccept-Language: en-US,en;q=0.5\r\nDNT: 1\r\nConnection: keep-alive\r\nUpgrade-Insecure-Requests: 1\r\nSec-Fetch-Dest: document\r\nSec-Fetch-Mode: navigate\r\nSec-Fetch-Site: cross-site\r\n\r\n",
        "deviation_count": 0,
        "uri": "https://www.office.com/",
        "request_length": 451,
        "Response_Time": 0.07979583740234375,
        "status_code": 200,
        "reason_phrase": "OK",
        "error_message": [
            ""
        ],
        "response_header_count": 20,
        "response_header_length": 20,
        "response_body_length": 10,
        "response_header_fields": {
            "cache-control": "no-store,no-cache",
            "pragma": "no-cache",
            "transfer-encoding": "chunked",
            "content-type": "text/html; charset=utf-8",
            "content-encoding": "gzip",
            "vary": "Accept-Encoding",
            "set-cookie": "MUID=3FC208925E8461B5077D1B275F0F606A; path=/; secure; expires=Mon, 18-Nov-2024 12:34:31 GMT; domain=office.com",
            "request-context": "appId=",
            "strict-transport-security": "max-age=31536000; includeSubDomains",
            "referrer-policy": "strict-origin-when-cross-origin",
            "x-content-type-options": "nosniff",
            "x-xss-protection": "1; mode=block",
            "x-frame-options": "SAMEORIGIN",
            "x-ua-compatible": "IE=edge,chrome=1",
            "nel": "{\"report_to\":\"NelOfficeHubUpload1\",\"max_age\":3600,\"failure_fraction\":1.0,\"success_fraction\":0.01}",
            "report-to": "{ \"group\": \"csp-endpoint\", \"max_age\": 86400, \"endpoints\": [{ \"url\": \"https://csp.microsoft.com/report/Harmony-App-PROD\" }]}",
            "content-security-policy": "default-src 'self';base-uri 'self';script-src 'nonce-aHVJgQ8F29T0289ld2nkwQ==' 'strict-dynamic' 'report-sample' https:;report-to csp-endpoint;upgrade-insecure-requests;style-src 'self' *.cdn.office.net *.microsoft.com res-dev.cdn.officeppe.net 'unsafe-inline' https://www.microsoft.com/;font-src 'self' data: *.cdn.office.net res-dev.cdn.officeppe.net data c.s-microsoft.com *.microsoft.com;connect-src 'self' https://browser.pipe.aria.microsoft.com https://browser.events.data.microsoft.com *.office.com *.cdn.office.net res-dev.cdn.officeppe.net https://consentreceiverfd-prod.azurefd.net data:;frame-src https://login.microsoftonline.com https://login.live.com mem.gfx.ms amcdn.msftauth.net amcdn.msauth.net;img-src * data: blob:;worker-src 'self' blob:;child-src 'self' blob:;report-uri https://csp.microsoft.com/report/Harmony-App-PROD;",
            "x-cache": "CONFIG_NOCACHE",
            "x-msedge-ref": "Ref A: 20191A49FBC04E22B2E095BD5CE33D92 Ref B: AMS231032602039 Ref C: 2023-10-25T12:34:31Z",
            "date": "Wed, 25 Oct 2023 12:34:31 GMT"
        }
    },
    {
        "number": 8,
        "request": "GET https://www.office.com/  HTTP/1.1\r\nHost: www.office.com\r\nUser-Agent: Mozilla/5.0 (Windows NT 10.0; rv:102.0) Gecko/20100101 Firefox/102.0\r\nAccept: text/html,application/xhtml+xml,application/xml;q=0.9,image/avif,image/webp,*/*;q=0.8\r\nAccept-Encoding: gzip, deflate, br\r\nAccept-Language: en-US,en;q=0.5\r\nDNT: 1\r\nConnection: keep-alive\r\nUpgrade-Insecure-Requests: 1\r\nSec-Fetch-Dest: document\r\nSec-Fetch-Mode: navigate\r\nSec-Fetch-Site: cross-site\r\n\r\n",
        "deviation_count": 0,
        "uri": "https://www.office.com/",
        "request_length": 451,
        "Response_Time": 0.04219365119934082,
        "status_code": 200,
        "reason_phrase": "OK",
        "error_message": [
            ""
        ],
        "response_header_count": 20,
        "response_header_length": 20,
        "response_body_length": 10,
        "response_header_fields": {
            "cache-control": "no-store,no-cache",
            "pragma": "no-cache",
            "transfer-encoding": "chunked",
            "content-type": "text/html; charset=utf-8",
            "content-encoding": "gzip",
            "vary": "Accept-Encoding",
            "set-cookie": "MUID=20EBBF57EB87663B2EA0ACE2EA0C67D9; path=/; secure; expires=Mon, 18-Nov-2024 12:34:42 GMT; domain=office.com",
            "request-context": "appId=",
            "strict-transport-security": "max-age=31536000; includeSubDomains",
            "referrer-policy": "strict-origin-when-cross-origin",
            "x-content-type-options": "nosniff",
            "x-xss-protection": "1; mode=block",
            "x-frame-options": "SAMEORIGIN",
            "x-ua-compatible": "IE=edge,chrome=1",
            "nel": "{\"report_to\":\"NelOfficeHubUpload1\",\"max_age\":3600,\"failure_fraction\":1.0,\"success_fraction\":0.01}",
            "report-to": "{ \"group\": \"csp-endpoint\", \"max_age\": 86400, \"endpoints\": [{ \"url\": \"https://csp.microsoft.com/report/Harmony-App-PROD\" }]}",
            "content-security-policy": "default-src 'self';base-uri 'self';script-src 'nonce-sqMKie7Xq7G1btl5l2yqoA==' 'strict-dynamic' 'report-sample' https:;report-to csp-endpoint;upgrade-insecure-requests;style-src 'self' *.cdn.office.net *.microsoft.com res-dev.cdn.officeppe.net 'unsafe-inline' https://www.microsoft.com/;font-src 'self' data: *.cdn.office.net res-dev.cdn.officeppe.net data c.s-microsoft.com *.microsoft.com;connect-src 'self' https://browser.pipe.aria.microsoft.com https://browser.events.data.microsoft.com *.office.com *.cdn.office.net res-dev.cdn.officeppe.net https://consentreceiverfd-prod.azurefd.net data:;frame-src https://login.microsoftonline.com https://login.live.com mem.gfx.ms amcdn.msftauth.net amcdn.msauth.net;img-src * data: blob:;worker-src 'self' blob:;child-src 'self' blob:;report-uri https://csp.microsoft.com/report/Harmony-App-PROD;",
            "x-cache": "CONFIG_NOCACHE",
            "x-msedge-ref": "Ref A: AEF65BDE576C4A1FBB4FB95A94570685 Ref B: AMS231032603051 Ref C: 2023-10-25T12:34:42Z",
            "date": "Wed, 25 Oct 2023 12:34:41 GMT"
        }
    },
    {
        "number": 9,
        "request": "GET https://www.office.com/  HTTP/1.1\r\nHost: www.office.com\r\nUser-Agent: Mozilla/5.0 (Windows NT 10.0; rv:102.0) Gecko/20100101 Firefox/102.0\r\nAccept: text/html,application/xhtml+xml,application/xml;q=0.9,image/avif,image/webp,*/*;q=0.8\r\nAccept-Encoding: gzip, deflate, br\r\nAccept-Language: en-US,en;q=0.5\r\nDNT: 1\r\nConnection: keep-alive\r\nUpgrade-Insecure-Requests: 1\r\nSec-Fetch-Dest: document\r\nSec-Fetch-Mode: navigate\r\nSec-Fetch-Site: cross-site\r\n\r\n",
        "deviation_count": 0,
        "uri": "https://www.office.com/",
        "request_length": 451,
        "Response_Time": 0.03877139091491699,
        "status_code": 200,
        "reason_phrase": "OK",
        "error_message": [
            ""
        ],
        "response_header_count": 20,
        "response_header_length": 20,
        "response_body_length": 10,
        "response_header_fields": {
            "cache-control": "no-store,no-cache",
            "pragma": "no-cache",
            "transfer-encoding": "chunked",
            "content-type": "text/html; charset=utf-8",
            "content-encoding": "gzip",
            "vary": "Accept-Encoding",
            "set-cookie": "MUID=23948EEEC16162C302FF9D5BC0B9636B; path=/; secure; expires=Mon, 18-Nov-2024 12:34:52 GMT; domain=office.com",
            "request-context": "appId=",
            "strict-transport-security": "max-age=31536000; includeSubDomains",
            "referrer-policy": "strict-origin-when-cross-origin",
            "x-content-type-options": "nosniff",
            "x-xss-protection": "1; mode=block",
            "x-frame-options": "SAMEORIGIN",
            "x-ua-compatible": "IE=edge,chrome=1",
            "nel": "{\"report_to\":\"NelOfficeHubUpload1\",\"max_age\":3600,\"failure_fraction\":1.0,\"success_fraction\":0.01}",
            "report-to": "{ \"group\": \"csp-endpoint\", \"max_age\": 86400, \"endpoints\": [{ \"url\": \"https://csp.microsoft.com/report/Harmony-App-PROD\" }]}",
            "content-security-policy": "default-src 'self';base-uri 'self';script-src 'nonce-uJNoNcZnV9YnDJ8feqyxTw==' 'strict-dynamic' 'report-sample' https:;report-to csp-endpoint;upgrade-insecure-requests;style-src 'self' *.cdn.office.net *.microsoft.com res-dev.cdn.officeppe.net 'unsafe-inline' https://www.microsoft.com/;font-src 'self' data: *.cdn.office.net res-dev.cdn.officeppe.net data c.s-microsoft.com *.microsoft.com;connect-src 'self' https://browser.pipe.aria.microsoft.com https://browser.events.data.microsoft.com *.office.com *.cdn.office.net res-dev.cdn.officeppe.net https://consentreceiverfd-prod.azurefd.net data:;frame-src https://login.microsoftonline.com https://login.live.com mem.gfx.ms amcdn.msftauth.net amcdn.msauth.net;img-src * data: blob:;worker-src 'self' blob:;child-src 'self' blob:;report-uri https://csp.microsoft.com/report/Harmony-App-PROD;",
            "x-cache": "CONFIG_NOCACHE",
            "x-msedge-ref": "Ref A: 12CC123D664C4EA8AE3102AC68CA9200 Ref B: AMS231032605029 Ref C: 2023-10-25T12:34:52Z",
            "date": "Wed, 25 Oct 2023 12:34:52 GMT"
        }
    }
]