,Attempt No.,uri,Deviation Count,Status Code,Response_Time,response_header_count,response_header_length,response_body_length,response_header_fields
0,0,https://bitly.com/,0,200,0.12252306938171387,12,12,668,"{'server': 'nginx', 'date': 'Wed, 25 Oct 2023 12:33:13 GMT', 'content-type': 'text/html; charset=utf-8', 'content-length': '66123', 'accept-ranges': 'bytes', 'cache-control': 'no-cache', 'last-modified': 'Wed, 25 Oct 2023 00:39:40 GMT', 'set-cookie': '_xsrf=8159e09f-34a3-e866-3747-55ecfc1be25d; Path=/; Domain=bitly.com; Expires=Fri, 24 Nov 2023 12:33:13 GMT; Secure', 'x-frame-options': 'DENY', 'strict-transport-security': 'max-age=31536000', 'via': '1.1 google, 1.1 google', 'alt-svc': 'h3="":443""; ma=2592000,h3-29="":443""; ma=2592000'}"
1,1,https://bitly.com/,0,200,0.14803838729858398,12,12,0,"{'server': 'nginx', 'date': 'Wed, 25 Oct 2023 12:33:24 GMT', 'content-type': 'text/html; charset=utf-8', 'content-length': '66123', 'accept-ranges': 'bytes', 'cache-control': 'no-cache', 'last-modified': 'Tue, 24 Oct 2023 23:21:54 GMT', 'set-cookie': '_xsrf=baf12ed1-bd74-f2be-20e0-493d12021566; Path=/; Domain=bitly.com; Expires=Fri, 24 Nov 2023 12:33:24 GMT; Secure', 'x-frame-options': 'DENY', 'strict-transport-security': 'max-age=31536000', 'via': '1.1 google, 1.1 google', 'alt-svc': 'h3="":443""; ma=2592000,h3-29="":443""; ma=2592000'}"
2,2,https://bitly.com/,0,200,0.18504858016967773,12,12,668,"{'server': 'nginx', 'date': 'Wed, 25 Oct 2023 12:33:34 GMT', 'content-type': 'text/html; charset=utf-8', 'content-length': '66123', 'accept-ranges': 'bytes', 'cache-control': 'no-cache', 'last-modified': 'Tue, 24 Oct 2023 23:22:05 GMT', 'set-cookie': '_xsrf=b6e0c12b-4350-8b9f-2e7f-3cddd19867b4; Path=/; Domain=bitly.com; Expires=Fri, 24 Nov 2023 12:33:34 GMT; Secure', 'x-frame-options': 'DENY', 'strict-transport-security': 'max-age=31536000', 'via': '1.1 google, 1.1 google', 'alt-svc': 'h3="":443""; ma=2592000,h3-29="":443""; ma=2592000'}"
3,3,https://bitly.com/,0,200,0.17334914207458496,12,12,668,"{'server': 'nginx', 'date': 'Wed, 25 Oct 2023 12:33:46 GMT', 'content-type': 'text/html; charset=utf-8', 'content-length': '66123', 'accept-ranges': 'bytes', 'cache-control': 'no-cache', 'last-modified': 'Tue, 24 Oct 2023 23:22:05 GMT', 'set-cookie': '_xsrf=e5ac20c5-aaee-2119-104b-ba56fa323720; Path=/; Domain=bitly.com; Expires=Fri, 24 Nov 2023 12:33:46 GMT; Secure', 'x-frame-options': 'DENY', 'strict-transport-security': 'max-age=31536000', 'via': '1.1 google, 1.1 google', 'alt-svc': 'h3="":443""; ma=2592000,h3-29="":443""; ma=2592000'}"
4,4,https://bitly.com/,0,200,0.13172364234924316,12,12,668,"{'server': 'nginx', 'date': 'Wed, 25 Oct 2023 12:33:56 GMT', 'content-type': 'text/html; charset=utf-8', 'content-length': '66123', 'accept-ranges': 'bytes', 'cache-control': 'no-cache', 'last-modified': 'Tue, 24 Oct 2023 23:22:05 GMT', 'set-cookie': '_xsrf=7c2c43bb-116b-68e5-f6df-9b096c5cf6bf; Path=/; Domain=bitly.com; Expires=Fri, 24 Nov 2023 12:33:56 GMT; Secure', 'x-frame-options': 'DENY', 'strict-transport-security': 'max-age=31536000', 'via': '1.1 google, 1.1 google', 'alt-svc': 'h3="":443""; ma=2592000,h3-29="":443""; ma=2592000'}"
5,5,https://bitly.com/,0,200,0.1214144229888916,12,12,668,"{'server': 'nginx', 'date': 'Wed, 25 Oct 2023 12:34:07 GMT', 'content-type': 'text/html; charset=utf-8', 'content-length': '66123', 'accept-ranges': 'bytes', 'cache-control': 'no-cache', 'last-modified': 'Tue, 24 Oct 2023 23:22:05 GMT', 'set-cookie': '_xsrf=c997019b-95c2-b70f-5b66-37dedd8a5feb; Path=/; Domain=bitly.com; Expires=Fri, 24 Nov 2023 12:34:07 GMT; Secure', 'x-frame-options': 'DENY', 'strict-transport-security': 'max-age=31536000', 'via': '1.1 google, 1.1 google', 'alt-svc': 'h3="":443""; ma=2592000,h3-29="":443""; ma=2592000'}"
6,6,https://bitly.com/,0,200,0.15908408164978027,12,12,668,"{'server': 'nginx', 'date': 'Wed, 25 Oct 2023 12:34:18 GMT', 'content-type': 'text/html; charset=utf-8', 'content-length': '66123', 'accept-ranges': 'bytes', 'cache-control': 'no-cache', 'last-modified': 'Tue, 24 Oct 2023 23:21:55 GMT', 'set-cookie': '_xsrf=3e9e314b-c563-aa82-6505-b4ebd175e938; Path=/; Domain=bitly.com; Expires=Fri, 24 Nov 2023 12:34:18 GMT; Secure', 'x-frame-options': 'DENY', 'strict-transport-security': 'max-age=31536000', 'via': '1.1 google, 1.1 google', 'alt-svc': 'h3="":443""; ma=2592000,h3-29="":443""; ma=2592000'}"
7,7,https://bitly.com/,0,200,0.1288161277770996,12,12,668,"{'server': 'nginx', 'date': 'Wed, 25 Oct 2023 12:34:30 GMT', 'content-type': 'text/html; charset=utf-8', 'content-length': '66123', 'accept-ranges': 'bytes', 'cache-control': 'no-cache', 'last-modified': 'Tue, 24 Oct 2023 23:21:55 GMT', 'set-cookie': '_xsrf=eb28abfb-e06f-8636-50bb-461ed7995eb4; Path=/; Domain=bitly.com; Expires=Fri, 24 Nov 2023 12:34:30 GMT; Secure', 'x-frame-options': 'DENY', 'strict-transport-security': 'max-age=31536000', 'via': '1.1 google, 1.1 google', 'alt-svc': 'h3="":443""; ma=2592000,h3-29="":443""; ma=2592000'}"
8,8,https://bitly.com/,0,200,0.16083288192749023,12,12,668,"{'server': 'nginx', 'date': 'Wed, 25 Oct 2023 12:34:40 GMT', 'content-type': 'text/html; charset=utf-8', 'content-length': '66123', 'accept-ranges': 'bytes', 'cache-control': 'no-cache', 'last-modified': 'Tue, 24 Oct 2023 23:22:05 GMT', 'set-cookie': '_xsrf=21a3e840-38e2-0495-2cd9-bc7248c6d73b; Path=/; Domain=bitly.com; Expires=Fri, 24 Nov 2023 12:34:40 GMT; Secure', 'x-frame-options': 'DENY', 'strict-transport-security': 'max-age=31536000', 'via': '1.1 google, 1.1 google', 'alt-svc': 'h3="":443""; ma=2592000,h3-29="":443""; ma=2592000'}"
9,9,https://bitly.com/,0,200,0.1216576099395752,12,12,668,"{'server': 'nginx', 'date': 'Wed, 25 Oct 2023 12:34:51 GMT', 'content-type': 'text/html; charset=utf-8', 'content-length': '66123', 'accept-ranges': 'bytes', 'cache-control': 'no-cache', 'last-modified': 'Tue, 24 Oct 2023 23:21:54 GMT', 'set-cookie': '_xsrf=2d9d6abe-09c2-f952-02a5-47eb3430fb20; Path=/; Domain=bitly.com; Expires=Fri, 24 Nov 2023 12:34:51 GMT; Secure', 'x-frame-options': 'DENY', 'strict-transport-security': 'max-age=31536000', 'via': '1.1 google, 1.1 google', 'alt-svc': 'h3="":443""; ma=2592000,h3-29="":443""; ma=2592000'}"
