number,request,deviation_count,uri,request_length,http_version,Socket_Connect_Time,Socket_Close_Time,Response_Time,status_code,reason_phrase,error_message,response_header_count,response_header_length,response_body_length,response_header_fields
0,"GET https://bitly.com/  HTTP/1.1
Host: bitly.com
User-Agent: Mozilla/5.0 (Windows NT 10.0; rv:102.0) Gecko/20100101 Firefox/102.0
Accept: text/html,application/xhtml+xml,application/xml;q=0.9,image/avif,image/webp,*/*;q=0.8
Accept-Encoding: gzip, deflate, br
Accept-Language: en-US,en;q=0.5
DNT: 1
Connection: keep-alive
Upgrade-Insecure-Requests: 1
Sec-Fetch-Dest: document
Sec-Fetch-Mode: navigate
Sec-Fetch-Site: cross-site

",0,https://bitly.com/,441,HTTP/1.1,0.16295695304870605,0.10478329658508301,0.12252306938171387,200,OK,[''],12,12,668,"{""server"": ""nginx"", ""date"": ""Wed, 25 Oct 2023 12:33:13 GMT"", ""content-type"": ""text/html; charset=utf-8"", ""content-length"": ""66123"", ""accept-ranges"": ""bytes"", ""cache-control"": ""no-cache"", ""last-modified"": ""Wed, 25 Oct 2023 00:39:40 GMT"", ""set-cookie"": ""_xsrf=8159e09f-34a3-e866-3747-55ecfc1be25d; Path=/; Domain=bitly.com; Expires=Fri, 24 Nov 2023 12:33:13 GMT; Secure"", ""x-frame-options"": ""DENY"", ""strict-transport-security"": ""max-age=31536000"", ""via"": ""1.1 google, 1.1 google"", ""alt-svc"": ""h3=\"":443\""; ma=2592000,h3-29=\"":443\""; ma=2592000""}"
1,"GET https://bitly.com/  HTTP/1.1
Host: bitly.com
User-Agent: Mozilla/5.0 (Windows NT 10.0; rv:102.0) Gecko/20100101 Firefox/102.0
Accept: text/html,application/xhtml+xml,application/xml;q=0.9,image/avif,image/webp,*/*;q=0.8
Accept-Encoding: gzip, deflate, br
Accept-Language: en-US,en;q=0.5
DNT: 1
Connection: keep-alive
Upgrade-Insecure-Requests: 1
Sec-Fetch-Dest: document
Sec-Fetch-Mode: navigate
Sec-Fetch-Site: cross-site

",0,https://bitly.com/,441,HTTP/1.1,0.1565992832183838,0.11347508430480957,0.14803838729858398,200,OK,[''],12,12,0,"{""server"": ""nginx"", ""date"": ""Wed, 25 Oct 2023 12:33:24 GMT"", ""content-type"": ""text/html; charset=utf-8"", ""content-length"": ""66123"", ""accept-ranges"": ""bytes"", ""cache-control"": ""no-cache"", ""last-modified"": ""Tue, 24 Oct 2023 23:21:54 GMT"", ""set-cookie"": ""_xsrf=baf12ed1-bd74-f2be-20e0-493d12021566; Path=/; Domain=bitly.com; Expires=Fri, 24 Nov 2023 12:33:24 GMT; Secure"", ""x-frame-options"": ""DENY"", ""strict-transport-security"": ""max-age=31536000"", ""via"": ""1.1 google, 1.1 google"", ""alt-svc"": ""h3=\"":443\""; ma=2592000,h3-29=\"":443\""; ma=2592000""}"
2,"GET https://bitly.com/  HTTP/1.1
Host: bitly.com
User-Agent: Mozilla/5.0 (Windows NT 10.0; rv:102.0) Gecko/20100101 Firefox/102.0
Accept: text/html,application/xhtml+xml,application/xml;q=0.9,image/avif,image/webp,*/*;q=0.8
Accept-Encoding: gzip, deflate, br
Accept-Language: en-US,en;q=0.5
DNT: 1
Connection: keep-alive
Upgrade-Insecure-Requests: 1
Sec-Fetch-Dest: document
Sec-Fetch-Mode: navigate
Sec-Fetch-Site: cross-site

",0,https://bitly.com/,441,HTTP/1.1,0.1596980094909668,0.11409497261047363,0.18504858016967773,200,OK,[''],12,12,668,"{""server"": ""nginx"", ""date"": ""Wed, 25 Oct 2023 12:33:34 GMT"", ""content-type"": ""text/html; charset=utf-8"", ""content-length"": ""66123"", ""accept-ranges"": ""bytes"", ""cache-control"": ""no-cache"", ""last-modified"": ""Tue, 24 Oct 2023 23:22:05 GMT"", ""set-cookie"": ""_xsrf=b6e0c12b-4350-8b9f-2e7f-3cddd19867b4; Path=/; Domain=bitly.com; Expires=Fri, 24 Nov 2023 12:33:34 GMT; Secure"", ""x-frame-options"": ""DENY"", ""strict-transport-security"": ""max-age=31536000"", ""via"": ""1.1 google, 1.1 google"", ""alt-svc"": ""h3=\"":443\""; ma=2592000,h3-29=\"":443\""; ma=2592000""}"
3,"GET https://bitly.com/  HTTP/1.1
Host: bitly.com
User-Agent: Mozilla/5.0 (Windows NT 10.0; rv:102.0) Gecko/20100101 Firefox/102.0
Accept: text/html,application/xhtml+xml,application/xml;q=0.9,image/avif,image/webp,*/*;q=0.8
Accept-Encoding: gzip, deflate, br
Accept-Language: en-US,en;q=0.5
DNT: 1
Connection: keep-alive
Upgrade-Insecure-Requests: 1
Sec-Fetch-Dest: document
Sec-Fetch-Mode: navigate
Sec-Fetch-Site: cross-site

",0,https://bitly.com/,441,HTTP/1.1,0.23942804336547852,0.11130738258361816,0.17334914207458496,200,OK,[''],12,12,668,"{""server"": ""nginx"", ""date"": ""Wed, 25 Oct 2023 12:33:46 GMT"", ""content-type"": ""text/html; charset=utf-8"", ""content-length"": ""66123"", ""accept-ranges"": ""bytes"", ""cache-control"": ""no-cache"", ""last-modified"": ""Tue, 24 Oct 2023 23:22:05 GMT"", ""set-cookie"": ""_xsrf=e5ac20c5-aaee-2119-104b-ba56fa323720; Path=/; Domain=bitly.com; Expires=Fri, 24 Nov 2023 12:33:46 GMT; Secure"", ""x-frame-options"": ""DENY"", ""strict-transport-security"": ""max-age=31536000"", ""via"": ""1.1 google, 1.1 google"", ""alt-svc"": ""h3=\"":443\""; ma=2592000,h3-29=\"":443\""; ma=2592000""}"
4,"GET https://bitly.com/  HTTP/1.1
Host: bitly.com
User-Agent: Mozilla/5.0 (Windows NT 10.0; rv:102.0) Gecko/20100101 Firefox/102.0
Accept: text/html,application/xhtml+xml,application/xml;q=0.9,image/avif,image/webp,*/*;q=0.8
Accept-Encoding: gzip, deflate, br
Accept-Language: en-US,en;q=0.5
DNT: 1
Connection: keep-alive
Upgrade-Insecure-Requests: 1
Sec-Fetch-Dest: document
Sec-Fetch-Mode: navigate
Sec-Fetch-Site: cross-site

",0,https://bitly.com/,441,HTTP/1.1,0.16757631301879883,0.15121746063232422,0.13172364234924316,200,OK,[''],12,12,668,"{""server"": ""nginx"", ""date"": ""Wed, 25 Oct 2023 12:33:56 GMT"", ""content-type"": ""text/html; charset=utf-8"", ""content-length"": ""66123"", ""accept-ranges"": ""bytes"", ""cache-control"": ""no-cache"", ""last-modified"": ""Tue, 24 Oct 2023 23:22:05 GMT"", ""set-cookie"": ""_xsrf=7c2c43bb-116b-68e5-f6df-9b096c5cf6bf; Path=/; Domain=bitly.com; Expires=Fri, 24 Nov 2023 12:33:56 GMT; Secure"", ""x-frame-options"": ""DENY"", ""strict-transport-security"": ""max-age=31536000"", ""via"": ""1.1 google, 1.1 google"", ""alt-svc"": ""h3=\"":443\""; ma=2592000,h3-29=\"":443\""; ma=2592000""}"
5,"GET https://bitly.com/  HTTP/1.1
Host: bitly.com
User-Agent: Mozilla/5.0 (Windows NT 10.0; rv:102.0) Gecko/20100101 Firefox/102.0
Accept: text/html,application/xhtml+xml,application/xml;q=0.9,image/avif,image/webp,*/*;q=0.8
Accept-Encoding: gzip, deflate, br
Accept-Language: en-US,en;q=0.5
DNT: 1
Connection: keep-alive
Upgrade-Insecure-Requests: 1
Sec-Fetch-Dest: document
Sec-Fetch-Mode: navigate
Sec-Fetch-Site: cross-site

",0,https://bitly.com/,441,HTTP/1.1,0.1883711814880371,0.12241435050964355,0.1214144229888916,200,OK,[''],12,12,668,"{""server"": ""nginx"", ""date"": ""Wed, 25 Oct 2023 12:34:07 GMT"", ""content-type"": ""text/html; charset=utf-8"", ""content-length"": ""66123"", ""accept-ranges"": ""bytes"", ""cache-control"": ""no-cache"", ""last-modified"": ""Tue, 24 Oct 2023 23:22:05 GMT"", ""set-cookie"": ""_xsrf=c997019b-95c2-b70f-5b66-37dedd8a5feb; Path=/; Domain=bitly.com; Expires=Fri, 24 Nov 2023 12:34:07 GMT; Secure"", ""x-frame-options"": ""DENY"", ""strict-transport-security"": ""max-age=31536000"", ""via"": ""1.1 google, 1.1 google"", ""alt-svc"": ""h3=\"":443\""; ma=2592000,h3-29=\"":443\""; ma=2592000""}"
6,"GET https://bitly.com/  HTTP/1.1
Host: bitly.com
User-Agent: Mozilla/5.0 (Windows NT 10.0; rv:102.0) Gecko/20100101 Firefox/102.0
Accept: text/html,application/xhtml+xml,application/xml;q=0.9,image/avif,image/webp,*/*;q=0.8
Accept-Encoding: gzip, deflate, br
Accept-Language: en-US,en;q=0.5
DNT: 1
Connection: keep-alive
Upgrade-Insecure-Requests: 1
Sec-Fetch-Dest: document
Sec-Fetch-Mode: navigate
Sec-Fetch-Site: cross-site

",0,https://bitly.com/,441,HTTP/1.1,0.20348501205444336,0.12356281280517578,0.15908408164978027,200,OK,[''],12,12,668,"{""server"": ""nginx"", ""date"": ""Wed, 25 Oct 2023 12:34:18 GMT"", ""content-type"": ""text/html; charset=utf-8"", ""content-length"": ""66123"", ""accept-ranges"": ""bytes"", ""cache-control"": ""no-cache"", ""last-modified"": ""Tue, 24 Oct 2023 23:21:55 GMT"", ""set-cookie"": ""_xsrf=3e9e314b-c563-aa82-6505-b4ebd175e938; Path=/; Domain=bitly.com; Expires=Fri, 24 Nov 2023 12:34:18 GMT; Secure"", ""x-frame-options"": ""DENY"", ""strict-transport-security"": ""max-age=31536000"", ""via"": ""1.1 google, 1.1 google"", ""alt-svc"": ""h3=\"":443\""; ma=2592000,h3-29=\"":443\""; ma=2592000""}"
7,"GET https://bitly.com/  HTTP/1.1
Host: bitly.com
User-Agent: Mozilla/5.0 (Windows NT 10.0; rv:102.0) Gecko/20100101 Firefox/102.0
Accept: text/html,application/xhtml+xml,application/xml;q=0.9,image/avif,image/webp,*/*;q=0.8
Accept-Encoding: gzip, deflate, br
Accept-Language: en-US,en;q=0.5
DNT: 1
Connection: keep-alive
Upgrade-Insecure-Requests: 1
Sec-Fetch-Dest: document
Sec-Fetch-Mode: navigate
Sec-Fetch-Site: cross-site

",0,https://bitly.com/,441,HTTP/1.1,0.14608025550842285,0.12093138694763184,0.1288161277770996,200,OK,[''],12,12,668,"{""server"": ""nginx"", ""date"": ""Wed, 25 Oct 2023 12:34:30 GMT"", ""content-type"": ""text/html; charset=utf-8"", ""content-length"": ""66123"", ""accept-ranges"": ""bytes"", ""cache-control"": ""no-cache"", ""last-modified"": ""Tue, 24 Oct 2023 23:21:55 GMT"", ""set-cookie"": ""_xsrf=eb28abfb-e06f-8636-50bb-461ed7995eb4; Path=/; Domain=bitly.com; Expires=Fri, 24 Nov 2023 12:34:30 GMT; Secure"", ""x-frame-options"": ""DENY"", ""strict-transport-security"": ""max-age=31536000"", ""via"": ""1.1 google, 1.1 google"", ""alt-svc"": ""h3=\"":443\""; ma=2592000,h3-29=\"":443\""; ma=2592000""}"
8,"GET https://bitly.com/  HTTP/1.1
Host: bitly.com
User-Agent: Mozilla/5.0 (Windows NT 10.0; rv:102.0) Gecko/20100101 Firefox/102.0
Accept: text/html,application/xhtml+xml,application/xml;q=0.9,image/avif,image/webp,*/*;q=0.8
Accept-Encoding: gzip, deflate, br
Accept-Language: en-US,en;q=0.5
DNT: 1
Connection: keep-alive
Upgrade-Insecure-Requests: 1
Sec-Fetch-Dest: document
Sec-Fetch-Mode: navigate
Sec-Fetch-Site: cross-site

",0,https://bitly.com/,441,HTTP/1.1,0.1751711368560791,0.15786957740783691,0.16083288192749023,200,OK,[''],12,12,668,"{""server"": ""nginx"", ""date"": ""Wed, 25 Oct 2023 12:34:40 GMT"", ""content-type"": ""text/html; charset=utf-8"", ""content-length"": ""66123"", ""accept-ranges"": ""bytes"", ""cache-control"": ""no-cache"", ""last-modified"": ""Tue, 24 Oct 2023 23:22:05 GMT"", ""set-cookie"": ""_xsrf=21a3e840-38e2-0495-2cd9-bc7248c6d73b; Path=/; Domain=bitly.com; Expires=Fri, 24 Nov 2023 12:34:40 GMT; Secure"", ""x-frame-options"": ""DENY"", ""strict-transport-security"": ""max-age=31536000"", ""via"": ""1.1 google, 1.1 google"", ""alt-svc"": ""h3=\"":443\""; ma=2592000,h3-29=\"":443\""; ma=2592000""}"
9,"GET https://bitly.com/  HTTP/1.1
Host: bitly.com
User-Agent: Mozilla/5.0 (Windows NT 10.0; rv:102.0) Gecko/20100101 Firefox/102.0
Accept: text/html,application/xhtml+xml,application/xml;q=0.9,image/avif,image/webp,*/*;q=0.8
Accept-Encoding: gzip, deflate, br
Accept-Language: en-US,en;q=0.5
DNT: 1
Connection: keep-alive
Upgrade-Insecure-Requests: 1
Sec-Fetch-Dest: document
Sec-Fetch-Mode: navigate
Sec-Fetch-Site: cross-site

",0,https://bitly.com/,441,HTTP/1.1,0.14211678504943848,0.11082100868225098,0.1216576099395752,200,OK,[''],12,12,668,"{""server"": ""nginx"", ""date"": ""Wed, 25 Oct 2023 12:34:51 GMT"", ""content-type"": ""text/html; charset=utf-8"", ""content-length"": ""66123"", ""accept-ranges"": ""bytes"", ""cache-control"": ""no-cache"", ""last-modified"": ""Tue, 24 Oct 2023 23:21:54 GMT"", ""set-cookie"": ""_xsrf=2d9d6abe-09c2-f952-02a5-47eb3430fb20; Path=/; Domain=bitly.com; Expires=Fri, 24 Nov 2023 12:34:51 GMT; Secure"", ""x-frame-options"": ""DENY"", ""strict-transport-security"": ""max-age=31536000"", ""via"": ""1.1 google, 1.1 google"", ""alt-svc"": ""h3=\"":443\""; ma=2592000,h3-29=\"":443\""; ma=2592000""}"
