[
    {
        "number": 0,
        "request": "GET https://bitly.com/  HTTP/1.1\r\nHost: bitly.com\r\nUser-Agent: Mozilla/5.0 (Windows NT 10.0; rv:102.0) Gecko/20100101 Firefox/102.0\r\nAccept: text/html,application/xhtml+xml,application/xml;q=0.9,image/avif,image/webp,*/*;q=0.8\r\nAccept-Encoding: gzip, deflate, br\r\nAccept-Language: en-US,en;q=0.5\r\nDNT: 1\r\nConnection: keep-alive\r\nUpgrade-Insecure-Requests: 1\r\nSec-Fetch-Dest: document\r\nSec-Fetch-Mode: navigate\r\nSec-Fetch-Site: cross-site\r\n\r\n",
        "deviation_count": 0,
        "uri": "https://bitly.com/",
        "request_length": 441,
        "Response_Time": 0.12252306938171387,
        "status_code": 200,
        "reason_phrase": "OK",
        "error_message": [
            ""
        ],
        "response_header_count": 12,
        "response_header_length": 12,
        "response_body_length": 668,
        "response_header_fields": {
            "server": "nginx",
            "date": "Wed, 25 Oct 2023 12:33:13 GMT",
            "content-type": "text/html; charset=utf-8",
            "content-length": "66123",
            "accept-ranges": "bytes",
            "cache-control": "no-cache",
            "last-modified": "Wed, 25 Oct 2023 00:39:40 GMT",
            "set-cookie": "_xsrf=8159e09f-34a3-e866-3747-55ecfc1be25d; Path=/; Domain=bitly.com; Expires=Fri, 24 Nov 2023 12:33:13 GMT; Secure",
            "x-frame-options": "DENY",
            "strict-transport-security": "max-age=31536000",
            "via": "1.1 google, 1.1 google",
            "alt-svc": "h3=\":443\"; ma=2592000,h3-29=\":443\"; ma=2592000"
        }
    },
    {
        "number": 1,
        "request": "GET https://bitly.com/  HTTP/1.1\r\nHost: bitly.com\r\nUser-Agent: Mozilla/5.0 (Windows NT 10.0; rv:102.0) Gecko/20100101 Firefox/102.0\r\nAccept: text/html,application/xhtml+xml,application/xml;q=0.9,image/avif,image/webp,*/*;q=0.8\r\nAccept-Encoding: gzip, deflate, br\r\nAccept-Language: en-US,en;q=0.5\r\nDNT: 1\r\nConnection: keep-alive\r\nUpgrade-Insecure-Requests: 1\r\nSec-Fetch-Dest: document\r\nSec-Fetch-Mode: navigate\r\nSec-Fetch-Site: cross-site\r\n\r\n",
        "deviation_count": 0,
        "uri": "https://bitly.com/",
        "request_length": 441,
        "Response_Time": 0.14803838729858398,
        "status_code": 200,
        "reason_phrase": "OK",
        "error_message": [
            ""
        ],
        "response_header_count": 12,
        "response_header_length": 12,
        "response_body_length": 0,
        "response_header_fields": {
            "server": "nginx",
            "date": "Wed, 25 Oct 2023 12:33:24 GMT",
            "content-type": "text/html; charset=utf-8",
            "content-length": "66123",
            "accept-ranges": "bytes",
            "cache-control": "no-cache",
            "last-modified": "Tue, 24 Oct 2023 23:21:54 GMT",
            "set-cookie": "_xsrf=baf12ed1-bd74-f2be-20e0-493d12021566; Path=/; Domain=bitly.com; Expires=Fri, 24 Nov 2023 12:33:24 GMT; Secure",
            "x-frame-options": "DENY",
            "strict-transport-security": "max-age=31536000",
            "via": "1.1 google, 1.1 google",
            "alt-svc": "h3=\":443\"; ma=2592000,h3-29=\":443\"; ma=2592000"
        }
    },
    {
        "number": 2,
        "request": "GET https://bitly.com/  HTTP/1.1\r\nHost: bitly.com\r\nUser-Agent: Mozilla/5.0 (Windows NT 10.0; rv:102.0) Gecko/20100101 Firefox/102.0\r\nAccept: text/html,application/xhtml+xml,application/xml;q=0.9,image/avif,image/webp,*/*;q=0.8\r\nAccept-Encoding: gzip, deflate, br\r\nAccept-Language: en-US,en;q=0.5\r\nDNT: 1\r\nConnection: keep-alive\r\nUpgrade-Insecure-Requests: 1\r\nSec-Fetch-Dest: document\r\nSec-Fetch-Mode: navigate\r\nSec-Fetch-Site: cross-site\r\n\r\n",
        "deviation_count": 0,
        "uri": "https://bitly.com/",
        "request_length": 441,
        "Response_Time": 0.18504858016967773,
        "status_code": 200,
        "reason_phrase": "OK",
        "error_message": [
            ""
        ],
        "response_header_count": 12,
        "response_header_length": 12,
        "response_body_length": 668,
        "response_header_fields": {
            "server": "nginx",
            "date": "Wed, 25 Oct 2023 12:33:34 GMT",
            "content-type": "text/html; charset=utf-8",
            "content-length": "66123",
            "accept-ranges": "bytes",
            "cache-control": "no-cache",
            "last-modified": "Tue, 24 Oct 2023 23:22:05 GMT",
            "set-cookie": "_xsrf=b6e0c12b-4350-8b9f-2e7f-3cddd19867b4; Path=/; Domain=bitly.com; Expires=Fri, 24 Nov 2023 12:33:34 GMT; Secure",
            "x-frame-options": "DENY",
            "strict-transport-security": "max-age=31536000",
            "via": "1.1 google, 1.1 google",
            "alt-svc": "h3=\":443\"; ma=2592000,h3-29=\":443\"; ma=2592000"
        }
    },
    {
        "number": 3,
        "request": "GET https://bitly.com/  HTTP/1.1\r\nHost: bitly.com\r\nUser-Agent: Mozilla/5.0 (Windows NT 10.0; rv:102.0) Gecko/20100101 Firefox/102.0\r\nAccept: text/html,application/xhtml+xml,application/xml;q=0.9,image/avif,image/webp,*/*;q=0.8\r\nAccept-Encoding: gzip, deflate, br\r\nAccept-Language: en-US,en;q=0.5\r\nDNT: 1\r\nConnection: keep-alive\r\nUpgrade-Insecure-Requests: 1\r\nSec-Fetch-Dest: document\r\nSec-Fetch-Mode: navigate\r\nSec-Fetch-Site: cross-site\r\n\r\n",
        "deviation_count": 0,
        "uri": "https://bitly.com/",
        "request_length": 441,
        "Response_Time": 0.17334914207458496,
        "status_code": 200,
        "reason_phrase": "OK",
        "error_message": [
            ""
        ],
        "response_header_count": 12,
        "response_header_length": 12,
        "response_body_length": 668,
        "response_header_fields": {
            "server": "nginx",
            "date": "Wed, 25 Oct 2023 12:33:46 GMT",
            "content-type": "text/html; charset=utf-8",
            "content-length": "66123",
            "accept-ranges": "bytes",
            "cache-control": "no-cache",
            "last-modified": "Tue, 24 Oct 2023 23:22:05 GMT",
            "set-cookie": "_xsrf=e5ac20c5-aaee-2119-104b-ba56fa323720; Path=/; Domain=bitly.com; Expires=Fri, 24 Nov 2023 12:33:46 GMT; Secure",
            "x-frame-options": "DENY",
            "strict-transport-security": "max-age=31536000",
            "via": "1.1 google, 1.1 google",
            "alt-svc": "h3=\":443\"; ma=2592000,h3-29=\":443\"; ma=2592000"
        }
    },
    {
        "number": 4,
        "request": "GET https://bitly.com/  HTTP/1.1\r\nHost: bitly.com\r\nUser-Agent: Mozilla/5.0 (Windows NT 10.0; rv:102.0) Gecko/20100101 Firefox/102.0\r\nAccept: text/html,application/xhtml+xml,application/xml;q=0.9,image/avif,image/webp,*/*;q=0.8\r\nAccept-Encoding: gzip, deflate, br\r\nAccept-Language: en-US,en;q=0.5\r\nDNT: 1\r\nConnection: keep-alive\r\nUpgrade-Insecure-Requests: 1\r\nSec-Fetch-Dest: document\r\nSec-Fetch-Mode: navigate\r\nSec-Fetch-Site: cross-site\r\n\r\n",
        "deviation_count": 0,
        "uri": "https://bitly.com/",
        "request_length": 441,
        "Response_Time": 0.13172364234924316,
        "status_code": 200,
        "reason_phrase": "OK",
        "error_message": [
            ""
        ],
        "response_header_count": 12,
        "response_header_length": 12,
        "response_body_length": 668,
        "response_header_fields": {
            "server": "nginx",
            "date": "Wed, 25 Oct 2023 12:33:56 GMT",
            "content-type": "text/html; charset=utf-8",
            "content-length": "66123",
            "accept-ranges": "bytes",
            "cache-control": "no-cache",
            "last-modified": "Tue, 24 Oct 2023 23:22:05 GMT",
            "set-cookie": "_xsrf=7c2c43bb-116b-68e5-f6df-9b096c5cf6bf; Path=/; Domain=bitly.com; Expires=Fri, 24 Nov 2023 12:33:56 GMT; Secure",
            "x-frame-options": "DENY",
            "strict-transport-security": "max-age=31536000",
            "via": "1.1 google, 1.1 google",
            "alt-svc": "h3=\":443\"; ma=2592000,h3-29=\":443\"; ma=2592000"
        }
    },
    {
        "number": 5,
        "request": "GET https://bitly.com/  HTTP/1.1\r\nHost: bitly.com\r\nUser-Agent: Mozilla/5.0 (Windows NT 10.0; rv:102.0) Gecko/20100101 Firefox/102.0\r\nAccept: text/html,application/xhtml+xml,application/xml;q=0.9,image/avif,image/webp,*/*;q=0.8\r\nAccept-Encoding: gzip, deflate, br\r\nAccept-Language: en-US,en;q=0.5\r\nDNT: 1\r\nConnection: keep-alive\r\nUpgrade-Insecure-Requests: 1\r\nSec-Fetch-Dest: document\r\nSec-Fetch-Mode: navigate\r\nSec-Fetch-Site: cross-site\r\n\r\n",
        "deviation_count": 0,
        "uri": "https://bitly.com/",
        "request_length": 441,
        "Response_Time": 0.1214144229888916,
        "status_code": 200,
        "reason_phrase": "OK",
        "error_message": [
            ""
        ],
        "response_header_count": 12,
        "response_header_length": 12,
        "response_body_length": 668,
        "response_header_fields": {
            "server": "nginx",
            "date": "Wed, 25 Oct 2023 12:34:07 GMT",
            "content-type": "text/html; charset=utf-8",
            "content-length": "66123",
            "accept-ranges": "bytes",
            "cache-control": "no-cache",
            "last-modified": "Tue, 24 Oct 2023 23:22:05 GMT",
            "set-cookie": "_xsrf=c997019b-95c2-b70f-5b66-37dedd8a5feb; Path=/; Domain=bitly.com; Expires=Fri, 24 Nov 2023 12:34:07 GMT; Secure",
            "x-frame-options": "DENY",
            "strict-transport-security": "max-age=31536000",
            "via": "1.1 google, 1.1 google",
            "alt-svc": "h3=\":443\"; ma=2592000,h3-29=\":443\"; ma=2592000"
        }
    },
    {
        "number": 6,
        "request": "GET https://bitly.com/  HTTP/1.1\r\nHost: bitly.com\r\nUser-Agent: Mozilla/5.0 (Windows NT 10.0; rv:102.0) Gecko/20100101 Firefox/102.0\r\nAccept: text/html,application/xhtml+xml,application/xml;q=0.9,image/avif,image/webp,*/*;q=0.8\r\nAccept-Encoding: gzip, deflate, br\r\nAccept-Language: en-US,en;q=0.5\r\nDNT: 1\r\nConnection: keep-alive\r\nUpgrade-Insecure-Requests: 1\r\nSec-Fetch-Dest: document\r\nSec-Fetch-Mode: navigate\r\nSec-Fetch-Site: cross-site\r\n\r\n",
        "deviation_count": 0,
        "uri": "https://bitly.com/",
        "request_length": 441,
        "Response_Time": 0.15908408164978027,
        "status_code": 200,
        "reason_phrase": "OK",
        "error_message": [
            ""
        ],
        "response_header_count": 12,
        "response_header_length": 12,
        "response_body_length": 668,
        "response_header_fields": {
            "server": "nginx",
            "date": "Wed, 25 Oct 2023 12:34:18 GMT",
            "content-type": "text/html; charset=utf-8",
            "content-length": "66123",
            "accept-ranges": "bytes",
            "cache-control": "no-cache",
            "last-modified": "Tue, 24 Oct 2023 23:21:55 GMT",
            "set-cookie": "_xsrf=3e9e314b-c563-aa82-6505-b4ebd175e938; Path=/; Domain=bitly.com; Expires=Fri, 24 Nov 2023 12:34:18 GMT; Secure",
            "x-frame-options": "DENY",
            "strict-transport-security": "max-age=31536000",
            "via": "1.1 google, 1.1 google",
            "alt-svc": "h3=\":443\"; ma=2592000,h3-29=\":443\"; ma=2592000"
        }
    },
    {
        "number": 7,
        "request": "GET https://bitly.com/  HTTP/1.1\r\nHost: bitly.com\r\nUser-Agent: Mozilla/5.0 (Windows NT 10.0; rv:102.0) Gecko/20100101 Firefox/102.0\r\nAccept: text/html,application/xhtml+xml,application/xml;q=0.9,image/avif,image/webp,*/*;q=0.8\r\nAccept-Encoding: gzip, deflate, br\r\nAccept-Language: en-US,en;q=0.5\r\nDNT: 1\r\nConnection: keep-alive\r\nUpgrade-Insecure-Requests: 1\r\nSec-Fetch-Dest: document\r\nSec-Fetch-Mode: navigate\r\nSec-Fetch-Site: cross-site\r\n\r\n",
        "deviation_count": 0,
        "uri": "https://bitly.com/",
        "request_length": 441,
        "Response_Time": 0.1288161277770996,
        "status_code": 200,
        "reason_phrase": "OK",
        "error_message": [
            ""
        ],
        "response_header_count": 12,
        "response_header_length": 12,
        "response_body_length": 668,
        "response_header_fields": {
            "server": "nginx",
            "date": "Wed, 25 Oct 2023 12:34:30 GMT",
            "content-type": "text/html; charset=utf-8",
            "content-length": "66123",
            "accept-ranges": "bytes",
            "cache-control": "no-cache",
            "last-modified": "Tue, 24 Oct 2023 23:21:55 GMT",
            "set-cookie": "_xsrf=eb28abfb-e06f-8636-50bb-461ed7995eb4; Path=/; Domain=bitly.com; Expires=Fri, 24 Nov 2023 12:34:30 GMT; Secure",
            "x-frame-options": "DENY",
            "strict-transport-security": "max-age=31536000",
            "via": "1.1 google, 1.1 google",
            "alt-svc": "h3=\":443\"; ma=2592000,h3-29=\":443\"; ma=2592000"
        }
    },
    {
        "number": 8,
        "request": "GET https://bitly.com/  HTTP/1.1\r\nHost: bitly.com\r\nUser-Agent: Mozilla/5.0 (Windows NT 10.0; rv:102.0) Gecko/20100101 Firefox/102.0\r\nAccept: text/html,application/xhtml+xml,application/xml;q=0.9,image/avif,image/webp,*/*;q=0.8\r\nAccept-Encoding: gzip, deflate, br\r\nAccept-Language: en-US,en;q=0.5\r\nDNT: 1\r\nConnection: keep-alive\r\nUpgrade-Insecure-Requests: 1\r\nSec-Fetch-Dest: document\r\nSec-Fetch-Mode: navigate\r\nSec-Fetch-Site: cross-site\r\n\r\n",
        "deviation_count": 0,
        "uri": "https://bitly.com/",
        "request_length": 441,
        "Response_Time": 0.16083288192749023,
        "status_code": 200,
        "reason_phrase": "OK",
        "error_message": [
            ""
        ],
        "response_header_count": 12,
        "response_header_length": 12,
        "response_body_length": 668,
        "response_header_fields": {
            "server": "nginx",
            "date": "Wed, 25 Oct 2023 12:34:40 GMT",
            "content-type": "text/html; charset=utf-8",
            "content-length": "66123",
            "accept-ranges": "bytes",
            "cache-control": "no-cache",
            "last-modified": "Tue, 24 Oct 2023 23:22:05 GMT",
            "set-cookie": "_xsrf=21a3e840-38e2-0495-2cd9-bc7248c6d73b; Path=/; Domain=bitly.com; Expires=Fri, 24 Nov 2023 12:34:40 GMT; Secure",
            "x-frame-options": "DENY",
            "strict-transport-security": "max-age=31536000",
            "via": "1.1 google, 1.1 google",
            "alt-svc": "h3=\":443\"; ma=2592000,h3-29=\":443\"; ma=2592000"
        }
    },
    {
        "number": 9,
        "request": "GET https://bitly.com/  HTTP/1.1\r\nHost: bitly.com\r\nUser-Agent: Mozilla/5.0 (Windows NT 10.0; rv:102.0) Gecko/20100101 Firefox/102.0\r\nAccept: text/html,application/xhtml+xml,application/xml;q=0.9,image/avif,image/webp,*/*;q=0.8\r\nAccept-Encoding: gzip, deflate, br\r\nAccept-Language: en-US,en;q=0.5\r\nDNT: 1\r\nConnection: keep-alive\r\nUpgrade-Insecure-Requests: 1\r\nSec-Fetch-Dest: document\r\nSec-Fetch-Mode: navigate\r\nSec-Fetch-Site: cross-site\r\n\r\n",
        "deviation_count": 0,
        "uri": "https://bitly.com/",
        "request_length": 441,
        "Response_Time": 0.1216576099395752,
        "status_code": 200,
        "reason_phrase": "OK",
        "error_message": [
            ""
        ],
        "response_header_count": 12,
        "response_header_length": 12,
        "response_body_length": 668,
        "response_header_fields": {
            "server": "nginx",
            "date": "Wed, 25 Oct 2023 12:34:51 GMT",
            "content-type": "text/html; charset=utf-8",
            "content-length": "66123",
            "accept-ranges": "bytes",
            "cache-control": "no-cache",
            "last-modified": "Tue, 24 Oct 2023 23:21:54 GMT",
            "set-cookie": "_xsrf=2d9d6abe-09c2-f952-02a5-47eb3430fb20; Path=/; Domain=bitly.com; Expires=Fri, 24 Nov 2023 12:34:51 GMT; Secure",
            "x-frame-options": "DENY",
            "strict-transport-security": "max-age=31536000",
            "via": "1.1 google, 1.1 google",
            "alt-svc": "h3=\":443\"; ma=2592000,h3-29=\":443\"; ma=2592000"
        }
    }
]