,Attempt No.,uri,Deviation Count,Status Code,Response_Time,response_header_count,response_header_length,response_body_length,response_header_fields
0,0,https://web.mit.edu/,0,200,0.08360838890075684,13,13,47500,"{'server': 'Apache', 'last-modified': 'Wed, 25 Oct 2023 04:00:52 GMT', 'etag': '""10e8c38c-b9cd-653892f4""', 'accept-ranges': 'bytes', 'x-cnection': 'close', 'content-type': 'text/html', 'vary': 'Accept-Encoding', 'content-encoding': 'gzip', 'date': 'Wed, 25 Oct 2023 12:33:15 GMT', 'content-length': '12320', 'connection': 'keep-alive', 'content-security-policy': ""frame-ancestors 'self' https://web.mit.edu https://www.mit.edu http://web.mit.edu http://www.mit.edu"", 'x-frame-options': 'SAMEORIGIN'}"
1,1,https://web.mit.edu/,0,200,0.1038661003112793,13,13,47500,"{'server': 'Apache', 'last-modified': 'Wed, 25 Oct 2023 04:00:52 GMT', 'etag': '""10e8c38c-b9cd-653892f4""', 'accept-ranges': 'bytes', 'x-cnection': 'close', 'content-type': 'text/html', 'vary': 'Accept-Encoding', 'content-encoding': 'gzip', 'date': 'Wed, 25 Oct 2023 12:33:25 GMT', 'content-length': '12320', 'connection': 'keep-alive', 'content-security-policy': ""frame-ancestors 'self' https://web.mit.edu https://www.mit.edu http://web.mit.edu http://www.mit.edu"", 'x-frame-options': 'SAMEORIGIN'}"
2,2,https://web.mit.edu/,0,200,0.06685709953308105,13,13,47500,"{'server': 'Apache', 'last-modified': 'Wed, 25 Oct 2023 04:00:52 GMT', 'etag': '""10e8c38c-b9cd-653892f4""', 'accept-ranges': 'bytes', 'x-cnection': 'close', 'content-type': 'text/html', 'vary': 'Accept-Encoding', 'content-encoding': 'gzip', 'date': 'Wed, 25 Oct 2023 12:33:36 GMT', 'content-length': '12320', 'connection': 'keep-alive', 'content-security-policy': ""frame-ancestors 'self' https://web.mit.edu https://www.mit.edu http://web.mit.edu http://www.mit.edu"", 'x-frame-options': 'SAMEORIGIN'}"
3,3,https://web.mit.edu/,0,200,0.031249523162841797,13,13,47500,"{'server': 'Apache', 'last-modified': 'Wed, 25 Oct 2023 04:00:52 GMT', 'etag': '""10e8c38c-b9cd-653892f4""', 'accept-ranges': 'bytes', 'x-cnection': 'close', 'content-type': 'text/html', 'vary': 'Accept-Encoding', 'content-encoding': 'gzip', 'date': 'Wed, 25 Oct 2023 12:33:47 GMT', 'content-length': '12320', 'connection': 'keep-alive', 'content-security-policy': ""frame-ancestors 'self' https://web.mit.edu https://www.mit.edu http://web.mit.edu http://www.mit.edu"", 'x-frame-options': 'SAMEORIGIN'}"
4,4,https://web.mit.edu/,0,200,0.06682658195495605,13,13,47500,"{'server': 'Apache', 'last-modified': 'Wed, 25 Oct 2023 04:00:52 GMT', 'etag': '""10e8c38c-b9cd-653892f4""', 'accept-ranges': 'bytes', 'x-cnection': 'close', 'content-type': 'text/html', 'vary': 'Accept-Encoding', 'content-encoding': 'gzip', 'date': 'Wed, 25 Oct 2023 12:33:57 GMT', 'content-length': '12320', 'connection': 'keep-alive', 'content-security-policy': ""frame-ancestors 'self' https://web.mit.edu https://www.mit.edu http://web.mit.edu http://www.mit.edu"", 'x-frame-options': 'SAMEORIGIN'}"
5,5,https://web.mit.edu/,0,200,0.08781075477600098,13,13,47500,"{'server': 'Apache', 'last-modified': 'Wed, 25 Oct 2023 04:00:52 GMT', 'etag': '""10e8c38c-b9cd-653892f4""', 'accept-ranges': 'bytes', 'x-cnection': 'close', 'content-type': 'text/html', 'vary': 'Accept-Encoding', 'content-encoding': 'gzip', 'date': 'Wed, 25 Oct 2023 12:34:08 GMT', 'content-length': '12320', 'connection': 'keep-alive', 'content-security-policy': ""frame-ancestors 'self' https://web.mit.edu https://www.mit.edu http://web.mit.edu http://www.mit.edu"", 'x-frame-options': 'SAMEORIGIN'}"
6,6,https://web.mit.edu/,0,200,0.03654217720031738,13,13,47500,"{'server': 'Apache', 'last-modified': 'Wed, 25 Oct 2023 04:00:52 GMT', 'etag': '""10e8c38c-b9cd-653892f4""', 'accept-ranges': 'bytes', 'x-cnection': 'close', 'content-type': 'text/html', 'vary': 'Accept-Encoding', 'content-encoding': 'gzip', 'date': 'Wed, 25 Oct 2023 12:34:18 GMT', 'content-length': '12320', 'connection': 'keep-alive', 'content-security-policy': ""frame-ancestors 'self' https://web.mit.edu https://www.mit.edu http://web.mit.edu http://www.mit.edu"", 'x-frame-options': 'SAMEORIGIN'}"
7,7,https://web.mit.edu/,0,200,0.0641331672668457,13,13,47500,"{'server': 'Apache', 'last-modified': 'Wed, 25 Oct 2023 04:00:52 GMT', 'etag': '""10e8c38c-b9cd-653892f4""', 'accept-ranges': 'bytes', 'x-cnection': 'close', 'content-type': 'text/html', 'vary': 'Accept-Encoding', 'content-encoding': 'gzip', 'date': 'Wed, 25 Oct 2023 12:34:28 GMT', 'content-length': '12320', 'connection': 'keep-alive', 'content-security-policy': ""frame-ancestors 'self' https://web.mit.edu https://www.mit.edu http://web.mit.edu http://www.mit.edu"", 'x-frame-options': 'SAMEORIGIN'}"
8,8,https://web.mit.edu/,0,200,0.11933016777038574,13,13,47500,"{'server': 'Apache', 'last-modified': 'Wed, 25 Oct 2023 04:00:52 GMT', 'etag': '""10e8c38c-b9cd-653892f4""', 'accept-ranges': 'bytes', 'x-cnection': 'close', 'content-type': 'text/html', 'vary': 'Accept-Encoding', 'content-encoding': 'gzip', 'date': 'Wed, 25 Oct 2023 12:34:38 GMT', 'content-length': '12320', 'connection': 'keep-alive', 'content-security-policy': ""frame-ancestors 'self' https://web.mit.edu https://www.mit.edu http://web.mit.edu http://www.mit.edu"", 'x-frame-options': 'SAMEORIGIN'}"
9,9,https://web.mit.edu/,0,200,0.04230141639709473,13,13,47500,"{'server': 'Apache', 'last-modified': 'Wed, 25 Oct 2023 04:00:52 GMT', 'etag': '""10e8c38c-b9cd-653892f4""', 'accept-ranges': 'bytes', 'x-cnection': 'close', 'content-type': 'text/html', 'vary': 'Accept-Encoding', 'content-encoding': 'gzip', 'date': 'Wed, 25 Oct 2023 12:34:48 GMT', 'content-length': '12320', 'connection': 'keep-alive', 'content-security-policy': ""frame-ancestors 'self' https://web.mit.edu https://www.mit.edu http://web.mit.edu http://www.mit.edu"", 'x-frame-options': 'SAMEORIGIN'}"
