number,request,deviation_count,uri,request_length,http_version,Socket_Connect_Time,Socket_Close_Time,Response_Time,status_code,reason_phrase,error_message,response_header_count,response_header_length,response_body_length,response_header_fields
0,"GET https://web.mit.edu/  HTTP/1.1
Host: web.mit.edu
User-Agent: Mozilla/5.0 (Windows NT 10.0; rv:102.0) Gecko/20100101 Firefox/102.0
Accept: text/html,application/xhtml+xml,application/xml;q=0.9,image/avif,image/webp,*/*;q=0.8
Accept-Encoding: gzip, deflate, br
Accept-Language: en-US,en;q=0.5
DNT: 1
Connection: keep-alive
Upgrade-Insecure-Requests: 1
Sec-Fetch-Dest: document
Sec-Fetch-Mode: navigate
Sec-Fetch-Site: cross-site

",0,https://web.mit.edu/,445,HTTP/1.1,0.20795488357543945,0.11898088455200195,0.08360838890075684,200,OK,[''],13,13,47500,"{""server"": ""Apache"", ""last-modified"": ""Wed, 25 Oct 2023 04:00:52 GMT"", ""etag"": ""\""10e8c38c-b9cd-653892f4\"""", ""accept-ranges"": ""bytes"", ""x-cnection"": ""close"", ""content-type"": ""text/html"", ""vary"": ""Accept-Encoding"", ""content-encoding"": ""gzip"", ""date"": ""Wed, 25 Oct 2023 12:33:15 GMT"", ""content-length"": ""12320"", ""connection"": ""keep-alive"", ""content-security-policy"": ""frame-ancestors 'self' https://web.mit.edu https://www.mit.edu http://web.mit.edu http://www.mit.edu"", ""x-frame-options"": ""SAMEORIGIN""}"
1,"GET https://web.mit.edu/  HTTP/1.1
Host: web.mit.edu
User-Agent: Mozilla/5.0 (Windows NT 10.0; rv:102.0) Gecko/20100101 Firefox/102.0
Accept: text/html,application/xhtml+xml,application/xml;q=0.9,image/avif,image/webp,*/*;q=0.8
Accept-Encoding: gzip, deflate, br
Accept-Language: en-US,en;q=0.5
DNT: 1
Connection: keep-alive
Upgrade-Insecure-Requests: 1
Sec-Fetch-Dest: document
Sec-Fetch-Mode: navigate
Sec-Fetch-Site: cross-site

",0,https://web.mit.edu/,445,HTTP/1.1,0.0847010612487793,0.11176705360412598,0.1038661003112793,200,OK,[''],13,13,47500,"{""server"": ""Apache"", ""last-modified"": ""Wed, 25 Oct 2023 04:00:52 GMT"", ""etag"": ""\""10e8c38c-b9cd-653892f4\"""", ""accept-ranges"": ""bytes"", ""x-cnection"": ""close"", ""content-type"": ""text/html"", ""vary"": ""Accept-Encoding"", ""content-encoding"": ""gzip"", ""date"": ""Wed, 25 Oct 2023 12:33:25 GMT"", ""content-length"": ""12320"", ""connection"": ""keep-alive"", ""content-security-policy"": ""frame-ancestors 'self' https://web.mit.edu https://www.mit.edu http://web.mit.edu http://www.mit.edu"", ""x-frame-options"": ""SAMEORIGIN""}"
2,"GET https://web.mit.edu/  HTTP/1.1
Host: web.mit.edu
User-Agent: Mozilla/5.0 (Windows NT 10.0; rv:102.0) Gecko/20100101 Firefox/102.0
Accept: text/html,application/xhtml+xml,application/xml;q=0.9,image/avif,image/webp,*/*;q=0.8
Accept-Encoding: gzip, deflate, br
Accept-Language: en-US,en;q=0.5
DNT: 1
Connection: keep-alive
Upgrade-Insecure-Requests: 1
Sec-Fetch-Dest: document
Sec-Fetch-Mode: navigate
Sec-Fetch-Site: cross-site

",0,https://web.mit.edu/,445,HTTP/1.1,0.1210489273071289,0.11159181594848633,0.06685709953308105,200,OK,[''],13,13,47500,"{""server"": ""Apache"", ""last-modified"": ""Wed, 25 Oct 2023 04:00:52 GMT"", ""etag"": ""\""10e8c38c-b9cd-653892f4\"""", ""accept-ranges"": ""bytes"", ""x-cnection"": ""close"", ""content-type"": ""text/html"", ""vary"": ""Accept-Encoding"", ""content-encoding"": ""gzip"", ""date"": ""Wed, 25 Oct 2023 12:33:36 GMT"", ""content-length"": ""12320"", ""connection"": ""keep-alive"", ""content-security-policy"": ""frame-ancestors 'self' https://web.mit.edu https://www.mit.edu http://web.mit.edu http://www.mit.edu"", ""x-frame-options"": ""SAMEORIGIN""}"
3,"GET https://web.mit.edu/  HTTP/1.1
Host: web.mit.edu
User-Agent: Mozilla/5.0 (Windows NT 10.0; rv:102.0) Gecko/20100101 Firefox/102.0
Accept: text/html,application/xhtml+xml,application/xml;q=0.9,image/avif,image/webp,*/*;q=0.8
Accept-Encoding: gzip, deflate, br
Accept-Language: en-US,en;q=0.5
DNT: 1
Connection: keep-alive
Upgrade-Insecure-Requests: 1
Sec-Fetch-Dest: document
Sec-Fetch-Mode: navigate
Sec-Fetch-Site: cross-site

",0,https://web.mit.edu/,445,HTTP/1.1,0.1019132137298584,0.10414910316467285,0.031249523162841797,200,OK,[''],13,13,47500,"{""server"": ""Apache"", ""last-modified"": ""Wed, 25 Oct 2023 04:00:52 GMT"", ""etag"": ""\""10e8c38c-b9cd-653892f4\"""", ""accept-ranges"": ""bytes"", ""x-cnection"": ""close"", ""content-type"": ""text/html"", ""vary"": ""Accept-Encoding"", ""content-encoding"": ""gzip"", ""date"": ""Wed, 25 Oct 2023 12:33:47 GMT"", ""content-length"": ""12320"", ""connection"": ""keep-alive"", ""content-security-policy"": ""frame-ancestors 'self' https://web.mit.edu https://www.mit.edu http://web.mit.edu http://www.mit.edu"", ""x-frame-options"": ""SAMEORIGIN""}"
4,"GET https://web.mit.edu/  HTTP/1.1
Host: web.mit.edu
User-Agent: Mozilla/5.0 (Windows NT 10.0; rv:102.0) Gecko/20100101 Firefox/102.0
Accept: text/html,application/xhtml+xml,application/xml;q=0.9,image/avif,image/webp,*/*;q=0.8
Accept-Encoding: gzip, deflate, br
Accept-Language: en-US,en;q=0.5
DNT: 1
Connection: keep-alive
Upgrade-Insecure-Requests: 1
Sec-Fetch-Dest: document
Sec-Fetch-Mode: navigate
Sec-Fetch-Site: cross-site

",0,https://web.mit.edu/,445,HTTP/1.1,0.14266133308410645,0.1487743854522705,0.06682658195495605,200,OK,[''],13,13,47500,"{""server"": ""Apache"", ""last-modified"": ""Wed, 25 Oct 2023 04:00:52 GMT"", ""etag"": ""\""10e8c38c-b9cd-653892f4\"""", ""accept-ranges"": ""bytes"", ""x-cnection"": ""close"", ""content-type"": ""text/html"", ""vary"": ""Accept-Encoding"", ""content-encoding"": ""gzip"", ""date"": ""Wed, 25 Oct 2023 12:33:57 GMT"", ""content-length"": ""12320"", ""connection"": ""keep-alive"", ""content-security-policy"": ""frame-ancestors 'self' https://web.mit.edu https://www.mit.edu http://web.mit.edu http://www.mit.edu"", ""x-frame-options"": ""SAMEORIGIN""}"
5,"GET https://web.mit.edu/  HTTP/1.1
Host: web.mit.edu
User-Agent: Mozilla/5.0 (Windows NT 10.0; rv:102.0) Gecko/20100101 Firefox/102.0
Accept: text/html,application/xhtml+xml,application/xml;q=0.9,image/avif,image/webp,*/*;q=0.8
Accept-Encoding: gzip, deflate, br
Accept-Language: en-US,en;q=0.5
DNT: 1
Connection: keep-alive
Upgrade-Insecure-Requests: 1
Sec-Fetch-Dest: document
Sec-Fetch-Mode: navigate
Sec-Fetch-Site: cross-site

",0,https://web.mit.edu/,445,HTTP/1.1,0.10357189178466797,0.1357593536376953,0.08781075477600098,200,OK,[''],13,13,47500,"{""server"": ""Apache"", ""last-modified"": ""Wed, 25 Oct 2023 04:00:52 GMT"", ""etag"": ""\""10e8c38c-b9cd-653892f4\"""", ""accept-ranges"": ""bytes"", ""x-cnection"": ""close"", ""content-type"": ""text/html"", ""vary"": ""Accept-Encoding"", ""content-encoding"": ""gzip"", ""date"": ""Wed, 25 Oct 2023 12:34:08 GMT"", ""content-length"": ""12320"", ""connection"": ""keep-alive"", ""content-security-policy"": ""frame-ancestors 'self' https://web.mit.edu https://www.mit.edu http://web.mit.edu http://www.mit.edu"", ""x-frame-options"": ""SAMEORIGIN""}"
6,"GET https://web.mit.edu/  HTTP/1.1
Host: web.mit.edu
User-Agent: Mozilla/5.0 (Windows NT 10.0; rv:102.0) Gecko/20100101 Firefox/102.0
Accept: text/html,application/xhtml+xml,application/xml;q=0.9,image/avif,image/webp,*/*;q=0.8
Accept-Encoding: gzip, deflate, br
Accept-Language: en-US,en;q=0.5
DNT: 1
Connection: keep-alive
Upgrade-Insecure-Requests: 1
Sec-Fetch-Dest: document
Sec-Fetch-Mode: navigate
Sec-Fetch-Site: cross-site

",0,https://web.mit.edu/,445,HTTP/1.1,0.0909886360168457,0.1123800277709961,0.03654217720031738,200,OK,[''],13,13,47500,"{""server"": ""Apache"", ""last-modified"": ""Wed, 25 Oct 2023 04:00:52 GMT"", ""etag"": ""\""10e8c38c-b9cd-653892f4\"""", ""accept-ranges"": ""bytes"", ""x-cnection"": ""close"", ""content-type"": ""text/html"", ""vary"": ""Accept-Encoding"", ""content-encoding"": ""gzip"", ""date"": ""Wed, 25 Oct 2023 12:34:18 GMT"", ""content-length"": ""12320"", ""connection"": ""keep-alive"", ""content-security-policy"": ""frame-ancestors 'self' https://web.mit.edu https://www.mit.edu http://web.mit.edu http://www.mit.edu"", ""x-frame-options"": ""SAMEORIGIN""}"
7,"GET https://web.mit.edu/  HTTP/1.1
Host: web.mit.edu
User-Agent: Mozilla/5.0 (Windows NT 10.0; rv:102.0) Gecko/20100101 Firefox/102.0
Accept: text/html,application/xhtml+xml,application/xml;q=0.9,image/avif,image/webp,*/*;q=0.8
Accept-Encoding: gzip, deflate, br
Accept-Language: en-US,en;q=0.5
DNT: 1
Connection: keep-alive
Upgrade-Insecure-Requests: 1
Sec-Fetch-Dest: document
Sec-Fetch-Mode: navigate
Sec-Fetch-Site: cross-site

",0,https://web.mit.edu/,445,HTTP/1.1,0.2558584213256836,0.13553309440612793,0.0641331672668457,200,OK,[''],13,13,47500,"{""server"": ""Apache"", ""last-modified"": ""Wed, 25 Oct 2023 04:00:52 GMT"", ""etag"": ""\""10e8c38c-b9cd-653892f4\"""", ""accept-ranges"": ""bytes"", ""x-cnection"": ""close"", ""content-type"": ""text/html"", ""vary"": ""Accept-Encoding"", ""content-encoding"": ""gzip"", ""date"": ""Wed, 25 Oct 2023 12:34:28 GMT"", ""content-length"": ""12320"", ""connection"": ""keep-alive"", ""content-security-policy"": ""frame-ancestors 'self' https://web.mit.edu https://www.mit.edu http://web.mit.edu http://www.mit.edu"", ""x-frame-options"": ""SAMEORIGIN""}"
8,"GET https://web.mit.edu/  HTTP/1.1
Host: web.mit.edu
User-Agent: Mozilla/5.0 (Windows NT 10.0; rv:102.0) Gecko/20100101 Firefox/102.0
Accept: text/html,application/xhtml+xml,application/xml;q=0.9,image/avif,image/webp,*/*;q=0.8
Accept-Encoding: gzip, deflate, br
Accept-Language: en-US,en;q=0.5
DNT: 1
Connection: keep-alive
Upgrade-Insecure-Requests: 1
Sec-Fetch-Dest: document
Sec-Fetch-Mode: navigate
Sec-Fetch-Site: cross-site

",0,https://web.mit.edu/,445,HTTP/1.1,0.1509411334991455,0.17318153381347656,0.11933016777038574,200,OK,[''],13,13,47500,"{""server"": ""Apache"", ""last-modified"": ""Wed, 25 Oct 2023 04:00:52 GMT"", ""etag"": ""\""10e8c38c-b9cd-653892f4\"""", ""accept-ranges"": ""bytes"", ""x-cnection"": ""close"", ""content-type"": ""text/html"", ""vary"": ""Accept-Encoding"", ""content-encoding"": ""gzip"", ""date"": ""Wed, 25 Oct 2023 12:34:38 GMT"", ""content-length"": ""12320"", ""connection"": ""keep-alive"", ""content-security-policy"": ""frame-ancestors 'self' https://web.mit.edu https://www.mit.edu http://web.mit.edu http://www.mit.edu"", ""x-frame-options"": ""SAMEORIGIN""}"
9,"GET https://web.mit.edu/  HTTP/1.1
Host: web.mit.edu
User-Agent: Mozilla/5.0 (Windows NT 10.0; rv:102.0) Gecko/20100101 Firefox/102.0
Accept: text/html,application/xhtml+xml,application/xml;q=0.9,image/avif,image/webp,*/*;q=0.8
Accept-Encoding: gzip, deflate, br
Accept-Language: en-US,en;q=0.5
DNT: 1
Connection: keep-alive
Upgrade-Insecure-Requests: 1
Sec-Fetch-Dest: document
Sec-Fetch-Mode: navigate
Sec-Fetch-Site: cross-site

",0,https://web.mit.edu/,445,HTTP/1.1,0.22141695022583008,0.10688614845275879,0.04230141639709473,200,OK,[''],13,13,47500,"{""server"": ""Apache"", ""last-modified"": ""Wed, 25 Oct 2023 04:00:52 GMT"", ""etag"": ""\""10e8c38c-b9cd-653892f4\"""", ""accept-ranges"": ""bytes"", ""x-cnection"": ""close"", ""content-type"": ""text/html"", ""vary"": ""Accept-Encoding"", ""content-encoding"": ""gzip"", ""date"": ""Wed, 25 Oct 2023 12:34:48 GMT"", ""content-length"": ""12320"", ""connection"": ""keep-alive"", ""content-security-policy"": ""frame-ancestors 'self' https://web.mit.edu https://www.mit.edu http://web.mit.edu http://www.mit.edu"", ""x-frame-options"": ""SAMEORIGIN""}"
