[
    {
        "number": 0,
        "request": "GET https://web.mit.edu/  HTTP/1.1\r\nHost: web.mit.edu\r\nUser-Agent: Mozilla/5.0 (Windows NT 10.0; rv:102.0) Gecko/20100101 Firefox/102.0\r\nAccept: text/html,application/xhtml+xml,application/xml;q=0.9,image/avif,image/webp,*/*;q=0.8\r\nAccept-Encoding: gzip, deflate, br\r\nAccept-Language: en-US,en;q=0.5\r\nDNT: 1\r\nConnection: keep-alive\r\nUpgrade-Insecure-Requests: 1\r\nSec-Fetch-Dest: document\r\nSec-Fetch-Mode: navigate\r\nSec-Fetch-Site: cross-site\r\n\r\n",
        "deviation_count": 0,
        "uri": "https://web.mit.edu/",
        "request_length": 445,
        "Response_Time": 0.08360838890075684,
        "status_code": 200,
        "reason_phrase": "OK",
        "error_message": [
            ""
        ],
        "response_header_count": 13,
        "response_header_length": 13,
        "response_body_length": 47500,
        "response_header_fields": {
            "server": "Apache",
            "last-modified": "Wed, 25 Oct 2023 04:00:52 GMT",
            "etag": "\"10e8c38c-b9cd-653892f4\"",
            "accept-ranges": "bytes",
            "x-cnection": "close",
            "content-type": "text/html",
            "vary": "Accept-Encoding",
            "content-encoding": "gzip",
            "date": "Wed, 25 Oct 2023 12:33:15 GMT",
            "content-length": "12320",
            "connection": "keep-alive",
            "content-security-policy": "frame-ancestors 'self' https://web.mit.edu https://www.mit.edu http://web.mit.edu http://www.mit.edu",
            "x-frame-options": "SAMEORIGIN"
        }
    },
    {
        "number": 1,
        "request": "GET https://web.mit.edu/  HTTP/1.1\r\nHost: web.mit.edu\r\nUser-Agent: Mozilla/5.0 (Windows NT 10.0; rv:102.0) Gecko/20100101 Firefox/102.0\r\nAccept: text/html,application/xhtml+xml,application/xml;q=0.9,image/avif,image/webp,*/*;q=0.8\r\nAccept-Encoding: gzip, deflate, br\r\nAccept-Language: en-US,en;q=0.5\r\nDNT: 1\r\nConnection: keep-alive\r\nUpgrade-Insecure-Requests: 1\r\nSec-Fetch-Dest: document\r\nSec-Fetch-Mode: navigate\r\nSec-Fetch-Site: cross-site\r\n\r\n",
        "deviation_count": 0,
        "uri": "https://web.mit.edu/",
        "request_length": 445,
        "Response_Time": 0.1038661003112793,
        "status_code": 200,
        "reason_phrase": "OK",
        "error_message": [
            ""
        ],
        "response_header_count": 13,
        "response_header_length": 13,
        "response_body_length": 47500,
        "response_header_fields": {
            "server": "Apache",
            "last-modified": "Wed, 25 Oct 2023 04:00:52 GMT",
            "etag": "\"10e8c38c-b9cd-653892f4\"",
            "accept-ranges": "bytes",
            "x-cnection": "close",
            "content-type": "text/html",
            "vary": "Accept-Encoding",
            "content-encoding": "gzip",
            "date": "Wed, 25 Oct 2023 12:33:25 GMT",
            "content-length": "12320",
            "connection": "keep-alive",
            "content-security-policy": "frame-ancestors 'self' https://web.mit.edu https://www.mit.edu http://web.mit.edu http://www.mit.edu",
            "x-frame-options": "SAMEORIGIN"
        }
    },
    {
        "number": 2,
        "request": "GET https://web.mit.edu/  HTTP/1.1\r\nHost: web.mit.edu\r\nUser-Agent: Mozilla/5.0 (Windows NT 10.0; rv:102.0) Gecko/20100101 Firefox/102.0\r\nAccept: text/html,application/xhtml+xml,application/xml;q=0.9,image/avif,image/webp,*/*;q=0.8\r\nAccept-Encoding: gzip, deflate, br\r\nAccept-Language: en-US,en;q=0.5\r\nDNT: 1\r\nConnection: keep-alive\r\nUpgrade-Insecure-Requests: 1\r\nSec-Fetch-Dest: document\r\nSec-Fetch-Mode: navigate\r\nSec-Fetch-Site: cross-site\r\n\r\n",
        "deviation_count": 0,
        "uri": "https://web.mit.edu/",
        "request_length": 445,
        "Response_Time": 0.06685709953308105,
        "status_code": 200,
        "reason_phrase": "OK",
        "error_message": [
            ""
        ],
        "response_header_count": 13,
        "response_header_length": 13,
        "response_body_length": 47500,
        "response_header_fields": {
            "server": "Apache",
            "last-modified": "Wed, 25 Oct 2023 04:00:52 GMT",
            "etag": "\"10e8c38c-b9cd-653892f4\"",
            "accept-ranges": "bytes",
            "x-cnection": "close",
            "content-type": "text/html",
            "vary": "Accept-Encoding",
            "content-encoding": "gzip",
            "date": "Wed, 25 Oct 2023 12:33:36 GMT",
            "content-length": "12320",
            "connection": "keep-alive",
            "content-security-policy": "frame-ancestors 'self' https://web.mit.edu https://www.mit.edu http://web.mit.edu http://www.mit.edu",
            "x-frame-options": "SAMEORIGIN"
        }
    },
    {
        "number": 3,
        "request": "GET https://web.mit.edu/  HTTP/1.1\r\nHost: web.mit.edu\r\nUser-Agent: Mozilla/5.0 (Windows NT 10.0; rv:102.0) Gecko/20100101 Firefox/102.0\r\nAccept: text/html,application/xhtml+xml,application/xml;q=0.9,image/avif,image/webp,*/*;q=0.8\r\nAccept-Encoding: gzip, deflate, br\r\nAccept-Language: en-US,en;q=0.5\r\nDNT: 1\r\nConnection: keep-alive\r\nUpgrade-Insecure-Requests: 1\r\nSec-Fetch-Dest: document\r\nSec-Fetch-Mode: navigate\r\nSec-Fetch-Site: cross-site\r\n\r\n",
        "deviation_count": 0,
        "uri": "https://web.mit.edu/",
        "request_length": 445,
        "Response_Time": 0.031249523162841797,
        "status_code": 200,
        "reason_phrase": "OK",
        "error_message": [
            ""
        ],
        "response_header_count": 13,
        "response_header_length": 13,
        "response_body_length": 47500,
        "response_header_fields": {
            "server": "Apache",
            "last-modified": "Wed, 25 Oct 2023 04:00:52 GMT",
            "etag": "\"10e8c38c-b9cd-653892f4\"",
            "accept-ranges": "bytes",
            "x-cnection": "close",
            "content-type": "text/html",
            "vary": "Accept-Encoding",
            "content-encoding": "gzip",
            "date": "Wed, 25 Oct 2023 12:33:47 GMT",
            "content-length": "12320",
            "connection": "keep-alive",
            "content-security-policy": "frame-ancestors 'self' https://web.mit.edu https://www.mit.edu http://web.mit.edu http://www.mit.edu",
            "x-frame-options": "SAMEORIGIN"
        }
    },
    {
        "number": 4,
        "request": "GET https://web.mit.edu/  HTTP/1.1\r\nHost: web.mit.edu\r\nUser-Agent: Mozilla/5.0 (Windows NT 10.0; rv:102.0) Gecko/20100101 Firefox/102.0\r\nAccept: text/html,application/xhtml+xml,application/xml;q=0.9,image/avif,image/webp,*/*;q=0.8\r\nAccept-Encoding: gzip, deflate, br\r\nAccept-Language: en-US,en;q=0.5\r\nDNT: 1\r\nConnection: keep-alive\r\nUpgrade-Insecure-Requests: 1\r\nSec-Fetch-Dest: document\r\nSec-Fetch-Mode: navigate\r\nSec-Fetch-Site: cross-site\r\n\r\n",
        "deviation_count": 0,
        "uri": "https://web.mit.edu/",
        "request_length": 445,
        "Response_Time": 0.06682658195495605,
        "status_code": 200,
        "reason_phrase": "OK",
        "error_message": [
            ""
        ],
        "response_header_count": 13,
        "response_header_length": 13,
        "response_body_length": 47500,
        "response_header_fields": {
            "server": "Apache",
            "last-modified": "Wed, 25 Oct 2023 04:00:52 GMT",
            "etag": "\"10e8c38c-b9cd-653892f4\"",
            "accept-ranges": "bytes",
            "x-cnection": "close",
            "content-type": "text/html",
            "vary": "Accept-Encoding",
            "content-encoding": "gzip",
            "date": "Wed, 25 Oct 2023 12:33:57 GMT",
            "content-length": "12320",
            "connection": "keep-alive",
            "content-security-policy": "frame-ancestors 'self' https://web.mit.edu https://www.mit.edu http://web.mit.edu http://www.mit.edu",
            "x-frame-options": "SAMEORIGIN"
        }
    },
    {
        "number": 5,
        "request": "GET https://web.mit.edu/  HTTP/1.1\r\nHost: web.mit.edu\r\nUser-Agent: Mozilla/5.0 (Windows NT 10.0; rv:102.0) Gecko/20100101 Firefox/102.0\r\nAccept: text/html,application/xhtml+xml,application/xml;q=0.9,image/avif,image/webp,*/*;q=0.8\r\nAccept-Encoding: gzip, deflate, br\r\nAccept-Language: en-US,en;q=0.5\r\nDNT: 1\r\nConnection: keep-alive\r\nUpgrade-Insecure-Requests: 1\r\nSec-Fetch-Dest: document\r\nSec-Fetch-Mode: navigate\r\nSec-Fetch-Site: cross-site\r\n\r\n",
        "deviation_count": 0,
        "uri": "https://web.mit.edu/",
        "request_length": 445,
        "Response_Time": 0.08781075477600098,
        "status_code": 200,
        "reason_phrase": "OK",
        "error_message": [
            ""
        ],
        "response_header_count": 13,
        "response_header_length": 13,
        "response_body_length": 47500,
        "response_header_fields": {
            "server": "Apache",
            "last-modified": "Wed, 25 Oct 2023 04:00:52 GMT",
            "etag": "\"10e8c38c-b9cd-653892f4\"",
            "accept-ranges": "bytes",
            "x-cnection": "close",
            "content-type": "text/html",
            "vary": "Accept-Encoding",
            "content-encoding": "gzip",
            "date": "Wed, 25 Oct 2023 12:34:08 GMT",
            "content-length": "12320",
            "connection": "keep-alive",
            "content-security-policy": "frame-ancestors 'self' https://web.mit.edu https://www.mit.edu http://web.mit.edu http://www.mit.edu",
            "x-frame-options": "SAMEORIGIN"
        }
    },
    {
        "number": 6,
        "request": "GET https://web.mit.edu/  HTTP/1.1\r\nHost: web.mit.edu\r\nUser-Agent: Mozilla/5.0 (Windows NT 10.0; rv:102.0) Gecko/20100101 Firefox/102.0\r\nAccept: text/html,application/xhtml+xml,application/xml;q=0.9,image/avif,image/webp,*/*;q=0.8\r\nAccept-Encoding: gzip, deflate, br\r\nAccept-Language: en-US,en;q=0.5\r\nDNT: 1\r\nConnection: keep-alive\r\nUpgrade-Insecure-Requests: 1\r\nSec-Fetch-Dest: document\r\nSec-Fetch-Mode: navigate\r\nSec-Fetch-Site: cross-site\r\n\r\n",
        "deviation_count": 0,
        "uri": "https://web.mit.edu/",
        "request_length": 445,
        "Response_Time": 0.03654217720031738,
        "status_code": 200,
        "reason_phrase": "OK",
        "error_message": [
            ""
        ],
        "response_header_count": 13,
        "response_header_length": 13,
        "response_body_length": 47500,
        "response_header_fields": {
            "server": "Apache",
            "last-modified": "Wed, 25 Oct 2023 04:00:52 GMT",
            "etag": "\"10e8c38c-b9cd-653892f4\"",
            "accept-ranges": "bytes",
            "x-cnection": "close",
            "content-type": "text/html",
            "vary": "Accept-Encoding",
            "content-encoding": "gzip",
            "date": "Wed, 25 Oct 2023 12:34:18 GMT",
            "content-length": "12320",
            "connection": "keep-alive",
            "content-security-policy": "frame-ancestors 'self' https://web.mit.edu https://www.mit.edu http://web.mit.edu http://www.mit.edu",
            "x-frame-options": "SAMEORIGIN"
        }
    },
    {
        "number": 7,
        "request": "GET https://web.mit.edu/  HTTP/1.1\r\nHost: web.mit.edu\r\nUser-Agent: Mozilla/5.0 (Windows NT 10.0; rv:102.0) Gecko/20100101 Firefox/102.0\r\nAccept: text/html,application/xhtml+xml,application/xml;q=0.9,image/avif,image/webp,*/*;q=0.8\r\nAccept-Encoding: gzip, deflate, br\r\nAccept-Language: en-US,en;q=0.5\r\nDNT: 1\r\nConnection: keep-alive\r\nUpgrade-Insecure-Requests: 1\r\nSec-Fetch-Dest: document\r\nSec-Fetch-Mode: navigate\r\nSec-Fetch-Site: cross-site\r\n\r\n",
        "deviation_count": 0,
        "uri": "https://web.mit.edu/",
        "request_length": 445,
        "Response_Time": 0.0641331672668457,
        "status_code": 200,
        "reason_phrase": "OK",
        "error_message": [
            ""
        ],
        "response_header_count": 13,
        "response_header_length": 13,
        "response_body_length": 47500,
        "response_header_fields": {
            "server": "Apache",
            "last-modified": "Wed, 25 Oct 2023 04:00:52 GMT",
            "etag": "\"10e8c38c-b9cd-653892f4\"",
            "accept-ranges": "bytes",
            "x-cnection": "close",
            "content-type": "text/html",
            "vary": "Accept-Encoding",
            "content-encoding": "gzip",
            "date": "Wed, 25 Oct 2023 12:34:28 GMT",
            "content-length": "12320",
            "connection": "keep-alive",
            "content-security-policy": "frame-ancestors 'self' https://web.mit.edu https://www.mit.edu http://web.mit.edu http://www.mit.edu",
            "x-frame-options": "SAMEORIGIN"
        }
    },
    {
        "number": 8,
        "request": "GET https://web.mit.edu/  HTTP/1.1\r\nHost: web.mit.edu\r\nUser-Agent: Mozilla/5.0 (Windows NT 10.0; rv:102.0) Gecko/20100101 Firefox/102.0\r\nAccept: text/html,application/xhtml+xml,application/xml;q=0.9,image/avif,image/webp,*/*;q=0.8\r\nAccept-Encoding: gzip, deflate, br\r\nAccept-Language: en-US,en;q=0.5\r\nDNT: 1\r\nConnection: keep-alive\r\nUpgrade-Insecure-Requests: 1\r\nSec-Fetch-Dest: document\r\nSec-Fetch-Mode: navigate\r\nSec-Fetch-Site: cross-site\r\n\r\n",
        "deviation_count": 0,
        "uri": "https://web.mit.edu/",
        "request_length": 445,
        "Response_Time": 0.11933016777038574,
        "status_code": 200,
        "reason_phrase": "OK",
        "error_message": [
            ""
        ],
        "response_header_count": 13,
        "response_header_length": 13,
        "response_body_length": 47500,
        "response_header_fields": {
            "server": "Apache",
            "last-modified": "Wed, 25 Oct 2023 04:00:52 GMT",
            "etag": "\"10e8c38c-b9cd-653892f4\"",
            "accept-ranges": "bytes",
            "x-cnection": "close",
            "content-type": "text/html",
            "vary": "Accept-Encoding",
            "content-encoding": "gzip",
            "date": "Wed, 25 Oct 2023 12:34:38 GMT",
            "content-length": "12320",
            "connection": "keep-alive",
            "content-security-policy": "frame-ancestors 'self' https://web.mit.edu https://www.mit.edu http://web.mit.edu http://www.mit.edu",
            "x-frame-options": "SAMEORIGIN"
        }
    },
    {
        "number": 9,
        "request": "GET https://web.mit.edu/  HTTP/1.1\r\nHost: web.mit.edu\r\nUser-Agent: Mozilla/5.0 (Windows NT 10.0; rv:102.0) Gecko/20100101 Firefox/102.0\r\nAccept: text/html,application/xhtml+xml,application/xml;q=0.9,image/avif,image/webp,*/*;q=0.8\r\nAccept-Encoding: gzip, deflate, br\r\nAccept-Language: en-US,en;q=0.5\r\nDNT: 1\r\nConnection: keep-alive\r\nUpgrade-Insecure-Requests: 1\r\nSec-Fetch-Dest: document\r\nSec-Fetch-Mode: navigate\r\nSec-Fetch-Site: cross-site\r\n\r\n",
        "deviation_count": 0,
        "uri": "https://web.mit.edu/",
        "request_length": 445,
        "Response_Time": 0.04230141639709473,
        "status_code": 200,
        "reason_phrase": "OK",
        "error_message": [
            ""
        ],
        "response_header_count": 13,
        "response_header_length": 13,
        "response_body_length": 47500,
        "response_header_fields": {
            "server": "Apache",
            "last-modified": "Wed, 25 Oct 2023 04:00:52 GMT",
            "etag": "\"10e8c38c-b9cd-653892f4\"",
            "accept-ranges": "bytes",
            "x-cnection": "close",
            "content-type": "text/html",
            "vary": "Accept-Encoding",
            "content-encoding": "gzip",
            "date": "Wed, 25 Oct 2023 12:34:48 GMT",
            "content-length": "12320",
            "connection": "keep-alive",
            "content-security-policy": "frame-ancestors 'self' https://web.mit.edu https://www.mit.edu http://web.mit.edu http://www.mit.edu",
            "x-frame-options": "SAMEORIGIN"
        }
    }
]