number,request,deviation_count,uri,request_length,http_version,Socket_Connect_Time,Socket_Close_Time,Response_Time,status_code,reason_phrase,error_message,response_header_count,response_header_length,response_body_length,response_header_fields
0,"GET https://gravatar.com/  HTTP/1.1
Host: gravatar.com
User-Agent: Mozilla/5.0 (Windows NT 10.0; rv:102.0) Gecko/20100101 Firefox/102.0
Accept: text/html,application/xhtml+xml,application/xml;q=0.9,image/avif,image/webp,*/*;q=0.8
Accept-Encoding: gzip, deflate, br
Accept-Language: en-US,en;q=0.5
DNT: 1
Connection: keep-alive
Upgrade-Insecure-Requests: 1
Sec-Fetch-Dest: document
Sec-Fetch-Mode: navigate
Sec-Fetch-Site: cross-site

",0,https://gravatar.com/,447,HTTP/1.1,0.42663049697875977,0.10491228103637695,0.1507878303527832,200,OK,[''],13,13,0,"{""server"": ""nginx"", ""date"": ""Wed, 25 Oct 2023 12:33:13 GMT"", ""content-type"": ""text/html; charset=utf-8"", ""transfer-encoding"": ""chunked"", ""connection"": ""keep-alive"", ""vary"": ""Accept-Encoding"", ""p3p"": ""CP=\""CAO PSA\"""", ""expires"": ""Wed, 11 Jan 1984 05:00:00 GMT"", ""last-modified"": ""Wed, 25 Oct 2023 12:33:13 GMT"", ""cache-control"": ""no-cache, must-revalidate, max-age=0"", ""pragma"": ""no-cache"", ""x-frame-options"": ""SAMEORIGIN"", ""content-security-policy-report-only"": ""default-src gravatar.com *.gravatar.com; script-src gravatar.com *.gravatar.com *.wp.com *.google-analytics.com *.googletagmanager.com apis.google.com/js/ 'nonce-64ff1bbc9952'; style-src 'self' gravatar.com *.gravatar.com *.wp.com fonts.googleapis.com 'nonce-f65ae5ca8961' 'sha256-NE3gBSsVG0IdyINKOXv7oHDjOD1hoJpOCZQDS8LzvUc=' 'sha256-ONA8DqqhBTsIrZzU3/jZyRdkNkkAGEU74EH252dbGS8=' 'sha256-uYx4ryugsGdahnaIId0IhtdPIgBkKBfNZg2/H0eWhqk=' 'sha256-47DEQpj8HBSa+/TImW+5JCeuQeRkm5NMpJWZG3hSuFU=' 'sha256-xi7Iu5TcqJkb4mlu0FHpAYfWWCETn5kNH3GPA4Coh4M=' 'sha256-47DEQpj8HBSa+/TImW+5JCeuQeRkm5NMpJWZG3hSuFU=' 'sha256-Fw2RK+YpRih15zbXuAaoQAV98ZS+OLAX6wDQ2AkaEho=' 'sha256-t9/679CRyrVA6r3JGaAzcO+diam/7WLn6KXJHJuOzUI=' 'sha256-h0RPO0+/L+WC46JS6RvM6D3KN9C2LfMai6hxwzVFU2k=' 'sha256-YIktaUP7IBRwVksGEOmRykAcO2jHTw97BHns4OnHTIw=' 'sha256-MSTZvl0psO46WYZImeDzGMr7OqGRUy5RPDaeL19QpBk=' ;font-src data: gravatar.com *.gravatar.com *.wp.com fonts.gstatic.com; img-""}"
1,"GET https://gravatar.com/  HTTP/1.1
Host: gravatar.com
User-Agent: Mozilla/5.0 (Windows NT 10.0; rv:102.0) Gecko/20100101 Firefox/102.0
Accept: text/html,application/xhtml+xml,application/xml;q=0.9,image/avif,image/webp,*/*;q=0.8
Accept-Encoding: gzip, deflate, br
Accept-Language: en-US,en;q=0.5
DNT: 1
Connection: keep-alive
Upgrade-Insecure-Requests: 1
Sec-Fetch-Dest: document
Sec-Fetch-Mode: navigate
Sec-Fetch-Site: cross-site

",0,https://gravatar.com/,447,HTTP/1.1,0.4483058452606201,0.10284423828125,0.15233349800109863,200,OK,[''],13,13,0,"{""server"": ""nginx"", ""date"": ""Wed, 25 Oct 2023 12:33:23 GMT"", ""content-type"": ""text/html; charset=utf-8"", ""transfer-encoding"": ""chunked"", ""connection"": ""keep-alive"", ""vary"": ""Accept-Encoding"", ""p3p"": ""CP=\""CAO PSA\"""", ""expires"": ""Wed, 11 Jan 1984 05:00:00 GMT"", ""last-modified"": ""Wed, 25 Oct 2023 12:33:23 GMT"", ""cache-control"": ""no-cache, must-revalidate, max-age=0"", ""pragma"": ""no-cache"", ""x-frame-options"": ""SAMEORIGIN"", ""content-security-policy-report-only"": ""default-src gravatar.com *.gravatar.com; script-src gravatar.com *.gravatar.com *.wp.com *.google-analytics.com *.googletagmanager.com apis.google.com/js/ 'nonce-a3482d7383f9'; style-src 'self' gravatar.com *.gravatar.com *.wp.com fonts.googleapis.com 'nonce-60f61b74f2e9' 'sha256-NE3gBSsVG0IdyINKOXv7oHDjOD1hoJpOCZQDS8LzvUc=' 'sha256-ONA8DqqhBTsIrZzU3/jZyRdkNkkAGEU74EH252dbGS8=' 'sha256-uYx4ryugsGdahnaIId0IhtdPIgBkKBfNZg2/H0eWhqk=' 'sha256-47DEQpj8HBSa+/TImW+5JCeuQeRkm5NMpJWZG3hSuFU=' 'sha256-xi7Iu5TcqJkb4mlu0FHpAYfWWCETn5kNH3GPA4Coh4M=' 'sha256-47DEQpj8HBSa+/TImW+5JCeuQeRkm5NMpJWZG3hSuFU=' 'sha256-Fw2RK+YpRih15zbXuAaoQAV98ZS+OLAX6wDQ2AkaEho=' 'sha256-t9/679CRyrVA6r3JGaAzcO+diam/7WLn6KXJHJuOzUI=' 'sha256-h0RPO0+/L+WC46JS6RvM6D3KN9C2LfMai6hxwzVFU2k=' 'sha256-YIktaUP7IBRwVksGEOmRykAcO2jHTw97BHns4OnHTIw=' 'sha256-MSTZvl0psO46WYZImeDzGMr7OqGRUy5RPDaeL19QpBk=' ;font-src data: gravatar.com *.gravatar.com *.wp.com fonts.gstatic.com; img-""}"
2,"GET https://gravatar.com/  HTTP/1.1
Host: gravatar.com
User-Agent: Mozilla/5.0 (Windows NT 10.0; rv:102.0) Gecko/20100101 Firefox/102.0
Accept: text/html,application/xhtml+xml,application/xml;q=0.9,image/avif,image/webp,*/*;q=0.8
Accept-Encoding: gzip, deflate, br
Accept-Language: en-US,en;q=0.5
DNT: 1
Connection: keep-alive
Upgrade-Insecure-Requests: 1
Sec-Fetch-Dest: document
Sec-Fetch-Mode: navigate
Sec-Fetch-Site: cross-site

",0,https://gravatar.com/,447,HTTP/1.1,0.41945576667785645,0.16111493110656738,0.15742802619934082,200,OK,[''],13,13,0,"{""server"": ""nginx"", ""date"": ""Wed, 25 Oct 2023 12:33:33 GMT"", ""content-type"": ""text/html; charset=utf-8"", ""transfer-encoding"": ""chunked"", ""connection"": ""keep-alive"", ""vary"": ""Accept-Encoding"", ""p3p"": ""CP=\""CAO PSA\"""", ""expires"": ""Wed, 11 Jan 1984 05:00:00 GMT"", ""last-modified"": ""Wed, 25 Oct 2023 12:33:33 GMT"", ""cache-control"": ""no-cache, must-revalidate, max-age=0"", ""pragma"": ""no-cache"", ""x-frame-options"": ""SAMEORIGIN"", ""content-security-policy-report-only"": ""default-src gravatar.com *.gravatar.com; script-src gravatar.com *.gravatar.com *.wp.com *.google-analytics.com *.googletagmanager.com apis.google.com/js/ 'nonce-a8e16aa7faf9'; style-src 'self' gravatar.com *.gravatar.com *.wp.com fonts.googleapis.com 'nonce-34eaa07593a8' 'sha256-NE3gBSsVG0IdyINKOXv7oHDjOD1hoJpOCZQDS8LzvUc=' 'sha256-ONA8DqqhBTsIrZzU3/jZyRdkNkkAGEU74EH252dbGS8=' 'sha256-uYx4ryugsGdahnaIId0IhtdPIgBkKBfNZg2/H0eWhqk=' 'sha256-47DEQpj8HBSa+/TImW+5JCeuQeRkm5NMpJWZG3hSuFU=' 'sha256-xi7Iu5TcqJkb4mlu0FHpAYfWWCETn5kNH3GPA4Coh4M=' 'sha256-47DEQpj8HBSa+/TImW+5JCeuQeRkm5NMpJWZG3hSuFU=' 'sha256-Fw2RK+YpRih15zbXuAaoQAV98ZS+OLAX6wDQ2AkaEho=' 'sha256-t9/679CRyrVA6r3JGaAzcO+diam/7WLn6KXJHJuOzUI=' 'sha256-h0RPO0+/L+WC46JS6RvM6D3KN9C2LfMai6hxwzVFU2k=' 'sha256-YIktaUP7IBRwVksGEOmRykAcO2jHTw97BHns4OnHTIw=' 'sha256-MSTZvl0psO46WYZImeDzGMr7OqGRUy5RPDaeL19QpBk=' ;font-src data: gravatar.com *.gravatar.com *.wp.com fonts.gstatic.com; img-""}"
3,"GET https://gravatar.com/  HTTP/1.1
Host: gravatar.com
User-Agent: Mozilla/5.0 (Windows NT 10.0; rv:102.0) Gecko/20100101 Firefox/102.0
Accept: text/html,application/xhtml+xml,application/xml;q=0.9,image/avif,image/webp,*/*;q=0.8
Accept-Encoding: gzip, deflate, br
Accept-Language: en-US,en;q=0.5
DNT: 1
Connection: keep-alive
Upgrade-Insecure-Requests: 1
Sec-Fetch-Dest: document
Sec-Fetch-Mode: navigate
Sec-Fetch-Site: cross-site

",0,https://gravatar.com/,447,HTTP/1.1,0.399871826171875,0.1343986988067627,0.15445423126220703,200,OK,[''],13,13,0,"{""server"": ""nginx"", ""date"": ""Wed, 25 Oct 2023 12:33:45 GMT"", ""content-type"": ""text/html; charset=utf-8"", ""transfer-encoding"": ""chunked"", ""connection"": ""keep-alive"", ""vary"": ""Accept-Encoding"", ""p3p"": ""CP=\""CAO PSA\"""", ""expires"": ""Wed, 11 Jan 1984 05:00:00 GMT"", ""last-modified"": ""Wed, 25 Oct 2023 12:33:45 GMT"", ""cache-control"": ""no-cache, must-revalidate, max-age=0"", ""pragma"": ""no-cache"", ""x-frame-options"": ""SAMEORIGIN"", ""content-security-policy-report-only"": ""default-src gravatar.com *.gravatar.com; script-src gravatar.com *.gravatar.com *.wp.com *.google-analytics.com *.googletagmanager.com apis.google.com/js/ 'nonce-4560b7b9cd06'; style-src 'self' gravatar.com *.gravatar.com *.wp.com fonts.googleapis.com 'nonce-5c08285cb463' 'sha256-NE3gBSsVG0IdyINKOXv7oHDjOD1hoJpOCZQDS8LzvUc=' 'sha256-ONA8DqqhBTsIrZzU3/jZyRdkNkkAGEU74EH252dbGS8=' 'sha256-uYx4ryugsGdahnaIId0IhtdPIgBkKBfNZg2/H0eWhqk=' 'sha256-47DEQpj8HBSa+/TImW+5JCeuQeRkm5NMpJWZG3hSuFU=' 'sha256-xi7Iu5TcqJkb4mlu0FHpAYfWWCETn5kNH3GPA4Coh4M=' 'sha256-47DEQpj8HBSa+/TImW+5JCeuQeRkm5NMpJWZG3hSuFU=' 'sha256-Fw2RK+YpRih15zbXuAaoQAV98ZS+OLAX6wDQ2AkaEho=' 'sha256-t9/679CRyrVA6r3JGaAzcO+diam/7WLn6KXJHJuOzUI=' 'sha256-h0RPO0+/L+WC46JS6RvM6D3KN9C2LfMai6hxwzVFU2k=' 'sha256-YIktaUP7IBRwVksGEOmRykAcO2jHTw97BHns4OnHTIw=' 'sha256-MSTZvl0psO46WYZImeDzGMr7OqGRUy5RPDaeL19QpBk=' ;font-src data: gravatar.com *.gravatar.com *.wp.com fonts.gstatic.com; img-""}"
4,"GET https://gravatar.com/  HTTP/1.1
Host: gravatar.com
User-Agent: Mozilla/5.0 (Windows NT 10.0; rv:102.0) Gecko/20100101 Firefox/102.0
Accept: text/html,application/xhtml+xml,application/xml;q=0.9,image/avif,image/webp,*/*;q=0.8
Accept-Encoding: gzip, deflate, br
Accept-Language: en-US,en;q=0.5
DNT: 1
Connection: keep-alive
Upgrade-Insecure-Requests: 1
Sec-Fetch-Dest: document
Sec-Fetch-Mode: navigate
Sec-Fetch-Site: cross-site

",0,https://gravatar.com/,447,HTTP/1.1,0.39336299896240234,0.11297440528869629,0.15291595458984375,200,OK,[''],13,13,0,"{""server"": ""nginx"", ""date"": ""Wed, 25 Oct 2023 12:33:55 GMT"", ""content-type"": ""text/html; charset=utf-8"", ""transfer-encoding"": ""chunked"", ""connection"": ""keep-alive"", ""vary"": ""Accept-Encoding"", ""p3p"": ""CP=\""CAO PSA\"""", ""expires"": ""Wed, 11 Jan 1984 05:00:00 GMT"", ""last-modified"": ""Wed, 25 Oct 2023 12:33:55 GMT"", ""cache-control"": ""no-cache, must-revalidate, max-age=0"", ""pragma"": ""no-cache"", ""x-frame-options"": ""SAMEORIGIN"", ""content-security-policy-report-only"": ""default-src gravatar.com *.gravatar.com; script-src gravatar.com *.gravatar.com *.wp.com *.google-analytics.com *.googletagmanager.com apis.google.com/js/ 'nonce-1ea8a9ac5bd3'; style-src 'self' gravatar.com *.gravatar.com *.wp.com fonts.googleapis.com 'nonce-c8495c7aab02' 'sha256-NE3gBSsVG0IdyINKOXv7oHDjOD1hoJpOCZQDS8LzvUc=' 'sha256-ONA8DqqhBTsIrZzU3/jZyRdkNkkAGEU74EH252dbGS8=' 'sha256-uYx4ryugsGdahnaIId0IhtdPIgBkKBfNZg2/H0eWhqk=' 'sha256-47DEQpj8HBSa+/TImW+5JCeuQeRkm5NMpJWZG3hSuFU=' 'sha256-xi7Iu5TcqJkb4mlu0FHpAYfWWCETn5kNH3GPA4Coh4M=' 'sha256-47DEQpj8HBSa+/TImW+5JCeuQeRkm5NMpJWZG3hSuFU=' 'sha256-Fw2RK+YpRih15zbXuAaoQAV98ZS+OLAX6wDQ2AkaEho=' 'sha256-t9/679CRyrVA6r3JGaAzcO+diam/7WLn6KXJHJuOzUI=' 'sha256-h0RPO0+/L+WC46JS6RvM6D3KN9C2LfMai6hxwzVFU2k=' 'sha256-YIktaUP7IBRwVksGEOmRykAcO2jHTw97BHns4OnHTIw=' 'sha256-MSTZvl0psO46WYZImeDzGMr7OqGRUy5RPDaeL19QpBk=' ;font-src data: gravatar.com *.gravatar.com *.wp.com fonts.gstatic.com; img-""}"
5,"GET https://gravatar.com/  HTTP/1.1
Host: gravatar.com
User-Agent: Mozilla/5.0 (Windows NT 10.0; rv:102.0) Gecko/20100101 Firefox/102.0
Accept: text/html,application/xhtml+xml,application/xml;q=0.9,image/avif,image/webp,*/*;q=0.8
Accept-Encoding: gzip, deflate, br
Accept-Language: en-US,en;q=0.5
DNT: 1
Connection: keep-alive
Upgrade-Insecure-Requests: 1
Sec-Fetch-Dest: document
Sec-Fetch-Mode: navigate
Sec-Fetch-Site: cross-site

",0,https://gravatar.com/,447,HTTP/1.1,0.4381110668182373,0.11235976219177246,0.1639101505279541,200,OK,[''],13,13,0,"{""server"": ""nginx"", ""date"": ""Wed, 25 Oct 2023 12:34:06 GMT"", ""content-type"": ""text/html; charset=utf-8"", ""transfer-encoding"": ""chunked"", ""connection"": ""keep-alive"", ""vary"": ""Accept-Encoding"", ""p3p"": ""CP=\""CAO PSA\"""", ""expires"": ""Wed, 11 Jan 1984 05:00:00 GMT"", ""last-modified"": ""Wed, 25 Oct 2023 12:34:06 GMT"", ""cache-control"": ""no-cache, must-revalidate, max-age=0"", ""pragma"": ""no-cache"", ""x-frame-options"": ""SAMEORIGIN"", ""content-security-policy-report-only"": ""default-src gravatar.com *.gravatar.com; script-src gravatar.com *.gravatar.com *.wp.com *.google-analytics.com *.googletagmanager.com apis.google.com/js/ 'nonce-87754fdc6fc5'; style-src 'self' gravatar.com *.gravatar.com *.wp.com fonts.googleapis.com 'nonce-0c91f9e499eb' 'sha256-NE3gBSsVG0IdyINKOXv7oHDjOD1hoJpOCZQDS8LzvUc=' 'sha256-ONA8DqqhBTsIrZzU3/jZyRdkNkkAGEU74EH252dbGS8=' 'sha256-uYx4ryugsGdahnaIId0IhtdPIgBkKBfNZg2/H0eWhqk=' 'sha256-47DEQpj8HBSa+/TImW+5JCeuQeRkm5NMpJWZG3hSuFU=' 'sha256-xi7Iu5TcqJkb4mlu0FHpAYfWWCETn5kNH3GPA4Coh4M=' 'sha256-47DEQpj8HBSa+/TImW+5JCeuQeRkm5NMpJWZG3hSuFU=' 'sha256-Fw2RK+YpRih15zbXuAaoQAV98ZS+OLAX6wDQ2AkaEho=' 'sha256-t9/679CRyrVA6r3JGaAzcO+diam/7WLn6KXJHJuOzUI=' 'sha256-h0RPO0+/L+WC46JS6RvM6D3KN9C2LfMai6hxwzVFU2k=' 'sha256-YIktaUP7IBRwVksGEOmRykAcO2jHTw97BHns4OnHTIw=' 'sha256-MSTZvl0psO46WYZImeDzGMr7OqGRUy5RPDaeL19QpBk=' ;font-src data: gravatar.com *.gravatar.com *.wp.com fonts.gstatic.com; img-""}"
6,"GET https://gravatar.com/  HTTP/1.1
Host: gravatar.com
User-Agent: Mozilla/5.0 (Windows NT 10.0; rv:102.0) Gecko/20100101 Firefox/102.0
Accept: text/html,application/xhtml+xml,application/xml;q=0.9,image/avif,image/webp,*/*;q=0.8
Accept-Encoding: gzip, deflate, br
Accept-Language: en-US,en;q=0.5
DNT: 1
Connection: keep-alive
Upgrade-Insecure-Requests: 1
Sec-Fetch-Dest: document
Sec-Fetch-Mode: navigate
Sec-Fetch-Site: cross-site

",0,https://gravatar.com/,447,HTTP/1.1,0.40114498138427734,0.1462540626525879,0.1531226634979248,200,OK,[''],13,13,0,"{""server"": ""nginx"", ""date"": ""Wed, 25 Oct 2023 12:34:16 GMT"", ""content-type"": ""text/html; charset=utf-8"", ""transfer-encoding"": ""chunked"", ""connection"": ""keep-alive"", ""vary"": ""Accept-Encoding"", ""p3p"": ""CP=\""CAO PSA\"""", ""expires"": ""Wed, 11 Jan 1984 05:00:00 GMT"", ""last-modified"": ""Wed, 25 Oct 2023 12:34:16 GMT"", ""cache-control"": ""no-cache, must-revalidate, max-age=0"", ""pragma"": ""no-cache"", ""x-frame-options"": ""SAMEORIGIN"", ""content-security-policy-report-only"": ""default-src gravatar.com *.gravatar.com; script-src gravatar.com *.gravatar.com *.wp.com *.google-analytics.com *.googletagmanager.com apis.google.com/js/ 'nonce-32fae12011f1'; style-src 'self' gravatar.com *.gravatar.com *.wp.com fonts.googleapis.com 'nonce-50af83fcc88f' 'sha256-NE3gBSsVG0IdyINKOXv7oHDjOD1hoJpOCZQDS8LzvUc=' 'sha256-ONA8DqqhBTsIrZzU3/jZyRdkNkkAGEU74EH252dbGS8=' 'sha256-uYx4ryugsGdahnaIId0IhtdPIgBkKBfNZg2/H0eWhqk=' 'sha256-47DEQpj8HBSa+/TImW+5JCeuQeRkm5NMpJWZG3hSuFU=' 'sha256-xi7Iu5TcqJkb4mlu0FHpAYfWWCETn5kNH3GPA4Coh4M=' 'sha256-47DEQpj8HBSa+/TImW+5JCeuQeRkm5NMpJWZG3hSuFU=' 'sha256-Fw2RK+YpRih15zbXuAaoQAV98ZS+OLAX6wDQ2AkaEho=' 'sha256-t9/679CRyrVA6r3JGaAzcO+diam/7WLn6KXJHJuOzUI=' 'sha256-h0RPO0+/L+WC46JS6RvM6D3KN9C2LfMai6hxwzVFU2k=' 'sha256-YIktaUP7IBRwVksGEOmRykAcO2jHTw97BHns4OnHTIw=' 'sha256-MSTZvl0psO46WYZImeDzGMr7OqGRUy5RPDaeL19QpBk=' ;font-src data: gravatar.com *.gravatar.com *.wp.com fonts.gstatic.com; img-""}"
7,"GET https://gravatar.com/  HTTP/1.1
Host: gravatar.com
User-Agent: Mozilla/5.0 (Windows NT 10.0; rv:102.0) Gecko/20100101 Firefox/102.0
Accept: text/html,application/xhtml+xml,application/xml;q=0.9,image/avif,image/webp,*/*;q=0.8
Accept-Encoding: gzip, deflate, br
Accept-Language: en-US,en;q=0.5
DNT: 1
Connection: keep-alive
Upgrade-Insecure-Requests: 1
Sec-Fetch-Dest: document
Sec-Fetch-Mode: navigate
Sec-Fetch-Site: cross-site

",0,https://gravatar.com/,447,HTTP/1.1,0.4662151336669922,0.11384367942810059,0.14829683303833008,200,OK,[''],13,13,0,"{""server"": ""nginx"", ""date"": ""Wed, 25 Oct 2023 12:34:26 GMT"", ""content-type"": ""text/html; charset=utf-8"", ""transfer-encoding"": ""chunked"", ""connection"": ""keep-alive"", ""vary"": ""Accept-Encoding"", ""p3p"": ""CP=\""CAO PSA\"""", ""expires"": ""Wed, 11 Jan 1984 05:00:00 GMT"", ""last-modified"": ""Wed, 25 Oct 2023 12:34:26 GMT"", ""cache-control"": ""no-cache, must-revalidate, max-age=0"", ""pragma"": ""no-cache"", ""x-frame-options"": ""SAMEORIGIN"", ""content-security-policy-report-only"": ""default-src gravatar.com *.gravatar.com; script-src gravatar.com *.gravatar.com *.wp.com *.google-analytics.com *.googletagmanager.com apis.google.com/js/ 'nonce-fbbeea1a0e96'; style-src 'self' gravatar.com *.gravatar.com *.wp.com fonts.googleapis.com 'nonce-ed236fc78cee' 'sha256-NE3gBSsVG0IdyINKOXv7oHDjOD1hoJpOCZQDS8LzvUc=' 'sha256-ONA8DqqhBTsIrZzU3/jZyRdkNkkAGEU74EH252dbGS8=' 'sha256-uYx4ryugsGdahnaIId0IhtdPIgBkKBfNZg2/H0eWhqk=' 'sha256-47DEQpj8HBSa+/TImW+5JCeuQeRkm5NMpJWZG3hSuFU=' 'sha256-xi7Iu5TcqJkb4mlu0FHpAYfWWCETn5kNH3GPA4Coh4M=' 'sha256-47DEQpj8HBSa+/TImW+5JCeuQeRkm5NMpJWZG3hSuFU=' 'sha256-Fw2RK+YpRih15zbXuAaoQAV98ZS+OLAX6wDQ2AkaEho=' 'sha256-t9/679CRyrVA6r3JGaAzcO+diam/7WLn6KXJHJuOzUI=' 'sha256-h0RPO0+/L+WC46JS6RvM6D3KN9C2LfMai6hxwzVFU2k=' 'sha256-YIktaUP7IBRwVksGEOmRykAcO2jHTw97BHns4OnHTIw=' 'sha256-MSTZvl0psO46WYZImeDzGMr7OqGRUy5RPDaeL19QpBk=' ;font-src data: gravatar.com *.gravatar.com *.wp.com fonts.gstatic.com; img-""}"
8,"GET https://gravatar.com/  HTTP/1.1
Host: gravatar.com
User-Agent: Mozilla/5.0 (Windows NT 10.0; rv:102.0) Gecko/20100101 Firefox/102.0
Accept: text/html,application/xhtml+xml,application/xml;q=0.9,image/avif,image/webp,*/*;q=0.8
Accept-Encoding: gzip, deflate, br
Accept-Language: en-US,en;q=0.5
DNT: 1
Connection: keep-alive
Upgrade-Insecure-Requests: 1
Sec-Fetch-Dest: document
Sec-Fetch-Mode: navigate
Sec-Fetch-Site: cross-site

",0,https://gravatar.com/,447,HTTP/1.1,0.4740736484527588,0.11931777000427246,0.14134597778320312,200,OK,[''],13,13,0,"{""server"": ""nginx"", ""date"": ""Wed, 25 Oct 2023 12:34:37 GMT"", ""content-type"": ""text/html; charset=utf-8"", ""transfer-encoding"": ""chunked"", ""connection"": ""keep-alive"", ""vary"": ""Accept-Encoding"", ""p3p"": ""CP=\""CAO PSA\"""", ""expires"": ""Wed, 11 Jan 1984 05:00:00 GMT"", ""last-modified"": ""Wed, 25 Oct 2023 12:34:37 GMT"", ""cache-control"": ""no-cache, must-revalidate, max-age=0"", ""pragma"": ""no-cache"", ""x-frame-options"": ""SAMEORIGIN"", ""content-security-policy-report-only"": ""default-src gravatar.com *.gravatar.com; script-src gravatar.com *.gravatar.com *.wp.com *.google-analytics.com *.googletagmanager.com apis.google.com/js/ 'nonce-8007004d1e51'; style-src 'self' gravatar.com *.gravatar.com *.wp.com fonts.googleapis.com 'nonce-a2b1779dd3cf' 'sha256-NE3gBSsVG0IdyINKOXv7oHDjOD1hoJpOCZQDS8LzvUc=' 'sha256-ONA8DqqhBTsIrZzU3/jZyRdkNkkAGEU74EH252dbGS8=' 'sha256-uYx4ryugsGdahnaIId0IhtdPIgBkKBfNZg2/H0eWhqk=' 'sha256-47DEQpj8HBSa+/TImW+5JCeuQeRkm5NMpJWZG3hSuFU=' 'sha256-xi7Iu5TcqJkb4mlu0FHpAYfWWCETn5kNH3GPA4Coh4M=' 'sha256-47DEQpj8HBSa+/TImW+5JCeuQeRkm5NMpJWZG3hSuFU=' 'sha256-Fw2RK+YpRih15zbXuAaoQAV98ZS+OLAX6wDQ2AkaEho=' 'sha256-t9/679CRyrVA6r3JGaAzcO+diam/7WLn6KXJHJuOzUI=' 'sha256-h0RPO0+/L+WC46JS6RvM6D3KN9C2LfMai6hxwzVFU2k=' 'sha256-YIktaUP7IBRwVksGEOmRykAcO2jHTw97BHns4OnHTIw=' 'sha256-MSTZvl0psO46WYZImeDzGMr7OqGRUy5RPDaeL19QpBk=' ;font-src data: gravatar.com *.gravatar.com *.wp.com fonts.gstatic.com; img-""}"
9,"GET https://gravatar.com/  HTTP/1.1
Host: gravatar.com
User-Agent: Mozilla/5.0 (Windows NT 10.0; rv:102.0) Gecko/20100101 Firefox/102.0
Accept: text/html,application/xhtml+xml,application/xml;q=0.9,image/avif,image/webp,*/*;q=0.8
Accept-Encoding: gzip, deflate, br
Accept-Language: en-US,en;q=0.5
DNT: 1
Connection: keep-alive
Upgrade-Insecure-Requests: 1
Sec-Fetch-Dest: document
Sec-Fetch-Mode: navigate
Sec-Fetch-Site: cross-site

",0,https://gravatar.com/,447,HTTP/1.1,0.3913745880126953,0.12338137626647949,0.15129899978637695,200,OK,[''],13,13,0,"{""server"": ""nginx"", ""date"": ""Wed, 25 Oct 2023 12:34:47 GMT"", ""content-type"": ""text/html; charset=utf-8"", ""transfer-encoding"": ""chunked"", ""connection"": ""keep-alive"", ""vary"": ""Accept-Encoding"", ""p3p"": ""CP=\""CAO PSA\"""", ""expires"": ""Wed, 11 Jan 1984 05:00:00 GMT"", ""last-modified"": ""Wed, 25 Oct 2023 12:34:47 GMT"", ""cache-control"": ""no-cache, must-revalidate, max-age=0"", ""pragma"": ""no-cache"", ""x-frame-options"": ""SAMEORIGIN"", ""content-security-policy-report-only"": ""default-src gravatar.com *.gravatar.com; script-src gravatar.com *.gravatar.com *.wp.com *.google-analytics.com *.googletagmanager.com apis.google.com/js/ 'nonce-7e0ee6afa6fa'; style-src 'self' gravatar.com *.gravatar.com *.wp.com fonts.googleapis.com 'nonce-43c178291670' 'sha256-NE3gBSsVG0IdyINKOXv7oHDjOD1hoJpOCZQDS8LzvUc=' 'sha256-ONA8DqqhBTsIrZzU3/jZyRdkNkkAGEU74EH252dbGS8=' 'sha256-uYx4ryugsGdahnaIId0IhtdPIgBkKBfNZg2/H0eWhqk=' 'sha256-47DEQpj8HBSa+/TImW+5JCeuQeRkm5NMpJWZG3hSuFU=' 'sha256-xi7Iu5TcqJkb4mlu0FHpAYfWWCETn5kNH3GPA4Coh4M=' 'sha256-47DEQpj8HBSa+/TImW+5JCeuQeRkm5NMpJWZG3hSuFU=' 'sha256-Fw2RK+YpRih15zbXuAaoQAV98ZS+OLAX6wDQ2AkaEho=' 'sha256-t9/679CRyrVA6r3JGaAzcO+diam/7WLn6KXJHJuOzUI=' 'sha256-h0RPO0+/L+WC46JS6RvM6D3KN9C2LfMai6hxwzVFU2k=' 'sha256-YIktaUP7IBRwVksGEOmRykAcO2jHTw97BHns4OnHTIw=' 'sha256-MSTZvl0psO46WYZImeDzGMr7OqGRUy5RPDaeL19QpBk=' ;font-src data: gravatar.com *.gravatar.com *.wp.com fonts.gstatic.com; img-""}"
