[
    {
        "number": 0,
        "request": "GET https://gravatar.com/  HTTP/1.1\r\nHost: gravatar.com\r\nUser-Agent: Mozilla/5.0 (Windows NT 10.0; rv:102.0) Gecko/20100101 Firefox/102.0\r\nAccept: text/html,application/xhtml+xml,application/xml;q=0.9,image/avif,image/webp,*/*;q=0.8\r\nAccept-Encoding: gzip, deflate, br\r\nAccept-Language: en-US,en;q=0.5\r\nDNT: 1\r\nConnection: keep-alive\r\nUpgrade-Insecure-Requests: 1\r\nSec-Fetch-Dest: document\r\nSec-Fetch-Mode: navigate\r\nSec-Fetch-Site: cross-site\r\n\r\n",
        "deviation_count": 0,
        "uri": "https://gravatar.com/",
        "request_length": 447,
        "Response_Time": 0.1507878303527832,
        "status_code": 200,
        "reason_phrase": "OK",
        "error_message": [
            ""
        ],
        "response_header_count": 13,
        "response_header_length": 13,
        "response_body_length": 0,
        "response_header_fields": {
            "server": "nginx",
            "date": "Wed, 25 Oct 2023 12:33:13 GMT",
            "content-type": "text/html; charset=utf-8",
            "transfer-encoding": "chunked",
            "connection": "keep-alive",
            "vary": "Accept-Encoding",
            "p3p": "CP=\"CAO PSA\"",
            "expires": "Wed, 11 Jan 1984 05:00:00 GMT",
            "last-modified": "Wed, 25 Oct 2023 12:33:13 GMT",
            "cache-control": "no-cache, must-revalidate, max-age=0",
            "pragma": "no-cache",
            "x-frame-options": "SAMEORIGIN",
            "content-security-policy-report-only": "default-src gravatar.com *.gravatar.com; script-src gravatar.com *.gravatar.com *.wp.com *.google-analytics.com *.googletagmanager.com apis.google.com/js/ 'nonce-64ff1bbc9952'; style-src 'self' gravatar.com *.gravatar.com *.wp.com fonts.googleapis.com 'nonce-f65ae5ca8961' 'sha256-NE3gBSsVG0IdyINKOXv7oHDjOD1hoJpOCZQDS8LzvUc=' 'sha256-ONA8DqqhBTsIrZzU3/jZyRdkNkkAGEU74EH252dbGS8=' 'sha256-uYx4ryugsGdahnaIId0IhtdPIgBkKBfNZg2/H0eWhqk=' 'sha256-47DEQpj8HBSa+/TImW+5JCeuQeRkm5NMpJWZG3hSuFU=' 'sha256-xi7Iu5TcqJkb4mlu0FHpAYfWWCETn5kNH3GPA4Coh4M=' 'sha256-47DEQpj8HBSa+/TImW+5JCeuQeRkm5NMpJWZG3hSuFU=' 'sha256-Fw2RK+YpRih15zbXuAaoQAV98ZS+OLAX6wDQ2AkaEho=' 'sha256-t9/679CRyrVA6r3JGaAzcO+diam/7WLn6KXJHJuOzUI=' 'sha256-h0RPO0+/L+WC46JS6RvM6D3KN9C2LfMai6hxwzVFU2k=' 'sha256-YIktaUP7IBRwVksGEOmRykAcO2jHTw97BHns4OnHTIw=' 'sha256-MSTZvl0psO46WYZImeDzGMr7OqGRUy5RPDaeL19QpBk=' ;font-src data: gravatar.com *.gravatar.com *.wp.com fonts.gstatic.com; img-"
        }
    },
    {
        "number": 1,
        "request": "GET https://gravatar.com/  HTTP/1.1\r\nHost: gravatar.com\r\nUser-Agent: Mozilla/5.0 (Windows NT 10.0; rv:102.0) Gecko/20100101 Firefox/102.0\r\nAccept: text/html,application/xhtml+xml,application/xml;q=0.9,image/avif,image/webp,*/*;q=0.8\r\nAccept-Encoding: gzip, deflate, br\r\nAccept-Language: en-US,en;q=0.5\r\nDNT: 1\r\nConnection: keep-alive\r\nUpgrade-Insecure-Requests: 1\r\nSec-Fetch-Dest: document\r\nSec-Fetch-Mode: navigate\r\nSec-Fetch-Site: cross-site\r\n\r\n",
        "deviation_count": 0,
        "uri": "https://gravatar.com/",
        "request_length": 447,
        "Response_Time": 0.15233349800109863,
        "status_code": 200,
        "reason_phrase": "OK",
        "error_message": [
            ""
        ],
        "response_header_count": 13,
        "response_header_length": 13,
        "response_body_length": 0,
        "response_header_fields": {
            "server": "nginx",
            "date": "Wed, 25 Oct 2023 12:33:23 GMT",
            "content-type": "text/html; charset=utf-8",
            "transfer-encoding": "chunked",
            "connection": "keep-alive",
            "vary": "Accept-Encoding",
            "p3p": "CP=\"CAO PSA\"",
            "expires": "Wed, 11 Jan 1984 05:00:00 GMT",
            "last-modified": "Wed, 25 Oct 2023 12:33:23 GMT",
            "cache-control": "no-cache, must-revalidate, max-age=0",
            "pragma": "no-cache",
            "x-frame-options": "SAMEORIGIN",
            "content-security-policy-report-only": "default-src gravatar.com *.gravatar.com; script-src gravatar.com *.gravatar.com *.wp.com *.google-analytics.com *.googletagmanager.com apis.google.com/js/ 'nonce-a3482d7383f9'; style-src 'self' gravatar.com *.gravatar.com *.wp.com fonts.googleapis.com 'nonce-60f61b74f2e9' 'sha256-NE3gBSsVG0IdyINKOXv7oHDjOD1hoJpOCZQDS8LzvUc=' 'sha256-ONA8DqqhBTsIrZzU3/jZyRdkNkkAGEU74EH252dbGS8=' 'sha256-uYx4ryugsGdahnaIId0IhtdPIgBkKBfNZg2/H0eWhqk=' 'sha256-47DEQpj8HBSa+/TImW+5JCeuQeRkm5NMpJWZG3hSuFU=' 'sha256-xi7Iu5TcqJkb4mlu0FHpAYfWWCETn5kNH3GPA4Coh4M=' 'sha256-47DEQpj8HBSa+/TImW+5JCeuQeRkm5NMpJWZG3hSuFU=' 'sha256-Fw2RK+YpRih15zbXuAaoQAV98ZS+OLAX6wDQ2AkaEho=' 'sha256-t9/679CRyrVA6r3JGaAzcO+diam/7WLn6KXJHJuOzUI=' 'sha256-h0RPO0+/L+WC46JS6RvM6D3KN9C2LfMai6hxwzVFU2k=' 'sha256-YIktaUP7IBRwVksGEOmRykAcO2jHTw97BHns4OnHTIw=' 'sha256-MSTZvl0psO46WYZImeDzGMr7OqGRUy5RPDaeL19QpBk=' ;font-src data: gravatar.com *.gravatar.com *.wp.com fonts.gstatic.com; img-"
        }
    },
    {
        "number": 2,
        "request": "GET https://gravatar.com/  HTTP/1.1\r\nHost: gravatar.com\r\nUser-Agent: Mozilla/5.0 (Windows NT 10.0; rv:102.0) Gecko/20100101 Firefox/102.0\r\nAccept: text/html,application/xhtml+xml,application/xml;q=0.9,image/avif,image/webp,*/*;q=0.8\r\nAccept-Encoding: gzip, deflate, br\r\nAccept-Language: en-US,en;q=0.5\r\nDNT: 1\r\nConnection: keep-alive\r\nUpgrade-Insecure-Requests: 1\r\nSec-Fetch-Dest: document\r\nSec-Fetch-Mode: navigate\r\nSec-Fetch-Site: cross-site\r\n\r\n",
        "deviation_count": 0,
        "uri": "https://gravatar.com/",
        "request_length": 447,
        "Response_Time": 0.15742802619934082,
        "status_code": 200,
        "reason_phrase": "OK",
        "error_message": [
            ""
        ],
        "response_header_count": 13,
        "response_header_length": 13,
        "response_body_length": 0,
        "response_header_fields": {
            "server": "nginx",
            "date": "Wed, 25 Oct 2023 12:33:33 GMT",
            "content-type": "text/html; charset=utf-8",
            "transfer-encoding": "chunked",
            "connection": "keep-alive",
            "vary": "Accept-Encoding",
            "p3p": "CP=\"CAO PSA\"",
            "expires": "Wed, 11 Jan 1984 05:00:00 GMT",
            "last-modified": "Wed, 25 Oct 2023 12:33:33 GMT",
            "cache-control": "no-cache, must-revalidate, max-age=0",
            "pragma": "no-cache",
            "x-frame-options": "SAMEORIGIN",
            "content-security-policy-report-only": "default-src gravatar.com *.gravatar.com; script-src gravatar.com *.gravatar.com *.wp.com *.google-analytics.com *.googletagmanager.com apis.google.com/js/ 'nonce-a8e16aa7faf9'; style-src 'self' gravatar.com *.gravatar.com *.wp.com fonts.googleapis.com 'nonce-34eaa07593a8' 'sha256-NE3gBSsVG0IdyINKOXv7oHDjOD1hoJpOCZQDS8LzvUc=' 'sha256-ONA8DqqhBTsIrZzU3/jZyRdkNkkAGEU74EH252dbGS8=' 'sha256-uYx4ryugsGdahnaIId0IhtdPIgBkKBfNZg2/H0eWhqk=' 'sha256-47DEQpj8HBSa+/TImW+5JCeuQeRkm5NMpJWZG3hSuFU=' 'sha256-xi7Iu5TcqJkb4mlu0FHpAYfWWCETn5kNH3GPA4Coh4M=' 'sha256-47DEQpj8HBSa+/TImW+5JCeuQeRkm5NMpJWZG3hSuFU=' 'sha256-Fw2RK+YpRih15zbXuAaoQAV98ZS+OLAX6wDQ2AkaEho=' 'sha256-t9/679CRyrVA6r3JGaAzcO+diam/7WLn6KXJHJuOzUI=' 'sha256-h0RPO0+/L+WC46JS6RvM6D3KN9C2LfMai6hxwzVFU2k=' 'sha256-YIktaUP7IBRwVksGEOmRykAcO2jHTw97BHns4OnHTIw=' 'sha256-MSTZvl0psO46WYZImeDzGMr7OqGRUy5RPDaeL19QpBk=' ;font-src data: gravatar.com *.gravatar.com *.wp.com fonts.gstatic.com; img-"
        }
    },
    {
        "number": 3,
        "request": "GET https://gravatar.com/  HTTP/1.1\r\nHost: gravatar.com\r\nUser-Agent: Mozilla/5.0 (Windows NT 10.0; rv:102.0) Gecko/20100101 Firefox/102.0\r\nAccept: text/html,application/xhtml+xml,application/xml;q=0.9,image/avif,image/webp,*/*;q=0.8\r\nAccept-Encoding: gzip, deflate, br\r\nAccept-Language: en-US,en;q=0.5\r\nDNT: 1\r\nConnection: keep-alive\r\nUpgrade-Insecure-Requests: 1\r\nSec-Fetch-Dest: document\r\nSec-Fetch-Mode: navigate\r\nSec-Fetch-Site: cross-site\r\n\r\n",
        "deviation_count": 0,
        "uri": "https://gravatar.com/",
        "request_length": 447,
        "Response_Time": 0.15445423126220703,
        "status_code": 200,
        "reason_phrase": "OK",
        "error_message": [
            ""
        ],
        "response_header_count": 13,
        "response_header_length": 13,
        "response_body_length": 0,
        "response_header_fields": {
            "server": "nginx",
            "date": "Wed, 25 Oct 2023 12:33:45 GMT",
            "content-type": "text/html; charset=utf-8",
            "transfer-encoding": "chunked",
            "connection": "keep-alive",
            "vary": "Accept-Encoding",
            "p3p": "CP=\"CAO PSA\"",
            "expires": "Wed, 11 Jan 1984 05:00:00 GMT",
            "last-modified": "Wed, 25 Oct 2023 12:33:45 GMT",
            "cache-control": "no-cache, must-revalidate, max-age=0",
            "pragma": "no-cache",
            "x-frame-options": "SAMEORIGIN",
            "content-security-policy-report-only": "default-src gravatar.com *.gravatar.com; script-src gravatar.com *.gravatar.com *.wp.com *.google-analytics.com *.googletagmanager.com apis.google.com/js/ 'nonce-4560b7b9cd06'; style-src 'self' gravatar.com *.gravatar.com *.wp.com fonts.googleapis.com 'nonce-5c08285cb463' 'sha256-NE3gBSsVG0IdyINKOXv7oHDjOD1hoJpOCZQDS8LzvUc=' 'sha256-ONA8DqqhBTsIrZzU3/jZyRdkNkkAGEU74EH252dbGS8=' 'sha256-uYx4ryugsGdahnaIId0IhtdPIgBkKBfNZg2/H0eWhqk=' 'sha256-47DEQpj8HBSa+/TImW+5JCeuQeRkm5NMpJWZG3hSuFU=' 'sha256-xi7Iu5TcqJkb4mlu0FHpAYfWWCETn5kNH3GPA4Coh4M=' 'sha256-47DEQpj8HBSa+/TImW+5JCeuQeRkm5NMpJWZG3hSuFU=' 'sha256-Fw2RK+YpRih15zbXuAaoQAV98ZS+OLAX6wDQ2AkaEho=' 'sha256-t9/679CRyrVA6r3JGaAzcO+diam/7WLn6KXJHJuOzUI=' 'sha256-h0RPO0+/L+WC46JS6RvM6D3KN9C2LfMai6hxwzVFU2k=' 'sha256-YIktaUP7IBRwVksGEOmRykAcO2jHTw97BHns4OnHTIw=' 'sha256-MSTZvl0psO46WYZImeDzGMr7OqGRUy5RPDaeL19QpBk=' ;font-src data: gravatar.com *.gravatar.com *.wp.com fonts.gstatic.com; img-"
        }
    },
    {
        "number": 4,
        "request": "GET https://gravatar.com/  HTTP/1.1\r\nHost: gravatar.com\r\nUser-Agent: Mozilla/5.0 (Windows NT 10.0; rv:102.0) Gecko/20100101 Firefox/102.0\r\nAccept: text/html,application/xhtml+xml,application/xml;q=0.9,image/avif,image/webp,*/*;q=0.8\r\nAccept-Encoding: gzip, deflate, br\r\nAccept-Language: en-US,en;q=0.5\r\nDNT: 1\r\nConnection: keep-alive\r\nUpgrade-Insecure-Requests: 1\r\nSec-Fetch-Dest: document\r\nSec-Fetch-Mode: navigate\r\nSec-Fetch-Site: cross-site\r\n\r\n",
        "deviation_count": 0,
        "uri": "https://gravatar.com/",
        "request_length": 447,
        "Response_Time": 0.15291595458984375,
        "status_code": 200,
        "reason_phrase": "OK",
        "error_message": [
            ""
        ],
        "response_header_count": 13,
        "response_header_length": 13,
        "response_body_length": 0,
        "response_header_fields": {
            "server": "nginx",
            "date": "Wed, 25 Oct 2023 12:33:55 GMT",
            "content-type": "text/html; charset=utf-8",
            "transfer-encoding": "chunked",
            "connection": "keep-alive",
            "vary": "Accept-Encoding",
            "p3p": "CP=\"CAO PSA\"",
            "expires": "Wed, 11 Jan 1984 05:00:00 GMT",
            "last-modified": "Wed, 25 Oct 2023 12:33:55 GMT",
            "cache-control": "no-cache, must-revalidate, max-age=0",
            "pragma": "no-cache",
            "x-frame-options": "SAMEORIGIN",
            "content-security-policy-report-only": "default-src gravatar.com *.gravatar.com; script-src gravatar.com *.gravatar.com *.wp.com *.google-analytics.com *.googletagmanager.com apis.google.com/js/ 'nonce-1ea8a9ac5bd3'; style-src 'self' gravatar.com *.gravatar.com *.wp.com fonts.googleapis.com 'nonce-c8495c7aab02' 'sha256-NE3gBSsVG0IdyINKOXv7oHDjOD1hoJpOCZQDS8LzvUc=' 'sha256-ONA8DqqhBTsIrZzU3/jZyRdkNkkAGEU74EH252dbGS8=' 'sha256-uYx4ryugsGdahnaIId0IhtdPIgBkKBfNZg2/H0eWhqk=' 'sha256-47DEQpj8HBSa+/TImW+5JCeuQeRkm5NMpJWZG3hSuFU=' 'sha256-xi7Iu5TcqJkb4mlu0FHpAYfWWCETn5kNH3GPA4Coh4M=' 'sha256-47DEQpj8HBSa+/TImW+5JCeuQeRkm5NMpJWZG3hSuFU=' 'sha256-Fw2RK+YpRih15zbXuAaoQAV98ZS+OLAX6wDQ2AkaEho=' 'sha256-t9/679CRyrVA6r3JGaAzcO+diam/7WLn6KXJHJuOzUI=' 'sha256-h0RPO0+/L+WC46JS6RvM6D3KN9C2LfMai6hxwzVFU2k=' 'sha256-YIktaUP7IBRwVksGEOmRykAcO2jHTw97BHns4OnHTIw=' 'sha256-MSTZvl0psO46WYZImeDzGMr7OqGRUy5RPDaeL19QpBk=' ;font-src data: gravatar.com *.gravatar.com *.wp.com fonts.gstatic.com; img-"
        }
    },
    {
        "number": 5,
        "request": "GET https://gravatar.com/  HTTP/1.1\r\nHost: gravatar.com\r\nUser-Agent: Mozilla/5.0 (Windows NT 10.0; rv:102.0) Gecko/20100101 Firefox/102.0\r\nAccept: text/html,application/xhtml+xml,application/xml;q=0.9,image/avif,image/webp,*/*;q=0.8\r\nAccept-Encoding: gzip, deflate, br\r\nAccept-Language: en-US,en;q=0.5\r\nDNT: 1\r\nConnection: keep-alive\r\nUpgrade-Insecure-Requests: 1\r\nSec-Fetch-Dest: document\r\nSec-Fetch-Mode: navigate\r\nSec-Fetch-Site: cross-site\r\n\r\n",
        "deviation_count": 0,
        "uri": "https://gravatar.com/",
        "request_length": 447,
        "Response_Time": 0.1639101505279541,
        "status_code": 200,
        "reason_phrase": "OK",
        "error_message": [
            ""
        ],
        "response_header_count": 13,
        "response_header_length": 13,
        "response_body_length": 0,
        "response_header_fields": {
            "server": "nginx",
            "date": "Wed, 25 Oct 2023 12:34:06 GMT",
            "content-type": "text/html; charset=utf-8",
            "transfer-encoding": "chunked",
            "connection": "keep-alive",
            "vary": "Accept-Encoding",
            "p3p": "CP=\"CAO PSA\"",
            "expires": "Wed, 11 Jan 1984 05:00:00 GMT",
            "last-modified": "Wed, 25 Oct 2023 12:34:06 GMT",
            "cache-control": "no-cache, must-revalidate, max-age=0",
            "pragma": "no-cache",
            "x-frame-options": "SAMEORIGIN",
            "content-security-policy-report-only": "default-src gravatar.com *.gravatar.com; script-src gravatar.com *.gravatar.com *.wp.com *.google-analytics.com *.googletagmanager.com apis.google.com/js/ 'nonce-87754fdc6fc5'; style-src 'self' gravatar.com *.gravatar.com *.wp.com fonts.googleapis.com 'nonce-0c91f9e499eb' 'sha256-NE3gBSsVG0IdyINKOXv7oHDjOD1hoJpOCZQDS8LzvUc=' 'sha256-ONA8DqqhBTsIrZzU3/jZyRdkNkkAGEU74EH252dbGS8=' 'sha256-uYx4ryugsGdahnaIId0IhtdPIgBkKBfNZg2/H0eWhqk=' 'sha256-47DEQpj8HBSa+/TImW+5JCeuQeRkm5NMpJWZG3hSuFU=' 'sha256-xi7Iu5TcqJkb4mlu0FHpAYfWWCETn5kNH3GPA4Coh4M=' 'sha256-47DEQpj8HBSa+/TImW+5JCeuQeRkm5NMpJWZG3hSuFU=' 'sha256-Fw2RK+YpRih15zbXuAaoQAV98ZS+OLAX6wDQ2AkaEho=' 'sha256-t9/679CRyrVA6r3JGaAzcO+diam/7WLn6KXJHJuOzUI=' 'sha256-h0RPO0+/L+WC46JS6RvM6D3KN9C2LfMai6hxwzVFU2k=' 'sha256-YIktaUP7IBRwVksGEOmRykAcO2jHTw97BHns4OnHTIw=' 'sha256-MSTZvl0psO46WYZImeDzGMr7OqGRUy5RPDaeL19QpBk=' ;font-src data: gravatar.com *.gravatar.com *.wp.com fonts.gstatic.com; img-"
        }
    },
    {
        "number": 6,
        "request": "GET https://gravatar.com/  HTTP/1.1\r\nHost: gravatar.com\r\nUser-Agent: Mozilla/5.0 (Windows NT 10.0; rv:102.0) Gecko/20100101 Firefox/102.0\r\nAccept: text/html,application/xhtml+xml,application/xml;q=0.9,image/avif,image/webp,*/*;q=0.8\r\nAccept-Encoding: gzip, deflate, br\r\nAccept-Language: en-US,en;q=0.5\r\nDNT: 1\r\nConnection: keep-alive\r\nUpgrade-Insecure-Requests: 1\r\nSec-Fetch-Dest: document\r\nSec-Fetch-Mode: navigate\r\nSec-Fetch-Site: cross-site\r\n\r\n",
        "deviation_count": 0,
        "uri": "https://gravatar.com/",
        "request_length": 447,
        "Response_Time": 0.1531226634979248,
        "status_code": 200,
        "reason_phrase": "OK",
        "error_message": [
            ""
        ],
        "response_header_count": 13,
        "response_header_length": 13,
        "response_body_length": 0,
        "response_header_fields": {
            "server": "nginx",
            "date": "Wed, 25 Oct 2023 12:34:16 GMT",
            "content-type": "text/html; charset=utf-8",
            "transfer-encoding": "chunked",
            "connection": "keep-alive",
            "vary": "Accept-Encoding",
            "p3p": "CP=\"CAO PSA\"",
            "expires": "Wed, 11 Jan 1984 05:00:00 GMT",
            "last-modified": "Wed, 25 Oct 2023 12:34:16 GMT",
            "cache-control": "no-cache, must-revalidate, max-age=0",
            "pragma": "no-cache",
            "x-frame-options": "SAMEORIGIN",
            "content-security-policy-report-only": "default-src gravatar.com *.gravatar.com; script-src gravatar.com *.gravatar.com *.wp.com *.google-analytics.com *.googletagmanager.com apis.google.com/js/ 'nonce-32fae12011f1'; style-src 'self' gravatar.com *.gravatar.com *.wp.com fonts.googleapis.com 'nonce-50af83fcc88f' 'sha256-NE3gBSsVG0IdyINKOXv7oHDjOD1hoJpOCZQDS8LzvUc=' 'sha256-ONA8DqqhBTsIrZzU3/jZyRdkNkkAGEU74EH252dbGS8=' 'sha256-uYx4ryugsGdahnaIId0IhtdPIgBkKBfNZg2/H0eWhqk=' 'sha256-47DEQpj8HBSa+/TImW+5JCeuQeRkm5NMpJWZG3hSuFU=' 'sha256-xi7Iu5TcqJkb4mlu0FHpAYfWWCETn5kNH3GPA4Coh4M=' 'sha256-47DEQpj8HBSa+/TImW+5JCeuQeRkm5NMpJWZG3hSuFU=' 'sha256-Fw2RK+YpRih15zbXuAaoQAV98ZS+OLAX6wDQ2AkaEho=' 'sha256-t9/679CRyrVA6r3JGaAzcO+diam/7WLn6KXJHJuOzUI=' 'sha256-h0RPO0+/L+WC46JS6RvM6D3KN9C2LfMai6hxwzVFU2k=' 'sha256-YIktaUP7IBRwVksGEOmRykAcO2jHTw97BHns4OnHTIw=' 'sha256-MSTZvl0psO46WYZImeDzGMr7OqGRUy5RPDaeL19QpBk=' ;font-src data: gravatar.com *.gravatar.com *.wp.com fonts.gstatic.com; img-"
        }
    },
    {
        "number": 7,
        "request": "GET https://gravatar.com/  HTTP/1.1\r\nHost: gravatar.com\r\nUser-Agent: Mozilla/5.0 (Windows NT 10.0; rv:102.0) Gecko/20100101 Firefox/102.0\r\nAccept: text/html,application/xhtml+xml,application/xml;q=0.9,image/avif,image/webp,*/*;q=0.8\r\nAccept-Encoding: gzip, deflate, br\r\nAccept-Language: en-US,en;q=0.5\r\nDNT: 1\r\nConnection: keep-alive\r\nUpgrade-Insecure-Requests: 1\r\nSec-Fetch-Dest: document\r\nSec-Fetch-Mode: navigate\r\nSec-Fetch-Site: cross-site\r\n\r\n",
        "deviation_count": 0,
        "uri": "https://gravatar.com/",
        "request_length": 447,
        "Response_Time": 0.14829683303833008,
        "status_code": 200,
        "reason_phrase": "OK",
        "error_message": [
            ""
        ],
        "response_header_count": 13,
        "response_header_length": 13,
        "response_body_length": 0,
        "response_header_fields": {
            "server": "nginx",
            "date": "Wed, 25 Oct 2023 12:34:26 GMT",
            "content-type": "text/html; charset=utf-8",
            "transfer-encoding": "chunked",
            "connection": "keep-alive",
            "vary": "Accept-Encoding",
            "p3p": "CP=\"CAO PSA\"",
            "expires": "Wed, 11 Jan 1984 05:00:00 GMT",
            "last-modified": "Wed, 25 Oct 2023 12:34:26 GMT",
            "cache-control": "no-cache, must-revalidate, max-age=0",
            "pragma": "no-cache",
            "x-frame-options": "SAMEORIGIN",
            "content-security-policy-report-only": "default-src gravatar.com *.gravatar.com; script-src gravatar.com *.gravatar.com *.wp.com *.google-analytics.com *.googletagmanager.com apis.google.com/js/ 'nonce-fbbeea1a0e96'; style-src 'self' gravatar.com *.gravatar.com *.wp.com fonts.googleapis.com 'nonce-ed236fc78cee' 'sha256-NE3gBSsVG0IdyINKOXv7oHDjOD1hoJpOCZQDS8LzvUc=' 'sha256-ONA8DqqhBTsIrZzU3/jZyRdkNkkAGEU74EH252dbGS8=' 'sha256-uYx4ryugsGdahnaIId0IhtdPIgBkKBfNZg2/H0eWhqk=' 'sha256-47DEQpj8HBSa+/TImW+5JCeuQeRkm5NMpJWZG3hSuFU=' 'sha256-xi7Iu5TcqJkb4mlu0FHpAYfWWCETn5kNH3GPA4Coh4M=' 'sha256-47DEQpj8HBSa+/TImW+5JCeuQeRkm5NMpJWZG3hSuFU=' 'sha256-Fw2RK+YpRih15zbXuAaoQAV98ZS+OLAX6wDQ2AkaEho=' 'sha256-t9/679CRyrVA6r3JGaAzcO+diam/7WLn6KXJHJuOzUI=' 'sha256-h0RPO0+/L+WC46JS6RvM6D3KN9C2LfMai6hxwzVFU2k=' 'sha256-YIktaUP7IBRwVksGEOmRykAcO2jHTw97BHns4OnHTIw=' 'sha256-MSTZvl0psO46WYZImeDzGMr7OqGRUy5RPDaeL19QpBk=' ;font-src data: gravatar.com *.gravatar.com *.wp.com fonts.gstatic.com; img-"
        }
    },
    {
        "number": 8,
        "request": "GET https://gravatar.com/  HTTP/1.1\r\nHost: gravatar.com\r\nUser-Agent: Mozilla/5.0 (Windows NT 10.0; rv:102.0) Gecko/20100101 Firefox/102.0\r\nAccept: text/html,application/xhtml+xml,application/xml;q=0.9,image/avif,image/webp,*/*;q=0.8\r\nAccept-Encoding: gzip, deflate, br\r\nAccept-Language: en-US,en;q=0.5\r\nDNT: 1\r\nConnection: keep-alive\r\nUpgrade-Insecure-Requests: 1\r\nSec-Fetch-Dest: document\r\nSec-Fetch-Mode: navigate\r\nSec-Fetch-Site: cross-site\r\n\r\n",
        "deviation_count": 0,
        "uri": "https://gravatar.com/",
        "request_length": 447,
        "Response_Time": 0.14134597778320312,
        "status_code": 200,
        "reason_phrase": "OK",
        "error_message": [
            ""
        ],
        "response_header_count": 13,
        "response_header_length": 13,
        "response_body_length": 0,
        "response_header_fields": {
            "server": "nginx",
            "date": "Wed, 25 Oct 2023 12:34:37 GMT",
            "content-type": "text/html; charset=utf-8",
            "transfer-encoding": "chunked",
            "connection": "keep-alive",
            "vary": "Accept-Encoding",
            "p3p": "CP=\"CAO PSA\"",
            "expires": "Wed, 11 Jan 1984 05:00:00 GMT",
            "last-modified": "Wed, 25 Oct 2023 12:34:37 GMT",
            "cache-control": "no-cache, must-revalidate, max-age=0",
            "pragma": "no-cache",
            "x-frame-options": "SAMEORIGIN",
            "content-security-policy-report-only": "default-src gravatar.com *.gravatar.com; script-src gravatar.com *.gravatar.com *.wp.com *.google-analytics.com *.googletagmanager.com apis.google.com/js/ 'nonce-8007004d1e51'; style-src 'self' gravatar.com *.gravatar.com *.wp.com fonts.googleapis.com 'nonce-a2b1779dd3cf' 'sha256-NE3gBSsVG0IdyINKOXv7oHDjOD1hoJpOCZQDS8LzvUc=' 'sha256-ONA8DqqhBTsIrZzU3/jZyRdkNkkAGEU74EH252dbGS8=' 'sha256-uYx4ryugsGdahnaIId0IhtdPIgBkKBfNZg2/H0eWhqk=' 'sha256-47DEQpj8HBSa+/TImW+5JCeuQeRkm5NMpJWZG3hSuFU=' 'sha256-xi7Iu5TcqJkb4mlu0FHpAYfWWCETn5kNH3GPA4Coh4M=' 'sha256-47DEQpj8HBSa+/TImW+5JCeuQeRkm5NMpJWZG3hSuFU=' 'sha256-Fw2RK+YpRih15zbXuAaoQAV98ZS+OLAX6wDQ2AkaEho=' 'sha256-t9/679CRyrVA6r3JGaAzcO+diam/7WLn6KXJHJuOzUI=' 'sha256-h0RPO0+/L+WC46JS6RvM6D3KN9C2LfMai6hxwzVFU2k=' 'sha256-YIktaUP7IBRwVksGEOmRykAcO2jHTw97BHns4OnHTIw=' 'sha256-MSTZvl0psO46WYZImeDzGMr7OqGRUy5RPDaeL19QpBk=' ;font-src data: gravatar.com *.gravatar.com *.wp.com fonts.gstatic.com; img-"
        }
    },
    {
        "number": 9,
        "request": "GET https://gravatar.com/  HTTP/1.1\r\nHost: gravatar.com\r\nUser-Agent: Mozilla/5.0 (Windows NT 10.0; rv:102.0) Gecko/20100101 Firefox/102.0\r\nAccept: text/html,application/xhtml+xml,application/xml;q=0.9,image/avif,image/webp,*/*;q=0.8\r\nAccept-Encoding: gzip, deflate, br\r\nAccept-Language: en-US,en;q=0.5\r\nDNT: 1\r\nConnection: keep-alive\r\nUpgrade-Insecure-Requests: 1\r\nSec-Fetch-Dest: document\r\nSec-Fetch-Mode: navigate\r\nSec-Fetch-Site: cross-site\r\n\r\n",
        "deviation_count": 0,
        "uri": "https://gravatar.com/",
        "request_length": 447,
        "Response_Time": 0.15129899978637695,
        "status_code": 200,
        "reason_phrase": "OK",
        "error_message": [
            ""
        ],
        "response_header_count": 13,
        "response_header_length": 13,
        "response_body_length": 0,
        "response_header_fields": {
            "server": "nginx",
            "date": "Wed, 25 Oct 2023 12:34:47 GMT",
            "content-type": "text/html; charset=utf-8",
            "transfer-encoding": "chunked",
            "connection": "keep-alive",
            "vary": "Accept-Encoding",
            "p3p": "CP=\"CAO PSA\"",
            "expires": "Wed, 11 Jan 1984 05:00:00 GMT",
            "last-modified": "Wed, 25 Oct 2023 12:34:47 GMT",
            "cache-control": "no-cache, must-revalidate, max-age=0",
            "pragma": "no-cache",
            "x-frame-options": "SAMEORIGIN",
            "content-security-policy-report-only": "default-src gravatar.com *.gravatar.com; script-src gravatar.com *.gravatar.com *.wp.com *.google-analytics.com *.googletagmanager.com apis.google.com/js/ 'nonce-7e0ee6afa6fa'; style-src 'self' gravatar.com *.gravatar.com *.wp.com fonts.googleapis.com 'nonce-43c178291670' 'sha256-NE3gBSsVG0IdyINKOXv7oHDjOD1hoJpOCZQDS8LzvUc=' 'sha256-ONA8DqqhBTsIrZzU3/jZyRdkNkkAGEU74EH252dbGS8=' 'sha256-uYx4ryugsGdahnaIId0IhtdPIgBkKBfNZg2/H0eWhqk=' 'sha256-47DEQpj8HBSa+/TImW+5JCeuQeRkm5NMpJWZG3hSuFU=' 'sha256-xi7Iu5TcqJkb4mlu0FHpAYfWWCETn5kNH3GPA4Coh4M=' 'sha256-47DEQpj8HBSa+/TImW+5JCeuQeRkm5NMpJWZG3hSuFU=' 'sha256-Fw2RK+YpRih15zbXuAaoQAV98ZS+OLAX6wDQ2AkaEho=' 'sha256-t9/679CRyrVA6r3JGaAzcO+diam/7WLn6KXJHJuOzUI=' 'sha256-h0RPO0+/L+WC46JS6RvM6D3KN9C2LfMai6hxwzVFU2k=' 'sha256-YIktaUP7IBRwVksGEOmRykAcO2jHTw97BHns4OnHTIw=' 'sha256-MSTZvl0psO46WYZImeDzGMr7OqGRUy5RPDaeL19QpBk=' ;font-src data: gravatar.com *.gravatar.com *.wp.com fonts.gstatic.com; img-"
        }
    }
]