[
    {
        "number": 0,
        "request": "GET https://support.google.com/  HTTP/1.1\r\nHost: support.google.com\r\nUser-Agent: Mozilla/5.0 (Windows NT 10.0; rv:102.0) Gecko/20100101 Firefox/102.0\r\nAccept: text/html,application/xhtml+xml,application/xml;q=0.9,image/avif,image/webp,*/*;q=0.8\r\nAccept-Encoding: gzip, deflate, br\r\nAccept-Language: en-US,en;q=0.5\r\nDNT: 1\r\nConnection: keep-alive\r\nUpgrade-Insecure-Requests: 1\r\nSec-Fetch-Dest: document\r\nSec-Fetch-Mode: navigate\r\nSec-Fetch-Site: cross-site\r\n\r\n",
        "deviation_count": 0,
        "uri": "https://support.google.com/",
        "request_length": 459,
        "Response_Time": 0.19221282005310059,
        "status_code": 200,
        "reason_phrase": "OK",
        "error_message": [
            ""
        ],
        "response_header_count": 15,
        "response_header_length": 15,
        "response_body_length": 0,
        "response_header_fields": {
            "p3p": "CP=\"This is not a P3P policy! See g.co/p3phelp for more info.\"",
            "strict-transport-security": "max-age=31536000; includeSubdomains",
            "content-type": "text/html; charset=UTF-8",
            "date": "Wed, 25 Oct 2023 12:33:14 GMT",
            "expires": "Wed, 25 Oct 2023 12:33:14 GMT",
            "cache-control": "private, max-age=0",
            "content-security-policy-report-only": "object-src 'none';base-uri 'self';script-src 'nonce-zkD8aIohEi1AdedXwozj' 'unsafe-inline' 'unsafe-eval' 'strict-dynamic' https: http: 'report-sample';report-uri https://csp.withgoogle.com/csp/scfe",
            "x-content-type-options": "nosniff",
            "content-encoding": "gzip",
            "server": "support-content-ui",
            "x-xss-protection": "0",
            "x-frame-options": "SAMEORIGIN",
            "set-cookie": "NID=511=IFn0hBhCogTE2MCCU79Ha7qG0klIv06fKubDP_3alracUlOV13zWLU97p2FOJzN8bww739JO1I2WxVH-W-BL8e8AgyeWlLknf6-h4QSZ4Q3Jfpy-KhgfMIuPnnpxoTa-dDz_Z1CtkgRCzBTPIXAz39eOx34DZaL9vvDzKh4TyrQ; expires=Thu, 25-Apr-2024 12:33:14 GMT; path=/; domain=.google.com; Secure; HttpOnly; SameSite=none",
            "alt-svc": "h3=\":443\"; ma=2592000,h3-29=\":443\"; ma=2592000",
            "transfer-encoding": "chunked"
        }
    },
    {
        "number": 1,
        "request": "GET https://support.google.com/  HTTP/1.1\r\nHost: support.google.com\r\nUser-Agent: Mozilla/5.0 (Windows NT 10.0; rv:102.0) Gecko/20100101 Firefox/102.0\r\nAccept: text/html,application/xhtml+xml,application/xml;q=0.9,image/avif,image/webp,*/*;q=0.8\r\nAccept-Encoding: gzip, deflate, br\r\nAccept-Language: en-US,en;q=0.5\r\nDNT: 1\r\nConnection: keep-alive\r\nUpgrade-Insecure-Requests: 1\r\nSec-Fetch-Dest: document\r\nSec-Fetch-Mode: navigate\r\nSec-Fetch-Site: cross-site\r\n\r\n",
        "deviation_count": 0,
        "uri": "https://support.google.com/",
        "request_length": 459,
        "Response_Time": 0.22455382347106934,
        "status_code": 200,
        "reason_phrase": "OK",
        "error_message": [
            ""
        ],
        "response_header_count": 15,
        "response_header_length": 15,
        "response_body_length": 0,
        "response_header_fields": {
            "p3p": "CP=\"This is not a P3P policy! See g.co/p3phelp for more info.\"",
            "strict-transport-security": "max-age=31536000; includeSubdomains",
            "content-type": "text/html; charset=UTF-8",
            "date": "Wed, 25 Oct 2023 12:33:24 GMT",
            "expires": "Wed, 25 Oct 2023 12:33:24 GMT",
            "cache-control": "private, max-age=0",
            "content-security-policy-report-only": "object-src 'none';base-uri 'self';script-src 'nonce-o5T6TTMmZhKWrqWLFbMD' 'unsafe-inline' 'unsafe-eval' 'strict-dynamic' https: http: 'report-sample';report-uri https://csp.withgoogle.com/csp/scfe",
            "x-content-type-options": "nosniff",
            "content-encoding": "gzip",
            "server": "support-content-ui",
            "x-xss-protection": "0",
            "x-frame-options": "SAMEORIGIN",
            "set-cookie": "NID=511=V80A4CCXidyoGOdNK9xDG2jgME6uUeKNd3yEajQpsTLC80j03W3UMdKzMb6RvXd1utYJR6kyUNZrHoNz9x1L7mcCE0ZX8ZHtyVp_JXXqQxHvOZg-UqRKxpUv6j_m0miljkwxb6RsKRjYxmzikuXyUB6uVCdc9T69pQjxSpdC4iE; expires=Thu, 25-Apr-2024 12:33:24 GMT; path=/; domain=.google.com; Secure; HttpOnly; SameSite=none",
            "alt-svc": "h3=\":443\"; ma=2592000,h3-29=\":443\"; ma=2592000",
            "transfer-encoding": "chunked"
        }
    },
    {
        "number": 2,
        "request": "GET https://support.google.com/  HTTP/1.1\r\nHost: support.google.com\r\nUser-Agent: Mozilla/5.0 (Windows NT 10.0; rv:102.0) Gecko/20100101 Firefox/102.0\r\nAccept: text/html,application/xhtml+xml,application/xml;q=0.9,image/avif,image/webp,*/*;q=0.8\r\nAccept-Encoding: gzip, deflate, br\r\nAccept-Language: en-US,en;q=0.5\r\nDNT: 1\r\nConnection: keep-alive\r\nUpgrade-Insecure-Requests: 1\r\nSec-Fetch-Dest: document\r\nSec-Fetch-Mode: navigate\r\nSec-Fetch-Site: cross-site\r\n\r\n",
        "deviation_count": 0,
        "uri": "https://support.google.com/",
        "request_length": 459,
        "Response_Time": 0.23784947395324707,
        "status_code": 200,
        "reason_phrase": "OK",
        "error_message": [
            ""
        ],
        "response_header_count": 15,
        "response_header_length": 15,
        "response_body_length": 0,
        "response_header_fields": {
            "p3p": "CP=\"This is not a P3P policy! See g.co/p3phelp for more info.\"",
            "strict-transport-security": "max-age=31536000; includeSubdomains",
            "content-type": "text/html; charset=UTF-8",
            "date": "Wed, 25 Oct 2023 12:33:35 GMT",
            "expires": "Wed, 25 Oct 2023 12:33:35 GMT",
            "cache-control": "private, max-age=0",
            "content-security-policy-report-only": "object-src 'none';base-uri 'self';script-src 'nonce-q84g3FQsT4K4OnU4/bil' 'unsafe-inline' 'unsafe-eval' 'strict-dynamic' https: http: 'report-sample';report-uri https://csp.withgoogle.com/csp/scfe",
            "x-content-type-options": "nosniff",
            "content-encoding": "gzip",
            "server": "support-content-ui",
            "x-xss-protection": "0",
            "x-frame-options": "SAMEORIGIN",
            "set-cookie": "NID=511=oAyGm989g-eUzxFmmXumONO-MSjMUqz5dqU_qQW7O3oXNt_fdeR2yEPbEvHaDWfzw-dJ8t-YURs78MGTPEA_KRHgDwjAP3WbwOtw4-BavMoml463PYd2Weu1VB6Y4ZfCdKVswt9tWvh4lQNSPINvKmiAexltc02vjyBBNcsje2s; expires=Thu, 25-Apr-2024 12:33:35 GMT; path=/; domain=.google.com; Secure; HttpOnly; SameSite=none",
            "alt-svc": "h3=\":443\"; ma=2592000,h3-29=\":443\"; ma=2592000",
            "transfer-encoding": "chunked"
        }
    },
    {
        "number": 3,
        "request": "GET https://support.google.com/  HTTP/1.1\r\nHost: support.google.com\r\nUser-Agent: Mozilla/5.0 (Windows NT 10.0; rv:102.0) Gecko/20100101 Firefox/102.0\r\nAccept: text/html,application/xhtml+xml,application/xml;q=0.9,image/avif,image/webp,*/*;q=0.8\r\nAccept-Encoding: gzip, deflate, br\r\nAccept-Language: en-US,en;q=0.5\r\nDNT: 1\r\nConnection: keep-alive\r\nUpgrade-Insecure-Requests: 1\r\nSec-Fetch-Dest: document\r\nSec-Fetch-Mode: navigate\r\nSec-Fetch-Site: cross-site\r\n\r\n",
        "deviation_count": 0,
        "uri": "https://support.google.com/",
        "request_length": 459,
        "Response_Time": 0.19281387329101562,
        "status_code": 200,
        "reason_phrase": "OK",
        "error_message": [
            ""
        ],
        "response_header_count": 15,
        "response_header_length": 15,
        "response_body_length": 0,
        "response_header_fields": {
            "p3p": "CP=\"This is not a P3P policy! See g.co/p3phelp for more info.\"",
            "strict-transport-security": "max-age=31536000; includeSubdomains",
            "content-type": "text/html; charset=UTF-8",
            "date": "Wed, 25 Oct 2023 12:33:46 GMT",
            "expires": "Wed, 25 Oct 2023 12:33:46 GMT",
            "cache-control": "private, max-age=0",
            "content-security-policy-report-only": "object-src 'none';base-uri 'self';script-src 'nonce-6ZcTbLdHgAl/ZWVxzKDJ' 'unsafe-inline' 'unsafe-eval' 'strict-dynamic' https: http: 'report-sample';report-uri https://csp.withgoogle.com/csp/scfe",
            "x-content-type-options": "nosniff",
            "content-encoding": "gzip",
            "server": "support-content-ui",
            "x-xss-protection": "0",
            "x-frame-options": "SAMEORIGIN",
            "set-cookie": "NID=511=C9pfMgvLYV-c47WmRgwnIbODfwna_PcMnO2BhFe13awyk0NZ157TNtc8e86lOYTNhc48RhIz1EBTEy9E_IUw2JZeUSxXTlaJ6kvzRCv7XJ72QIdOvIODO7hLJEJ-47XVvgMLQaD2JcF7EtbnE22dfLvPjeTBaWX5FzS_TiXljiU; expires=Thu, 25-Apr-2024 12:33:46 GMT; path=/; domain=.google.com; Secure; HttpOnly; SameSite=none",
            "alt-svc": "h3=\":443\"; ma=2592000,h3-29=\":443\"; ma=2592000",
            "transfer-encoding": "chunked"
        }
    },
    {
        "number": 4,
        "request": "GET https://support.google.com/  HTTP/1.1\r\nHost: support.google.com\r\nUser-Agent: Mozilla/5.0 (Windows NT 10.0; rv:102.0) Gecko/20100101 Firefox/102.0\r\nAccept: text/html,application/xhtml+xml,application/xml;q=0.9,image/avif,image/webp,*/*;q=0.8\r\nAccept-Encoding: gzip, deflate, br\r\nAccept-Language: en-US,en;q=0.5\r\nDNT: 1\r\nConnection: keep-alive\r\nUpgrade-Insecure-Requests: 1\r\nSec-Fetch-Dest: document\r\nSec-Fetch-Mode: navigate\r\nSec-Fetch-Site: cross-site\r\n\r\n",
        "deviation_count": 0,
        "uri": "https://support.google.com/",
        "request_length": 459,
        "Response_Time": 0.2585275173187256,
        "status_code": 200,
        "reason_phrase": "OK",
        "error_message": [
            ""
        ],
        "response_header_count": 15,
        "response_header_length": 15,
        "response_body_length": 0,
        "response_header_fields": {
            "p3p": "CP=\"This is not a P3P policy! See g.co/p3phelp for more info.\"",
            "strict-transport-security": "max-age=31536000; includeSubdomains",
            "content-type": "text/html; charset=UTF-8",
            "date": "Wed, 25 Oct 2023 12:33:56 GMT",
            "expires": "Wed, 25 Oct 2023 12:33:56 GMT",
            "cache-control": "private, max-age=0",
            "content-security-policy-report-only": "object-src 'none';base-uri 'self';script-src 'nonce-/O2QLVkSM8bchcJspZes' 'unsafe-inline' 'unsafe-eval' 'strict-dynamic' https: http: 'report-sample';report-uri https://csp.withgoogle.com/csp/scfe",
            "x-content-type-options": "nosniff",
            "content-encoding": "gzip",
            "server": "support-content-ui",
            "x-xss-protection": "0",
            "x-frame-options": "SAMEORIGIN",
            "set-cookie": "NID=511=fSeTqlNWGtiwTKCDMq9bXYcblr1pTch_U0EGYohYjRtYhCivyo_r1YnBt1wpRhzTuWcQNKgbp6Q3tfwRT4AYf2rPc922Qu3ULCBzrPyDUMWGsYa0AcbkB7Qr2qlwJOPOLzRWA9OEptefTglvFLwDO1cnzPfsRr6Yl1Rx_3Lx7lk; expires=Thu, 25-Apr-2024 12:33:56 GMT; path=/; domain=.google.com; Secure; HttpOnly; SameSite=none",
            "alt-svc": "h3=\":443\"; ma=2592000,h3-29=\":443\"; ma=2592000",
            "transfer-encoding": "chunked"
        }
    },
    {
        "number": 5,
        "request": "GET https://support.google.com/  HTTP/1.1\r\nHost: support.google.com\r\nUser-Agent: Mozilla/5.0 (Windows NT 10.0; rv:102.0) Gecko/20100101 Firefox/102.0\r\nAccept: text/html,application/xhtml+xml,application/xml;q=0.9,image/avif,image/webp,*/*;q=0.8\r\nAccept-Encoding: gzip, deflate, br\r\nAccept-Language: en-US,en;q=0.5\r\nDNT: 1\r\nConnection: keep-alive\r\nUpgrade-Insecure-Requests: 1\r\nSec-Fetch-Dest: document\r\nSec-Fetch-Mode: navigate\r\nSec-Fetch-Site: cross-site\r\n\r\n",
        "deviation_count": 0,
        "uri": "https://support.google.com/",
        "request_length": 459,
        "Response_Time": 0.19507408142089844,
        "status_code": 200,
        "reason_phrase": "OK",
        "error_message": [
            ""
        ],
        "response_header_count": 15,
        "response_header_length": 15,
        "response_body_length": 0,
        "response_header_fields": {
            "p3p": "CP=\"This is not a P3P policy! See g.co/p3phelp for more info.\"",
            "strict-transport-security": "max-age=31536000; includeSubdomains",
            "content-type": "text/html; charset=UTF-8",
            "date": "Wed, 25 Oct 2023 12:34:07 GMT",
            "expires": "Wed, 25 Oct 2023 12:34:07 GMT",
            "cache-control": "private, max-age=0",
            "content-security-policy-report-only": "object-src 'none';base-uri 'self';script-src 'nonce-jshfbqmBx/hvei0XZGix' 'unsafe-inline' 'unsafe-eval' 'strict-dynamic' https: http: 'report-sample';report-uri https://csp.withgoogle.com/csp/scfe",
            "x-content-type-options": "nosniff",
            "content-encoding": "gzip",
            "server": "support-content-ui",
            "x-xss-protection": "0",
            "x-frame-options": "SAMEORIGIN",
            "set-cookie": "NID=511=f6Q8f9gMMCni_P8d_sivyMqM4jNg1GYAADglIWxxAV1N_FD28pz6tivGLGMZhZPMiJ55jrTK2aMYgD0KNLi3QJC4-kOlNAYroVNSSDsjrEsgF9it48kajVCwizBszSuuip5PyVJfCK45pMYWXRigWNwe-FOZ0sAz9hqntdymydQ; expires=Thu, 25-Apr-2024 12:34:07 GMT; path=/; domain=.google.com; Secure; HttpOnly; SameSite=none",
            "alt-svc": "h3=\":443\"; ma=2592000,h3-29=\":443\"; ma=2592000",
            "transfer-encoding": "chunked"
        }
    },
    {
        "number": 6,
        "request": "GET https://support.google.com/  HTTP/1.1\r\nHost: support.google.com\r\nUser-Agent: Mozilla/5.0 (Windows NT 10.0; rv:102.0) Gecko/20100101 Firefox/102.0\r\nAccept: text/html,application/xhtml+xml,application/xml;q=0.9,image/avif,image/webp,*/*;q=0.8\r\nAccept-Encoding: gzip, deflate, br\r\nAccept-Language: en-US,en;q=0.5\r\nDNT: 1\r\nConnection: keep-alive\r\nUpgrade-Insecure-Requests: 1\r\nSec-Fetch-Dest: document\r\nSec-Fetch-Mode: navigate\r\nSec-Fetch-Site: cross-site\r\n\r\n",
        "deviation_count": 0,
        "uri": "https://support.google.com/",
        "request_length": 459,
        "Response_Time": 0.2717468738555908,
        "status_code": 200,
        "reason_phrase": "OK",
        "error_message": [
            ""
        ],
        "response_header_count": 15,
        "response_header_length": 15,
        "response_body_length": 0,
        "response_header_fields": {
            "p3p": "CP=\"This is not a P3P policy! See g.co/p3phelp for more info.\"",
            "strict-transport-security": "max-age=31536000; includeSubdomains",
            "content-type": "text/html; charset=UTF-8",
            "date": "Wed, 25 Oct 2023 12:34:17 GMT",
            "expires": "Wed, 25 Oct 2023 12:34:17 GMT",
            "cache-control": "private, max-age=0",
            "content-security-policy-report-only": "object-src 'none';base-uri 'self';script-src 'nonce-Lf4koIKqjveRrA1qFHpE' 'unsafe-inline' 'unsafe-eval' 'strict-dynamic' https: http: 'report-sample';report-uri https://csp.withgoogle.com/csp/scfe",
            "x-content-type-options": "nosniff",
            "content-encoding": "gzip",
            "server": "support-content-ui",
            "x-xss-protection": "0",
            "x-frame-options": "SAMEORIGIN",
            "set-cookie": "NID=511=BMf69G7GIJf8XpqFCBRtixw8VgVUDFLwwzF6wBjMGtcntxrUJxIYYUH9H_tT3HQvjXSQ3akUIDSJW5BJ5iJgCf8zI5Yq3ReMzpikeCfIFBI1fsSDWmw1aWpe7zMay8iBoapJeFoJLf9G7ziK5yRem1vM66Skv8Hc_kyXZgN1zew; expires=Thu, 25-Apr-2024 12:34:17 GMT; path=/; domain=.google.com; Secure; HttpOnly; SameSite=none",
            "alt-svc": "h3=\":443\"; ma=2592000,h3-29=\":443\"; ma=2592000",
            "transfer-encoding": "chunked"
        }
    },
    {
        "number": 7,
        "request": "GET https://support.google.com/  HTTP/1.1\r\nHost: support.google.com\r\nUser-Agent: Mozilla/5.0 (Windows NT 10.0; rv:102.0) Gecko/20100101 Firefox/102.0\r\nAccept: text/html,application/xhtml+xml,application/xml;q=0.9,image/avif,image/webp,*/*;q=0.8\r\nAccept-Encoding: gzip, deflate, br\r\nAccept-Language: en-US,en;q=0.5\r\nDNT: 1\r\nConnection: keep-alive\r\nUpgrade-Insecure-Requests: 1\r\nSec-Fetch-Dest: document\r\nSec-Fetch-Mode: navigate\r\nSec-Fetch-Site: cross-site\r\n\r\n",
        "deviation_count": 0,
        "uri": "https://support.google.com/",
        "request_length": 459,
        "Response_Time": 0.19411134719848633,
        "status_code": 200,
        "reason_phrase": "OK",
        "error_message": [
            ""
        ],
        "response_header_count": 15,
        "response_header_length": 15,
        "response_body_length": 0,
        "response_header_fields": {
            "p3p": "CP=\"This is not a P3P policy! See g.co/p3phelp for more info.\"",
            "strict-transport-security": "max-age=31536000; includeSubdomains",
            "content-type": "text/html; charset=UTF-8",
            "date": "Wed, 25 Oct 2023 12:34:27 GMT",
            "expires": "Wed, 25 Oct 2023 12:34:27 GMT",
            "cache-control": "private, max-age=0",
            "content-security-policy-report-only": "object-src 'none';base-uri 'self';script-src 'nonce-hEk/DiKoGjWH5Xq+tWMt' 'unsafe-inline' 'unsafe-eval' 'strict-dynamic' https: http: 'report-sample';report-uri https://csp.withgoogle.com/csp/scfe",
            "x-content-type-options": "nosniff",
            "content-encoding": "gzip",
            "server": "support-content-ui",
            "x-xss-protection": "0",
            "x-frame-options": "SAMEORIGIN",
            "set-cookie": "NID=511=PFuaC8hd5UfRMj8oBcfnZnCTokBRlaFUigXES23U6DcKRR03TrIcvNb2rETADFaD6S4QVTEFYS9vtYy6uLB_0cc_KROzoy17aR3UdbJBurbXwu5qkmLOGGpwT3kJ8zeI_jjVhwFSB0FBCIQq3Gb3nwK4uzz42Trpuf50d-AsdE8; expires=Thu, 25-Apr-2024 12:34:27 GMT; path=/; domain=.google.com; Secure; HttpOnly; SameSite=none",
            "alt-svc": "h3=\":443\"; ma=2592000,h3-29=\":443\"; ma=2592000",
            "transfer-encoding": "chunked"
        }
    },
    {
        "number": 8,
        "request": "GET https://support.google.com/  HTTP/1.1\r\nHost: support.google.com\r\nUser-Agent: Mozilla/5.0 (Windows NT 10.0; rv:102.0) Gecko/20100101 Firefox/102.0\r\nAccept: text/html,application/xhtml+xml,application/xml;q=0.9,image/avif,image/webp,*/*;q=0.8\r\nAccept-Encoding: gzip, deflate, br\r\nAccept-Language: en-US,en;q=0.5\r\nDNT: 1\r\nConnection: keep-alive\r\nUpgrade-Insecure-Requests: 1\r\nSec-Fetch-Dest: document\r\nSec-Fetch-Mode: navigate\r\nSec-Fetch-Site: cross-site\r\n\r\n",
        "deviation_count": 0,
        "uri": "https://support.google.com/",
        "request_length": 459,
        "Response_Time": 0.22925901412963867,
        "status_code": 200,
        "reason_phrase": "OK",
        "error_message": [
            ""
        ],
        "response_header_count": 15,
        "response_header_length": 15,
        "response_body_length": 0,
        "response_header_fields": {
            "p3p": "CP=\"This is not a P3P policy! See g.co/p3phelp for more info.\"",
            "strict-transport-security": "max-age=31536000; includeSubdomains",
            "content-type": "text/html; charset=UTF-8",
            "date": "Wed, 25 Oct 2023 12:34:37 GMT",
            "expires": "Wed, 25 Oct 2023 12:34:37 GMT",
            "cache-control": "private, max-age=0",
            "content-security-policy-report-only": "object-src 'none';base-uri 'self';script-src 'nonce-Pvvw8VjPcgHQ7DYvfL7a' 'unsafe-inline' 'unsafe-eval' 'strict-dynamic' https: http: 'report-sample';report-uri https://csp.withgoogle.com/csp/scfe",
            "x-content-type-options": "nosniff",
            "content-encoding": "gzip",
            "server": "support-content-ui",
            "x-xss-protection": "0",
            "x-frame-options": "SAMEORIGIN",
            "set-cookie": "NID=511=qJD3mVrbcj1Idn-iPnH6KM77XFzGvpDlS2qJ-DabIP6QBFIYcLN2gFr8ClmJv_Al22YKFKty-BbZMzy5Y0sSh86Qmk_ILItmQVjFq303EqQgBWxYKjPXOwmSgZluX-A_-_U83Tb5fQT_5rDn5JtztGZ1ygbaxATOkPARNvCANhU; expires=Thu, 25-Apr-2024 12:34:37 GMT; path=/; domain=.google.com; Secure; HttpOnly; SameSite=none",
            "alt-svc": "h3=\":443\"; ma=2592000,h3-29=\":443\"; ma=2592000",
            "transfer-encoding": "chunked"
        }
    },
    {
        "number": 9,
        "request": "GET https://support.google.com/  HTTP/1.1\r\nHost: support.google.com\r\nUser-Agent: Mozilla/5.0 (Windows NT 10.0; rv:102.0) Gecko/20100101 Firefox/102.0\r\nAccept: text/html,application/xhtml+xml,application/xml;q=0.9,image/avif,image/webp,*/*;q=0.8\r\nAccept-Encoding: gzip, deflate, br\r\nAccept-Language: en-US,en;q=0.5\r\nDNT: 1\r\nConnection: keep-alive\r\nUpgrade-Insecure-Requests: 1\r\nSec-Fetch-Dest: document\r\nSec-Fetch-Mode: navigate\r\nSec-Fetch-Site: cross-site\r\n\r\n",
        "deviation_count": 0,
        "uri": "https://support.google.com/",
        "request_length": 459,
        "Response_Time": 0.2377467155456543,
        "status_code": 200,
        "reason_phrase": "OK",
        "error_message": [
            ""
        ],
        "response_header_count": 15,
        "response_header_length": 15,
        "response_body_length": 0,
        "response_header_fields": {
            "p3p": "CP=\"This is not a P3P policy! See g.co/p3phelp for more info.\"",
            "strict-transport-security": "max-age=31536000; includeSubdomains",
            "content-type": "text/html; charset=UTF-8",
            "date": "Wed, 25 Oct 2023 12:34:47 GMT",
            "expires": "Wed, 25 Oct 2023 12:34:47 GMT",
            "cache-control": "private, max-age=0",
            "content-security-policy-report-only": "object-src 'none';base-uri 'self';script-src 'nonce-sRkuaCcIZHcGrIS8kfkI' 'unsafe-inline' 'unsafe-eval' 'strict-dynamic' https: http: 'report-sample';report-uri https://csp.withgoogle.com/csp/scfe",
            "x-content-type-options": "nosniff",
            "content-encoding": "gzip",
            "server": "support-content-ui",
            "x-xss-protection": "0",
            "x-frame-options": "SAMEORIGIN",
            "set-cookie": "NID=511=XgklTo38ACNTV2sN-voHGNUSQx00epL3cb8mizsUrO_ja-79gnq_pl9jOoeKPi7VbrM0L0ECnePvwkMYNH8sRCuzav3jc6yA4zqjvxZ9fd8oVo3wfey-JucFrZL9fNfsfmeI1_x8KQyRCelVZIvTl9DyuEe1SM6tDZYw-XPRqok; expires=Thu, 25-Apr-2024 12:34:47 GMT; path=/; domain=.google.com; Secure; HttpOnly; SameSite=none",
            "alt-svc": "h3=\":443\"; ma=2592000,h3-29=\":443\"; ma=2592000",
            "transfer-encoding": "chunked"
        }
    }
]