[
    {
        "number": 0,
        "request": "GET https://www.cloudflare.com/  HTTP/1.1\r\nHost: www.cloudflare.com\r\nUser-Agent: Mozilla/5.0 (Windows NT 10.0; rv:102.0) Gecko/20100101 Firefox/102.0\r\nAccept: text/html,application/xhtml+xml,application/xml;q=0.9,image/avif,image/webp,*/*;q=0.8\r\nAccept-Encoding: gzip, deflate, br\r\nAccept-Language: en-US,en;q=0.5\r\nDNT: 1\r\nConnection: keep-alive\r\nUpgrade-Insecure-Requests: 1\r\nSec-Fetch-Dest: document\r\nSec-Fetch-Mode: navigate\r\nSec-Fetch-Site: cross-site\r\n\r\n",
        "deviation_count": 0,
        "uri": "https://www.cloudflare.com/",
        "request_length": 459,
        "Response_Time": 0.06972980499267578,
        "status_code": 200,
        "reason_phrase": "OK",
        "error_message": [
            ""
        ],
        "response_header_count": 22,
        "response_header_length": 22,
        "response_body_length": 2,
        "response_header_fields": {
            "date": "Wed, 25 Oct 2023 12:33:19 GMT",
            "content-type": "text/html; charset=utf-8",
            "transfer-encoding": "chunked",
            "connection": "keep-alive",
            "cf-ray": "81ba7cbfda37b909-AMS",
            "cf-cache-status": "HIT",
            "age": "77",
            "cache-control": "max-age=120",
            "expires": "Wed, 25 Oct 2023 12:32:10 GMT",
            "last-modified": "Wed, 25 Oct 2023 11:54:25 GMT",
            "strict-transport-security": "max-age=31536000; includeSubDomains",
            "vary": "Accept-Encoding",
            "x-content-type-options": "nosniff",
            "x-frame-options": "SAMEORIGIN",
            "x-rm": "RDWD",
            "x-xss-protection": "1; mode=block",
            "set-cookie": "__cf_bm=VQ3w_Tdu6DrriQyLnX74FcQguyzUaVOv6RmRdwmRyi0-1698237199-0-AUB+Qk97Kdd4oHxXhIjc0iKu4LXzXHyMJ+8uVIkR40EbEz4R85pTt0z0IIJy+0+3hwpaSHQiIIvnOP5NCyOTQtxJzvebvX72hOEc709+aAun; path=/; expires=Wed, 25-Oct-23 13:03:19 GMT; domain=.www.cloudflare.com; HttpOnly; Secure; SameSite=None",
            "report-to": "{\"endpoints\":[{\"url\":\"https:\\/\\/a.nel.cloudflare.com\\/report\\/v3?s=pHDsL4pGjicuw%2Bb2HvRJVff6RWu9cX2gOd1LUeE%2B0y6K%2F%2F4pQcz9uTzPAxnDXDuq9aJRoqowxepTC2WQy5F14eRNEC6AcmovxfQXH%2BLxgqQqbSBxenlc%2Fe4m4WkgbHqDWtBLOw%3D%3D\"}],\"group\":\"cf-nel\",\"max_age\":604800}",
            "nel": "{\"success_fraction\":0,\"report_to\":\"cf-nel\",\"max_age\":604800}",
            "server": "cloudflare",
            "content-encoding": "br",
            "alt-svc": "h3=\":443\"; ma=86400"
        }
    },
    {
        "number": 1,
        "request": "GET https://www.cloudflare.com/  HTTP/1.1\r\nHost: www.cloudflare.com\r\nUser-Agent: Mozilla/5.0 (Windows NT 10.0; rv:102.0) Gecko/20100101 Firefox/102.0\r\nAccept: text/html,application/xhtml+xml,application/xml;q=0.9,image/avif,image/webp,*/*;q=0.8\r\nAccept-Encoding: gzip, deflate, br\r\nAccept-Language: en-US,en;q=0.5\r\nDNT: 1\r\nConnection: keep-alive\r\nUpgrade-Insecure-Requests: 1\r\nSec-Fetch-Dest: document\r\nSec-Fetch-Mode: navigate\r\nSec-Fetch-Site: cross-site\r\n\r\n",
        "deviation_count": 0,
        "uri": "https://www.cloudflare.com/",
        "request_length": 459,
        "Response_Time": 0.05120348930358887,
        "status_code": 200,
        "reason_phrase": "OK",
        "error_message": [
            ""
        ],
        "response_header_count": 22,
        "response_header_length": 22,
        "response_body_length": 2,
        "response_header_fields": {
            "date": "Wed, 25 Oct 2023 12:33:28 GMT",
            "content-type": "text/html; charset=utf-8",
            "transfer-encoding": "chunked",
            "connection": "keep-alive",
            "cf-ray": "81ba7cf93f630e39-AMS",
            "cf-cache-status": "HIT",
            "age": "94",
            "cache-control": "max-age=120",
            "expires": "Wed, 25 Oct 2023 12:32:04 GMT",
            "last-modified": "Wed, 25 Oct 2023 11:54:25 GMT",
            "strict-transport-security": "max-age=31536000; includeSubDomains",
            "vary": "Accept-Encoding",
            "x-content-type-options": "nosniff",
            "x-frame-options": "SAMEORIGIN",
            "x-rm": "RDWD",
            "x-xss-protection": "1; mode=block",
            "set-cookie": "__cf_bm=mcuxKALeLIDW1tAL4ZTvdk9JrHZzJuEnmcaEVtYgjpo-1698237208-0-AVTu+t42FZTqmE2SMBXEyyEtqz25ZUNMRRT6xMzcAsPf1yovyi/fReCPAX3286aZZ1zG82MfvTeUeSLkHg+axBsBPIyEoRTwkdk1oOeE4v17; path=/; expires=Wed, 25-Oct-23 13:03:28 GMT; domain=.www.cloudflare.com; HttpOnly; Secure; SameSite=None",
            "report-to": "{\"endpoints\":[{\"url\":\"https:\\/\\/a.nel.cloudflare.com\\/report\\/v3?s=8W%2BYToXEjHN2rHdfdxOjX7Rd2uMd7oqKXojNBIPSjDQ9w%2BvknbRuyKVingp818byYS2sU4oOCxausrl8XJsI8%2BjWnGF0jVxPk4ICQaaE2XY2ydhYdJO4qBoKyg3qeWoy69kPZQ%3D%3D\"}],\"group\":\"cf-nel\",\"max_age\":604800}",
            "nel": "{\"success_fraction\":0,\"report_to\":\"cf-nel\",\"max_age\":604800}",
            "server": "cloudflare",
            "content-encoding": "br",
            "alt-svc": "h3=\":443\"; ma=86400"
        }
    },
    {
        "number": 2,
        "request": "GET https://www.cloudflare.com/  HTTP/1.1\r\nHost: www.cloudflare.com\r\nUser-Agent: Mozilla/5.0 (Windows NT 10.0; rv:102.0) Gecko/20100101 Firefox/102.0\r\nAccept: text/html,application/xhtml+xml,application/xml;q=0.9,image/avif,image/webp,*/*;q=0.8\r\nAccept-Encoding: gzip, deflate, br\r\nAccept-Language: en-US,en;q=0.5\r\nDNT: 1\r\nConnection: keep-alive\r\nUpgrade-Insecure-Requests: 1\r\nSec-Fetch-Dest: document\r\nSec-Fetch-Mode: navigate\r\nSec-Fetch-Site: cross-site\r\n\r\n",
        "deviation_count": 0,
        "uri": "https://www.cloudflare.com/",
        "request_length": 459,
        "Response_Time": 0.05182838439941406,
        "status_code": 200,
        "reason_phrase": "OK",
        "error_message": [
            ""
        ],
        "response_header_count": 22,
        "response_header_length": 22,
        "response_body_length": 2,
        "response_header_fields": {
            "date": "Wed, 25 Oct 2023 12:33:37 GMT",
            "content-type": "text/html; charset=utf-8",
            "transfer-encoding": "chunked",
            "connection": "keep-alive",
            "cf-ray": "81ba7d344eaf06ce-AMS",
            "cf-cache-status": "HIT",
            "age": "103",
            "cache-control": "max-age=120",
            "expires": "Wed, 25 Oct 2023 12:32:04 GMT",
            "last-modified": "Wed, 25 Oct 2023 11:54:25 GMT",
            "strict-transport-security": "max-age=31536000; includeSubDomains",
            "vary": "Accept-Encoding",
            "x-content-type-options": "nosniff",
            "x-frame-options": "SAMEORIGIN",
            "x-rm": "RDWD",
            "x-xss-protection": "1; mode=block",
            "set-cookie": "__cf_bm=pXrcey.fKC5k_sniZ477YPctVHR1gAMLRunp5iPWPOA-1698237217-0-Ad3KBnDA8hoj10iLGdStBrjfTTZLGZPmEq0UpPuptEz79f2qBhZTZj6pqY+ugiYaYUcbc3knpzxtipgQhJlkeOWBVv5MbSOcRHH8iDSPHBBl; path=/; expires=Wed, 25-Oct-23 13:03:37 GMT; domain=.www.cloudflare.com; HttpOnly; Secure; SameSite=None",
            "report-to": "{\"endpoints\":[{\"url\":\"https:\\/\\/a.nel.cloudflare.com\\/report\\/v3?s=g7vzZfe8hRb7AmvGvP1oC19Aylf0dO7BB1AYIa7HChgXFqixcthTtw9GbqWjIf0hKbC4ERQ9jlkb9CLjFxMTpwj9Ymd31o6SJmtzAnRR%2BJs7iG%2BBMS6XxywFqIf2zrEBIQWkyA%3D%3D\"}],\"group\":\"cf-nel\",\"max_age\":604800}",
            "nel": "{\"success_fraction\":0,\"report_to\":\"cf-nel\",\"max_age\":604800}",
            "server": "cloudflare",
            "content-encoding": "br",
            "alt-svc": "h3=\":443\"; ma=86400"
        }
    },
    {
        "number": 3,
        "request": "GET https://www.cloudflare.com/  HTTP/1.1\r\nHost: www.cloudflare.com\r\nUser-Agent: Mozilla/5.0 (Windows NT 10.0; rv:102.0) Gecko/20100101 Firefox/102.0\r\nAccept: text/html,application/xhtml+xml,application/xml;q=0.9,image/avif,image/webp,*/*;q=0.8\r\nAccept-Encoding: gzip, deflate, br\r\nAccept-Language: en-US,en;q=0.5\r\nDNT: 1\r\nConnection: keep-alive\r\nUpgrade-Insecure-Requests: 1\r\nSec-Fetch-Dest: document\r\nSec-Fetch-Mode: navigate\r\nSec-Fetch-Site: cross-site\r\n\r\n",
        "deviation_count": 0,
        "uri": "https://www.cloudflare.com/",
        "request_length": 459,
        "Response_Time": 0.0729224681854248,
        "status_code": 200,
        "reason_phrase": "OK",
        "error_message": [
            ""
        ],
        "response_header_count": 22,
        "response_header_length": 22,
        "response_body_length": 2,
        "response_header_fields": {
            "date": "Wed, 25 Oct 2023 12:33:47 GMT",
            "content-type": "text/html; charset=utf-8",
            "transfer-encoding": "chunked",
            "connection": "keep-alive",
            "cf-ray": "81ba7d70281d6716-AMS",
            "cf-cache-status": "HIT",
            "age": "95",
            "cache-control": "max-age=120",
            "expires": "Wed, 25 Oct 2023 12:32:19 GMT",
            "last-modified": "Wed, 25 Oct 2023 11:54:25 GMT",
            "strict-transport-security": "max-age=31536000; includeSubDomains",
            "vary": "Accept-Encoding",
            "x-content-type-options": "nosniff",
            "x-frame-options": "SAMEORIGIN",
            "x-rm": "RDWD",
            "x-xss-protection": "1; mode=block",
            "set-cookie": "__cf_bm=15FiSkwvHSLXbQRbvQjyGaZZ1wLpM0utqcrdekuJb0U-1698237227-0-AfypzZKqJqNDtVnn2aUjoOfmq+ayQ/4kNBWRehoIvYayCeZ2vTiTrTD9MdFkHyr9NOo0v3JLg0YtPX5DYnHjDqGiXjiarjrioMCIa3QY8rJP; path=/; expires=Wed, 25-Oct-23 13:03:47 GMT; domain=.www.cloudflare.com; HttpOnly; Secure; SameSite=None",
            "report-to": "{\"endpoints\":[{\"url\":\"https:\\/\\/a.nel.cloudflare.com\\/report\\/v3?s=Dy3OPIUibS4bwgXrMBudhNPAWtYDnHVTCloe7nBn%2FCzoIR9%2Btu87wcSv6Xs04l0i7AfNeqzyj42UBAATqvHbV%2Bxpczw%2BPAR7AaaP92ejvxSTy7TvnEJOf6DNuDXo5m%2BWDa6b4w%3D%3D\"}],\"group\":\"cf-nel\",\"max_age\":604800}",
            "nel": "{\"success_fraction\":0,\"report_to\":\"cf-nel\",\"max_age\":604800}",
            "server": "cloudflare",
            "content-encoding": "br",
            "alt-svc": "h3=\":443\"; ma=86400"
        }
    },
    {
        "number": 4,
        "request": "GET https://www.cloudflare.com/  HTTP/1.1\r\nHost: www.cloudflare.com\r\nUser-Agent: Mozilla/5.0 (Windows NT 10.0; rv:102.0) Gecko/20100101 Firefox/102.0\r\nAccept: text/html,application/xhtml+xml,application/xml;q=0.9,image/avif,image/webp,*/*;q=0.8\r\nAccept-Encoding: gzip, deflate, br\r\nAccept-Language: en-US,en;q=0.5\r\nDNT: 1\r\nConnection: keep-alive\r\nUpgrade-Insecure-Requests: 1\r\nSec-Fetch-Dest: document\r\nSec-Fetch-Mode: navigate\r\nSec-Fetch-Site: cross-site\r\n\r\n",
        "deviation_count": 0,
        "uri": "https://www.cloudflare.com/",
        "request_length": 459,
        "Response_Time": 0.07593703269958496,
        "status_code": 200,
        "reason_phrase": "OK",
        "error_message": [
            ""
        ],
        "response_header_count": 22,
        "response_header_length": 22,
        "response_body_length": 2,
        "response_header_fields": {
            "date": "Wed, 25 Oct 2023 12:33:57 GMT",
            "content-type": "text/html; charset=utf-8",
            "transfer-encoding": "chunked",
            "connection": "keep-alive",
            "cf-ray": "81ba7dab0ad76699-AMS",
            "cf-cache-status": "HIT",
            "age": "104",
            "cache-control": "max-age=120",
            "expires": "Wed, 25 Oct 2023 12:32:19 GMT",
            "last-modified": "Wed, 25 Oct 2023 11:54:25 GMT",
            "strict-transport-security": "max-age=31536000; includeSubDomains",
            "vary": "Accept-Encoding",
            "x-content-type-options": "nosniff",
            "x-frame-options": "SAMEORIGIN",
            "x-rm": "RDWD",
            "x-xss-protection": "1; mode=block",
            "set-cookie": "__cf_bm=0MwOo2lSEOhB6aZ9uRvuCreJl6kfBjyYAuxf40FA4Jk-1698237237-0-ARLfzcs0clYWG+xfn/Z6P4+BxBzqzXWq5rkFr++GBOs9iMxjVvJHxf1UIvE2yMIn5vI1hbknT4RmpUZRO3pzYbfEKa9fNx908H5NV2tPwAAw; path=/; expires=Wed, 25-Oct-23 13:03:57 GMT; domain=.www.cloudflare.com; HttpOnly; Secure; SameSite=None",
            "report-to": "{\"endpoints\":[{\"url\":\"https:\\/\\/a.nel.cloudflare.com\\/report\\/v3?s=6Ir9VsB7%2FtPzzNdQE3YdtxK4Wlv5Uf0NA0KMnk%2FkbAHLBL4IfexDivKce9qnSIcw6eIN0WuPTWyuJtgiLYwfusP7mL%2Bxz7Xt5j5OGzgrROyf%2B0A3%2FvcxuAjtZB957vX6lAyG%2Fw%3D%3D\"}],\"group\":\"cf-nel\",\"max_age\":604800}",
            "nel": "{\"success_fraction\":0,\"report_to\":\"cf-nel\",\"max_age\":604800}",
            "server": "cloudflare",
            "content-encoding": "br",
            "alt-svc": "h3=\":443\"; ma=86400"
        }
    },
    {
        "number": 5,
        "request": "GET https://www.cloudflare.com/  HTTP/1.1\r\nHost: www.cloudflare.com\r\nUser-Agent: Mozilla/5.0 (Windows NT 10.0; rv:102.0) Gecko/20100101 Firefox/102.0\r\nAccept: text/html,application/xhtml+xml,application/xml;q=0.9,image/avif,image/webp,*/*;q=0.8\r\nAccept-Encoding: gzip, deflate, br\r\nAccept-Language: en-US,en;q=0.5\r\nDNT: 1\r\nConnection: keep-alive\r\nUpgrade-Insecure-Requests: 1\r\nSec-Fetch-Dest: document\r\nSec-Fetch-Mode: navigate\r\nSec-Fetch-Site: cross-site\r\n\r\n",
        "deviation_count": 0,
        "uri": "https://www.cloudflare.com/",
        "request_length": 459,
        "Response_Time": 0.0840146541595459,
        "status_code": 200,
        "reason_phrase": "OK",
        "error_message": [
            ""
        ],
        "response_header_count": 22,
        "response_header_length": 22,
        "response_body_length": 148,
        "response_header_fields": {
            "date": "Wed, 25 Oct 2023 12:34:07 GMT",
            "content-type": "text/html; charset=utf-8",
            "transfer-encoding": "chunked",
            "connection": "keep-alive",
            "cf-ray": "81ba7dea8c956664-AMS",
            "cf-cache-status": "HIT",
            "age": "4",
            "cache-control": "max-age=120",
            "expires": "Wed, 25 Oct 2023 12:34:04 GMT",
            "last-modified": "Wed, 25 Oct 2023 11:54:25 GMT",
            "strict-transport-security": "max-age=31536000; includeSubDomains",
            "vary": "Accept-Encoding",
            "x-content-type-options": "nosniff",
            "x-frame-options": "SAMEORIGIN",
            "x-rm": "RDWD",
            "x-xss-protection": "1; mode=block",
            "set-cookie": "__cf_bm=orML9vnQlw8glcO9RhmNpWNxswGSxpxl5483yJBoFMQ-1698237247-0-AXSkS1xXrZ4LOLd4AZr1Z+XI8G5or0ed3dXEWsx53TT4VoMvs0vAa0/Ndt1ba8YWn60GS6CPLXMsiamyX3JYjL9aJ/l7FCDoEj0MC/PWkzg+; path=/; expires=Wed, 25-Oct-23 13:04:07 GMT; domain=.www.cloudflare.com; HttpOnly; Secure; SameSite=None",
            "report-to": "{\"endpoints\":[{\"url\":\"https:\\/\\/a.nel.cloudflare.com\\/report\\/v3?s=DTxAvUOCQZAc2lyyiM%2B0zgATUFp6j7Q3HqE%2BEQUgGEGpQ5s38kGNlwyGweAQpxGMIo8Pm%2BtG3kuJZ6LKL12u78FiKmFv%2FldlELjNVsQIRQahzUBeVQ6twGcxhp45WuS71J0JsQ%3D%3D\"}],\"group\":\"cf-nel\",\"max_age\":604800}",
            "nel": "{\"success_fraction\":0,\"report_to\":\"cf-nel\",\"max_age\":604800}",
            "server": "cloudflare",
            "content-encoding": "br",
            "alt-svc": "h3=\":443\"; ma=86400"
        }
    },
    {
        "number": 6,
        "request": "GET https://www.cloudflare.com/  HTTP/1.1\r\nHost: www.cloudflare.com\r\nUser-Agent: Mozilla/5.0 (Windows NT 10.0; rv:102.0) Gecko/20100101 Firefox/102.0\r\nAccept: text/html,application/xhtml+xml,application/xml;q=0.9,image/avif,image/webp,*/*;q=0.8\r\nAccept-Encoding: gzip, deflate, br\r\nAccept-Language: en-US,en;q=0.5\r\nDNT: 1\r\nConnection: keep-alive\r\nUpgrade-Insecure-Requests: 1\r\nSec-Fetch-Dest: document\r\nSec-Fetch-Mode: navigate\r\nSec-Fetch-Site: cross-site\r\n\r\n",
        "deviation_count": 0,
        "uri": "https://www.cloudflare.com/",
        "request_length": 459,
        "Response_Time": 0.05050945281982422,
        "status_code": 200,
        "reason_phrase": "OK",
        "error_message": [
            ""
        ],
        "response_header_count": 22,
        "response_header_length": 22,
        "response_body_length": 2,
        "response_header_fields": {
            "date": "Wed, 25 Oct 2023 12:34:16 GMT",
            "content-type": "text/html; charset=utf-8",
            "transfer-encoding": "chunked",
            "connection": "keep-alive",
            "cf-ray": "81ba7e269bb80bdb-AMS",
            "cf-cache-status": "HIT",
            "age": "1",
            "cache-control": "max-age=120",
            "expires": "Wed, 25 Oct 2023 12:34:25 GMT",
            "last-modified": "Wed, 25 Oct 2023 11:54:25 GMT",
            "strict-transport-security": "max-age=31536000; includeSubDomains",
            "vary": "Accept-Encoding",
            "x-content-type-options": "nosniff",
            "x-frame-options": "SAMEORIGIN",
            "x-rm": "RDWD",
            "x-xss-protection": "1; mode=block",
            "set-cookie": "__cf_bm=q8HiJ7L4mTugKwqvvG.aOuSjBCabZ.WRVfkVlKCfOZc-1698237256-0-ARS6t9Qp5UsRcYoHNcJRaYTntLR4PordbsFvZJo+LCyFgn3dT+v4ifwcZxNKAjdu9Lt4x9QbTnTd7SVi8NRRR0xfuIVQTBdWp+rMYoPtq7jd; path=/; expires=Wed, 25-Oct-23 13:04:16 GMT; domain=.www.cloudflare.com; HttpOnly; Secure; SameSite=None",
            "report-to": "{\"endpoints\":[{\"url\":\"https:\\/\\/a.nel.cloudflare.com\\/report\\/v3?s=0Um4YzCkxp6%2BQ0hVUCwPh7Xnxo0BrY%2FXK%2FHMpT1xDDL6eKXrKC89SHs06EifGYLOx4aBqHJU5Jb7Q6dQ7VR6Tc8ogKiOPeeA%2F2QZcrxxS2TmWQzA30xGqxWawoPJ7Y26JKmGeg%3D%3D\"}],\"group\":\"cf-nel\",\"max_age\":604800}",
            "nel": "{\"success_fraction\":0,\"report_to\":\"cf-nel\",\"max_age\":604800}",
            "server": "cloudflare",
            "content-encoding": "br",
            "alt-svc": "h3=\":443\"; ma=86400"
        }
    },
    {
        "number": 7,
        "request": "GET https://www.cloudflare.com/  HTTP/1.1\r\nHost: www.cloudflare.com\r\nUser-Agent: Mozilla/5.0 (Windows NT 10.0; rv:102.0) Gecko/20100101 Firefox/102.0\r\nAccept: text/html,application/xhtml+xml,application/xml;q=0.9,image/avif,image/webp,*/*;q=0.8\r\nAccept-Encoding: gzip, deflate, br\r\nAccept-Language: en-US,en;q=0.5\r\nDNT: 1\r\nConnection: keep-alive\r\nUpgrade-Insecure-Requests: 1\r\nSec-Fetch-Dest: document\r\nSec-Fetch-Mode: navigate\r\nSec-Fetch-Site: cross-site\r\n\r\n",
        "deviation_count": 0,
        "uri": "https://www.cloudflare.com/",
        "request_length": 459,
        "Response_Time": 0.05615711212158203,
        "status_code": 200,
        "reason_phrase": "OK",
        "error_message": [
            ""
        ],
        "response_header_count": 22,
        "response_header_length": 22,
        "response_body_length": 2,
        "response_header_fields": {
            "date": "Wed, 25 Oct 2023 12:34:26 GMT",
            "content-type": "text/html; charset=utf-8",
            "transfer-encoding": "chunked",
            "connection": "keep-alive",
            "cf-ray": "81ba7e633e45b966-AMS",
            "cf-cache-status": "HIT",
            "age": "23",
            "cache-control": "max-age=120",
            "expires": "Wed, 25 Oct 2023 12:34:04 GMT",
            "last-modified": "Wed, 25 Oct 2023 11:54:25 GMT",
            "strict-transport-security": "max-age=31536000; includeSubDomains",
            "vary": "Accept-Encoding",
            "x-content-type-options": "nosniff",
            "x-frame-options": "SAMEORIGIN",
            "x-rm": "RDWD",
            "x-xss-protection": "1; mode=block",
            "set-cookie": "__cf_bm=jZQx.M_JvPlJQ.jzlK82ZmJe76eJ.saPi_YKS0tvqsw-1698237266-0-AdgRTku4DXZdzvA/5VzUMIRv2bfES+YfqBwRYL8IiMYTYXDETpYVdRA9lLrBwSBt54/yBFTqdHd+rqUofBiZfC1tJI26hVHct6XQANOVnqrF; path=/; expires=Wed, 25-Oct-23 13:04:26 GMT; domain=.www.cloudflare.com; HttpOnly; Secure; SameSite=None",
            "report-to": "{\"endpoints\":[{\"url\":\"https:\\/\\/a.nel.cloudflare.com\\/report\\/v3?s=Wrn3dCIm6WvRiSWXb8ZJdJmH6p40PULxC8kZwnYs6zKizjPD2nIALZvWGXSFufsm69D5xweFshdRibp75dhWBl255vJsMX8cqOgMGwU1lNm1%2FvLnmxZyeJo1SxbT5res87E05Q%3D%3D\"}],\"group\":\"cf-nel\",\"max_age\":604800}",
            "nel": "{\"success_fraction\":0,\"report_to\":\"cf-nel\",\"max_age\":604800}",
            "server": "cloudflare",
            "content-encoding": "br",
            "alt-svc": "h3=\":443\"; ma=86400"
        }
    },
    {
        "number": 8,
        "request": "GET https://www.cloudflare.com/  HTTP/1.1\r\nHost: www.cloudflare.com\r\nUser-Agent: Mozilla/5.0 (Windows NT 10.0; rv:102.0) Gecko/20100101 Firefox/102.0\r\nAccept: text/html,application/xhtml+xml,application/xml;q=0.9,image/avif,image/webp,*/*;q=0.8\r\nAccept-Encoding: gzip, deflate, br\r\nAccept-Language: en-US,en;q=0.5\r\nDNT: 1\r\nConnection: keep-alive\r\nUpgrade-Insecure-Requests: 1\r\nSec-Fetch-Dest: document\r\nSec-Fetch-Mode: navigate\r\nSec-Fetch-Site: cross-site\r\n\r\n",
        "deviation_count": 0,
        "uri": "https://www.cloudflare.com/",
        "request_length": 459,
        "Response_Time": 0.06857419013977051,
        "status_code": 200,
        "reason_phrase": "OK",
        "error_message": [
            ""
        ],
        "response_header_count": 22,
        "response_header_length": 22,
        "response_body_length": 147,
        "response_header_fields": {
            "date": "Wed, 25 Oct 2023 12:34:36 GMT",
            "content-type": "text/html; charset=utf-8",
            "transfer-encoding": "chunked",
            "connection": "keep-alive",
            "cf-ray": "81ba7e9fe9cf1c8f-AMS",
            "cf-cache-status": "HIT",
            "age": "21",
            "cache-control": "max-age=120",
            "expires": "Wed, 25 Oct 2023 12:34:25 GMT",
            "last-modified": "Wed, 25 Oct 2023 11:54:25 GMT",
            "strict-transport-security": "max-age=31536000; includeSubDomains",
            "vary": "Accept-Encoding",
            "x-content-type-options": "nosniff",
            "x-frame-options": "SAMEORIGIN",
            "x-rm": "RDWD",
            "x-xss-protection": "1; mode=block",
            "set-cookie": "__cf_bm=3DLt_Ocd9oiIER7yfTgihzE7fRmHW2t5qDRgrxHjFV8-1698237276-0-AbBB0uFldT/atAPwOYX4+fmNNq/YBavIm6VUazT6v+C0A0qIGu1kz6dV3awTIrBEug/SqvGCkqjZl8UIJYZQQfjZHJrX4LCAP0hXY9ijLAE4; path=/; expires=Wed, 25-Oct-23 13:04:36 GMT; domain=.www.cloudflare.com; HttpOnly; Secure; SameSite=None",
            "report-to": "{\"endpoints\":[{\"url\":\"https:\\/\\/a.nel.cloudflare.com\\/report\\/v3?s=zX5fTTDjNCX8%2BRWiotxkozsFKgvFHrdq2YlnUwQ%2FSVVZ2eiZKgwQQIn1%2Bq1iVBTDAvHb3bY6%2FDCxurKWRnDdLqxm1pkVaZfBJmCUpXwknUrILf1xQJJZl4U4kBde7Eh3TdKPEQ%3D%3D\"}],\"group\":\"cf-nel\",\"max_age\":604800}",
            "nel": "{\"success_fraction\":0,\"report_to\":\"cf-nel\",\"max_age\":604800}",
            "server": "cloudflare",
            "content-encoding": "br",
            "alt-svc": "h3=\":443\"; ma=86400"
        }
    },
    {
        "number": 9,
        "request": "GET https://www.cloudflare.com/  HTTP/1.1\r\nHost: www.cloudflare.com\r\nUser-Agent: Mozilla/5.0 (Windows NT 10.0; rv:102.0) Gecko/20100101 Firefox/102.0\r\nAccept: text/html,application/xhtml+xml,application/xml;q=0.9,image/avif,image/webp,*/*;q=0.8\r\nAccept-Encoding: gzip, deflate, br\r\nAccept-Language: en-US,en;q=0.5\r\nDNT: 1\r\nConnection: keep-alive\r\nUpgrade-Insecure-Requests: 1\r\nSec-Fetch-Dest: document\r\nSec-Fetch-Mode: navigate\r\nSec-Fetch-Site: cross-site\r\n\r\n",
        "deviation_count": 0,
        "uri": "https://www.cloudflare.com/",
        "request_length": 459,
        "Response_Time": 0.07159113883972168,
        "status_code": 200,
        "reason_phrase": "OK",
        "error_message": [
            ""
        ],
        "response_header_count": 22,
        "response_header_length": 22,
        "response_body_length": 2,
        "response_header_fields": {
            "date": "Wed, 25 Oct 2023 12:34:45 GMT",
            "content-type": "text/html; charset=utf-8",
            "transfer-encoding": "chunked",
            "connection": "keep-alive",
            "cf-ray": "81ba7edbc9ceb909-AMS",
            "cf-cache-status": "HIT",
            "age": "42",
            "cache-control": "max-age=120",
            "expires": "Wed, 25 Oct 2023 12:34:04 GMT",
            "last-modified": "Wed, 25 Oct 2023 11:54:25 GMT",
            "strict-transport-security": "max-age=31536000; includeSubDomains",
            "vary": "Accept-Encoding",
            "x-content-type-options": "nosniff",
            "x-frame-options": "SAMEORIGIN",
            "x-rm": "RDWD",
            "x-xss-protection": "1; mode=block",
            "set-cookie": "__cf_bm=kAYAD.X_yvRNI3QOMagu6y3CvLO_PBkiQkGzbslXll4-1698237285-0-AZbC1SDkh7fB+byzkrpNUH566RBbo2V5XJk96yRSBuW61HjIJgVxKE9TY5QaTGEPtq4wnJMxHvwJv+oD8EDYGiApSNLUwI6Y6/j9vhXGlG7y; path=/; expires=Wed, 25-Oct-23 13:04:45 GMT; domain=.www.cloudflare.com; HttpOnly; Secure; SameSite=None",
            "report-to": "{\"endpoints\":[{\"url\":\"https:\\/\\/a.nel.cloudflare.com\\/report\\/v3?s=hI1T46WpeXZFlJUnWi7HqVws7K0IKl7rjFVIOZvgA%2FbuOBSNrPYbamEGyVWcF1Ol2cQ2SOvTKOWlOzrp9a1b%2Fe9HKvI2NoITz7ijLkO8GlTDTsvcKhYm9g%2FeqC%2FdT9sqLTQOqQ%3D%3D\"}],\"group\":\"cf-nel\",\"max_age\":604800}",
            "nel": "{\"success_fraction\":0,\"report_to\":\"cf-nel\",\"max_age\":604800}",
            "server": "cloudflare",
            "content-encoding": "br",
            "alt-svc": "h3=\":443\"; ma=86400"
        }
    }
]