,Attempt No.,uri,Deviation Count,Status Code,Response_Time,response_header_count,response_header_length,response_body_length,response_header_fields
0,0,https://www.apple.com/itunes/,0,200,0.1662309169769287,17,17,14342,"{'server': 'Apple', 'content-type': 'text/html; charset=utf-8', 'set-cookie': 'geo=DE; path=/; domain=.apple.com', 'x-frame-options': 'SAMEORIGIN', 'vary': 'Accept-Encoding', 'content-security-policy': ""default-src 'self' blob: data: *.akamaized.net *.apple.com *.apple-mapkit.com *.cdn-apple.com *.organicfruitapps.com; child-src blob: embed.music.apple.com embed.podcasts.apple.com https://recyclingprogram.apple.com swdlp.apple.com www.apple.com www.instagram.com platform.twitter.com www.youtube-nocookie.com; img-src 'unsafe-inline' blob: data: *.apple.com *.apple-mapkit.com *.cdn-apple.com *.mzstatic.com; script-src 'unsafe-inline' 'unsafe-eval' blob: *.apple.com *.apple-mapkit.com www.instagram.com platform.twitter.com; style-src 'unsafe-inline' *.apple.com"", 'referrer-policy': 'no-referrer-when-downgrade', 'strict-transport-security': 'max-age=31536000; includeSubdomains; preload', 'x-content-type-options': 'nosniff', 'x-xss-protection': '1; mode=block', 'content-encoding': 'gzip', 'cache-control': 'max-age=207', 'expires': 'Wed, 25 Oct 2023 12:36:47 GMT', 'date': 'Wed, 25 Oct 2023 12:33:20 GMT', 'content-length': '29044', 'x-cache': 'TCP_MEM_HIT from a2-17-34-236.deploy.akamaitechnologies.com (AkamaiGHost/11.3.0-51618102) (-)', 'connection': 'keep-alive'}"
1,1,https://www.apple.com/itunes/,0,200,0.10159850120544434,17,17,14342,"{'server': 'Apple', 'content-type': 'text/html; charset=utf-8', 'set-cookie': 'geo=DE; path=/; domain=.apple.com', 'x-frame-options': 'SAMEORIGIN', 'vary': 'Accept-Encoding', 'content-security-policy': ""default-src 'self' blob: data: *.akamaized.net *.apple.com *.apple-mapkit.com *.cdn-apple.com *.organicfruitapps.com; child-src blob: embed.music.apple.com embed.podcasts.apple.com https://recyclingprogram.apple.com swdlp.apple.com www.apple.com www.instagram.com platform.twitter.com www.youtube-nocookie.com; img-src 'unsafe-inline' blob: data: *.apple.com *.apple-mapkit.com *.cdn-apple.com *.mzstatic.com; script-src 'unsafe-inline' 'unsafe-eval' blob: *.apple.com *.apple-mapkit.com www.instagram.com platform.twitter.com; style-src 'unsafe-inline' *.apple.com"", 'referrer-policy': 'no-referrer-when-downgrade', 'strict-transport-security': 'max-age=31536000; includeSubdomains; preload', 'x-content-type-options': 'nosniff', 'x-xss-protection': '1; mode=block', 'content-encoding': 'gzip', 'cache-control': 'max-age=198', 'expires': 'Wed, 25 Oct 2023 12:36:47 GMT', 'date': 'Wed, 25 Oct 2023 12:33:29 GMT', 'content-length': '29044', 'x-cache': 'TCP_MEM_HIT from a2-17-34-236.deploy.akamaitechnologies.com (AkamaiGHost/11.3.0-51618102) (-)', 'connection': 'keep-alive'}"
2,2,https://www.apple.com/itunes/,0,200,0.14045190811157227,17,17,14342,"{'server': 'Apple', 'content-type': 'text/html; charset=utf-8', 'set-cookie': 'geo=DE; path=/; domain=.apple.com', 'x-frame-options': 'SAMEORIGIN', 'vary': 'Accept-Encoding', 'content-security-policy': ""default-src 'self' blob: data: *.akamaized.net *.apple.com *.apple-mapkit.com *.cdn-apple.com *.organicfruitapps.com; child-src blob: embed.music.apple.com embed.podcasts.apple.com https://recyclingprogram.apple.com swdlp.apple.com www.apple.com www.instagram.com platform.twitter.com www.youtube-nocookie.com; img-src 'unsafe-inline' blob: data: *.apple.com *.apple-mapkit.com *.cdn-apple.com *.mzstatic.com; script-src 'unsafe-inline' 'unsafe-eval' blob: *.apple.com *.apple-mapkit.com www.instagram.com platform.twitter.com; style-src 'unsafe-inline' *.apple.com"", 'referrer-policy': 'no-referrer-when-downgrade', 'strict-transport-security': 'max-age=31536000; includeSubdomains; preload', 'x-content-type-options': 'nosniff', 'x-xss-protection': '1; mode=block', 'content-encoding': 'gzip', 'cache-control': 'max-age=188', 'expires': 'Wed, 25 Oct 2023 12:36:47 GMT', 'date': 'Wed, 25 Oct 2023 12:33:39 GMT', 'content-length': '29044', 'x-cache': 'TCP_MEM_HIT from a2-17-34-236.deploy.akamaitechnologies.com (AkamaiGHost/11.3.0-51618102) (-)', 'connection': 'keep-alive'}"
3,3,https://www.apple.com/itunes/,0,200,0.15758919715881348,17,17,14340,"{'server': 'Apple', 'content-type': 'text/html; charset=utf-8', 'set-cookie': 'geo=DE; path=/; domain=.apple.com', 'x-frame-options': 'SAMEORIGIN', 'vary': 'Accept-Encoding', 'content-security-policy': ""default-src 'self' blob: data: *.akamaized.net *.apple.com *.apple-mapkit.com *.cdn-apple.com *.organicfruitapps.com; child-src blob: embed.music.apple.com embed.podcasts.apple.com https://recyclingprogram.apple.com swdlp.apple.com www.apple.com www.instagram.com platform.twitter.com www.youtube-nocookie.com; img-src 'unsafe-inline' blob: data: *.apple.com *.apple-mapkit.com *.cdn-apple.com *.mzstatic.com; script-src 'unsafe-inline' 'unsafe-eval' blob: *.apple.com *.apple-mapkit.com www.instagram.com platform.twitter.com; style-src 'unsafe-inline' *.apple.com"", 'referrer-policy': 'no-referrer-when-downgrade', 'strict-transport-security': 'max-age=31536000; includeSubdomains; preload', 'x-content-type-options': 'nosniff', 'x-xss-protection': '1; mode=block', 'content-encoding': 'gzip', 'cache-control': 'max-age=172', 'expires': 'Wed, 25 Oct 2023 12:36:40 GMT', 'date': 'Wed, 25 Oct 2023 12:33:48 GMT', 'content-length': '29044', 'x-cache': 'TCP_MEM_HIT from a2-17-34-198.deploy.akamaitechnologies.com (AkamaiGHost/11.3.0.1-51931778) (-)', 'connection': 'keep-alive'}"
4,4,https://www.apple.com/itunes/,0,200,0.19333195686340332,17,17,14342,"{'server': 'Apple', 'content-type': 'text/html; charset=utf-8', 'set-cookie': 'geo=DE; path=/; domain=.apple.com', 'x-frame-options': 'SAMEORIGIN', 'vary': 'Accept-Encoding', 'content-security-policy': ""default-src 'self' blob: data: *.akamaized.net *.apple.com *.apple-mapkit.com *.cdn-apple.com *.organicfruitapps.com; child-src blob: embed.music.apple.com embed.podcasts.apple.com https://recyclingprogram.apple.com swdlp.apple.com www.apple.com www.instagram.com platform.twitter.com www.youtube-nocookie.com; img-src 'unsafe-inline' blob: data: *.apple.com *.apple-mapkit.com *.cdn-apple.com *.mzstatic.com; script-src 'unsafe-inline' 'unsafe-eval' blob: *.apple.com *.apple-mapkit.com www.instagram.com platform.twitter.com; style-src 'unsafe-inline' *.apple.com"", 'referrer-policy': 'no-referrer-when-downgrade', 'strict-transport-security': 'max-age=31536000; includeSubdomains; preload', 'x-content-type-options': 'nosniff', 'x-xss-protection': '1; mode=block', 'content-encoding': 'gzip', 'cache-control': 'max-age=169', 'expires': 'Wed, 25 Oct 2023 12:36:47 GMT', 'date': 'Wed, 25 Oct 2023 12:33:58 GMT', 'content-length': '29044', 'x-cache': 'TCP_MEM_HIT from a2-17-34-236.deploy.akamaitechnologies.com (AkamaiGHost/11.3.0-51618102) (-)', 'connection': 'keep-alive'}"
5,5,https://www.apple.com/itunes/,0,200,0.22849321365356445,17,17,14342,"{'server': 'Apple', 'content-type': 'text/html; charset=utf-8', 'set-cookie': 'geo=DE; path=/; domain=.apple.com', 'x-frame-options': 'SAMEORIGIN', 'vary': 'Accept-Encoding', 'content-security-policy': ""default-src 'self' blob: data: *.akamaized.net *.apple.com *.apple-mapkit.com *.cdn-apple.com *.organicfruitapps.com; child-src blob: embed.music.apple.com embed.podcasts.apple.com https://recyclingprogram.apple.com swdlp.apple.com www.apple.com www.instagram.com platform.twitter.com www.youtube-nocookie.com; img-src 'unsafe-inline' blob: data: *.apple.com *.apple-mapkit.com *.cdn-apple.com *.mzstatic.com; script-src 'unsafe-inline' 'unsafe-eval' blob: *.apple.com *.apple-mapkit.com www.instagram.com platform.twitter.com; style-src 'unsafe-inline' *.apple.com"", 'referrer-policy': 'no-referrer-when-downgrade', 'strict-transport-security': 'max-age=31536000; includeSubdomains; preload', 'x-content-type-options': 'nosniff', 'x-xss-protection': '1; mode=block', 'content-encoding': 'gzip', 'cache-control': 'max-age=159', 'expires': 'Wed, 25 Oct 2023 12:36:47 GMT', 'date': 'Wed, 25 Oct 2023 12:34:08 GMT', 'content-length': '29044', 'x-cache': 'TCP_MEM_HIT from a2-17-34-236.deploy.akamaitechnologies.com (AkamaiGHost/11.3.0-51618102) (-)', 'connection': 'keep-alive'}"
6,6,https://www.apple.com/itunes/,0,200,0.06889724731445312,18,18,14228,"{'server': 'Apple', 'content-type': 'text/html; charset=utf-8', 'set-cookie': 'geo=DE; path=/; domain=.apple.com', 'x-frame-options': 'SAMEORIGIN', 'x-cache-remote': 'TCP_MEM_HIT from a2-17-34-234.deploy.akamaitechnologies.com (AkamaiGHost/11.3.0.1-51931778) (-)', 'vary': 'Accept-Encoding', 'content-security-policy': ""default-src 'self' blob: data: *.akamaized.net *.apple.com *.apple-mapkit.com *.cdn-apple.com *.organicfruitapps.com; child-src blob: embed.music.apple.com embed.podcasts.apple.com https://recyclingprogram.apple.com swdlp.apple.com www.apple.com www.instagram.com platform.twitter.com www.youtube-nocookie.com; img-src 'unsafe-inline' blob: data: *.apple.com *.apple-mapkit.com *.cdn-apple.com *.mzstatic.com; script-src 'unsafe-inline' 'unsafe-eval' blob: *.apple.com *.apple-mapkit.com www.instagram.com platform.twitter.com; style-src 'unsafe-inline' *.apple.com"", 'referrer-policy': 'no-referrer-when-downgrade', 'strict-transport-security': 'max-age=31536000; includeSubdomains; preload', 'x-content-type-options': 'nosniff', 'x-xss-protection': '1; mode=block', 'content-encoding': 'gzip', 'cache-control': 'max-age=140', 'expires': 'Wed, 25 Oct 2023 12:36:37 GMT', 'date': 'Wed, 25 Oct 2023 12:34:17 GMT', 'content-length': '29044', 'x-cache': 'TCP_REFRESH_MISS from a2-17-34-242.deploy.akamaitechnologies.com (AkamaiGHost/11.3.0.1-51931778) (S)', 'connection': 'keep-alive'}"
7,7,https://www.apple.com/itunes/,0,200,0.12587428092956543,17,17,14340,"{'server': 'Apple', 'content-type': 'text/html; charset=utf-8', 'set-cookie': 'geo=DE; path=/; domain=.apple.com', 'x-frame-options': 'SAMEORIGIN', 'vary': 'Accept-Encoding', 'content-security-policy': ""default-src 'self' blob: data: *.akamaized.net *.apple.com *.apple-mapkit.com *.cdn-apple.com *.organicfruitapps.com; child-src blob: embed.music.apple.com embed.podcasts.apple.com https://recyclingprogram.apple.com swdlp.apple.com www.apple.com www.instagram.com platform.twitter.com www.youtube-nocookie.com; img-src 'unsafe-inline' blob: data: *.apple.com *.apple-mapkit.com *.cdn-apple.com *.mzstatic.com; script-src 'unsafe-inline' 'unsafe-eval' blob: *.apple.com *.apple-mapkit.com www.instagram.com platform.twitter.com; style-src 'unsafe-inline' *.apple.com"", 'referrer-policy': 'no-referrer-when-downgrade', 'strict-transport-security': 'max-age=31536000; includeSubdomains; preload', 'x-content-type-options': 'nosniff', 'x-xss-protection': '1; mode=block', 'content-encoding': 'gzip', 'cache-control': 'max-age=102', 'expires': 'Wed, 25 Oct 2023 12:36:09 GMT', 'date': 'Wed, 25 Oct 2023 12:34:27 GMT', 'content-length': '29044', 'x-cache': 'TCP_MEM_HIT from a2-17-34-234.deploy.akamaitechnologies.com (AkamaiGHost/11.3.0.1-51931778) (-)', 'connection': 'keep-alive'}"
8,8,https://www.apple.com/itunes/,0,200,0.17629313468933105,17,17,14341,"{'server': 'Apple', 'content-type': 'text/html; charset=utf-8', 'set-cookie': 'geo=DE; path=/; domain=.apple.com', 'x-frame-options': 'SAMEORIGIN', 'vary': 'Accept-Encoding', 'content-security-policy': ""default-src 'self' blob: data: *.akamaized.net *.apple.com *.apple-mapkit.com *.cdn-apple.com *.organicfruitapps.com; child-src blob: embed.music.apple.com embed.podcasts.apple.com https://recyclingprogram.apple.com swdlp.apple.com www.apple.com www.instagram.com platform.twitter.com www.youtube-nocookie.com; img-src 'unsafe-inline' blob: data: *.apple.com *.apple-mapkit.com *.cdn-apple.com *.mzstatic.com; script-src 'unsafe-inline' 'unsafe-eval' blob: *.apple.com *.apple-mapkit.com www.instagram.com platform.twitter.com; style-src 'unsafe-inline' *.apple.com"", 'referrer-policy': 'no-referrer-when-downgrade', 'strict-transport-security': 'max-age=31536000; includeSubdomains; preload', 'x-content-type-options': 'nosniff', 'x-xss-protection': '1; mode=block', 'content-encoding': 'gzip', 'cache-control': 'max-age=92', 'expires': 'Wed, 25 Oct 2023 12:36:09 GMT', 'date': 'Wed, 25 Oct 2023 12:34:37 GMT', 'content-length': '29044', 'x-cache': 'TCP_MEM_HIT from a2-17-34-234.deploy.akamaitechnologies.com (AkamaiGHost/11.3.0.1-51931778) (-)', 'connection': 'keep-alive'}"
9,9,https://www.apple.com/itunes/,0,200,0.08309459686279297,17,17,14341,"{'server': 'Apple', 'content-type': 'text/html; charset=utf-8', 'set-cookie': 'geo=DE; path=/; domain=.apple.com', 'x-frame-options': 'SAMEORIGIN', 'vary': 'Accept-Encoding', 'content-security-policy': ""default-src 'self' blob: data: *.akamaized.net *.apple.com *.apple-mapkit.com *.cdn-apple.com *.organicfruitapps.com; child-src blob: embed.music.apple.com embed.podcasts.apple.com https://recyclingprogram.apple.com swdlp.apple.com www.apple.com www.instagram.com platform.twitter.com www.youtube-nocookie.com; img-src 'unsafe-inline' blob: data: *.apple.com *.apple-mapkit.com *.cdn-apple.com *.mzstatic.com; script-src 'unsafe-inline' 'unsafe-eval' blob: *.apple.com *.apple-mapkit.com www.instagram.com platform.twitter.com; style-src 'unsafe-inline' *.apple.com"", 'referrer-policy': 'no-referrer-when-downgrade', 'strict-transport-security': 'max-age=31536000; includeSubdomains; preload', 'x-content-type-options': 'nosniff', 'x-xss-protection': '1; mode=block', 'content-encoding': 'gzip', 'cache-control': 'max-age=82', 'expires': 'Wed, 25 Oct 2023 12:36:09 GMT', 'date': 'Wed, 25 Oct 2023 12:34:47 GMT', 'content-length': '29044', 'x-cache': 'TCP_MEM_HIT from a2-17-34-234.deploy.akamaitechnologies.com (AkamaiGHost/11.3.0.1-51931778) (-)', 'connection': 'keep-alive'}"
