number,request,deviation_count,uri,request_length,http_version,Socket_Connect_Time,Socket_Close_Time,Response_Time,status_code,reason_phrase,error_message,response_header_count,response_header_length,response_body_length,response_header_fields
0,"GET https://www.apple.com/itunes/ HTTP/1.1
Host: www.apple.com
User-Agent: Mozilla/5.0 (Windows NT 10.0; rv:102.0) Gecko/20100101 Firefox/102.0
Accept: text/html,application/xhtml+xml,application/xml;q=0.9,image/avif,image/webp,*/*;q=0.8
Accept-Encoding: gzip, deflate, br
Accept-Language: en-US,en;q=0.5
DNT: 1
Connection: keep-alive
Upgrade-Insecure-Requests: 1
Sec-Fetch-Dest: document
Sec-Fetch-Mode: navigate
Sec-Fetch-Site: cross-site

",0,https://www.apple.com/itunes/,455,HTTP/1.1,0.16562747955322266,0.11565399169921875,0.1662309169769287,200,OK,[''],17,17,14342,"{""server"": ""Apple"", ""content-type"": ""text/html; charset=utf-8"", ""set-cookie"": ""geo=DE; path=/; domain=.apple.com"", ""x-frame-options"": ""SAMEORIGIN"", ""vary"": ""Accept-Encoding"", ""content-security-policy"": ""default-src 'self' blob: data: *.akamaized.net *.apple.com *.apple-mapkit.com *.cdn-apple.com *.organicfruitapps.com; child-src blob: embed.music.apple.com embed.podcasts.apple.com https://recyclingprogram.apple.com swdlp.apple.com www.apple.com www.instagram.com platform.twitter.com www.youtube-nocookie.com; img-src 'unsafe-inline' blob: data: *.apple.com *.apple-mapkit.com *.cdn-apple.com *.mzstatic.com; script-src 'unsafe-inline' 'unsafe-eval' blob: *.apple.com *.apple-mapkit.com www.instagram.com platform.twitter.com; style-src 'unsafe-inline' *.apple.com"", ""referrer-policy"": ""no-referrer-when-downgrade"", ""strict-transport-security"": ""max-age=31536000; includeSubdomains; preload"", ""x-content-type-options"": ""nosniff"", ""x-xss-protection"": ""1; mode=block"", ""content-encoding"": ""gzip"", ""cache-control"": ""max-age=207"", ""expires"": ""Wed, 25 Oct 2023 12:36:47 GMT"", ""date"": ""Wed, 25 Oct 2023 12:33:20 GMT"", ""content-length"": ""29044"", ""x-cache"": ""TCP_MEM_HIT from a2-17-34-236.deploy.akamaitechnologies.com (AkamaiGHost/11.3.0-51618102) (-)"", ""connection"": ""keep-alive""}"
1,"GET https://www.apple.com/itunes/ HTTP/1.1
Host: www.apple.com
User-Agent: Mozilla/5.0 (Windows NT 10.0; rv:102.0) Gecko/20100101 Firefox/102.0
Accept: text/html,application/xhtml+xml,application/xml;q=0.9,image/avif,image/webp,*/*;q=0.8
Accept-Encoding: gzip, deflate, br
Accept-Language: en-US,en;q=0.5
DNT: 1
Connection: keep-alive
Upgrade-Insecure-Requests: 1
Sec-Fetch-Dest: document
Sec-Fetch-Mode: navigate
Sec-Fetch-Site: cross-site

",0,https://www.apple.com/itunes/,455,HTTP/1.1,0.14456987380981445,0.10111093521118164,0.10159850120544434,200,OK,[''],17,17,14342,"{""server"": ""Apple"", ""content-type"": ""text/html; charset=utf-8"", ""set-cookie"": ""geo=DE; path=/; domain=.apple.com"", ""x-frame-options"": ""SAMEORIGIN"", ""vary"": ""Accept-Encoding"", ""content-security-policy"": ""default-src 'self' blob: data: *.akamaized.net *.apple.com *.apple-mapkit.com *.cdn-apple.com *.organicfruitapps.com; child-src blob: embed.music.apple.com embed.podcasts.apple.com https://recyclingprogram.apple.com swdlp.apple.com www.apple.com www.instagram.com platform.twitter.com www.youtube-nocookie.com; img-src 'unsafe-inline' blob: data: *.apple.com *.apple-mapkit.com *.cdn-apple.com *.mzstatic.com; script-src 'unsafe-inline' 'unsafe-eval' blob: *.apple.com *.apple-mapkit.com www.instagram.com platform.twitter.com; style-src 'unsafe-inline' *.apple.com"", ""referrer-policy"": ""no-referrer-when-downgrade"", ""strict-transport-security"": ""max-age=31536000; includeSubdomains; preload"", ""x-content-type-options"": ""nosniff"", ""x-xss-protection"": ""1; mode=block"", ""content-encoding"": ""gzip"", ""cache-control"": ""max-age=198"", ""expires"": ""Wed, 25 Oct 2023 12:36:47 GMT"", ""date"": ""Wed, 25 Oct 2023 12:33:29 GMT"", ""content-length"": ""29044"", ""x-cache"": ""TCP_MEM_HIT from a2-17-34-236.deploy.akamaitechnologies.com (AkamaiGHost/11.3.0-51618102) (-)"", ""connection"": ""keep-alive""}"
2,"GET https://www.apple.com/itunes/ HTTP/1.1
Host: www.apple.com
User-Agent: Mozilla/5.0 (Windows NT 10.0; rv:102.0) Gecko/20100101 Firefox/102.0
Accept: text/html,application/xhtml+xml,application/xml;q=0.9,image/avif,image/webp,*/*;q=0.8
Accept-Encoding: gzip, deflate, br
Accept-Language: en-US,en;q=0.5
DNT: 1
Connection: keep-alive
Upgrade-Insecure-Requests: 1
Sec-Fetch-Dest: document
Sec-Fetch-Mode: navigate
Sec-Fetch-Site: cross-site

",0,https://www.apple.com/itunes/,455,HTTP/1.1,0.106964111328125,0.10905694961547852,0.14045190811157227,200,OK,[''],17,17,14342,"{""server"": ""Apple"", ""content-type"": ""text/html; charset=utf-8"", ""set-cookie"": ""geo=DE; path=/; domain=.apple.com"", ""x-frame-options"": ""SAMEORIGIN"", ""vary"": ""Accept-Encoding"", ""content-security-policy"": ""default-src 'self' blob: data: *.akamaized.net *.apple.com *.apple-mapkit.com *.cdn-apple.com *.organicfruitapps.com; child-src blob: embed.music.apple.com embed.podcasts.apple.com https://recyclingprogram.apple.com swdlp.apple.com www.apple.com www.instagram.com platform.twitter.com www.youtube-nocookie.com; img-src 'unsafe-inline' blob: data: *.apple.com *.apple-mapkit.com *.cdn-apple.com *.mzstatic.com; script-src 'unsafe-inline' 'unsafe-eval' blob: *.apple.com *.apple-mapkit.com www.instagram.com platform.twitter.com; style-src 'unsafe-inline' *.apple.com"", ""referrer-policy"": ""no-referrer-when-downgrade"", ""strict-transport-security"": ""max-age=31536000; includeSubdomains; preload"", ""x-content-type-options"": ""nosniff"", ""x-xss-protection"": ""1; mode=block"", ""content-encoding"": ""gzip"", ""cache-control"": ""max-age=188"", ""expires"": ""Wed, 25 Oct 2023 12:36:47 GMT"", ""date"": ""Wed, 25 Oct 2023 12:33:39 GMT"", ""content-length"": ""29044"", ""x-cache"": ""TCP_MEM_HIT from a2-17-34-236.deploy.akamaitechnologies.com (AkamaiGHost/11.3.0-51618102) (-)"", ""connection"": ""keep-alive""}"
3,"GET https://www.apple.com/itunes/ HTTP/1.1
Host: www.apple.com
User-Agent: Mozilla/5.0 (Windows NT 10.0; rv:102.0) Gecko/20100101 Firefox/102.0
Accept: text/html,application/xhtml+xml,application/xml;q=0.9,image/avif,image/webp,*/*;q=0.8
Accept-Encoding: gzip, deflate, br
Accept-Language: en-US,en;q=0.5
DNT: 1
Connection: keep-alive
Upgrade-Insecure-Requests: 1
Sec-Fetch-Dest: document
Sec-Fetch-Mode: navigate
Sec-Fetch-Site: cross-site

",0,https://www.apple.com/itunes/,455,HTTP/1.1,0.17556238174438477,0.10622286796569824,0.15758919715881348,200,OK,[''],17,17,14340,"{""server"": ""Apple"", ""content-type"": ""text/html; charset=utf-8"", ""set-cookie"": ""geo=DE; path=/; domain=.apple.com"", ""x-frame-options"": ""SAMEORIGIN"", ""vary"": ""Accept-Encoding"", ""content-security-policy"": ""default-src 'self' blob: data: *.akamaized.net *.apple.com *.apple-mapkit.com *.cdn-apple.com *.organicfruitapps.com; child-src blob: embed.music.apple.com embed.podcasts.apple.com https://recyclingprogram.apple.com swdlp.apple.com www.apple.com www.instagram.com platform.twitter.com www.youtube-nocookie.com; img-src 'unsafe-inline' blob: data: *.apple.com *.apple-mapkit.com *.cdn-apple.com *.mzstatic.com; script-src 'unsafe-inline' 'unsafe-eval' blob: *.apple.com *.apple-mapkit.com www.instagram.com platform.twitter.com; style-src 'unsafe-inline' *.apple.com"", ""referrer-policy"": ""no-referrer-when-downgrade"", ""strict-transport-security"": ""max-age=31536000; includeSubdomains; preload"", ""x-content-type-options"": ""nosniff"", ""x-xss-protection"": ""1; mode=block"", ""content-encoding"": ""gzip"", ""cache-control"": ""max-age=172"", ""expires"": ""Wed, 25 Oct 2023 12:36:40 GMT"", ""date"": ""Wed, 25 Oct 2023 12:33:48 GMT"", ""content-length"": ""29044"", ""x-cache"": ""TCP_MEM_HIT from a2-17-34-198.deploy.akamaitechnologies.com (AkamaiGHost/11.3.0.1-51931778) (-)"", ""connection"": ""keep-alive""}"
4,"GET https://www.apple.com/itunes/ HTTP/1.1
Host: www.apple.com
User-Agent: Mozilla/5.0 (Windows NT 10.0; rv:102.0) Gecko/20100101 Firefox/102.0
Accept: text/html,application/xhtml+xml,application/xml;q=0.9,image/avif,image/webp,*/*;q=0.8
Accept-Encoding: gzip, deflate, br
Accept-Language: en-US,en;q=0.5
DNT: 1
Connection: keep-alive
Upgrade-Insecure-Requests: 1
Sec-Fetch-Dest: document
Sec-Fetch-Mode: navigate
Sec-Fetch-Site: cross-site

",0,https://www.apple.com/itunes/,455,HTTP/1.1,0.05001187324523926,0.11042594909667969,0.19333195686340332,200,OK,[''],17,17,14342,"{""server"": ""Apple"", ""content-type"": ""text/html; charset=utf-8"", ""set-cookie"": ""geo=DE; path=/; domain=.apple.com"", ""x-frame-options"": ""SAMEORIGIN"", ""vary"": ""Accept-Encoding"", ""content-security-policy"": ""default-src 'self' blob: data: *.akamaized.net *.apple.com *.apple-mapkit.com *.cdn-apple.com *.organicfruitapps.com; child-src blob: embed.music.apple.com embed.podcasts.apple.com https://recyclingprogram.apple.com swdlp.apple.com www.apple.com www.instagram.com platform.twitter.com www.youtube-nocookie.com; img-src 'unsafe-inline' blob: data: *.apple.com *.apple-mapkit.com *.cdn-apple.com *.mzstatic.com; script-src 'unsafe-inline' 'unsafe-eval' blob: *.apple.com *.apple-mapkit.com www.instagram.com platform.twitter.com; style-src 'unsafe-inline' *.apple.com"", ""referrer-policy"": ""no-referrer-when-downgrade"", ""strict-transport-security"": ""max-age=31536000; includeSubdomains; preload"", ""x-content-type-options"": ""nosniff"", ""x-xss-protection"": ""1; mode=block"", ""content-encoding"": ""gzip"", ""cache-control"": ""max-age=169"", ""expires"": ""Wed, 25 Oct 2023 12:36:47 GMT"", ""date"": ""Wed, 25 Oct 2023 12:33:58 GMT"", ""content-length"": ""29044"", ""x-cache"": ""TCP_MEM_HIT from a2-17-34-236.deploy.akamaitechnologies.com (AkamaiGHost/11.3.0-51618102) (-)"", ""connection"": ""keep-alive""}"
5,"GET https://www.apple.com/itunes/ HTTP/1.1
Host: www.apple.com
User-Agent: Mozilla/5.0 (Windows NT 10.0; rv:102.0) Gecko/20100101 Firefox/102.0
Accept: text/html,application/xhtml+xml,application/xml;q=0.9,image/avif,image/webp,*/*;q=0.8
Accept-Encoding: gzip, deflate, br
Accept-Language: en-US,en;q=0.5
DNT: 1
Connection: keep-alive
Upgrade-Insecure-Requests: 1
Sec-Fetch-Dest: document
Sec-Fetch-Mode: navigate
Sec-Fetch-Site: cross-site

",0,https://www.apple.com/itunes/,455,HTTP/1.1,0.19154787063598633,0.10803508758544922,0.22849321365356445,200,OK,[''],17,17,14342,"{""server"": ""Apple"", ""content-type"": ""text/html; charset=utf-8"", ""set-cookie"": ""geo=DE; path=/; domain=.apple.com"", ""x-frame-options"": ""SAMEORIGIN"", ""vary"": ""Accept-Encoding"", ""content-security-policy"": ""default-src 'self' blob: data: *.akamaized.net *.apple.com *.apple-mapkit.com *.cdn-apple.com *.organicfruitapps.com; child-src blob: embed.music.apple.com embed.podcasts.apple.com https://recyclingprogram.apple.com swdlp.apple.com www.apple.com www.instagram.com platform.twitter.com www.youtube-nocookie.com; img-src 'unsafe-inline' blob: data: *.apple.com *.apple-mapkit.com *.cdn-apple.com *.mzstatic.com; script-src 'unsafe-inline' 'unsafe-eval' blob: *.apple.com *.apple-mapkit.com www.instagram.com platform.twitter.com; style-src 'unsafe-inline' *.apple.com"", ""referrer-policy"": ""no-referrer-when-downgrade"", ""strict-transport-security"": ""max-age=31536000; includeSubdomains; preload"", ""x-content-type-options"": ""nosniff"", ""x-xss-protection"": ""1; mode=block"", ""content-encoding"": ""gzip"", ""cache-control"": ""max-age=159"", ""expires"": ""Wed, 25 Oct 2023 12:36:47 GMT"", ""date"": ""Wed, 25 Oct 2023 12:34:08 GMT"", ""content-length"": ""29044"", ""x-cache"": ""TCP_MEM_HIT from a2-17-34-236.deploy.akamaitechnologies.com (AkamaiGHost/11.3.0-51618102) (-)"", ""connection"": ""keep-alive""}"
6,"GET https://www.apple.com/itunes/ HTTP/1.1
Host: www.apple.com
User-Agent: Mozilla/5.0 (Windows NT 10.0; rv:102.0) Gecko/20100101 Firefox/102.0
Accept: text/html,application/xhtml+xml,application/xml;q=0.9,image/avif,image/webp,*/*;q=0.8
Accept-Encoding: gzip, deflate, br
Accept-Language: en-US,en;q=0.5
DNT: 1
Connection: keep-alive
Upgrade-Insecure-Requests: 1
Sec-Fetch-Dest: document
Sec-Fetch-Mode: navigate
Sec-Fetch-Site: cross-site

",0,https://www.apple.com/itunes/,455,HTTP/1.1,0.08395624160766602,0.11754870414733887,0.06889724731445312,200,OK,[''],18,18,14228,"{""server"": ""Apple"", ""content-type"": ""text/html; charset=utf-8"", ""set-cookie"": ""geo=DE; path=/; domain=.apple.com"", ""x-frame-options"": ""SAMEORIGIN"", ""x-cache-remote"": ""TCP_MEM_HIT from a2-17-34-234.deploy.akamaitechnologies.com (AkamaiGHost/11.3.0.1-51931778) (-)"", ""vary"": ""Accept-Encoding"", ""content-security-policy"": ""default-src 'self' blob: data: *.akamaized.net *.apple.com *.apple-mapkit.com *.cdn-apple.com *.organicfruitapps.com; child-src blob: embed.music.apple.com embed.podcasts.apple.com https://recyclingprogram.apple.com swdlp.apple.com www.apple.com www.instagram.com platform.twitter.com www.youtube-nocookie.com; img-src 'unsafe-inline' blob: data: *.apple.com *.apple-mapkit.com *.cdn-apple.com *.mzstatic.com; script-src 'unsafe-inline' 'unsafe-eval' blob: *.apple.com *.apple-mapkit.com www.instagram.com platform.twitter.com; style-src 'unsafe-inline' *.apple.com"", ""referrer-policy"": ""no-referrer-when-downgrade"", ""strict-transport-security"": ""max-age=31536000; includeSubdomains; preload"", ""x-content-type-options"": ""nosniff"", ""x-xss-protection"": ""1; mode=block"", ""content-encoding"": ""gzip"", ""cache-control"": ""max-age=140"", ""expires"": ""Wed, 25 Oct 2023 12:36:37 GMT"", ""date"": ""Wed, 25 Oct 2023 12:34:17 GMT"", ""content-length"": ""29044"", ""x-cache"": ""TCP_REFRESH_MISS from a2-17-34-242.deploy.akamaitechnologies.com (AkamaiGHost/11.3.0.1-51931778) (S)"", ""connection"": ""keep-alive""}"
7,"GET https://www.apple.com/itunes/ HTTP/1.1
Host: www.apple.com
User-Agent: Mozilla/5.0 (Windows NT 10.0; rv:102.0) Gecko/20100101 Firefox/102.0
Accept: text/html,application/xhtml+xml,application/xml;q=0.9,image/avif,image/webp,*/*;q=0.8
Accept-Encoding: gzip, deflate, br
Accept-Language: en-US,en;q=0.5
DNT: 1
Connection: keep-alive
Upgrade-Insecure-Requests: 1
Sec-Fetch-Dest: document
Sec-Fetch-Mode: navigate
Sec-Fetch-Site: cross-site

",0,https://www.apple.com/itunes/,455,HTTP/1.1,0.14560651779174805,0.12449479103088379,0.12587428092956543,200,OK,[''],17,17,14340,"{""server"": ""Apple"", ""content-type"": ""text/html; charset=utf-8"", ""set-cookie"": ""geo=DE; path=/; domain=.apple.com"", ""x-frame-options"": ""SAMEORIGIN"", ""vary"": ""Accept-Encoding"", ""content-security-policy"": ""default-src 'self' blob: data: *.akamaized.net *.apple.com *.apple-mapkit.com *.cdn-apple.com *.organicfruitapps.com; child-src blob: embed.music.apple.com embed.podcasts.apple.com https://recyclingprogram.apple.com swdlp.apple.com www.apple.com www.instagram.com platform.twitter.com www.youtube-nocookie.com; img-src 'unsafe-inline' blob: data: *.apple.com *.apple-mapkit.com *.cdn-apple.com *.mzstatic.com; script-src 'unsafe-inline' 'unsafe-eval' blob: *.apple.com *.apple-mapkit.com www.instagram.com platform.twitter.com; style-src 'unsafe-inline' *.apple.com"", ""referrer-policy"": ""no-referrer-when-downgrade"", ""strict-transport-security"": ""max-age=31536000; includeSubdomains; preload"", ""x-content-type-options"": ""nosniff"", ""x-xss-protection"": ""1; mode=block"", ""content-encoding"": ""gzip"", ""cache-control"": ""max-age=102"", ""expires"": ""Wed, 25 Oct 2023 12:36:09 GMT"", ""date"": ""Wed, 25 Oct 2023 12:34:27 GMT"", ""content-length"": ""29044"", ""x-cache"": ""TCP_MEM_HIT from a2-17-34-234.deploy.akamaitechnologies.com (AkamaiGHost/11.3.0.1-51931778) (-)"", ""connection"": ""keep-alive""}"
8,"GET https://www.apple.com/itunes/ HTTP/1.1
Host: www.apple.com
User-Agent: Mozilla/5.0 (Windows NT 10.0; rv:102.0) Gecko/20100101 Firefox/102.0
Accept: text/html,application/xhtml+xml,application/xml;q=0.9,image/avif,image/webp,*/*;q=0.8
Accept-Encoding: gzip, deflate, br
Accept-Language: en-US,en;q=0.5
DNT: 1
Connection: keep-alive
Upgrade-Insecure-Requests: 1
Sec-Fetch-Dest: document
Sec-Fetch-Mode: navigate
Sec-Fetch-Site: cross-site

",0,https://www.apple.com/itunes/,455,HTTP/1.1,0.20841312408447266,0.10907268524169922,0.17629313468933105,200,OK,[''],17,17,14341,"{""server"": ""Apple"", ""content-type"": ""text/html; charset=utf-8"", ""set-cookie"": ""geo=DE; path=/; domain=.apple.com"", ""x-frame-options"": ""SAMEORIGIN"", ""vary"": ""Accept-Encoding"", ""content-security-policy"": ""default-src 'self' blob: data: *.akamaized.net *.apple.com *.apple-mapkit.com *.cdn-apple.com *.organicfruitapps.com; child-src blob: embed.music.apple.com embed.podcasts.apple.com https://recyclingprogram.apple.com swdlp.apple.com www.apple.com www.instagram.com platform.twitter.com www.youtube-nocookie.com; img-src 'unsafe-inline' blob: data: *.apple.com *.apple-mapkit.com *.cdn-apple.com *.mzstatic.com; script-src 'unsafe-inline' 'unsafe-eval' blob: *.apple.com *.apple-mapkit.com www.instagram.com platform.twitter.com; style-src 'unsafe-inline' *.apple.com"", ""referrer-policy"": ""no-referrer-when-downgrade"", ""strict-transport-security"": ""max-age=31536000; includeSubdomains; preload"", ""x-content-type-options"": ""nosniff"", ""x-xss-protection"": ""1; mode=block"", ""content-encoding"": ""gzip"", ""cache-control"": ""max-age=92"", ""expires"": ""Wed, 25 Oct 2023 12:36:09 GMT"", ""date"": ""Wed, 25 Oct 2023 12:34:37 GMT"", ""content-length"": ""29044"", ""x-cache"": ""TCP_MEM_HIT from a2-17-34-234.deploy.akamaitechnologies.com (AkamaiGHost/11.3.0.1-51931778) (-)"", ""connection"": ""keep-alive""}"
9,"GET https://www.apple.com/itunes/ HTTP/1.1
Host: www.apple.com
User-Agent: Mozilla/5.0 (Windows NT 10.0; rv:102.0) Gecko/20100101 Firefox/102.0
Accept: text/html,application/xhtml+xml,application/xml;q=0.9,image/avif,image/webp,*/*;q=0.8
Accept-Encoding: gzip, deflate, br
Accept-Language: en-US,en;q=0.5
DNT: 1
Connection: keep-alive
Upgrade-Insecure-Requests: 1
Sec-Fetch-Dest: document
Sec-Fetch-Mode: navigate
Sec-Fetch-Site: cross-site

",0,https://www.apple.com/itunes/,455,HTTP/1.1,0.14724349975585938,0.11894583702087402,0.08309459686279297,200,OK,[''],17,17,14341,"{""server"": ""Apple"", ""content-type"": ""text/html; charset=utf-8"", ""set-cookie"": ""geo=DE; path=/; domain=.apple.com"", ""x-frame-options"": ""SAMEORIGIN"", ""vary"": ""Accept-Encoding"", ""content-security-policy"": ""default-src 'self' blob: data: *.akamaized.net *.apple.com *.apple-mapkit.com *.cdn-apple.com *.organicfruitapps.com; child-src blob: embed.music.apple.com embed.podcasts.apple.com https://recyclingprogram.apple.com swdlp.apple.com www.apple.com www.instagram.com platform.twitter.com www.youtube-nocookie.com; img-src 'unsafe-inline' blob: data: *.apple.com *.apple-mapkit.com *.cdn-apple.com *.mzstatic.com; script-src 'unsafe-inline' 'unsafe-eval' blob: *.apple.com *.apple-mapkit.com www.instagram.com platform.twitter.com; style-src 'unsafe-inline' *.apple.com"", ""referrer-policy"": ""no-referrer-when-downgrade"", ""strict-transport-security"": ""max-age=31536000; includeSubdomains; preload"", ""x-content-type-options"": ""nosniff"", ""x-xss-protection"": ""1; mode=block"", ""content-encoding"": ""gzip"", ""cache-control"": ""max-age=82"", ""expires"": ""Wed, 25 Oct 2023 12:36:09 GMT"", ""date"": ""Wed, 25 Oct 2023 12:34:47 GMT"", ""content-length"": ""29044"", ""x-cache"": ""TCP_MEM_HIT from a2-17-34-234.deploy.akamaitechnologies.com (AkamaiGHost/11.3.0.1-51931778) (-)"", ""connection"": ""keep-alive""}"
