[
    {
        "number": 0,
        "request": "GET https://www.apple.com/itunes/ HTTP/1.1\r\nHost: www.apple.com\r\nUser-Agent: Mozilla/5.0 (Windows NT 10.0; rv:102.0) Gecko/20100101 Firefox/102.0\r\nAccept: text/html,application/xhtml+xml,application/xml;q=0.9,image/avif,image/webp,*/*;q=0.8\r\nAccept-Encoding: gzip, deflate, br\r\nAccept-Language: en-US,en;q=0.5\r\nDNT: 1\r\nConnection: keep-alive\r\nUpgrade-Insecure-Requests: 1\r\nSec-Fetch-Dest: document\r\nSec-Fetch-Mode: navigate\r\nSec-Fetch-Site: cross-site\r\n\r\n",
        "deviation_count": 0,
        "uri": "https://www.apple.com/itunes/",
        "request_length": 455,
        "Response_Time": 0.1662309169769287,
        "status_code": 200,
        "reason_phrase": "OK",
        "error_message": [
            ""
        ],
        "response_header_count": 17,
        "response_header_length": 17,
        "response_body_length": 14342,
        "response_header_fields": {
            "server": "Apple",
            "content-type": "text/html; charset=utf-8",
            "set-cookie": "geo=DE; path=/; domain=.apple.com",
            "x-frame-options": "SAMEORIGIN",
            "vary": "Accept-Encoding",
            "content-security-policy": "default-src 'self' blob: data: *.akamaized.net *.apple.com *.apple-mapkit.com *.cdn-apple.com *.organicfruitapps.com; child-src blob: embed.music.apple.com embed.podcasts.apple.com https://recyclingprogram.apple.com swdlp.apple.com www.apple.com www.instagram.com platform.twitter.com www.youtube-nocookie.com; img-src 'unsafe-inline' blob: data: *.apple.com *.apple-mapkit.com *.cdn-apple.com *.mzstatic.com; script-src 'unsafe-inline' 'unsafe-eval' blob: *.apple.com *.apple-mapkit.com www.instagram.com platform.twitter.com; style-src 'unsafe-inline' *.apple.com",
            "referrer-policy": "no-referrer-when-downgrade",
            "strict-transport-security": "max-age=31536000; includeSubdomains; preload",
            "x-content-type-options": "nosniff",
            "x-xss-protection": "1; mode=block",
            "content-encoding": "gzip",
            "cache-control": "max-age=207",
            "expires": "Wed, 25 Oct 2023 12:36:47 GMT",
            "date": "Wed, 25 Oct 2023 12:33:20 GMT",
            "content-length": "29044",
            "x-cache": "TCP_MEM_HIT from a2-17-34-236.deploy.akamaitechnologies.com (AkamaiGHost/11.3.0-51618102) (-)",
            "connection": "keep-alive"
        }
    },
    {
        "number": 1,
        "request": "GET https://www.apple.com/itunes/ HTTP/1.1\r\nHost: www.apple.com\r\nUser-Agent: Mozilla/5.0 (Windows NT 10.0; rv:102.0) Gecko/20100101 Firefox/102.0\r\nAccept: text/html,application/xhtml+xml,application/xml;q=0.9,image/avif,image/webp,*/*;q=0.8\r\nAccept-Encoding: gzip, deflate, br\r\nAccept-Language: en-US,en;q=0.5\r\nDNT: 1\r\nConnection: keep-alive\r\nUpgrade-Insecure-Requests: 1\r\nSec-Fetch-Dest: document\r\nSec-Fetch-Mode: navigate\r\nSec-Fetch-Site: cross-site\r\n\r\n",
        "deviation_count": 0,
        "uri": "https://www.apple.com/itunes/",
        "request_length": 455,
        "Response_Time": 0.10159850120544434,
        "status_code": 200,
        "reason_phrase": "OK",
        "error_message": [
            ""
        ],
        "response_header_count": 17,
        "response_header_length": 17,
        "response_body_length": 14342,
        "response_header_fields": {
            "server": "Apple",
            "content-type": "text/html; charset=utf-8",
            "set-cookie": "geo=DE; path=/; domain=.apple.com",
            "x-frame-options": "SAMEORIGIN",
            "vary": "Accept-Encoding",
            "content-security-policy": "default-src 'self' blob: data: *.akamaized.net *.apple.com *.apple-mapkit.com *.cdn-apple.com *.organicfruitapps.com; child-src blob: embed.music.apple.com embed.podcasts.apple.com https://recyclingprogram.apple.com swdlp.apple.com www.apple.com www.instagram.com platform.twitter.com www.youtube-nocookie.com; img-src 'unsafe-inline' blob: data: *.apple.com *.apple-mapkit.com *.cdn-apple.com *.mzstatic.com; script-src 'unsafe-inline' 'unsafe-eval' blob: *.apple.com *.apple-mapkit.com www.instagram.com platform.twitter.com; style-src 'unsafe-inline' *.apple.com",
            "referrer-policy": "no-referrer-when-downgrade",
            "strict-transport-security": "max-age=31536000; includeSubdomains; preload",
            "x-content-type-options": "nosniff",
            "x-xss-protection": "1; mode=block",
            "content-encoding": "gzip",
            "cache-control": "max-age=198",
            "expires": "Wed, 25 Oct 2023 12:36:47 GMT",
            "date": "Wed, 25 Oct 2023 12:33:29 GMT",
            "content-length": "29044",
            "x-cache": "TCP_MEM_HIT from a2-17-34-236.deploy.akamaitechnologies.com (AkamaiGHost/11.3.0-51618102) (-)",
            "connection": "keep-alive"
        }
    },
    {
        "number": 2,
        "request": "GET https://www.apple.com/itunes/ HTTP/1.1\r\nHost: www.apple.com\r\nUser-Agent: Mozilla/5.0 (Windows NT 10.0; rv:102.0) Gecko/20100101 Firefox/102.0\r\nAccept: text/html,application/xhtml+xml,application/xml;q=0.9,image/avif,image/webp,*/*;q=0.8\r\nAccept-Encoding: gzip, deflate, br\r\nAccept-Language: en-US,en;q=0.5\r\nDNT: 1\r\nConnection: keep-alive\r\nUpgrade-Insecure-Requests: 1\r\nSec-Fetch-Dest: document\r\nSec-Fetch-Mode: navigate\r\nSec-Fetch-Site: cross-site\r\n\r\n",
        "deviation_count": 0,
        "uri": "https://www.apple.com/itunes/",
        "request_length": 455,
        "Response_Time": 0.14045190811157227,
        "status_code": 200,
        "reason_phrase": "OK",
        "error_message": [
            ""
        ],
        "response_header_count": 17,
        "response_header_length": 17,
        "response_body_length": 14342,
        "response_header_fields": {
            "server": "Apple",
            "content-type": "text/html; charset=utf-8",
            "set-cookie": "geo=DE; path=/; domain=.apple.com",
            "x-frame-options": "SAMEORIGIN",
            "vary": "Accept-Encoding",
            "content-security-policy": "default-src 'self' blob: data: *.akamaized.net *.apple.com *.apple-mapkit.com *.cdn-apple.com *.organicfruitapps.com; child-src blob: embed.music.apple.com embed.podcasts.apple.com https://recyclingprogram.apple.com swdlp.apple.com www.apple.com www.instagram.com platform.twitter.com www.youtube-nocookie.com; img-src 'unsafe-inline' blob: data: *.apple.com *.apple-mapkit.com *.cdn-apple.com *.mzstatic.com; script-src 'unsafe-inline' 'unsafe-eval' blob: *.apple.com *.apple-mapkit.com www.instagram.com platform.twitter.com; style-src 'unsafe-inline' *.apple.com",
            "referrer-policy": "no-referrer-when-downgrade",
            "strict-transport-security": "max-age=31536000; includeSubdomains; preload",
            "x-content-type-options": "nosniff",
            "x-xss-protection": "1; mode=block",
            "content-encoding": "gzip",
            "cache-control": "max-age=188",
            "expires": "Wed, 25 Oct 2023 12:36:47 GMT",
            "date": "Wed, 25 Oct 2023 12:33:39 GMT",
            "content-length": "29044",
            "x-cache": "TCP_MEM_HIT from a2-17-34-236.deploy.akamaitechnologies.com (AkamaiGHost/11.3.0-51618102) (-)",
            "connection": "keep-alive"
        }
    },
    {
        "number": 3,
        "request": "GET https://www.apple.com/itunes/ HTTP/1.1\r\nHost: www.apple.com\r\nUser-Agent: Mozilla/5.0 (Windows NT 10.0; rv:102.0) Gecko/20100101 Firefox/102.0\r\nAccept: text/html,application/xhtml+xml,application/xml;q=0.9,image/avif,image/webp,*/*;q=0.8\r\nAccept-Encoding: gzip, deflate, br\r\nAccept-Language: en-US,en;q=0.5\r\nDNT: 1\r\nConnection: keep-alive\r\nUpgrade-Insecure-Requests: 1\r\nSec-Fetch-Dest: document\r\nSec-Fetch-Mode: navigate\r\nSec-Fetch-Site: cross-site\r\n\r\n",
        "deviation_count": 0,
        "uri": "https://www.apple.com/itunes/",
        "request_length": 455,
        "Response_Time": 0.15758919715881348,
        "status_code": 200,
        "reason_phrase": "OK",
        "error_message": [
            ""
        ],
        "response_header_count": 17,
        "response_header_length": 17,
        "response_body_length": 14340,
        "response_header_fields": {
            "server": "Apple",
            "content-type": "text/html; charset=utf-8",
            "set-cookie": "geo=DE; path=/; domain=.apple.com",
            "x-frame-options": "SAMEORIGIN",
            "vary": "Accept-Encoding",
            "content-security-policy": "default-src 'self' blob: data: *.akamaized.net *.apple.com *.apple-mapkit.com *.cdn-apple.com *.organicfruitapps.com; child-src blob: embed.music.apple.com embed.podcasts.apple.com https://recyclingprogram.apple.com swdlp.apple.com www.apple.com www.instagram.com platform.twitter.com www.youtube-nocookie.com; img-src 'unsafe-inline' blob: data: *.apple.com *.apple-mapkit.com *.cdn-apple.com *.mzstatic.com; script-src 'unsafe-inline' 'unsafe-eval' blob: *.apple.com *.apple-mapkit.com www.instagram.com platform.twitter.com; style-src 'unsafe-inline' *.apple.com",
            "referrer-policy": "no-referrer-when-downgrade",
            "strict-transport-security": "max-age=31536000; includeSubdomains; preload",
            "x-content-type-options": "nosniff",
            "x-xss-protection": "1; mode=block",
            "content-encoding": "gzip",
            "cache-control": "max-age=172",
            "expires": "Wed, 25 Oct 2023 12:36:40 GMT",
            "date": "Wed, 25 Oct 2023 12:33:48 GMT",
            "content-length": "29044",
            "x-cache": "TCP_MEM_HIT from a2-17-34-198.deploy.akamaitechnologies.com (AkamaiGHost/11.3.0.1-51931778) (-)",
            "connection": "keep-alive"
        }
    },
    {
        "number": 4,
        "request": "GET https://www.apple.com/itunes/ HTTP/1.1\r\nHost: www.apple.com\r\nUser-Agent: Mozilla/5.0 (Windows NT 10.0; rv:102.0) Gecko/20100101 Firefox/102.0\r\nAccept: text/html,application/xhtml+xml,application/xml;q=0.9,image/avif,image/webp,*/*;q=0.8\r\nAccept-Encoding: gzip, deflate, br\r\nAccept-Language: en-US,en;q=0.5\r\nDNT: 1\r\nConnection: keep-alive\r\nUpgrade-Insecure-Requests: 1\r\nSec-Fetch-Dest: document\r\nSec-Fetch-Mode: navigate\r\nSec-Fetch-Site: cross-site\r\n\r\n",
        "deviation_count": 0,
        "uri": "https://www.apple.com/itunes/",
        "request_length": 455,
        "Response_Time": 0.19333195686340332,
        "status_code": 200,
        "reason_phrase": "OK",
        "error_message": [
            ""
        ],
        "response_header_count": 17,
        "response_header_length": 17,
        "response_body_length": 14342,
        "response_header_fields": {
            "server": "Apple",
            "content-type": "text/html; charset=utf-8",
            "set-cookie": "geo=DE; path=/; domain=.apple.com",
            "x-frame-options": "SAMEORIGIN",
            "vary": "Accept-Encoding",
            "content-security-policy": "default-src 'self' blob: data: *.akamaized.net *.apple.com *.apple-mapkit.com *.cdn-apple.com *.organicfruitapps.com; child-src blob: embed.music.apple.com embed.podcasts.apple.com https://recyclingprogram.apple.com swdlp.apple.com www.apple.com www.instagram.com platform.twitter.com www.youtube-nocookie.com; img-src 'unsafe-inline' blob: data: *.apple.com *.apple-mapkit.com *.cdn-apple.com *.mzstatic.com; script-src 'unsafe-inline' 'unsafe-eval' blob: *.apple.com *.apple-mapkit.com www.instagram.com platform.twitter.com; style-src 'unsafe-inline' *.apple.com",
            "referrer-policy": "no-referrer-when-downgrade",
            "strict-transport-security": "max-age=31536000; includeSubdomains; preload",
            "x-content-type-options": "nosniff",
            "x-xss-protection": "1; mode=block",
            "content-encoding": "gzip",
            "cache-control": "max-age=169",
            "expires": "Wed, 25 Oct 2023 12:36:47 GMT",
            "date": "Wed, 25 Oct 2023 12:33:58 GMT",
            "content-length": "29044",
            "x-cache": "TCP_MEM_HIT from a2-17-34-236.deploy.akamaitechnologies.com (AkamaiGHost/11.3.0-51618102) (-)",
            "connection": "keep-alive"
        }
    },
    {
        "number": 5,
        "request": "GET https://www.apple.com/itunes/ HTTP/1.1\r\nHost: www.apple.com\r\nUser-Agent: Mozilla/5.0 (Windows NT 10.0; rv:102.0) Gecko/20100101 Firefox/102.0\r\nAccept: text/html,application/xhtml+xml,application/xml;q=0.9,image/avif,image/webp,*/*;q=0.8\r\nAccept-Encoding: gzip, deflate, br\r\nAccept-Language: en-US,en;q=0.5\r\nDNT: 1\r\nConnection: keep-alive\r\nUpgrade-Insecure-Requests: 1\r\nSec-Fetch-Dest: document\r\nSec-Fetch-Mode: navigate\r\nSec-Fetch-Site: cross-site\r\n\r\n",
        "deviation_count": 0,
        "uri": "https://www.apple.com/itunes/",
        "request_length": 455,
        "Response_Time": 0.22849321365356445,
        "status_code": 200,
        "reason_phrase": "OK",
        "error_message": [
            ""
        ],
        "response_header_count": 17,
        "response_header_length": 17,
        "response_body_length": 14342,
        "response_header_fields": {
            "server": "Apple",
            "content-type": "text/html; charset=utf-8",
            "set-cookie": "geo=DE; path=/; domain=.apple.com",
            "x-frame-options": "SAMEORIGIN",
            "vary": "Accept-Encoding",
            "content-security-policy": "default-src 'self' blob: data: *.akamaized.net *.apple.com *.apple-mapkit.com *.cdn-apple.com *.organicfruitapps.com; child-src blob: embed.music.apple.com embed.podcasts.apple.com https://recyclingprogram.apple.com swdlp.apple.com www.apple.com www.instagram.com platform.twitter.com www.youtube-nocookie.com; img-src 'unsafe-inline' blob: data: *.apple.com *.apple-mapkit.com *.cdn-apple.com *.mzstatic.com; script-src 'unsafe-inline' 'unsafe-eval' blob: *.apple.com *.apple-mapkit.com www.instagram.com platform.twitter.com; style-src 'unsafe-inline' *.apple.com",
            "referrer-policy": "no-referrer-when-downgrade",
            "strict-transport-security": "max-age=31536000; includeSubdomains; preload",
            "x-content-type-options": "nosniff",
            "x-xss-protection": "1; mode=block",
            "content-encoding": "gzip",
            "cache-control": "max-age=159",
            "expires": "Wed, 25 Oct 2023 12:36:47 GMT",
            "date": "Wed, 25 Oct 2023 12:34:08 GMT",
            "content-length": "29044",
            "x-cache": "TCP_MEM_HIT from a2-17-34-236.deploy.akamaitechnologies.com (AkamaiGHost/11.3.0-51618102) (-)",
            "connection": "keep-alive"
        }
    },
    {
        "number": 6,
        "request": "GET https://www.apple.com/itunes/ HTTP/1.1\r\nHost: www.apple.com\r\nUser-Agent: Mozilla/5.0 (Windows NT 10.0; rv:102.0) Gecko/20100101 Firefox/102.0\r\nAccept: text/html,application/xhtml+xml,application/xml;q=0.9,image/avif,image/webp,*/*;q=0.8\r\nAccept-Encoding: gzip, deflate, br\r\nAccept-Language: en-US,en;q=0.5\r\nDNT: 1\r\nConnection: keep-alive\r\nUpgrade-Insecure-Requests: 1\r\nSec-Fetch-Dest: document\r\nSec-Fetch-Mode: navigate\r\nSec-Fetch-Site: cross-site\r\n\r\n",
        "deviation_count": 0,
        "uri": "https://www.apple.com/itunes/",
        "request_length": 455,
        "Response_Time": 0.06889724731445312,
        "status_code": 200,
        "reason_phrase": "OK",
        "error_message": [
            ""
        ],
        "response_header_count": 18,
        "response_header_length": 18,
        "response_body_length": 14228,
        "response_header_fields": {
            "server": "Apple",
            "content-type": "text/html; charset=utf-8",
            "set-cookie": "geo=DE; path=/; domain=.apple.com",
            "x-frame-options": "SAMEORIGIN",
            "x-cache-remote": "TCP_MEM_HIT from a2-17-34-234.deploy.akamaitechnologies.com (AkamaiGHost/11.3.0.1-51931778) (-)",
            "vary": "Accept-Encoding",
            "content-security-policy": "default-src 'self' blob: data: *.akamaized.net *.apple.com *.apple-mapkit.com *.cdn-apple.com *.organicfruitapps.com; child-src blob: embed.music.apple.com embed.podcasts.apple.com https://recyclingprogram.apple.com swdlp.apple.com www.apple.com www.instagram.com platform.twitter.com www.youtube-nocookie.com; img-src 'unsafe-inline' blob: data: *.apple.com *.apple-mapkit.com *.cdn-apple.com *.mzstatic.com; script-src 'unsafe-inline' 'unsafe-eval' blob: *.apple.com *.apple-mapkit.com www.instagram.com platform.twitter.com; style-src 'unsafe-inline' *.apple.com",
            "referrer-policy": "no-referrer-when-downgrade",
            "strict-transport-security": "max-age=31536000; includeSubdomains; preload",
            "x-content-type-options": "nosniff",
            "x-xss-protection": "1; mode=block",
            "content-encoding": "gzip",
            "cache-control": "max-age=140",
            "expires": "Wed, 25 Oct 2023 12:36:37 GMT",
            "date": "Wed, 25 Oct 2023 12:34:17 GMT",
            "content-length": "29044",
            "x-cache": "TCP_REFRESH_MISS from a2-17-34-242.deploy.akamaitechnologies.com (AkamaiGHost/11.3.0.1-51931778) (S)",
            "connection": "keep-alive"
        }
    },
    {
        "number": 7,
        "request": "GET https://www.apple.com/itunes/ HTTP/1.1\r\nHost: www.apple.com\r\nUser-Agent: Mozilla/5.0 (Windows NT 10.0; rv:102.0) Gecko/20100101 Firefox/102.0\r\nAccept: text/html,application/xhtml+xml,application/xml;q=0.9,image/avif,image/webp,*/*;q=0.8\r\nAccept-Encoding: gzip, deflate, br\r\nAccept-Language: en-US,en;q=0.5\r\nDNT: 1\r\nConnection: keep-alive\r\nUpgrade-Insecure-Requests: 1\r\nSec-Fetch-Dest: document\r\nSec-Fetch-Mode: navigate\r\nSec-Fetch-Site: cross-site\r\n\r\n",
        "deviation_count": 0,
        "uri": "https://www.apple.com/itunes/",
        "request_length": 455,
        "Response_Time": 0.12587428092956543,
        "status_code": 200,
        "reason_phrase": "OK",
        "error_message": [
            ""
        ],
        "response_header_count": 17,
        "response_header_length": 17,
        "response_body_length": 14340,
        "response_header_fields": {
            "server": "Apple",
            "content-type": "text/html; charset=utf-8",
            "set-cookie": "geo=DE; path=/; domain=.apple.com",
            "x-frame-options": "SAMEORIGIN",
            "vary": "Accept-Encoding",
            "content-security-policy": "default-src 'self' blob: data: *.akamaized.net *.apple.com *.apple-mapkit.com *.cdn-apple.com *.organicfruitapps.com; child-src blob: embed.music.apple.com embed.podcasts.apple.com https://recyclingprogram.apple.com swdlp.apple.com www.apple.com www.instagram.com platform.twitter.com www.youtube-nocookie.com; img-src 'unsafe-inline' blob: data: *.apple.com *.apple-mapkit.com *.cdn-apple.com *.mzstatic.com; script-src 'unsafe-inline' 'unsafe-eval' blob: *.apple.com *.apple-mapkit.com www.instagram.com platform.twitter.com; style-src 'unsafe-inline' *.apple.com",
            "referrer-policy": "no-referrer-when-downgrade",
            "strict-transport-security": "max-age=31536000; includeSubdomains; preload",
            "x-content-type-options": "nosniff",
            "x-xss-protection": "1; mode=block",
            "content-encoding": "gzip",
            "cache-control": "max-age=102",
            "expires": "Wed, 25 Oct 2023 12:36:09 GMT",
            "date": "Wed, 25 Oct 2023 12:34:27 GMT",
            "content-length": "29044",
            "x-cache": "TCP_MEM_HIT from a2-17-34-234.deploy.akamaitechnologies.com (AkamaiGHost/11.3.0.1-51931778) (-)",
            "connection": "keep-alive"
        }
    },
    {
        "number": 8,
        "request": "GET https://www.apple.com/itunes/ HTTP/1.1\r\nHost: www.apple.com\r\nUser-Agent: Mozilla/5.0 (Windows NT 10.0; rv:102.0) Gecko/20100101 Firefox/102.0\r\nAccept: text/html,application/xhtml+xml,application/xml;q=0.9,image/avif,image/webp,*/*;q=0.8\r\nAccept-Encoding: gzip, deflate, br\r\nAccept-Language: en-US,en;q=0.5\r\nDNT: 1\r\nConnection: keep-alive\r\nUpgrade-Insecure-Requests: 1\r\nSec-Fetch-Dest: document\r\nSec-Fetch-Mode: navigate\r\nSec-Fetch-Site: cross-site\r\n\r\n",
        "deviation_count": 0,
        "uri": "https://www.apple.com/itunes/",
        "request_length": 455,
        "Response_Time": 0.17629313468933105,
        "status_code": 200,
        "reason_phrase": "OK",
        "error_message": [
            ""
        ],
        "response_header_count": 17,
        "response_header_length": 17,
        "response_body_length": 14341,
        "response_header_fields": {
            "server": "Apple",
            "content-type": "text/html; charset=utf-8",
            "set-cookie": "geo=DE; path=/; domain=.apple.com",
            "x-frame-options": "SAMEORIGIN",
            "vary": "Accept-Encoding",
            "content-security-policy": "default-src 'self' blob: data: *.akamaized.net *.apple.com *.apple-mapkit.com *.cdn-apple.com *.organicfruitapps.com; child-src blob: embed.music.apple.com embed.podcasts.apple.com https://recyclingprogram.apple.com swdlp.apple.com www.apple.com www.instagram.com platform.twitter.com www.youtube-nocookie.com; img-src 'unsafe-inline' blob: data: *.apple.com *.apple-mapkit.com *.cdn-apple.com *.mzstatic.com; script-src 'unsafe-inline' 'unsafe-eval' blob: *.apple.com *.apple-mapkit.com www.instagram.com platform.twitter.com; style-src 'unsafe-inline' *.apple.com",
            "referrer-policy": "no-referrer-when-downgrade",
            "strict-transport-security": "max-age=31536000; includeSubdomains; preload",
            "x-content-type-options": "nosniff",
            "x-xss-protection": "1; mode=block",
            "content-encoding": "gzip",
            "cache-control": "max-age=92",
            "expires": "Wed, 25 Oct 2023 12:36:09 GMT",
            "date": "Wed, 25 Oct 2023 12:34:37 GMT",
            "content-length": "29044",
            "x-cache": "TCP_MEM_HIT from a2-17-34-234.deploy.akamaitechnologies.com (AkamaiGHost/11.3.0.1-51931778) (-)",
            "connection": "keep-alive"
        }
    },
    {
        "number": 9,
        "request": "GET https://www.apple.com/itunes/ HTTP/1.1\r\nHost: www.apple.com\r\nUser-Agent: Mozilla/5.0 (Windows NT 10.0; rv:102.0) Gecko/20100101 Firefox/102.0\r\nAccept: text/html,application/xhtml+xml,application/xml;q=0.9,image/avif,image/webp,*/*;q=0.8\r\nAccept-Encoding: gzip, deflate, br\r\nAccept-Language: en-US,en;q=0.5\r\nDNT: 1\r\nConnection: keep-alive\r\nUpgrade-Insecure-Requests: 1\r\nSec-Fetch-Dest: document\r\nSec-Fetch-Mode: navigate\r\nSec-Fetch-Site: cross-site\r\n\r\n",
        "deviation_count": 0,
        "uri": "https://www.apple.com/itunes/",
        "request_length": 455,
        "Response_Time": 0.08309459686279297,
        "status_code": 200,
        "reason_phrase": "OK",
        "error_message": [
            ""
        ],
        "response_header_count": 17,
        "response_header_length": 17,
        "response_body_length": 14341,
        "response_header_fields": {
            "server": "Apple",
            "content-type": "text/html; charset=utf-8",
            "set-cookie": "geo=DE; path=/; domain=.apple.com",
            "x-frame-options": "SAMEORIGIN",
            "vary": "Accept-Encoding",
            "content-security-policy": "default-src 'self' blob: data: *.akamaized.net *.apple.com *.apple-mapkit.com *.cdn-apple.com *.organicfruitapps.com; child-src blob: embed.music.apple.com embed.podcasts.apple.com https://recyclingprogram.apple.com swdlp.apple.com www.apple.com www.instagram.com platform.twitter.com www.youtube-nocookie.com; img-src 'unsafe-inline' blob: data: *.apple.com *.apple-mapkit.com *.cdn-apple.com *.mzstatic.com; script-src 'unsafe-inline' 'unsafe-eval' blob: *.apple.com *.apple-mapkit.com www.instagram.com platform.twitter.com; style-src 'unsafe-inline' *.apple.com",
            "referrer-policy": "no-referrer-when-downgrade",
            "strict-transport-security": "max-age=31536000; includeSubdomains; preload",
            "x-content-type-options": "nosniff",
            "x-xss-protection": "1; mode=block",
            "content-encoding": "gzip",
            "cache-control": "max-age=82",
            "expires": "Wed, 25 Oct 2023 12:36:09 GMT",
            "date": "Wed, 25 Oct 2023 12:34:47 GMT",
            "content-length": "29044",
            "x-cache": "TCP_MEM_HIT from a2-17-34-234.deploy.akamaitechnologies.com (AkamaiGHost/11.3.0.1-51931778) (-)",
            "connection": "keep-alive"
        }
    }
]