,Attempt No.,uri,Deviation Count,Status Code,Response_Time,response_header_count,response_header_length,response_body_length,response_header_fields
0,0,https://ntp.org/,0,400,0.23314762115478516,5,5,226,"{'date': 'Wed, 25 Oct 2023 12:33:21 GMT', 'server': 'Apache', 'content-length': '226', 'content-type': 'text/html; charset=iso-8859-1', 'strict-transport-security': 'max-age-16000000; includeSubDomains; preload;'}"
1,1,https://ntp.org/,0,400,0.23072314262390137,5,5,226,"{'date': 'Wed, 25 Oct 2023 12:33:30 GMT', 'server': 'Apache', 'content-length': '226', 'content-type': 'text/html; charset=iso-8859-1', 'strict-transport-security': 'max-age-16000000; includeSubDomains; preload;'}"
2,2,https://ntp.org/,0,400,0.23064088821411133,5,5,226,"{'date': 'Wed, 25 Oct 2023 12:33:40 GMT', 'server': 'Apache', 'content-length': '226', 'content-type': 'text/html; charset=iso-8859-1', 'strict-transport-security': 'max-age-16000000; includeSubDomains; preload;'}"
3,3,https://ntp.org/,0,400,0.23360586166381836,5,5,226,"{'date': 'Wed, 25 Oct 2023 12:33:50 GMT', 'server': 'Apache', 'content-length': '226', 'content-type': 'text/html; charset=iso-8859-1', 'strict-transport-security': 'max-age-16000000; includeSubDomains; preload;'}"
4,4,https://ntp.org/,0,400,0.12975025177001953,5,5,226,"{'date': 'Wed, 25 Oct 2023 12:33:59 GMT', 'server': 'Apache', 'content-length': '226', 'content-type': 'text/html; charset=iso-8859-1', 'strict-transport-security': 'max-age-16000000; includeSubDomains; preload;'}"
5,5,https://ntp.org/,0,400,0.12750959396362305,5,5,226,"{'date': 'Wed, 25 Oct 2023 12:34:09 GMT', 'server': 'Apache', 'content-length': '226', 'content-type': 'text/html; charset=iso-8859-1', 'strict-transport-security': 'max-age-16000000; includeSubDomains; preload;'}"
6,6,https://ntp.org/,0,400,0.22223472595214844,5,5,226,"{'date': 'Wed, 25 Oct 2023 12:34:19 GMT', 'server': 'Apache', 'content-length': '226', 'content-type': 'text/html; charset=iso-8859-1', 'strict-transport-security': 'max-age-16000000; includeSubDomains; preload;'}"
7,7,https://ntp.org/,0,400,0.2271428108215332,5,5,226,"{'date': 'Wed, 25 Oct 2023 12:34:28 GMT', 'server': 'Apache', 'content-length': '226', 'content-type': 'text/html; charset=iso-8859-1', 'strict-transport-security': 'max-age-16000000; includeSubDomains; preload;'}"
8,8,https://ntp.org/,0,400,0.24494647979736328,5,5,226,"{'date': 'Wed, 25 Oct 2023 12:34:38 GMT', 'server': 'Apache', 'content-length': '226', 'content-type': 'text/html; charset=iso-8859-1', 'strict-transport-security': 'max-age-16000000; includeSubDomains; preload;'}"
9,9,https://ntp.org/,0,400,0.25064659118652344,5,5,226,"{'date': 'Wed, 25 Oct 2023 12:34:48 GMT', 'server': 'Apache', 'content-length': '226', 'content-type': 'text/html; charset=iso-8859-1', 'strict-transport-security': 'max-age-16000000; includeSubDomains; preload;'}"
