number,request,deviation_count,uri,request_length,http_version,Socket_Connect_Time,Socket_Close_Time,Response_Time,status_code,reason_phrase,error_message,response_header_count,response_header_length,response_body_length,response_header_fields
0,"GET https://ntp.org/  HTTP/1.1
Host: ntp.org
User-Agent: Mozilla/5.0 (Windows NT 10.0; rv:102.0) Gecko/20100101 Firefox/102.0
Accept: text/html,application/xhtml+xml,application/xml;q=0.9,image/avif,image/webp,*/*;q=0.8
Accept-Encoding: gzip, deflate, br
Accept-Language: en-US,en;q=0.5
DNT: 1
Connection: keep-alive
Upgrade-Insecure-Requests: 1
Sec-Fetch-Dest: document
Sec-Fetch-Mode: navigate
Sec-Fetch-Site: cross-site

",0,https://ntp.org/,437,HTTP/1.1,0.4437723159790039,0.12290692329406738,0.23314762115478516,400,Bad Request,[''],5,5,226,"{""date"": ""Wed, 25 Oct 2023 12:33:21 GMT"", ""server"": ""Apache"", ""content-length"": ""226"", ""content-type"": ""text/html; charset=iso-8859-1"", ""strict-transport-security"": ""max-age-16000000; includeSubDomains; preload;""}"
1,"GET https://ntp.org/  HTTP/1.1
Host: ntp.org
User-Agent: Mozilla/5.0 (Windows NT 10.0; rv:102.0) Gecko/20100101 Firefox/102.0
Accept: text/html,application/xhtml+xml,application/xml;q=0.9,image/avif,image/webp,*/*;q=0.8
Accept-Encoding: gzip, deflate, br
Accept-Language: en-US,en;q=0.5
DNT: 1
Connection: keep-alive
Upgrade-Insecure-Requests: 1
Sec-Fetch-Dest: document
Sec-Fetch-Mode: navigate
Sec-Fetch-Site: cross-site

",0,https://ntp.org/,437,HTTP/1.1,0.4418962001800537,0.12003111839294434,0.23072314262390137,400,Bad Request,[''],5,5,226,"{""date"": ""Wed, 25 Oct 2023 12:33:30 GMT"", ""server"": ""Apache"", ""content-length"": ""226"", ""content-type"": ""text/html; charset=iso-8859-1"", ""strict-transport-security"": ""max-age-16000000; includeSubDomains; preload;""}"
2,"GET https://ntp.org/  HTTP/1.1
Host: ntp.org
User-Agent: Mozilla/5.0 (Windows NT 10.0; rv:102.0) Gecko/20100101 Firefox/102.0
Accept: text/html,application/xhtml+xml,application/xml;q=0.9,image/avif,image/webp,*/*;q=0.8
Accept-Encoding: gzip, deflate, br
Accept-Language: en-US,en;q=0.5
DNT: 1
Connection: keep-alive
Upgrade-Insecure-Requests: 1
Sec-Fetch-Dest: document
Sec-Fetch-Mode: navigate
Sec-Fetch-Site: cross-site

",0,https://ntp.org/,437,HTTP/1.1,0.44426393508911133,0.11294436454772949,0.23064088821411133,400,Bad Request,[''],5,5,226,"{""date"": ""Wed, 25 Oct 2023 12:33:40 GMT"", ""server"": ""Apache"", ""content-length"": ""226"", ""content-type"": ""text/html; charset=iso-8859-1"", ""strict-transport-security"": ""max-age-16000000; includeSubDomains; preload;""}"
3,"GET https://ntp.org/  HTTP/1.1
Host: ntp.org
User-Agent: Mozilla/5.0 (Windows NT 10.0; rv:102.0) Gecko/20100101 Firefox/102.0
Accept: text/html,application/xhtml+xml,application/xml;q=0.9,image/avif,image/webp,*/*;q=0.8
Accept-Encoding: gzip, deflate, br
Accept-Language: en-US,en;q=0.5
DNT: 1
Connection: keep-alive
Upgrade-Insecure-Requests: 1
Sec-Fetch-Dest: document
Sec-Fetch-Mode: navigate
Sec-Fetch-Site: cross-site

",0,https://ntp.org/,437,HTTP/1.1,0.5022144317626953,0.1109316349029541,0.23360586166381836,400,Bad Request,[''],5,5,226,"{""date"": ""Wed, 25 Oct 2023 12:33:50 GMT"", ""server"": ""Apache"", ""content-length"": ""226"", ""content-type"": ""text/html; charset=iso-8859-1"", ""strict-transport-security"": ""max-age-16000000; includeSubDomains; preload;""}"
4,"GET https://ntp.org/  HTTP/1.1
Host: ntp.org
User-Agent: Mozilla/5.0 (Windows NT 10.0; rv:102.0) Gecko/20100101 Firefox/102.0
Accept: text/html,application/xhtml+xml,application/xml;q=0.9,image/avif,image/webp,*/*;q=0.8
Accept-Encoding: gzip, deflate, br
Accept-Language: en-US,en;q=0.5
DNT: 1
Connection: keep-alive
Upgrade-Insecure-Requests: 1
Sec-Fetch-Dest: document
Sec-Fetch-Mode: navigate
Sec-Fetch-Site: cross-site

",0,https://ntp.org/,437,HTTP/1.1,0.48647427558898926,0.1129004955291748,0.12975025177001953,400,Bad Request,[''],5,5,226,"{""date"": ""Wed, 25 Oct 2023 12:33:59 GMT"", ""server"": ""Apache"", ""content-length"": ""226"", ""content-type"": ""text/html; charset=iso-8859-1"", ""strict-transport-security"": ""max-age-16000000; includeSubDomains; preload;""}"
5,"GET https://ntp.org/  HTTP/1.1
Host: ntp.org
User-Agent: Mozilla/5.0 (Windows NT 10.0; rv:102.0) Gecko/20100101 Firefox/102.0
Accept: text/html,application/xhtml+xml,application/xml;q=0.9,image/avif,image/webp,*/*;q=0.8
Accept-Encoding: gzip, deflate, br
Accept-Language: en-US,en;q=0.5
DNT: 1
Connection: keep-alive
Upgrade-Insecure-Requests: 1
Sec-Fetch-Dest: document
Sec-Fetch-Mode: navigate
Sec-Fetch-Site: cross-site

",0,https://ntp.org/,437,HTTP/1.1,0.4373202323913574,0.1031808853149414,0.12750959396362305,400,Bad Request,[''],5,5,226,"{""date"": ""Wed, 25 Oct 2023 12:34:09 GMT"", ""server"": ""Apache"", ""content-length"": ""226"", ""content-type"": ""text/html; charset=iso-8859-1"", ""strict-transport-security"": ""max-age-16000000; includeSubDomains; preload;""}"
6,"GET https://ntp.org/  HTTP/1.1
Host: ntp.org
User-Agent: Mozilla/5.0 (Windows NT 10.0; rv:102.0) Gecko/20100101 Firefox/102.0
Accept: text/html,application/xhtml+xml,application/xml;q=0.9,image/avif,image/webp,*/*;q=0.8
Accept-Encoding: gzip, deflate, br
Accept-Language: en-US,en;q=0.5
DNT: 1
Connection: keep-alive
Upgrade-Insecure-Requests: 1
Sec-Fetch-Dest: document
Sec-Fetch-Mode: navigate
Sec-Fetch-Site: cross-site

",0,https://ntp.org/,437,HTTP/1.1,0.5995349884033203,0.12151408195495605,0.22223472595214844,400,Bad Request,[''],5,5,226,"{""date"": ""Wed, 25 Oct 2023 12:34:19 GMT"", ""server"": ""Apache"", ""content-length"": ""226"", ""content-type"": ""text/html; charset=iso-8859-1"", ""strict-transport-security"": ""max-age-16000000; includeSubDomains; preload;""}"
7,"GET https://ntp.org/  HTTP/1.1
Host: ntp.org
User-Agent: Mozilla/5.0 (Windows NT 10.0; rv:102.0) Gecko/20100101 Firefox/102.0
Accept: text/html,application/xhtml+xml,application/xml;q=0.9,image/avif,image/webp,*/*;q=0.8
Accept-Encoding: gzip, deflate, br
Accept-Language: en-US,en;q=0.5
DNT: 1
Connection: keep-alive
Upgrade-Insecure-Requests: 1
Sec-Fetch-Dest: document
Sec-Fetch-Mode: navigate
Sec-Fetch-Site: cross-site

",0,https://ntp.org/,437,HTTP/1.1,0.5042173862457275,0.10660457611083984,0.2271428108215332,400,Bad Request,[''],5,5,226,"{""date"": ""Wed, 25 Oct 2023 12:34:28 GMT"", ""server"": ""Apache"", ""content-length"": ""226"", ""content-type"": ""text/html; charset=iso-8859-1"", ""strict-transport-security"": ""max-age-16000000; includeSubDomains; preload;""}"
8,"GET https://ntp.org/  HTTP/1.1
Host: ntp.org
User-Agent: Mozilla/5.0 (Windows NT 10.0; rv:102.0) Gecko/20100101 Firefox/102.0
Accept: text/html,application/xhtml+xml,application/xml;q=0.9,image/avif,image/webp,*/*;q=0.8
Accept-Encoding: gzip, deflate, br
Accept-Language: en-US,en;q=0.5
DNT: 1
Connection: keep-alive
Upgrade-Insecure-Requests: 1
Sec-Fetch-Dest: document
Sec-Fetch-Mode: navigate
Sec-Fetch-Site: cross-site

",0,https://ntp.org/,437,HTTP/1.1,0.4387180805206299,0.15297889709472656,0.24494647979736328,400,Bad Request,[''],5,5,226,"{""date"": ""Wed, 25 Oct 2023 12:34:38 GMT"", ""server"": ""Apache"", ""content-length"": ""226"", ""content-type"": ""text/html; charset=iso-8859-1"", ""strict-transport-security"": ""max-age-16000000; includeSubDomains; preload;""}"
9,"GET https://ntp.org/  HTTP/1.1
Host: ntp.org
User-Agent: Mozilla/5.0 (Windows NT 10.0; rv:102.0) Gecko/20100101 Firefox/102.0
Accept: text/html,application/xhtml+xml,application/xml;q=0.9,image/avif,image/webp,*/*;q=0.8
Accept-Encoding: gzip, deflate, br
Accept-Language: en-US,en;q=0.5
DNT: 1
Connection: keep-alive
Upgrade-Insecure-Requests: 1
Sec-Fetch-Dest: document
Sec-Fetch-Mode: navigate
Sec-Fetch-Site: cross-site

",0,https://ntp.org/,437,HTTP/1.1,0.46530818939208984,0.12311768531799316,0.25064659118652344,400,Bad Request,[''],5,5,226,"{""date"": ""Wed, 25 Oct 2023 12:34:48 GMT"", ""server"": ""Apache"", ""content-length"": ""226"", ""content-type"": ""text/html; charset=iso-8859-1"", ""strict-transport-security"": ""max-age-16000000; includeSubDomains; preload;""}"
