[
    {
        "number": 0,
        "request": "GET https://ntp.org/  HTTP/1.1\r\nHost: ntp.org\r\nUser-Agent: Mozilla/5.0 (Windows NT 10.0; rv:102.0) Gecko/20100101 Firefox/102.0\r\nAccept: text/html,application/xhtml+xml,application/xml;q=0.9,image/avif,image/webp,*/*;q=0.8\r\nAccept-Encoding: gzip, deflate, br\r\nAccept-Language: en-US,en;q=0.5\r\nDNT: 1\r\nConnection: keep-alive\r\nUpgrade-Insecure-Requests: 1\r\nSec-Fetch-Dest: document\r\nSec-Fetch-Mode: navigate\r\nSec-Fetch-Site: cross-site\r\n\r\n",
        "deviation_count": 0,
        "uri": "https://ntp.org/",
        "request_length": 437,
        "Response_Time": 0.23314762115478516,
        "status_code": 400,
        "reason_phrase": "Bad Request",
        "error_message": [
            ""
        ],
        "response_header_count": 5,
        "response_header_length": 5,
        "response_body_length": 226,
        "response_header_fields": {
            "date": "Wed, 25 Oct 2023 12:33:21 GMT",
            "server": "Apache",
            "content-length": "226",
            "content-type": "text/html; charset=iso-8859-1",
            "strict-transport-security": "max-age-16000000; includeSubDomains; preload;"
        }
    },
    {
        "number": 1,
        "request": "GET https://ntp.org/  HTTP/1.1\r\nHost: ntp.org\r\nUser-Agent: Mozilla/5.0 (Windows NT 10.0; rv:102.0) Gecko/20100101 Firefox/102.0\r\nAccept: text/html,application/xhtml+xml,application/xml;q=0.9,image/avif,image/webp,*/*;q=0.8\r\nAccept-Encoding: gzip, deflate, br\r\nAccept-Language: en-US,en;q=0.5\r\nDNT: 1\r\nConnection: keep-alive\r\nUpgrade-Insecure-Requests: 1\r\nSec-Fetch-Dest: document\r\nSec-Fetch-Mode: navigate\r\nSec-Fetch-Site: cross-site\r\n\r\n",
        "deviation_count": 0,
        "uri": "https://ntp.org/",
        "request_length": 437,
        "Response_Time": 0.23072314262390137,
        "status_code": 400,
        "reason_phrase": "Bad Request",
        "error_message": [
            ""
        ],
        "response_header_count": 5,
        "response_header_length": 5,
        "response_body_length": 226,
        "response_header_fields": {
            "date": "Wed, 25 Oct 2023 12:33:30 GMT",
            "server": "Apache",
            "content-length": "226",
            "content-type": "text/html; charset=iso-8859-1",
            "strict-transport-security": "max-age-16000000; includeSubDomains; preload;"
        }
    },
    {
        "number": 2,
        "request": "GET https://ntp.org/  HTTP/1.1\r\nHost: ntp.org\r\nUser-Agent: Mozilla/5.0 (Windows NT 10.0; rv:102.0) Gecko/20100101 Firefox/102.0\r\nAccept: text/html,application/xhtml+xml,application/xml;q=0.9,image/avif,image/webp,*/*;q=0.8\r\nAccept-Encoding: gzip, deflate, br\r\nAccept-Language: en-US,en;q=0.5\r\nDNT: 1\r\nConnection: keep-alive\r\nUpgrade-Insecure-Requests: 1\r\nSec-Fetch-Dest: document\r\nSec-Fetch-Mode: navigate\r\nSec-Fetch-Site: cross-site\r\n\r\n",
        "deviation_count": 0,
        "uri": "https://ntp.org/",
        "request_length": 437,
        "Response_Time": 0.23064088821411133,
        "status_code": 400,
        "reason_phrase": "Bad Request",
        "error_message": [
            ""
        ],
        "response_header_count": 5,
        "response_header_length": 5,
        "response_body_length": 226,
        "response_header_fields": {
            "date": "Wed, 25 Oct 2023 12:33:40 GMT",
            "server": "Apache",
            "content-length": "226",
            "content-type": "text/html; charset=iso-8859-1",
            "strict-transport-security": "max-age-16000000; includeSubDomains; preload;"
        }
    },
    {
        "number": 3,
        "request": "GET https://ntp.org/  HTTP/1.1\r\nHost: ntp.org\r\nUser-Agent: Mozilla/5.0 (Windows NT 10.0; rv:102.0) Gecko/20100101 Firefox/102.0\r\nAccept: text/html,application/xhtml+xml,application/xml;q=0.9,image/avif,image/webp,*/*;q=0.8\r\nAccept-Encoding: gzip, deflate, br\r\nAccept-Language: en-US,en;q=0.5\r\nDNT: 1\r\nConnection: keep-alive\r\nUpgrade-Insecure-Requests: 1\r\nSec-Fetch-Dest: document\r\nSec-Fetch-Mode: navigate\r\nSec-Fetch-Site: cross-site\r\n\r\n",
        "deviation_count": 0,
        "uri": "https://ntp.org/",
        "request_length": 437,
        "Response_Time": 0.23360586166381836,
        "status_code": 400,
        "reason_phrase": "Bad Request",
        "error_message": [
            ""
        ],
        "response_header_count": 5,
        "response_header_length": 5,
        "response_body_length": 226,
        "response_header_fields": {
            "date": "Wed, 25 Oct 2023 12:33:50 GMT",
            "server": "Apache",
            "content-length": "226",
            "content-type": "text/html; charset=iso-8859-1",
            "strict-transport-security": "max-age-16000000; includeSubDomains; preload;"
        }
    },
    {
        "number": 4,
        "request": "GET https://ntp.org/  HTTP/1.1\r\nHost: ntp.org\r\nUser-Agent: Mozilla/5.0 (Windows NT 10.0; rv:102.0) Gecko/20100101 Firefox/102.0\r\nAccept: text/html,application/xhtml+xml,application/xml;q=0.9,image/avif,image/webp,*/*;q=0.8\r\nAccept-Encoding: gzip, deflate, br\r\nAccept-Language: en-US,en;q=0.5\r\nDNT: 1\r\nConnection: keep-alive\r\nUpgrade-Insecure-Requests: 1\r\nSec-Fetch-Dest: document\r\nSec-Fetch-Mode: navigate\r\nSec-Fetch-Site: cross-site\r\n\r\n",
        "deviation_count": 0,
        "uri": "https://ntp.org/",
        "request_length": 437,
        "Response_Time": 0.12975025177001953,
        "status_code": 400,
        "reason_phrase": "Bad Request",
        "error_message": [
            ""
        ],
        "response_header_count": 5,
        "response_header_length": 5,
        "response_body_length": 226,
        "response_header_fields": {
            "date": "Wed, 25 Oct 2023 12:33:59 GMT",
            "server": "Apache",
            "content-length": "226",
            "content-type": "text/html; charset=iso-8859-1",
            "strict-transport-security": "max-age-16000000; includeSubDomains; preload;"
        }
    },
    {
        "number": 5,
        "request": "GET https://ntp.org/  HTTP/1.1\r\nHost: ntp.org\r\nUser-Agent: Mozilla/5.0 (Windows NT 10.0; rv:102.0) Gecko/20100101 Firefox/102.0\r\nAccept: text/html,application/xhtml+xml,application/xml;q=0.9,image/avif,image/webp,*/*;q=0.8\r\nAccept-Encoding: gzip, deflate, br\r\nAccept-Language: en-US,en;q=0.5\r\nDNT: 1\r\nConnection: keep-alive\r\nUpgrade-Insecure-Requests: 1\r\nSec-Fetch-Dest: document\r\nSec-Fetch-Mode: navigate\r\nSec-Fetch-Site: cross-site\r\n\r\n",
        "deviation_count": 0,
        "uri": "https://ntp.org/",
        "request_length": 437,
        "Response_Time": 0.12750959396362305,
        "status_code": 400,
        "reason_phrase": "Bad Request",
        "error_message": [
            ""
        ],
        "response_header_count": 5,
        "response_header_length": 5,
        "response_body_length": 226,
        "response_header_fields": {
            "date": "Wed, 25 Oct 2023 12:34:09 GMT",
            "server": "Apache",
            "content-length": "226",
            "content-type": "text/html; charset=iso-8859-1",
            "strict-transport-security": "max-age-16000000; includeSubDomains; preload;"
        }
    },
    {
        "number": 6,
        "request": "GET https://ntp.org/  HTTP/1.1\r\nHost: ntp.org\r\nUser-Agent: Mozilla/5.0 (Windows NT 10.0; rv:102.0) Gecko/20100101 Firefox/102.0\r\nAccept: text/html,application/xhtml+xml,application/xml;q=0.9,image/avif,image/webp,*/*;q=0.8\r\nAccept-Encoding: gzip, deflate, br\r\nAccept-Language: en-US,en;q=0.5\r\nDNT: 1\r\nConnection: keep-alive\r\nUpgrade-Insecure-Requests: 1\r\nSec-Fetch-Dest: document\r\nSec-Fetch-Mode: navigate\r\nSec-Fetch-Site: cross-site\r\n\r\n",
        "deviation_count": 0,
        "uri": "https://ntp.org/",
        "request_length": 437,
        "Response_Time": 0.22223472595214844,
        "status_code": 400,
        "reason_phrase": "Bad Request",
        "error_message": [
            ""
        ],
        "response_header_count": 5,
        "response_header_length": 5,
        "response_body_length": 226,
        "response_header_fields": {
            "date": "Wed, 25 Oct 2023 12:34:19 GMT",
            "server": "Apache",
            "content-length": "226",
            "content-type": "text/html; charset=iso-8859-1",
            "strict-transport-security": "max-age-16000000; includeSubDomains; preload;"
        }
    },
    {
        "number": 7,
        "request": "GET https://ntp.org/  HTTP/1.1\r\nHost: ntp.org\r\nUser-Agent: Mozilla/5.0 (Windows NT 10.0; rv:102.0) Gecko/20100101 Firefox/102.0\r\nAccept: text/html,application/xhtml+xml,application/xml;q=0.9,image/avif,image/webp,*/*;q=0.8\r\nAccept-Encoding: gzip, deflate, br\r\nAccept-Language: en-US,en;q=0.5\r\nDNT: 1\r\nConnection: keep-alive\r\nUpgrade-Insecure-Requests: 1\r\nSec-Fetch-Dest: document\r\nSec-Fetch-Mode: navigate\r\nSec-Fetch-Site: cross-site\r\n\r\n",
        "deviation_count": 0,
        "uri": "https://ntp.org/",
        "request_length": 437,
        "Response_Time": 0.2271428108215332,
        "status_code": 400,
        "reason_phrase": "Bad Request",
        "error_message": [
            ""
        ],
        "response_header_count": 5,
        "response_header_length": 5,
        "response_body_length": 226,
        "response_header_fields": {
            "date": "Wed, 25 Oct 2023 12:34:28 GMT",
            "server": "Apache",
            "content-length": "226",
            "content-type": "text/html; charset=iso-8859-1",
            "strict-transport-security": "max-age-16000000; includeSubDomains; preload;"
        }
    },
    {
        "number": 8,
        "request": "GET https://ntp.org/  HTTP/1.1\r\nHost: ntp.org\r\nUser-Agent: Mozilla/5.0 (Windows NT 10.0; rv:102.0) Gecko/20100101 Firefox/102.0\r\nAccept: text/html,application/xhtml+xml,application/xml;q=0.9,image/avif,image/webp,*/*;q=0.8\r\nAccept-Encoding: gzip, deflate, br\r\nAccept-Language: en-US,en;q=0.5\r\nDNT: 1\r\nConnection: keep-alive\r\nUpgrade-Insecure-Requests: 1\r\nSec-Fetch-Dest: document\r\nSec-Fetch-Mode: navigate\r\nSec-Fetch-Site: cross-site\r\n\r\n",
        "deviation_count": 0,
        "uri": "https://ntp.org/",
        "request_length": 437,
        "Response_Time": 0.24494647979736328,
        "status_code": 400,
        "reason_phrase": "Bad Request",
        "error_message": [
            ""
        ],
        "response_header_count": 5,
        "response_header_length": 5,
        "response_body_length": 226,
        "response_header_fields": {
            "date": "Wed, 25 Oct 2023 12:34:38 GMT",
            "server": "Apache",
            "content-length": "226",
            "content-type": "text/html; charset=iso-8859-1",
            "strict-transport-security": "max-age-16000000; includeSubDomains; preload;"
        }
    },
    {
        "number": 9,
        "request": "GET https://ntp.org/  HTTP/1.1\r\nHost: ntp.org\r\nUser-Agent: Mozilla/5.0 (Windows NT 10.0; rv:102.0) Gecko/20100101 Firefox/102.0\r\nAccept: text/html,application/xhtml+xml,application/xml;q=0.9,image/avif,image/webp,*/*;q=0.8\r\nAccept-Encoding: gzip, deflate, br\r\nAccept-Language: en-US,en;q=0.5\r\nDNT: 1\r\nConnection: keep-alive\r\nUpgrade-Insecure-Requests: 1\r\nSec-Fetch-Dest: document\r\nSec-Fetch-Mode: navigate\r\nSec-Fetch-Site: cross-site\r\n\r\n",
        "deviation_count": 0,
        "uri": "https://ntp.org/",
        "request_length": 437,
        "Response_Time": 0.25064659118652344,
        "status_code": 400,
        "reason_phrase": "Bad Request",
        "error_message": [
            ""
        ],
        "response_header_count": 5,
        "response_header_length": 5,
        "response_body_length": 226,
        "response_header_fields": {
            "date": "Wed, 25 Oct 2023 12:34:48 GMT",
            "server": "Apache",
            "content-length": "226",
            "content-type": "text/html; charset=iso-8859-1",
            "strict-transport-security": "max-age-16000000; includeSubDomains; preload;"
        }
    }
]