[
    {
        "number": 0,
        "request": "GET https://dotnet.microsoft.com/en-us/ HTTP/1.1\r\nHost: dotnet.microsoft.com\r\nUser-Agent: Mozilla/5.0 (Windows NT 10.0; rv:102.0) Gecko/20100101 Firefox/102.0\r\nAccept: text/html,application/xhtml+xml,application/xml;q=0.9,image/avif,image/webp,*/*;q=0.8\r\nAccept-Encoding: gzip, deflate, br\r\nAccept-Language: en-US,en;q=0.5\r\nDNT: 1\r\nConnection: keep-alive\r\nUpgrade-Insecure-Requests: 1\r\nSec-Fetch-Dest: document\r\nSec-Fetch-Mode: navigate\r\nSec-Fetch-Site: cross-site\r\n\r\n",
        "deviation_count": 0,
        "uri": "https://dotnet.microsoft.com/en-us/",
        "request_length": 468,
        "Response_Time": 0.6864283084869385,
        "status_code": 200,
        "reason_phrase": "OK",
        "error_message": [
            ""
        ],
        "response_header_count": 13,
        "response_header_length": 13,
        "response_body_length": 4586,
        "response_header_fields": {
            "date": "Wed, 25 Oct 2023 12:33:20 GMT",
            "content-type": "text/html; charset=utf-8",
            "transfer-encoding": "chunked",
            "connection": "keep-alive",
            "cache-control": "no-store",
            "content-encoding": "gzip",
            "set-cookie": "exp_sessionid=0170d0eb-8d16-46d1-93eb-252539731a3b; expires=Wed, 01 Nov 2023 12:33:20 GMT; path=/; secure",
            "vary": "Accept-Encoding",
            "request-context": "appId=cid-v1:109cec76-ff6c-4be0-97b5-4f02dbac2451",
            "x-powered-by": "ASP.NET",
            "x-content-type-options": "nosniff",
            "x-azure-ref": "20231025T123319Z-8dnrf0g8810bpay9nqxg0m4c7s00000002vg00000000tvs5",
            "x-cache": "CONFIG_NOCACHE"
        }
    },
    {
        "number": 1,
        "request": "GET https://dotnet.microsoft.com/en-us/ HTTP/1.1\r\nHost: dotnet.microsoft.com\r\nUser-Agent: Mozilla/5.0 (Windows NT 10.0; rv:102.0) Gecko/20100101 Firefox/102.0\r\nAccept: text/html,application/xhtml+xml,application/xml;q=0.9,image/avif,image/webp,*/*;q=0.8\r\nAccept-Encoding: gzip, deflate, br\r\nAccept-Language: en-US,en;q=0.5\r\nDNT: 1\r\nConnection: keep-alive\r\nUpgrade-Insecure-Requests: 1\r\nSec-Fetch-Dest: document\r\nSec-Fetch-Mode: navigate\r\nSec-Fetch-Site: cross-site\r\n\r\n",
        "deviation_count": 0,
        "uri": "https://dotnet.microsoft.com/en-us/",
        "request_length": 468,
        "Response_Time": 0.7918264865875244,
        "status_code": 200,
        "reason_phrase": "OK",
        "error_message": [
            ""
        ],
        "response_header_count": 13,
        "response_header_length": 13,
        "response_body_length": 7390,
        "response_header_fields": {
            "date": "Wed, 25 Oct 2023 12:33:32 GMT",
            "content-type": "text/html; charset=utf-8",
            "transfer-encoding": "chunked",
            "connection": "keep-alive",
            "cache-control": "no-store",
            "content-encoding": "gzip",
            "set-cookie": "exp_sessionid=1ae03a9e-87fb-4f32-8de9-b47b9886923d; expires=Wed, 01 Nov 2023 12:33:32 GMT; path=/; secure",
            "vary": "Accept-Encoding",
            "request-context": "appId=cid-v1:109cec76-ff6c-4be0-97b5-4f02dbac2451",
            "x-powered-by": "ASP.NET",
            "x-content-type-options": "nosniff",
            "x-azure-ref": "20231025T123331Z-yds6hnwu054yx0dzcrt6fq8f8800000006m000000001941s",
            "x-cache": "CONFIG_NOCACHE"
        }
    },
    {
        "number": 2,
        "request": "GET https://dotnet.microsoft.com/en-us/ HTTP/1.1\r\nHost: dotnet.microsoft.com\r\nUser-Agent: Mozilla/5.0 (Windows NT 10.0; rv:102.0) Gecko/20100101 Firefox/102.0\r\nAccept: text/html,application/xhtml+xml,application/xml;q=0.9,image/avif,image/webp,*/*;q=0.8\r\nAccept-Encoding: gzip, deflate, br\r\nAccept-Language: en-US,en;q=0.5\r\nDNT: 1\r\nConnection: keep-alive\r\nUpgrade-Insecure-Requests: 1\r\nSec-Fetch-Dest: document\r\nSec-Fetch-Mode: navigate\r\nSec-Fetch-Site: cross-site\r\n\r\n",
        "deviation_count": 0,
        "uri": "https://dotnet.microsoft.com/en-us/",
        "request_length": 468,
        "Response_Time": 0.6864938735961914,
        "status_code": 200,
        "reason_phrase": "OK",
        "error_message": [
            ""
        ],
        "response_header_count": 13,
        "response_header_length": 13,
        "response_body_length": 14695,
        "response_header_fields": {
            "date": "Wed, 25 Oct 2023 12:33:44 GMT",
            "content-type": "text/html; charset=utf-8",
            "transfer-encoding": "chunked",
            "connection": "keep-alive",
            "cache-control": "no-store",
            "content-encoding": "gzip",
            "set-cookie": "exp_sessionid=5bd4fe56-fb01-494a-b927-7ae844eca965; expires=Wed, 01 Nov 2023 12:33:44 GMT; path=/; secure",
            "vary": "Accept-Encoding",
            "request-context": "appId=cid-v1:109cec76-ff6c-4be0-97b5-4f02dbac2451",
            "x-powered-by": "ASP.NET",
            "x-content-type-options": "nosniff",
            "x-azure-ref": "20231025T123344Z-t3cg0xrmp13vma994twu0308xc0000000b20000000009675",
            "x-cache": "CONFIG_NOCACHE"
        }
    },
    {
        "number": 3,
        "request": "GET https://dotnet.microsoft.com/en-us/ HTTP/1.1\r\nHost: dotnet.microsoft.com\r\nUser-Agent: Mozilla/5.0 (Windows NT 10.0; rv:102.0) Gecko/20100101 Firefox/102.0\r\nAccept: text/html,application/xhtml+xml,application/xml;q=0.9,image/avif,image/webp,*/*;q=0.8\r\nAccept-Encoding: gzip, deflate, br\r\nAccept-Language: en-US,en;q=0.5\r\nDNT: 1\r\nConnection: keep-alive\r\nUpgrade-Insecure-Requests: 1\r\nSec-Fetch-Dest: document\r\nSec-Fetch-Mode: navigate\r\nSec-Fetch-Site: cross-site\r\n\r\n",
        "deviation_count": 0,
        "uri": "https://dotnet.microsoft.com/en-us/",
        "request_length": 468,
        "Response_Time": 0.7278542518615723,
        "status_code": 200,
        "reason_phrase": "OK",
        "error_message": [
            ""
        ],
        "response_header_count": 13,
        "response_header_length": 13,
        "response_body_length": 4586,
        "response_header_fields": {
            "date": "Wed, 25 Oct 2023 12:33:57 GMT",
            "content-type": "text/html; charset=utf-8",
            "transfer-encoding": "chunked",
            "connection": "keep-alive",
            "cache-control": "no-store",
            "content-encoding": "gzip",
            "set-cookie": "exp_sessionid=ba97304a-a9c8-431e-b708-64aa3a797273; expires=Wed, 01 Nov 2023 12:33:57 GMT; path=/; secure",
            "vary": "Accept-Encoding",
            "request-context": "appId=cid-v1:109cec76-ff6c-4be0-97b5-4f02dbac2451",
            "x-powered-by": "ASP.NET",
            "x-content-type-options": "nosniff",
            "x-azure-ref": "20231025T123356Z-exz6v3ut115h99sgzwgv4e0hag00000003ug00000002t1tu",
            "x-cache": "CONFIG_NOCACHE"
        }
    },
    {
        "number": 4,
        "request": "GET https://dotnet.microsoft.com/en-us/ HTTP/1.1\r\nHost: dotnet.microsoft.com\r\nUser-Agent: Mozilla/5.0 (Windows NT 10.0; rv:102.0) Gecko/20100101 Firefox/102.0\r\nAccept: text/html,application/xhtml+xml,application/xml;q=0.9,image/avif,image/webp,*/*;q=0.8\r\nAccept-Encoding: gzip, deflate, br\r\nAccept-Language: en-US,en;q=0.5\r\nDNT: 1\r\nConnection: keep-alive\r\nUpgrade-Insecure-Requests: 1\r\nSec-Fetch-Dest: document\r\nSec-Fetch-Mode: navigate\r\nSec-Fetch-Site: cross-site\r\n\r\n",
        "deviation_count": 0,
        "uri": "https://dotnet.microsoft.com/en-us/",
        "request_length": 468,
        "Response_Time": 0.6754410266876221,
        "status_code": 200,
        "reason_phrase": "OK",
        "error_message": [
            ""
        ],
        "response_header_count": 13,
        "response_header_length": 13,
        "response_body_length": 4586,
        "response_header_fields": {
            "date": "Wed, 25 Oct 2023 12:34:09 GMT",
            "content-type": "text/html; charset=utf-8",
            "transfer-encoding": "chunked",
            "connection": "keep-alive",
            "cache-control": "no-store",
            "content-encoding": "gzip",
            "set-cookie": "exp_sessionid=faa326b2-2dae-48ef-860b-94ca2738b0ca; expires=Wed, 01 Nov 2023 12:34:09 GMT; path=/; secure",
            "vary": "Accept-Encoding",
            "request-context": "appId=cid-v1:109cec76-ff6c-4be0-97b5-4f02dbac2451",
            "x-powered-by": "ASP.NET",
            "x-content-type-options": "nosniff",
            "x-azure-ref": "20231025T123409Z-rmrqg77n7x0079xmtnpkph83780000000b2000000002phza",
            "x-cache": "CONFIG_NOCACHE"
        }
    },
    {
        "number": 5,
        "request": "GET https://dotnet.microsoft.com/en-us/ HTTP/1.1\r\nHost: dotnet.microsoft.com\r\nUser-Agent: Mozilla/5.0 (Windows NT 10.0; rv:102.0) Gecko/20100101 Firefox/102.0\r\nAccept: text/html,application/xhtml+xml,application/xml;q=0.9,image/avif,image/webp,*/*;q=0.8\r\nAccept-Encoding: gzip, deflate, br\r\nAccept-Language: en-US,en;q=0.5\r\nDNT: 1\r\nConnection: keep-alive\r\nUpgrade-Insecure-Requests: 1\r\nSec-Fetch-Dest: document\r\nSec-Fetch-Mode: navigate\r\nSec-Fetch-Site: cross-site\r\n\r\n",
        "deviation_count": 0,
        "uri": "https://dotnet.microsoft.com/en-us/",
        "request_length": 468,
        "Response_Time": 0.6923849582672119,
        "status_code": 200,
        "reason_phrase": "OK",
        "error_message": [
            ""
        ],
        "response_header_count": 13,
        "response_header_length": 13,
        "response_body_length": 7390,
        "response_header_fields": {
            "date": "Wed, 25 Oct 2023 12:34:22 GMT",
            "content-type": "text/html; charset=utf-8",
            "transfer-encoding": "chunked",
            "connection": "keep-alive",
            "cache-control": "no-store",
            "content-encoding": "gzip",
            "set-cookie": "exp_sessionid=b881dbad-30f5-4c3f-bd73-35144bdf6915; expires=Wed, 01 Nov 2023 12:34:22 GMT; path=/; secure",
            "vary": "Accept-Encoding",
            "request-context": "appId=cid-v1:109cec76-ff6c-4be0-97b5-4f02dbac2451",
            "x-powered-by": "ASP.NET",
            "x-content-type-options": "nosniff",
            "x-azure-ref": "20231025T123421Z-0t6tpffy1p7wv991fcy03nh1a40000000bbg00000000gstp",
            "x-cache": "CONFIG_NOCACHE"
        }
    },
    {
        "number": 6,
        "request": "GET https://dotnet.microsoft.com/en-us/ HTTP/1.1\r\nHost: dotnet.microsoft.com\r\nUser-Agent: Mozilla/5.0 (Windows NT 10.0; rv:102.0) Gecko/20100101 Firefox/102.0\r\nAccept: text/html,application/xhtml+xml,application/xml;q=0.9,image/avif,image/webp,*/*;q=0.8\r\nAccept-Encoding: gzip, deflate, br\r\nAccept-Language: en-US,en;q=0.5\r\nDNT: 1\r\nConnection: keep-alive\r\nUpgrade-Insecure-Requests: 1\r\nSec-Fetch-Dest: document\r\nSec-Fetch-Mode: navigate\r\nSec-Fetch-Site: cross-site\r\n\r\n",
        "deviation_count": 0,
        "uri": "https://dotnet.microsoft.com/en-us/",
        "request_length": 468,
        "Response_Time": 0.7218670845031738,
        "status_code": 200,
        "reason_phrase": "OK",
        "error_message": [
            ""
        ],
        "response_header_count": 13,
        "response_header_length": 13,
        "response_body_length": 14697,
        "response_header_fields": {
            "date": "Wed, 25 Oct 2023 12:34:34 GMT",
            "content-type": "text/html; charset=utf-8",
            "transfer-encoding": "chunked",
            "connection": "keep-alive",
            "cache-control": "no-store",
            "content-encoding": "gzip",
            "set-cookie": "exp_sessionid=a78456df-03f5-4c9a-bb2d-759e69559ccf; expires=Wed, 01 Nov 2023 12:34:33 GMT; path=/; secure",
            "vary": "Accept-Encoding",
            "request-context": "appId=cid-v1:109cec76-ff6c-4be0-97b5-4f02dbac2451",
            "x-powered-by": "ASP.NET",
            "x-content-type-options": "nosniff",
            "x-azure-ref": "20231025T123433Z-x34zyrryk54u51g54g1tgza3m800000005pg00000000217m",
            "x-cache": "CONFIG_NOCACHE"
        }
    },
    {
        "number": 7,
        "request": "GET https://dotnet.microsoft.com/en-us/ HTTP/1.1\r\nHost: dotnet.microsoft.com\r\nUser-Agent: Mozilla/5.0 (Windows NT 10.0; rv:102.0) Gecko/20100101 Firefox/102.0\r\nAccept: text/html,application/xhtml+xml,application/xml;q=0.9,image/avif,image/webp,*/*;q=0.8\r\nAccept-Encoding: gzip, deflate, br\r\nAccept-Language: en-US,en;q=0.5\r\nDNT: 1\r\nConnection: keep-alive\r\nUpgrade-Insecure-Requests: 1\r\nSec-Fetch-Dest: document\r\nSec-Fetch-Mode: navigate\r\nSec-Fetch-Site: cross-site\r\n\r\n",
        "deviation_count": 0,
        "uri": "https://dotnet.microsoft.com/en-us/",
        "request_length": 468,
        "Response_Time": 0.23188543319702148,
        "status_code": 200,
        "reason_phrase": "OK",
        "error_message": [
            ""
        ],
        "response_header_count": 13,
        "response_header_length": 13,
        "response_body_length": 14695,
        "response_header_fields": {
            "date": "Wed, 25 Oct 2023 12:34:44 GMT",
            "content-type": "text/html; charset=utf-8",
            "transfer-encoding": "chunked",
            "connection": "keep-alive",
            "cache-control": "no-store",
            "content-encoding": "gzip",
            "set-cookie": "exp_sessionid=63f7b70a-209f-4dbe-beca-884ef2cbaa1b; expires=Wed, 01 Nov 2023 12:34:44 GMT; path=/; secure",
            "vary": "Accept-Encoding",
            "request-context": "appId=cid-v1:109cec76-ff6c-4be0-97b5-4f02dbac2451",
            "x-powered-by": "ASP.NET",
            "x-content-type-options": "nosniff",
            "x-azure-ref": "20231025T123444Z-yds6hnwu054yx0dzcrt6fq8f8800000006hg00000001tq56",
            "x-cache": "CONFIG_NOCACHE"
        }
    },
    {
        "number": 8,
        "request": "GET https://dotnet.microsoft.com/en-us/ HTTP/1.1\r\nHost: dotnet.microsoft.com\r\nUser-Agent: Mozilla/5.0 (Windows NT 10.0; rv:102.0) Gecko/20100101 Firefox/102.0\r\nAccept: text/html,application/xhtml+xml,application/xml;q=0.9,image/avif,image/webp,*/*;q=0.8\r\nAccept-Encoding: gzip, deflate, br\r\nAccept-Language: en-US,en;q=0.5\r\nDNT: 1\r\nConnection: keep-alive\r\nUpgrade-Insecure-Requests: 1\r\nSec-Fetch-Dest: document\r\nSec-Fetch-Mode: navigate\r\nSec-Fetch-Site: cross-site\r\n\r\n",
        "deviation_count": 0,
        "uri": "https://dotnet.microsoft.com/en-us/",
        "request_length": 468,
        "Response_Time": 0.6988265514373779,
        "status_code": 200,
        "reason_phrase": "OK",
        "error_message": [
            ""
        ],
        "response_header_count": 13,
        "response_header_length": 13,
        "response_body_length": 4586,
        "response_header_fields": {
            "date": "Wed, 25 Oct 2023 12:34:56 GMT",
            "content-type": "text/html; charset=utf-8",
            "transfer-encoding": "chunked",
            "connection": "keep-alive",
            "cache-control": "no-store",
            "content-encoding": "gzip",
            "set-cookie": "exp_sessionid=042a12f1-e1f0-4c8d-bf1c-d9b38bef22cf; expires=Wed, 01 Nov 2023 12:34:56 GMT; path=/; secure",
            "vary": "Accept-Encoding",
            "request-context": "appId=cid-v1:109cec76-ff6c-4be0-97b5-4f02dbac2451",
            "x-powered-by": "ASP.NET",
            "x-content-type-options": "nosniff",
            "x-azure-ref": "20231025T123455Z-fz2xkee7f547bfukhvu0y7enys00000005d000000000c0y5",
            "x-cache": "CONFIG_NOCACHE"
        }
    },
    {
        "number": 9,
        "request": "GET https://dotnet.microsoft.com/en-us/ HTTP/1.1\r\nHost: dotnet.microsoft.com\r\nUser-Agent: Mozilla/5.0 (Windows NT 10.0; rv:102.0) Gecko/20100101 Firefox/102.0\r\nAccept: text/html,application/xhtml+xml,application/xml;q=0.9,image/avif,image/webp,*/*;q=0.8\r\nAccept-Encoding: gzip, deflate, br\r\nAccept-Language: en-US,en;q=0.5\r\nDNT: 1\r\nConnection: keep-alive\r\nUpgrade-Insecure-Requests: 1\r\nSec-Fetch-Dest: document\r\nSec-Fetch-Mode: navigate\r\nSec-Fetch-Site: cross-site\r\n\r\n",
        "deviation_count": 0,
        "uri": "https://dotnet.microsoft.com/en-us/",
        "request_length": 468,
        "Response_Time": 0.6805300712585449,
        "status_code": 200,
        "reason_phrase": "OK",
        "error_message": [
            ""
        ],
        "response_header_count": 13,
        "response_header_length": 13,
        "response_body_length": 7390,
        "response_header_fields": {
            "date": "Wed, 25 Oct 2023 12:35:07 GMT",
            "content-type": "text/html; charset=utf-8",
            "transfer-encoding": "chunked",
            "connection": "keep-alive",
            "cache-control": "no-store",
            "content-encoding": "gzip",
            "set-cookie": "exp_sessionid=bfad9079-126a-48d0-812d-6089dda33395; expires=Wed, 01 Nov 2023 12:35:07 GMT; path=/; secure",
            "vary": "Accept-Encoding",
            "request-context": "appId=cid-v1:109cec76-ff6c-4be0-97b5-4f02dbac2451",
            "x-powered-by": "ASP.NET",
            "x-content-type-options": "nosniff",
            "x-azure-ref": "20231025T123507Z-dn4nev569d0b96xa0sae13m7qw0000000cmg00000001dssp",
            "x-cache": "CONFIG_NOCACHE"
        }
    }
]