,Attempt No.,uri,Deviation Count,Status Code,Response_Time,response_header_count,response_header_length,response_body_length,response_header_fields
0,0,https://www.baidu.com/,0,400,0.34845972061157227,0,0,0,{}
1,1,https://www.baidu.com/,0,400,0.35945725440979004,0,0,0,{}
2,2,https://www.baidu.com/,0,400,0.37787723541259766,0,0,0,{}
3,3,https://www.baidu.com/,0,400,0.33163928985595703,0,0,0,{}
4,4,https://www.baidu.com/,0,400,0.33815836906433105,0,0,0,{}
5,5,https://www.baidu.com/,0,400,0.32115912437438965,0,0,0,{}
6,6,https://www.baidu.com/,0,400,0.3277888298034668,0,0,0,{}
7,7,https://www.baidu.com/,0,400,0.3291943073272705,0,0,0,{}
8,8,https://www.baidu.com/,0,400,0.33360838890075684,0,0,0,{}
9,9,https://www.baidu.com/,0,400,0.33017921447753906,0,0,0,{}
