[
    {
        "number": 0,
        "request": "GET https://www.baidu.com/  HTTP/1.1\r\nHost: www.baidu.com\r\nUser-Agent: Mozilla/5.0 (Windows NT 10.0; rv:102.0) Gecko/20100101 Firefox/102.0\r\nAccept: text/html,application/xhtml+xml,application/xml;q=0.9,image/avif,image/webp,*/*;q=0.8\r\nAccept-Encoding: gzip, deflate, br\r\nAccept-Language: en-US,en;q=0.5\r\nDNT: 1\r\nConnection: keep-alive\r\nUpgrade-Insecure-Requests: 1\r\nSec-Fetch-Dest: document\r\nSec-Fetch-Mode: navigate\r\nSec-Fetch-Site: cross-site\r\n\r\n",
        "deviation_count": 0,
        "uri": "https://www.baidu.com/",
        "request_length": 449,
        "Response_Time": 0.34845972061157227,
        "status_code": 400,
        "reason_phrase": "Bad Request",
        "error_message": [
            ""
        ],
        "response_header_count": 0,
        "response_header_length": 0,
        "response_body_length": 0,
        "response_header_fields": {}
    },
    {
        "number": 1,
        "request": "GET https://www.baidu.com/  HTTP/1.1\r\nHost: www.baidu.com\r\nUser-Agent: Mozilla/5.0 (Windows NT 10.0; rv:102.0) Gecko/20100101 Firefox/102.0\r\nAccept: text/html,application/xhtml+xml,application/xml;q=0.9,image/avif,image/webp,*/*;q=0.8\r\nAccept-Encoding: gzip, deflate, br\r\nAccept-Language: en-US,en;q=0.5\r\nDNT: 1\r\nConnection: keep-alive\r\nUpgrade-Insecure-Requests: 1\r\nSec-Fetch-Dest: document\r\nSec-Fetch-Mode: navigate\r\nSec-Fetch-Site: cross-site\r\n\r\n",
        "deviation_count": 0,
        "uri": "https://www.baidu.com/",
        "request_length": 449,
        "Response_Time": 0.35945725440979004,
        "status_code": 400,
        "reason_phrase": "Bad Request",
        "error_message": [
            ""
        ],
        "response_header_count": 0,
        "response_header_length": 0,
        "response_body_length": 0,
        "response_header_fields": {}
    },
    {
        "number": 2,
        "request": "GET https://www.baidu.com/  HTTP/1.1\r\nHost: www.baidu.com\r\nUser-Agent: Mozilla/5.0 (Windows NT 10.0; rv:102.0) Gecko/20100101 Firefox/102.0\r\nAccept: text/html,application/xhtml+xml,application/xml;q=0.9,image/avif,image/webp,*/*;q=0.8\r\nAccept-Encoding: gzip, deflate, br\r\nAccept-Language: en-US,en;q=0.5\r\nDNT: 1\r\nConnection: keep-alive\r\nUpgrade-Insecure-Requests: 1\r\nSec-Fetch-Dest: document\r\nSec-Fetch-Mode: navigate\r\nSec-Fetch-Site: cross-site\r\n\r\n",
        "deviation_count": 0,
        "uri": "https://www.baidu.com/",
        "request_length": 449,
        "Response_Time": 0.37787723541259766,
        "status_code": 400,
        "reason_phrase": "Bad Request",
        "error_message": [
            ""
        ],
        "response_header_count": 0,
        "response_header_length": 0,
        "response_body_length": 0,
        "response_header_fields": {}
    },
    {
        "number": 3,
        "request": "GET https://www.baidu.com/  HTTP/1.1\r\nHost: www.baidu.com\r\nUser-Agent: Mozilla/5.0 (Windows NT 10.0; rv:102.0) Gecko/20100101 Firefox/102.0\r\nAccept: text/html,application/xhtml+xml,application/xml;q=0.9,image/avif,image/webp,*/*;q=0.8\r\nAccept-Encoding: gzip, deflate, br\r\nAccept-Language: en-US,en;q=0.5\r\nDNT: 1\r\nConnection: keep-alive\r\nUpgrade-Insecure-Requests: 1\r\nSec-Fetch-Dest: document\r\nSec-Fetch-Mode: navigate\r\nSec-Fetch-Site: cross-site\r\n\r\n",
        "deviation_count": 0,
        "uri": "https://www.baidu.com/",
        "request_length": 449,
        "Response_Time": 0.33163928985595703,
        "status_code": 400,
        "reason_phrase": "Bad Request",
        "error_message": [
            ""
        ],
        "response_header_count": 0,
        "response_header_length": 0,
        "response_body_length": 0,
        "response_header_fields": {}
    },
    {
        "number": 4,
        "request": "GET https://www.baidu.com/  HTTP/1.1\r\nHost: www.baidu.com\r\nUser-Agent: Mozilla/5.0 (Windows NT 10.0; rv:102.0) Gecko/20100101 Firefox/102.0\r\nAccept: text/html,application/xhtml+xml,application/xml;q=0.9,image/avif,image/webp,*/*;q=0.8\r\nAccept-Encoding: gzip, deflate, br\r\nAccept-Language: en-US,en;q=0.5\r\nDNT: 1\r\nConnection: keep-alive\r\nUpgrade-Insecure-Requests: 1\r\nSec-Fetch-Dest: document\r\nSec-Fetch-Mode: navigate\r\nSec-Fetch-Site: cross-site\r\n\r\n",
        "deviation_count": 0,
        "uri": "https://www.baidu.com/",
        "request_length": 449,
        "Response_Time": 0.33815836906433105,
        "status_code": 400,
        "reason_phrase": "Bad Request",
        "error_message": [
            ""
        ],
        "response_header_count": 0,
        "response_header_length": 0,
        "response_body_length": 0,
        "response_header_fields": {}
    },
    {
        "number": 5,
        "request": "GET https://www.baidu.com/  HTTP/1.1\r\nHost: www.baidu.com\r\nUser-Agent: Mozilla/5.0 (Windows NT 10.0; rv:102.0) Gecko/20100101 Firefox/102.0\r\nAccept: text/html,application/xhtml+xml,application/xml;q=0.9,image/avif,image/webp,*/*;q=0.8\r\nAccept-Encoding: gzip, deflate, br\r\nAccept-Language: en-US,en;q=0.5\r\nDNT: 1\r\nConnection: keep-alive\r\nUpgrade-Insecure-Requests: 1\r\nSec-Fetch-Dest: document\r\nSec-Fetch-Mode: navigate\r\nSec-Fetch-Site: cross-site\r\n\r\n",
        "deviation_count": 0,
        "uri": "https://www.baidu.com/",
        "request_length": 449,
        "Response_Time": 0.32115912437438965,
        "status_code": 400,
        "reason_phrase": "Bad Request",
        "error_message": [
            ""
        ],
        "response_header_count": 0,
        "response_header_length": 0,
        "response_body_length": 0,
        "response_header_fields": {}
    },
    {
        "number": 6,
        "request": "GET https://www.baidu.com/  HTTP/1.1\r\nHost: www.baidu.com\r\nUser-Agent: Mozilla/5.0 (Windows NT 10.0; rv:102.0) Gecko/20100101 Firefox/102.0\r\nAccept: text/html,application/xhtml+xml,application/xml;q=0.9,image/avif,image/webp,*/*;q=0.8\r\nAccept-Encoding: gzip, deflate, br\r\nAccept-Language: en-US,en;q=0.5\r\nDNT: 1\r\nConnection: keep-alive\r\nUpgrade-Insecure-Requests: 1\r\nSec-Fetch-Dest: document\r\nSec-Fetch-Mode: navigate\r\nSec-Fetch-Site: cross-site\r\n\r\n",
        "deviation_count": 0,
        "uri": "https://www.baidu.com/",
        "request_length": 449,
        "Response_Time": 0.3277888298034668,
        "status_code": 400,
        "reason_phrase": "Bad Request",
        "error_message": [
            ""
        ],
        "response_header_count": 0,
        "response_header_length": 0,
        "response_body_length": 0,
        "response_header_fields": {}
    },
    {
        "number": 7,
        "request": "GET https://www.baidu.com/  HTTP/1.1\r\nHost: www.baidu.com\r\nUser-Agent: Mozilla/5.0 (Windows NT 10.0; rv:102.0) Gecko/20100101 Firefox/102.0\r\nAccept: text/html,application/xhtml+xml,application/xml;q=0.9,image/avif,image/webp,*/*;q=0.8\r\nAccept-Encoding: gzip, deflate, br\r\nAccept-Language: en-US,en;q=0.5\r\nDNT: 1\r\nConnection: keep-alive\r\nUpgrade-Insecure-Requests: 1\r\nSec-Fetch-Dest: document\r\nSec-Fetch-Mode: navigate\r\nSec-Fetch-Site: cross-site\r\n\r\n",
        "deviation_count": 0,
        "uri": "https://www.baidu.com/",
        "request_length": 449,
        "Response_Time": 0.3291943073272705,
        "status_code": 400,
        "reason_phrase": "Bad Request",
        "error_message": [
            ""
        ],
        "response_header_count": 0,
        "response_header_length": 0,
        "response_body_length": 0,
        "response_header_fields": {}
    },
    {
        "number": 8,
        "request": "GET https://www.baidu.com/  HTTP/1.1\r\nHost: www.baidu.com\r\nUser-Agent: Mozilla/5.0 (Windows NT 10.0; rv:102.0) Gecko/20100101 Firefox/102.0\r\nAccept: text/html,application/xhtml+xml,application/xml;q=0.9,image/avif,image/webp,*/*;q=0.8\r\nAccept-Encoding: gzip, deflate, br\r\nAccept-Language: en-US,en;q=0.5\r\nDNT: 1\r\nConnection: keep-alive\r\nUpgrade-Insecure-Requests: 1\r\nSec-Fetch-Dest: document\r\nSec-Fetch-Mode: navigate\r\nSec-Fetch-Site: cross-site\r\n\r\n",
        "deviation_count": 0,
        "uri": "https://www.baidu.com/",
        "request_length": 449,
        "Response_Time": 0.33360838890075684,
        "status_code": 400,
        "reason_phrase": "Bad Request",
        "error_message": [
            ""
        ],
        "response_header_count": 0,
        "response_header_length": 0,
        "response_body_length": 0,
        "response_header_fields": {}
    },
    {
        "number": 9,
        "request": "GET https://www.baidu.com/  HTTP/1.1\r\nHost: www.baidu.com\r\nUser-Agent: Mozilla/5.0 (Windows NT 10.0; rv:102.0) Gecko/20100101 Firefox/102.0\r\nAccept: text/html,application/xhtml+xml,application/xml;q=0.9,image/avif,image/webp,*/*;q=0.8\r\nAccept-Encoding: gzip, deflate, br\r\nAccept-Language: en-US,en;q=0.5\r\nDNT: 1\r\nConnection: keep-alive\r\nUpgrade-Insecure-Requests: 1\r\nSec-Fetch-Dest: document\r\nSec-Fetch-Mode: navigate\r\nSec-Fetch-Site: cross-site\r\n\r\n",
        "deviation_count": 0,
        "uri": "https://www.baidu.com/",
        "request_length": 449,
        "Response_Time": 0.33017921447753906,
        "status_code": 400,
        "reason_phrase": "Bad Request",
        "error_message": [
            ""
        ],
        "response_header_count": 0,
        "response_header_length": 0,
        "response_body_length": 0,
        "response_header_fields": {}
    }
]