[
    {
        "number": 0,
        "request": "GET https://zoom.us/  HTTP/1.1\r\nHost: zoom.us\r\nUser-Agent: Mozilla/5.0 (Windows NT 10.0; rv:102.0) Gecko/20100101 Firefox/102.0\r\nAccept: text/html,application/xhtml+xml,application/xml;q=0.9,image/avif,image/webp,*/*;q=0.8\r\nAccept-Encoding: gzip, deflate, br\r\nAccept-Language: en-US,en;q=0.5\r\nDNT: 1\r\nConnection: keep-alive\r\nUpgrade-Insecure-Requests: 1\r\nSec-Fetch-Dest: document\r\nSec-Fetch-Mode: navigate\r\nSec-Fetch-Site: cross-site\r\n\r\n",
        "deviation_count": 0,
        "uri": "https://zoom.us/",
        "request_length": 437,
        "Response_Time": 0.14420056343078613,
        "status_code": 200,
        "reason_phrase": "OK",
        "error_message": [
            ""
        ],
        "response_header_count": 17,
        "response_header_length": 17,
        "response_body_length": 0,
        "response_header_fields": {
            "date": "Wed, 25 Oct 2023 12:33:17 GMT",
            "content-type": "text/html;charset=utf-8",
            "transfer-encoding": "chunked",
            "connection": "keep-alive",
            "x-zm-trackingid": "v=2.0;clid=aw1;rid=WEB_e9382cf02752625544761a7e003b5f9a",
            "x-content-type-options": "nosniff",
            "content-security-policy": "upgrade-insecure-requests; default-src https://*.zoom.us https://zoom.us blob: 'self'; img-src https: about: blob: data: 'self'; style-src https: safari-extension: chrome-extension: 'unsafe-inline' data: 'self'; font-src https: safari-extension: chrome-extension: blob: data: 'self'; connect-src * about: blob: data: 'self'; media-src * rtmp: blob: data: 'self'; frame-src https: ms-appx-web: zoommtg: zoomus: wvjbscheme: zoomprc: data: blob: 'self'; object-src 'none'; base-uri 'none';script-src 'self' 'strict-dynamic' 'nonce-YxUkpFTHRu-h3suxSvjk6g' 'unsafe-inline' blob: https:;",
            "x-frame-options": "SAMEORIGIN",
            "set-cookie": "zm_haid=; Max-Age=0; Expires=Thu, 01 Jan 1970 00:00:10 GMT; Domain=zoom.us; Path=",
            "x-zm-zoneid": "VA",
            "content-language": "en-US",
            "strict-transport-security": "max-age=31536000; includeSubDomains",
            "x-xss-protection": "1; mode=block",
            "referrer-policy": "strict-origin-when-cross-origin",
            "content-encoding": "gzip",
            "cache-control": "private, max-age=0",
            "cf-cache-status": "DYNAMIC"
        }
    },
    {
        "number": 1,
        "request": "GET https://zoom.us/  HTTP/1.1\r\nHost: zoom.us\r\nUser-Agent: Mozilla/5.0 (Windows NT 10.0; rv:102.0) Gecko/20100101 Firefox/102.0\r\nAccept: text/html,application/xhtml+xml,application/xml;q=0.9,image/avif,image/webp,*/*;q=0.8\r\nAccept-Encoding: gzip, deflate, br\r\nAccept-Language: en-US,en;q=0.5\r\nDNT: 1\r\nConnection: keep-alive\r\nUpgrade-Insecure-Requests: 1\r\nSec-Fetch-Dest: document\r\nSec-Fetch-Mode: navigate\r\nSec-Fetch-Site: cross-site\r\n\r\n",
        "deviation_count": 0,
        "uri": "https://zoom.us/",
        "request_length": 437,
        "Response_Time": 0.15158390998840332,
        "status_code": 200,
        "reason_phrase": "OK",
        "error_message": [
            ""
        ],
        "response_header_count": 17,
        "response_header_length": 17,
        "response_body_length": 0,
        "response_header_fields": {
            "date": "Wed, 25 Oct 2023 12:33:28 GMT",
            "content-type": "text/html;charset=utf-8",
            "transfer-encoding": "chunked",
            "connection": "keep-alive",
            "x-zm-trackingid": "v=2.0;clid=aw1;rid=WEB_6913c5319d1a1c8e2fea229fc3f166e7",
            "x-content-type-options": "nosniff",
            "content-security-policy": "upgrade-insecure-requests; default-src https://*.zoom.us https://zoom.us blob: 'self'; img-src https: about: blob: data: 'self'; style-src https: safari-extension: chrome-extension: 'unsafe-inline' data: 'self'; font-src https: safari-extension: chrome-extension: blob: data: 'self'; connect-src * about: blob: data: 'self'; media-src * rtmp: blob: data: 'self'; frame-src https: ms-appx-web: zoommtg: zoomus: wvjbscheme: zoomprc: data: blob: 'self'; object-src 'none'; base-uri 'none';script-src 'self' 'strict-dynamic' 'nonce-wLLCMKTfSmGMH6HWEfOs8A' 'unsafe-inline' blob: https:;",
            "x-frame-options": "SAMEORIGIN",
            "set-cookie": "zm_haid=; Max-Age=0; Expires=Thu, 01 Jan 1970 00:00:10 GMT; Domain=zoom.us; Path=",
            "x-zm-zoneid": "VA",
            "content-language": "en-US",
            "strict-transport-security": "max-age=31536000; includeSubDomains",
            "x-xss-protection": "1; mode=block",
            "referrer-policy": "strict-origin-when-cross-origin",
            "content-encoding": "gzip",
            "cache-control": "private, max-age=0",
            "cf-cache-status": "DYNAMIC"
        }
    },
    {
        "number": 2,
        "request": "GET https://zoom.us/  HTTP/1.1\r\nHost: zoom.us\r\nUser-Agent: Mozilla/5.0 (Windows NT 10.0; rv:102.0) Gecko/20100101 Firefox/102.0\r\nAccept: text/html,application/xhtml+xml,application/xml;q=0.9,image/avif,image/webp,*/*;q=0.8\r\nAccept-Encoding: gzip, deflate, br\r\nAccept-Language: en-US,en;q=0.5\r\nDNT: 1\r\nConnection: keep-alive\r\nUpgrade-Insecure-Requests: 1\r\nSec-Fetch-Dest: document\r\nSec-Fetch-Mode: navigate\r\nSec-Fetch-Site: cross-site\r\n\r\n",
        "deviation_count": 0,
        "uri": "https://zoom.us/",
        "request_length": 437,
        "Response_Time": 0.13743042945861816,
        "status_code": 200,
        "reason_phrase": "OK",
        "error_message": [
            ""
        ],
        "response_header_count": 17,
        "response_header_length": 17,
        "response_body_length": 0,
        "response_header_fields": {
            "date": "Wed, 25 Oct 2023 12:33:39 GMT",
            "content-type": "text/html;charset=utf-8",
            "transfer-encoding": "chunked",
            "connection": "keep-alive",
            "x-zm-trackingid": "v=2.0;clid=aw1;rid=WEB_a304d092c2daf3b7152de60a364e43bb",
            "x-content-type-options": "nosniff",
            "content-security-policy": "upgrade-insecure-requests; default-src https://*.zoom.us https://zoom.us blob: 'self'; img-src https: about: blob: data: 'self'; style-src https: safari-extension: chrome-extension: 'unsafe-inline' data: 'self'; font-src https: safari-extension: chrome-extension: blob: data: 'self'; connect-src * about: blob: data: 'self'; media-src * rtmp: blob: data: 'self'; frame-src https: ms-appx-web: zoommtg: zoomus: wvjbscheme: zoomprc: data: blob: 'self'; object-src 'none'; base-uri 'none';script-src 'self' 'strict-dynamic' 'nonce-_TE0wNBSRv2fRSBXLwQwEg' 'unsafe-inline' blob: https:;",
            "x-frame-options": "SAMEORIGIN",
            "set-cookie": "zm_haid=; Max-Age=0; Expires=Thu, 01 Jan 1970 00:00:10 GMT; Domain=zoom.us; Path=",
            "x-zm-zoneid": "VA",
            "content-language": "en-US",
            "strict-transport-security": "max-age=31536000; includeSubDomains",
            "x-xss-protection": "1; mode=block",
            "referrer-policy": "strict-origin-when-cross-origin",
            "content-encoding": "gzip",
            "cache-control": "private, max-age=0",
            "cf-cache-status": "DYNAMIC"
        }
    },
    {
        "number": 3,
        "request": "GET https://zoom.us/  HTTP/1.1\r\nHost: zoom.us\r\nUser-Agent: Mozilla/5.0 (Windows NT 10.0; rv:102.0) Gecko/20100101 Firefox/102.0\r\nAccept: text/html,application/xhtml+xml,application/xml;q=0.9,image/avif,image/webp,*/*;q=0.8\r\nAccept-Encoding: gzip, deflate, br\r\nAccept-Language: en-US,en;q=0.5\r\nDNT: 1\r\nConnection: keep-alive\r\nUpgrade-Insecure-Requests: 1\r\nSec-Fetch-Dest: document\r\nSec-Fetch-Mode: navigate\r\nSec-Fetch-Site: cross-site\r\n\r\n",
        "deviation_count": 0,
        "uri": "https://zoom.us/",
        "request_length": 437,
        "Response_Time": 0.14516544342041016,
        "status_code": 200,
        "reason_phrase": "OK",
        "error_message": [
            ""
        ],
        "response_header_count": 17,
        "response_header_length": 17,
        "response_body_length": 0,
        "response_header_fields": {
            "date": "Wed, 25 Oct 2023 12:33:49 GMT",
            "content-type": "text/html;charset=utf-8",
            "transfer-encoding": "chunked",
            "connection": "keep-alive",
            "x-zm-trackingid": "v=2.0;clid=aw1;rid=WEB_3f0b5a47eeb3af4f82f604030cf695a4",
            "x-content-type-options": "nosniff",
            "content-security-policy": "upgrade-insecure-requests; default-src https://*.zoom.us https://zoom.us blob: 'self'; img-src https: about: blob: data: 'self'; style-src https: safari-extension: chrome-extension: 'unsafe-inline' data: 'self'; font-src https: safari-extension: chrome-extension: blob: data: 'self'; connect-src * about: blob: data: 'self'; media-src * rtmp: blob: data: 'self'; frame-src https: ms-appx-web: zoommtg: zoomus: wvjbscheme: zoomprc: data: blob: 'self'; object-src 'none'; base-uri 'none';script-src 'self' 'strict-dynamic' 'nonce-ToMZo8FTSry922TNagpxlw' 'unsafe-inline' blob: https:;",
            "x-frame-options": "SAMEORIGIN",
            "set-cookie": "zm_haid=; Max-Age=0; Expires=Thu, 01 Jan 1970 00:00:10 GMT; Domain=zoom.us; Path=",
            "x-zm-zoneid": "VA",
            "content-language": "en-US",
            "strict-transport-security": "max-age=31536000; includeSubDomains",
            "x-xss-protection": "1; mode=block",
            "referrer-policy": "strict-origin-when-cross-origin",
            "content-encoding": "gzip",
            "cache-control": "private, max-age=0",
            "cf-cache-status": "DYNAMIC"
        }
    },
    {
        "number": 4,
        "request": "GET https://zoom.us/  HTTP/1.1\r\nHost: zoom.us\r\nUser-Agent: Mozilla/5.0 (Windows NT 10.0; rv:102.0) Gecko/20100101 Firefox/102.0\r\nAccept: text/html,application/xhtml+xml,application/xml;q=0.9,image/avif,image/webp,*/*;q=0.8\r\nAccept-Encoding: gzip, deflate, br\r\nAccept-Language: en-US,en;q=0.5\r\nDNT: 1\r\nConnection: keep-alive\r\nUpgrade-Insecure-Requests: 1\r\nSec-Fetch-Dest: document\r\nSec-Fetch-Mode: navigate\r\nSec-Fetch-Site: cross-site\r\n\r\n",
        "deviation_count": 0,
        "uri": "https://zoom.us/",
        "request_length": 437,
        "Response_Time": 0.1607358455657959,
        "status_code": 200,
        "reason_phrase": "OK",
        "error_message": [
            ""
        ],
        "response_header_count": 17,
        "response_header_length": 17,
        "response_body_length": 0,
        "response_header_fields": {
            "date": "Wed, 25 Oct 2023 12:34:00 GMT",
            "content-type": "text/html;charset=utf-8",
            "transfer-encoding": "chunked",
            "connection": "keep-alive",
            "x-zm-trackingid": "v=2.0;clid=aw1;rid=WEB_b21c64e6262c6eb6dcd8cf62548bbfb9",
            "x-content-type-options": "nosniff",
            "content-security-policy": "upgrade-insecure-requests; default-src https://*.zoom.us https://zoom.us blob: 'self'; img-src https: about: blob: data: 'self'; style-src https: safari-extension: chrome-extension: 'unsafe-inline' data: 'self'; font-src https: safari-extension: chrome-extension: blob: data: 'self'; connect-src * about: blob: data: 'self'; media-src * rtmp: blob: data: 'self'; frame-src https: ms-appx-web: zoommtg: zoomus: wvjbscheme: zoomprc: data: blob: 'self'; object-src 'none'; base-uri 'none';script-src 'self' 'strict-dynamic' 'nonce-xM9CKayBR32D4O3mJt6lbA' 'unsafe-inline' blob: https:;",
            "x-frame-options": "SAMEORIGIN",
            "set-cookie": "zm_haid=; Max-Age=0; Expires=Thu, 01 Jan 1970 00:00:10 GMT; Domain=zoom.us; Path=",
            "x-zm-zoneid": "VA",
            "content-language": "en-US",
            "strict-transport-security": "max-age=31536000; includeSubDomains",
            "x-xss-protection": "1; mode=block",
            "referrer-policy": "strict-origin-when-cross-origin",
            "content-encoding": "gzip",
            "cache-control": "private, max-age=0",
            "cf-cache-status": "DYNAMIC"
        }
    },
    {
        "number": 5,
        "request": "GET https://zoom.us/  HTTP/1.1\r\nHost: zoom.us\r\nUser-Agent: Mozilla/5.0 (Windows NT 10.0; rv:102.0) Gecko/20100101 Firefox/102.0\r\nAccept: text/html,application/xhtml+xml,application/xml;q=0.9,image/avif,image/webp,*/*;q=0.8\r\nAccept-Encoding: gzip, deflate, br\r\nAccept-Language: en-US,en;q=0.5\r\nDNT: 1\r\nConnection: keep-alive\r\nUpgrade-Insecure-Requests: 1\r\nSec-Fetch-Dest: document\r\nSec-Fetch-Mode: navigate\r\nSec-Fetch-Site: cross-site\r\n\r\n",
        "deviation_count": 0,
        "uri": "https://zoom.us/",
        "request_length": 437,
        "Response_Time": 0.16777873039245605,
        "status_code": 200,
        "reason_phrase": "OK",
        "error_message": [
            ""
        ],
        "response_header_count": 17,
        "response_header_length": 17,
        "response_body_length": 0,
        "response_header_fields": {
            "date": "Wed, 25 Oct 2023 12:34:10 GMT",
            "content-type": "text/html;charset=utf-8",
            "transfer-encoding": "chunked",
            "connection": "keep-alive",
            "x-zm-trackingid": "v=2.0;clid=aw1;rid=WEB_e0e5aefdc8d9f0d6742430f488f75540",
            "x-content-type-options": "nosniff",
            "content-security-policy": "upgrade-insecure-requests; default-src https://*.zoom.us https://zoom.us blob: 'self'; img-src https: about: blob: data: 'self'; style-src https: safari-extension: chrome-extension: 'unsafe-inline' data: 'self'; font-src https: safari-extension: chrome-extension: blob: data: 'self'; connect-src * about: blob: data: 'self'; media-src * rtmp: blob: data: 'self'; frame-src https: ms-appx-web: zoommtg: zoomus: wvjbscheme: zoomprc: data: blob: 'self'; object-src 'none'; base-uri 'none';script-src 'self' 'strict-dynamic' 'nonce-5Fbe4Z8LRd-f5x4OEV460Q' 'unsafe-inline' blob: https:;",
            "x-frame-options": "SAMEORIGIN",
            "set-cookie": "zm_haid=; Max-Age=0; Expires=Thu, 01 Jan 1970 00:00:10 GMT; Domain=zoom.us; Path=",
            "x-zm-zoneid": "VA",
            "content-language": "en-US",
            "strict-transport-security": "max-age=31536000; includeSubDomains",
            "x-xss-protection": "1; mode=block",
            "referrer-policy": "strict-origin-when-cross-origin",
            "content-encoding": "gzip",
            "cache-control": "private, max-age=0",
            "cf-cache-status": "DYNAMIC"
        }
    },
    {
        "number": 6,
        "request": "GET https://zoom.us/  HTTP/1.1\r\nHost: zoom.us\r\nUser-Agent: Mozilla/5.0 (Windows NT 10.0; rv:102.0) Gecko/20100101 Firefox/102.0\r\nAccept: text/html,application/xhtml+xml,application/xml;q=0.9,image/avif,image/webp,*/*;q=0.8\r\nAccept-Encoding: gzip, deflate, br\r\nAccept-Language: en-US,en;q=0.5\r\nDNT: 1\r\nConnection: keep-alive\r\nUpgrade-Insecure-Requests: 1\r\nSec-Fetch-Dest: document\r\nSec-Fetch-Mode: navigate\r\nSec-Fetch-Site: cross-site\r\n\r\n",
        "deviation_count": 0,
        "uri": "https://zoom.us/",
        "request_length": 437,
        "Response_Time": 0.14928531646728516,
        "status_code": 200,
        "reason_phrase": "OK",
        "error_message": [
            ""
        ],
        "response_header_count": 17,
        "response_header_length": 17,
        "response_body_length": 0,
        "response_header_fields": {
            "date": "Wed, 25 Oct 2023 12:34:20 GMT",
            "content-type": "text/html;charset=utf-8",
            "transfer-encoding": "chunked",
            "connection": "keep-alive",
            "x-zm-trackingid": "v=2.0;clid=aw1;rid=WEB_fd722c86bb3bb2a01550f0b2684e9f49",
            "x-content-type-options": "nosniff",
            "content-security-policy": "upgrade-insecure-requests; default-src https://*.zoom.us https://zoom.us blob: 'self'; img-src https: about: blob: data: 'self'; style-src https: safari-extension: chrome-extension: 'unsafe-inline' data: 'self'; font-src https: safari-extension: chrome-extension: blob: data: 'self'; connect-src * about: blob: data: 'self'; media-src * rtmp: blob: data: 'self'; frame-src https: ms-appx-web: zoommtg: zoomus: wvjbscheme: zoomprc: data: blob: 'self'; object-src 'none'; base-uri 'none';script-src 'self' 'strict-dynamic' 'nonce-cjtZGKz3RHmFbMuedcYacg' 'unsafe-inline' blob: https:;",
            "x-frame-options": "SAMEORIGIN",
            "set-cookie": "zm_haid=; Max-Age=0; Expires=Thu, 01 Jan 1970 00:00:10 GMT; Domain=zoom.us; Path=",
            "x-zm-zoneid": "VA",
            "content-language": "en-US",
            "strict-transport-security": "max-age=31536000; includeSubDomains",
            "x-xss-protection": "1; mode=block",
            "referrer-policy": "strict-origin-when-cross-origin",
            "content-encoding": "gzip",
            "cache-control": "private, max-age=0",
            "cf-cache-status": "DYNAMIC"
        }
    },
    {
        "number": 7,
        "request": "GET https://zoom.us/  HTTP/1.1\r\nHost: zoom.us\r\nUser-Agent: Mozilla/5.0 (Windows NT 10.0; rv:102.0) Gecko/20100101 Firefox/102.0\r\nAccept: text/html,application/xhtml+xml,application/xml;q=0.9,image/avif,image/webp,*/*;q=0.8\r\nAccept-Encoding: gzip, deflate, br\r\nAccept-Language: en-US,en;q=0.5\r\nDNT: 1\r\nConnection: keep-alive\r\nUpgrade-Insecure-Requests: 1\r\nSec-Fetch-Dest: document\r\nSec-Fetch-Mode: navigate\r\nSec-Fetch-Site: cross-site\r\n\r\n",
        "deviation_count": 0,
        "uri": "https://zoom.us/",
        "request_length": 437,
        "Response_Time": 0.13650846481323242,
        "status_code": 200,
        "reason_phrase": "OK",
        "error_message": [
            ""
        ],
        "response_header_count": 17,
        "response_header_length": 17,
        "response_body_length": 0,
        "response_header_fields": {
            "date": "Wed, 25 Oct 2023 12:34:30 GMT",
            "content-type": "text/html;charset=utf-8",
            "transfer-encoding": "chunked",
            "connection": "keep-alive",
            "x-zm-trackingid": "v=2.0;clid=aw1;rid=WEB_e8ab31a0c8c7dbed6f0992e28c2f95f3",
            "x-content-type-options": "nosniff",
            "content-security-policy": "upgrade-insecure-requests; default-src https://*.zoom.us https://zoom.us blob: 'self'; img-src https: about: blob: data: 'self'; style-src https: safari-extension: chrome-extension: 'unsafe-inline' data: 'self'; font-src https: safari-extension: chrome-extension: blob: data: 'self'; connect-src * about: blob: data: 'self'; media-src * rtmp: blob: data: 'self'; frame-src https: ms-appx-web: zoommtg: zoomus: wvjbscheme: zoomprc: data: blob: 'self'; object-src 'none'; base-uri 'none';script-src 'self' 'strict-dynamic' 'nonce-CjALffj0TuyWZXJ39eTs7Q' 'unsafe-inline' blob: https:;",
            "x-frame-options": "SAMEORIGIN",
            "set-cookie": "zm_haid=; Max-Age=0; Expires=Thu, 01 Jan 1970 00:00:10 GMT; Domain=zoom.us; Path=",
            "x-zm-zoneid": "VA",
            "content-language": "en-US",
            "strict-transport-security": "max-age=31536000; includeSubDomains",
            "x-xss-protection": "1; mode=block",
            "referrer-policy": "strict-origin-when-cross-origin",
            "content-encoding": "gzip",
            "cache-control": "private, max-age=0",
            "cf-cache-status": "DYNAMIC"
        }
    },
    {
        "number": 8,
        "request": "GET https://zoom.us/  HTTP/1.1\r\nHost: zoom.us\r\nUser-Agent: Mozilla/5.0 (Windows NT 10.0; rv:102.0) Gecko/20100101 Firefox/102.0\r\nAccept: text/html,application/xhtml+xml,application/xml;q=0.9,image/avif,image/webp,*/*;q=0.8\r\nAccept-Encoding: gzip, deflate, br\r\nAccept-Language: en-US,en;q=0.5\r\nDNT: 1\r\nConnection: keep-alive\r\nUpgrade-Insecure-Requests: 1\r\nSec-Fetch-Dest: document\r\nSec-Fetch-Mode: navigate\r\nSec-Fetch-Site: cross-site\r\n\r\n",
        "deviation_count": 0,
        "uri": "https://zoom.us/",
        "request_length": 437,
        "Response_Time": 0.15998244285583496,
        "status_code": 200,
        "reason_phrase": "OK",
        "error_message": [
            ""
        ],
        "response_header_count": 17,
        "response_header_length": 17,
        "response_body_length": 0,
        "response_header_fields": {
            "date": "Wed, 25 Oct 2023 12:34:41 GMT",
            "content-type": "text/html;charset=utf-8",
            "transfer-encoding": "chunked",
            "connection": "keep-alive",
            "x-zm-trackingid": "v=2.0;clid=aw1;rid=WEB_f629460c933fd2475a7cec512a807d2b",
            "x-content-type-options": "nosniff",
            "content-security-policy": "upgrade-insecure-requests; default-src https://*.zoom.us https://zoom.us blob: 'self'; img-src https: about: blob: data: 'self'; style-src https: safari-extension: chrome-extension: 'unsafe-inline' data: 'self'; font-src https: safari-extension: chrome-extension: blob: data: 'self'; connect-src * about: blob: data: 'self'; media-src * rtmp: blob: data: 'self'; frame-src https: ms-appx-web: zoommtg: zoomus: wvjbscheme: zoomprc: data: blob: 'self'; object-src 'none'; base-uri 'none';script-src 'self' 'strict-dynamic' 'nonce-M3u4QqzhQIOtRKINyfXCaA' 'unsafe-inline' blob: https:;",
            "x-frame-options": "SAMEORIGIN",
            "set-cookie": "zm_haid=; Max-Age=0; Expires=Thu, 01 Jan 1970 00:00:10 GMT; Domain=zoom.us; Path=",
            "x-zm-zoneid": "VA",
            "content-language": "en-US",
            "strict-transport-security": "max-age=31536000; includeSubDomains",
            "x-xss-protection": "1; mode=block",
            "referrer-policy": "strict-origin-when-cross-origin",
            "content-encoding": "gzip",
            "cache-control": "private, max-age=0",
            "cf-cache-status": "DYNAMIC"
        }
    },
    {
        "number": 9,
        "request": "GET https://zoom.us/  HTTP/1.1\r\nHost: zoom.us\r\nUser-Agent: Mozilla/5.0 (Windows NT 10.0; rv:102.0) Gecko/20100101 Firefox/102.0\r\nAccept: text/html,application/xhtml+xml,application/xml;q=0.9,image/avif,image/webp,*/*;q=0.8\r\nAccept-Encoding: gzip, deflate, br\r\nAccept-Language: en-US,en;q=0.5\r\nDNT: 1\r\nConnection: keep-alive\r\nUpgrade-Insecure-Requests: 1\r\nSec-Fetch-Dest: document\r\nSec-Fetch-Mode: navigate\r\nSec-Fetch-Site: cross-site\r\n\r\n",
        "deviation_count": 0,
        "uri": "https://zoom.us/",
        "request_length": 437,
        "Response_Time": 0.15861225128173828,
        "status_code": 200,
        "reason_phrase": "OK",
        "error_message": [
            ""
        ],
        "response_header_count": 17,
        "response_header_length": 17,
        "response_body_length": 0,
        "response_header_fields": {
            "date": "Wed, 25 Oct 2023 12:34:50 GMT",
            "content-type": "text/html;charset=utf-8",
            "transfer-encoding": "chunked",
            "connection": "keep-alive",
            "x-zm-trackingid": "v=2.0;clid=aw1;rid=WEB_e49a322feed11606f584c09412d2e557",
            "x-content-type-options": "nosniff",
            "content-security-policy": "upgrade-insecure-requests; default-src https://*.zoom.us https://zoom.us blob: 'self'; img-src https: about: blob: data: 'self'; style-src https: safari-extension: chrome-extension: 'unsafe-inline' data: 'self'; font-src https: safari-extension: chrome-extension: blob: data: 'self'; connect-src * about: blob: data: 'self'; media-src * rtmp: blob: data: 'self'; frame-src https: ms-appx-web: zoommtg: zoomus: wvjbscheme: zoomprc: data: blob: 'self'; object-src 'none'; base-uri 'none';script-src 'self' 'strict-dynamic' 'nonce-EotAp3m5T26CzPyVo9OHUg' 'unsafe-inline' blob: https:;",
            "x-frame-options": "SAMEORIGIN",
            "set-cookie": "zm_haid=; Max-Age=0; Expires=Thu, 01 Jan 1970 00:00:10 GMT; Domain=zoom.us; Path=",
            "x-zm-zoneid": "VA",
            "content-language": "en-US",
            "strict-transport-security": "max-age=31536000; includeSubDomains",
            "x-xss-protection": "1; mode=block",
            "referrer-policy": "strict-origin-when-cross-origin",
            "content-encoding": "gzip",
            "cache-control": "private, max-age=0",
            "cf-cache-status": "DYNAMIC"
        }
    }
]