,Attempt No.,uri,Deviation Count,Status Code,Response_Time,response_header_count,response_header_length,response_body_length,response_header_fields
0,0,https://one.one.one.one/dns/,0,200,0.10679864883422852,14,14,822,"{'date': 'Wed, 25 Oct 2023 12:33:16 GMT', 'content-type': 'text/html; charset=utf-8', 'transfer-encoding': 'chunked', 'connection': 'keep-alive', 'cf-ray': '81ba7cacda54b7f7-AMS', 'access-control-allow-origin': '*', 'cache-control': 'public, max-age=0, must-revalidate', 'etag': 'W/""f33d1a01cbb243377add2ef81c261bfd""', 'vary': 'Accept-Encoding', 'referrer-policy': 'strict-origin-when-cross-origin', 'x-content-type-options': 'nosniff', 'server': 'cloudflare', 'content-encoding': 'gzip', 'alt-svc': 'h3="":443""; ma=86400'}"
1,1,https://one.one.one.one/dns/,0,200,0.0801997184753418,14,14,822,"{'date': 'Wed, 25 Oct 2023 12:33:26 GMT', 'content-type': 'text/html; charset=utf-8', 'transfer-encoding': 'chunked', 'connection': 'keep-alive', 'cf-ray': '81ba7cedb9b7b7b5-AMS', 'access-control-allow-origin': '*', 'cache-control': 'public, max-age=0, must-revalidate', 'etag': 'W/""f33d1a01cbb243377add2ef81c261bfd""', 'vary': 'Accept-Encoding', 'referrer-policy': 'strict-origin-when-cross-origin', 'x-content-type-options': 'nosniff', 'server': 'cloudflare', 'content-encoding': 'gzip', 'alt-svc': 'h3="":443""; ma=86400'}"
2,2,https://one.one.one.one/dns/,0,200,0.0831151008605957,14,14,15,"{'date': 'Wed, 25 Oct 2023 12:33:37 GMT', 'content-type': 'text/html; charset=utf-8', 'transfer-encoding': 'chunked', 'connection': 'keep-alive', 'cf-ray': '81ba7d2eb85d5c37-AMS', 'access-control-allow-origin': '*', 'cache-control': 'public, max-age=0, must-revalidate', 'etag': 'W/""f33d1a01cbb243377add2ef81c261bfd""', 'vary': 'Accept-Encoding', 'referrer-policy': 'strict-origin-when-cross-origin', 'x-content-type-options': 'nosniff', 'server': 'cloudflare', 'content-encoding': 'gzip', 'alt-svc': 'h3="":443""; ma=86400'}"
3,3,https://one.one.one.one/dns/,0,200,0.0946509838104248,14,14,840,"{'date': 'Wed, 25 Oct 2023 12:33:48 GMT', 'content-type': 'text/html; charset=utf-8', 'transfer-encoding': 'chunked', 'connection': 'keep-alive', 'cf-ray': '81ba7d76b8a80e8c-AMS', 'access-control-allow-origin': '*', 'cache-control': 'public, max-age=0, must-revalidate', 'etag': 'W/""f33d1a01cbb243377add2ef81c261bfd""', 'vary': 'Accept-Encoding', 'referrer-policy': 'strict-origin-when-cross-origin', 'x-content-type-options': 'nosniff', 'server': 'cloudflare', 'content-encoding': 'gzip', 'alt-svc': 'h3="":443""; ma=86400'}"
4,4,https://one.one.one.one/dns/,0,200,0.15653419494628906,14,14,15,"{'date': 'Wed, 25 Oct 2023 12:33:58 GMT', 'content-type': 'text/html; charset=utf-8', 'transfer-encoding': 'chunked', 'connection': 'keep-alive', 'cf-ray': '81ba7db34e04b978-AMS', 'access-control-allow-origin': '*', 'cache-control': 'public, max-age=0, must-revalidate', 'etag': 'W/""f33d1a01cbb243377add2ef81c261bfd""', 'vary': 'Accept-Encoding', 'referrer-policy': 'strict-origin-when-cross-origin', 'x-content-type-options': 'nosniff', 'server': 'cloudflare', 'content-encoding': 'gzip', 'alt-svc': 'h3="":443""; ma=86400'}"
5,5,https://one.one.one.one/dns/,0,200,0.09290647506713867,14,14,840,"{'date': 'Wed, 25 Oct 2023 12:34:09 GMT', 'content-type': 'text/html; charset=utf-8', 'transfer-encoding': 'chunked', 'connection': 'keep-alive', 'cf-ray': '81ba7df8fc46b7d6-AMS', 'access-control-allow-origin': '*', 'cache-control': 'public, max-age=0, must-revalidate', 'etag': 'W/""f33d1a01cbb243377add2ef81c261bfd""', 'vary': 'Accept-Encoding', 'referrer-policy': 'strict-origin-when-cross-origin', 'x-content-type-options': 'nosniff', 'server': 'cloudflare', 'content-encoding': 'gzip', 'alt-svc': 'h3="":443""; ma=86400'}"
6,6,https://one.one.one.one/dns/,0,200,0.06088685989379883,14,14,15,"{'date': 'Wed, 25 Oct 2023 12:34:19 GMT', 'content-type': 'text/html; charset=utf-8', 'transfer-encoding': 'chunked', 'connection': 'keep-alive', 'cf-ray': '81ba7e35bb490e18-AMS', 'access-control-allow-origin': '*', 'cache-control': 'public, max-age=0, must-revalidate', 'etag': 'W/""f33d1a01cbb243377add2ef81c261bfd""', 'vary': 'Accept-Encoding', 'referrer-policy': 'strict-origin-when-cross-origin', 'x-content-type-options': 'nosniff', 'server': 'cloudflare', 'content-encoding': 'gzip', 'alt-svc': 'h3="":443""; ma=86400'}"
7,7,https://one.one.one.one/dns/,0,200,0.13810300827026367,14,14,822,"{'date': 'Wed, 25 Oct 2023 12:34:28 GMT', 'content-type': 'text/html; charset=utf-8', 'transfer-encoding': 'chunked', 'connection': 'keep-alive', 'cf-ray': '81ba7e72af0f1c77-AMS', 'access-control-allow-origin': '*', 'cache-control': 'public, max-age=0, must-revalidate', 'etag': 'W/""f33d1a01cbb243377add2ef81c261bfd""', 'vary': 'Accept-Encoding', 'referrer-policy': 'strict-origin-when-cross-origin', 'x-content-type-options': 'nosniff', 'server': 'cloudflare', 'content-encoding': 'gzip', 'alt-svc': 'h3="":443""; ma=86400'}"
8,8,https://one.one.one.one/dns/,0,200,0.07640600204467773,14,14,15,"{'date': 'Wed, 25 Oct 2023 12:34:40 GMT', 'content-type': 'text/html; charset=utf-8', 'transfer-encoding': 'chunked', 'connection': 'keep-alive', 'cf-ray': '81ba7eb97cdc0b84-AMS', 'access-control-allow-origin': '*', 'cache-control': 'public, max-age=0, must-revalidate', 'etag': 'W/""f33d1a01cbb243377add2ef81c261bfd""', 'vary': 'Accept-Encoding', 'referrer-policy': 'strict-origin-when-cross-origin', 'x-content-type-options': 'nosniff', 'server': 'cloudflare', 'content-encoding': 'gzip', 'alt-svc': 'h3="":443""; ma=86400'}"
9,9,https://one.one.one.one/dns/,0,200,0.09664535522460938,14,14,15,"{'date': 'Wed, 25 Oct 2023 12:34:50 GMT', 'content-type': 'text/html; charset=utf-8', 'transfer-encoding': 'chunked', 'connection': 'keep-alive', 'cf-ray': '81ba7ef6ab941cb0-AMS', 'access-control-allow-origin': '*', 'cache-control': 'public, max-age=0, must-revalidate', 'etag': 'W/""f33d1a01cbb243377add2ef81c261bfd""', 'vary': 'Accept-Encoding', 'referrer-policy': 'strict-origin-when-cross-origin', 'x-content-type-options': 'nosniff', 'server': 'cloudflare', 'content-encoding': 'gzip', 'alt-svc': 'h3="":443""; ma=86400'}"
