number,request,deviation_count,uri,request_length,http_version,Socket_Connect_Time,Socket_Close_Time,Response_Time,status_code,reason_phrase,error_message,response_header_count,response_header_length,response_body_length,response_header_fields
0,"GET https://one.one.one.one/dns/ HTTP/1.1
Host: one.one.one.one
User-Agent: Mozilla/5.0 (Windows NT 10.0; rv:102.0) Gecko/20100101 Firefox/102.0
Accept: text/html,application/xhtml+xml,application/xml;q=0.9,image/avif,image/webp,*/*;q=0.8
Accept-Encoding: gzip, deflate, br
Accept-Language: en-US,en;q=0.5
DNT: 1
Connection: keep-alive
Upgrade-Insecure-Requests: 1
Sec-Fetch-Dest: document
Sec-Fetch-Mode: navigate
Sec-Fetch-Site: cross-site

",0,https://one.one.one.one/dns/,456,HTTP/1.1,0.16731929779052734,0.13746070861816406,0.10679864883422852,200,OK,[''],14,14,822,"{""date"": ""Wed, 25 Oct 2023 12:33:16 GMT"", ""content-type"": ""text/html; charset=utf-8"", ""transfer-encoding"": ""chunked"", ""connection"": ""keep-alive"", ""cf-ray"": ""81ba7cacda54b7f7-AMS"", ""access-control-allow-origin"": ""*"", ""cache-control"": ""public, max-age=0, must-revalidate"", ""etag"": ""W/\""f33d1a01cbb243377add2ef81c261bfd\"""", ""vary"": ""Accept-Encoding"", ""referrer-policy"": ""strict-origin-when-cross-origin"", ""x-content-type-options"": ""nosniff"", ""server"": ""cloudflare"", ""content-encoding"": ""gzip"", ""alt-svc"": ""h3=\"":443\""; ma=86400""}"
1,"GET https://one.one.one.one/dns/ HTTP/1.1
Host: one.one.one.one
User-Agent: Mozilla/5.0 (Windows NT 10.0; rv:102.0) Gecko/20100101 Firefox/102.0
Accept: text/html,application/xhtml+xml,application/xml;q=0.9,image/avif,image/webp,*/*;q=0.8
Accept-Encoding: gzip, deflate, br
Accept-Language: en-US,en;q=0.5
DNT: 1
Connection: keep-alive
Upgrade-Insecure-Requests: 1
Sec-Fetch-Dest: document
Sec-Fetch-Mode: navigate
Sec-Fetch-Site: cross-site

",0,https://one.one.one.one/dns/,456,HTTP/1.1,0.10663270950317383,0.11661839485168457,0.0801997184753418,200,OK,[''],14,14,822,"{""date"": ""Wed, 25 Oct 2023 12:33:26 GMT"", ""content-type"": ""text/html; charset=utf-8"", ""transfer-encoding"": ""chunked"", ""connection"": ""keep-alive"", ""cf-ray"": ""81ba7cedb9b7b7b5-AMS"", ""access-control-allow-origin"": ""*"", ""cache-control"": ""public, max-age=0, must-revalidate"", ""etag"": ""W/\""f33d1a01cbb243377add2ef81c261bfd\"""", ""vary"": ""Accept-Encoding"", ""referrer-policy"": ""strict-origin-when-cross-origin"", ""x-content-type-options"": ""nosniff"", ""server"": ""cloudflare"", ""content-encoding"": ""gzip"", ""alt-svc"": ""h3=\"":443\""; ma=86400""}"
2,"GET https://one.one.one.one/dns/ HTTP/1.1
Host: one.one.one.one
User-Agent: Mozilla/5.0 (Windows NT 10.0; rv:102.0) Gecko/20100101 Firefox/102.0
Accept: text/html,application/xhtml+xml,application/xml;q=0.9,image/avif,image/webp,*/*;q=0.8
Accept-Encoding: gzip, deflate, br
Accept-Language: en-US,en;q=0.5
DNT: 1
Connection: keep-alive
Upgrade-Insecure-Requests: 1
Sec-Fetch-Dest: document
Sec-Fetch-Mode: navigate
Sec-Fetch-Site: cross-site

",0,https://one.one.one.one/dns/,456,HTTP/1.1,0.11162781715393066,0.11096978187561035,0.0831151008605957,200,OK,[''],14,14,15,"{""date"": ""Wed, 25 Oct 2023 12:33:37 GMT"", ""content-type"": ""text/html; charset=utf-8"", ""transfer-encoding"": ""chunked"", ""connection"": ""keep-alive"", ""cf-ray"": ""81ba7d2eb85d5c37-AMS"", ""access-control-allow-origin"": ""*"", ""cache-control"": ""public, max-age=0, must-revalidate"", ""etag"": ""W/\""f33d1a01cbb243377add2ef81c261bfd\"""", ""vary"": ""Accept-Encoding"", ""referrer-policy"": ""strict-origin-when-cross-origin"", ""x-content-type-options"": ""nosniff"", ""server"": ""cloudflare"", ""content-encoding"": ""gzip"", ""alt-svc"": ""h3=\"":443\""; ma=86400""}"
3,"GET https://one.one.one.one/dns/ HTTP/1.1
Host: one.one.one.one
User-Agent: Mozilla/5.0 (Windows NT 10.0; rv:102.0) Gecko/20100101 Firefox/102.0
Accept: text/html,application/xhtml+xml,application/xml;q=0.9,image/avif,image/webp,*/*;q=0.8
Accept-Encoding: gzip, deflate, br
Accept-Language: en-US,en;q=0.5
DNT: 1
Connection: keep-alive
Upgrade-Insecure-Requests: 1
Sec-Fetch-Dest: document
Sec-Fetch-Mode: navigate
Sec-Fetch-Site: cross-site

",0,https://one.one.one.one/dns/,456,HTTP/1.1,0.18032431602478027,0.13081836700439453,0.0946509838104248,200,OK,[''],14,14,840,"{""date"": ""Wed, 25 Oct 2023 12:33:48 GMT"", ""content-type"": ""text/html; charset=utf-8"", ""transfer-encoding"": ""chunked"", ""connection"": ""keep-alive"", ""cf-ray"": ""81ba7d76b8a80e8c-AMS"", ""access-control-allow-origin"": ""*"", ""cache-control"": ""public, max-age=0, must-revalidate"", ""etag"": ""W/\""f33d1a01cbb243377add2ef81c261bfd\"""", ""vary"": ""Accept-Encoding"", ""referrer-policy"": ""strict-origin-when-cross-origin"", ""x-content-type-options"": ""nosniff"", ""server"": ""cloudflare"", ""content-encoding"": ""gzip"", ""alt-svc"": ""h3=\"":443\""; ma=86400""}"
4,"GET https://one.one.one.one/dns/ HTTP/1.1
Host: one.one.one.one
User-Agent: Mozilla/5.0 (Windows NT 10.0; rv:102.0) Gecko/20100101 Firefox/102.0
Accept: text/html,application/xhtml+xml,application/xml;q=0.9,image/avif,image/webp,*/*;q=0.8
Accept-Encoding: gzip, deflate, br
Accept-Language: en-US,en;q=0.5
DNT: 1
Connection: keep-alive
Upgrade-Insecure-Requests: 1
Sec-Fetch-Dest: document
Sec-Fetch-Mode: navigate
Sec-Fetch-Site: cross-site

",0,https://one.one.one.one/dns/,456,HTTP/1.1,0.21717453002929688,0.11659979820251465,0.15653419494628906,200,OK,[''],14,14,15,"{""date"": ""Wed, 25 Oct 2023 12:33:58 GMT"", ""content-type"": ""text/html; charset=utf-8"", ""transfer-encoding"": ""chunked"", ""connection"": ""keep-alive"", ""cf-ray"": ""81ba7db34e04b978-AMS"", ""access-control-allow-origin"": ""*"", ""cache-control"": ""public, max-age=0, must-revalidate"", ""etag"": ""W/\""f33d1a01cbb243377add2ef81c261bfd\"""", ""vary"": ""Accept-Encoding"", ""referrer-policy"": ""strict-origin-when-cross-origin"", ""x-content-type-options"": ""nosniff"", ""server"": ""cloudflare"", ""content-encoding"": ""gzip"", ""alt-svc"": ""h3=\"":443\""; ma=86400""}"
5,"GET https://one.one.one.one/dns/ HTTP/1.1
Host: one.one.one.one
User-Agent: Mozilla/5.0 (Windows NT 10.0; rv:102.0) Gecko/20100101 Firefox/102.0
Accept: text/html,application/xhtml+xml,application/xml;q=0.9,image/avif,image/webp,*/*;q=0.8
Accept-Encoding: gzip, deflate, br
Accept-Language: en-US,en;q=0.5
DNT: 1
Connection: keep-alive
Upgrade-Insecure-Requests: 1
Sec-Fetch-Dest: document
Sec-Fetch-Mode: navigate
Sec-Fetch-Site: cross-site

",0,https://one.one.one.one/dns/,456,HTTP/1.1,0.2141122817993164,0.11249494552612305,0.09290647506713867,200,OK,[''],14,14,840,"{""date"": ""Wed, 25 Oct 2023 12:34:09 GMT"", ""content-type"": ""text/html; charset=utf-8"", ""transfer-encoding"": ""chunked"", ""connection"": ""keep-alive"", ""cf-ray"": ""81ba7df8fc46b7d6-AMS"", ""access-control-allow-origin"": ""*"", ""cache-control"": ""public, max-age=0, must-revalidate"", ""etag"": ""W/\""f33d1a01cbb243377add2ef81c261bfd\"""", ""vary"": ""Accept-Encoding"", ""referrer-policy"": ""strict-origin-when-cross-origin"", ""x-content-type-options"": ""nosniff"", ""server"": ""cloudflare"", ""content-encoding"": ""gzip"", ""alt-svc"": ""h3=\"":443\""; ma=86400""}"
6,"GET https://one.one.one.one/dns/ HTTP/1.1
Host: one.one.one.one
User-Agent: Mozilla/5.0 (Windows NT 10.0; rv:102.0) Gecko/20100101 Firefox/102.0
Accept: text/html,application/xhtml+xml,application/xml;q=0.9,image/avif,image/webp,*/*;q=0.8
Accept-Encoding: gzip, deflate, br
Accept-Language: en-US,en;q=0.5
DNT: 1
Connection: keep-alive
Upgrade-Insecure-Requests: 1
Sec-Fetch-Dest: document
Sec-Fetch-Mode: navigate
Sec-Fetch-Site: cross-site

",0,https://one.one.one.one/dns/,456,HTTP/1.1,0.10700821876525879,0.10555434226989746,0.06088685989379883,200,OK,[''],14,14,15,"{""date"": ""Wed, 25 Oct 2023 12:34:19 GMT"", ""content-type"": ""text/html; charset=utf-8"", ""transfer-encoding"": ""chunked"", ""connection"": ""keep-alive"", ""cf-ray"": ""81ba7e35bb490e18-AMS"", ""access-control-allow-origin"": ""*"", ""cache-control"": ""public, max-age=0, must-revalidate"", ""etag"": ""W/\""f33d1a01cbb243377add2ef81c261bfd\"""", ""vary"": ""Accept-Encoding"", ""referrer-policy"": ""strict-origin-when-cross-origin"", ""x-content-type-options"": ""nosniff"", ""server"": ""cloudflare"", ""content-encoding"": ""gzip"", ""alt-svc"": ""h3=\"":443\""; ma=86400""}"
7,"GET https://one.one.one.one/dns/ HTTP/1.1
Host: one.one.one.one
User-Agent: Mozilla/5.0 (Windows NT 10.0; rv:102.0) Gecko/20100101 Firefox/102.0
Accept: text/html,application/xhtml+xml,application/xml;q=0.9,image/avif,image/webp,*/*;q=0.8
Accept-Encoding: gzip, deflate, br
Accept-Language: en-US,en;q=0.5
DNT: 1
Connection: keep-alive
Upgrade-Insecure-Requests: 1
Sec-Fetch-Dest: document
Sec-Fetch-Mode: navigate
Sec-Fetch-Site: cross-site

",0,https://one.one.one.one/dns/,456,HTTP/1.1,0.17578625679016113,0.11315679550170898,0.13810300827026367,200,OK,[''],14,14,822,"{""date"": ""Wed, 25 Oct 2023 12:34:28 GMT"", ""content-type"": ""text/html; charset=utf-8"", ""transfer-encoding"": ""chunked"", ""connection"": ""keep-alive"", ""cf-ray"": ""81ba7e72af0f1c77-AMS"", ""access-control-allow-origin"": ""*"", ""cache-control"": ""public, max-age=0, must-revalidate"", ""etag"": ""W/\""f33d1a01cbb243377add2ef81c261bfd\"""", ""vary"": ""Accept-Encoding"", ""referrer-policy"": ""strict-origin-when-cross-origin"", ""x-content-type-options"": ""nosniff"", ""server"": ""cloudflare"", ""content-encoding"": ""gzip"", ""alt-svc"": ""h3=\"":443\""; ma=86400""}"
8,"GET https://one.one.one.one/dns/ HTTP/1.1
Host: one.one.one.one
User-Agent: Mozilla/5.0 (Windows NT 10.0; rv:102.0) Gecko/20100101 Firefox/102.0
Accept: text/html,application/xhtml+xml,application/xml;q=0.9,image/avif,image/webp,*/*;q=0.8
Accept-Encoding: gzip, deflate, br
Accept-Language: en-US,en;q=0.5
DNT: 1
Connection: keep-alive
Upgrade-Insecure-Requests: 1
Sec-Fetch-Dest: document
Sec-Fetch-Mode: navigate
Sec-Fetch-Site: cross-site

",0,https://one.one.one.one/dns/,456,HTTP/1.1,0.18568968772888184,0.10205507278442383,0.07640600204467773,200,OK,[''],14,14,15,"{""date"": ""Wed, 25 Oct 2023 12:34:40 GMT"", ""content-type"": ""text/html; charset=utf-8"", ""transfer-encoding"": ""chunked"", ""connection"": ""keep-alive"", ""cf-ray"": ""81ba7eb97cdc0b84-AMS"", ""access-control-allow-origin"": ""*"", ""cache-control"": ""public, max-age=0, must-revalidate"", ""etag"": ""W/\""f33d1a01cbb243377add2ef81c261bfd\"""", ""vary"": ""Accept-Encoding"", ""referrer-policy"": ""strict-origin-when-cross-origin"", ""x-content-type-options"": ""nosniff"", ""server"": ""cloudflare"", ""content-encoding"": ""gzip"", ""alt-svc"": ""h3=\"":443\""; ma=86400""}"
9,"GET https://one.one.one.one/dns/ HTTP/1.1
Host: one.one.one.one
User-Agent: Mozilla/5.0 (Windows NT 10.0; rv:102.0) Gecko/20100101 Firefox/102.0
Accept: text/html,application/xhtml+xml,application/xml;q=0.9,image/avif,image/webp,*/*;q=0.8
Accept-Encoding: gzip, deflate, br
Accept-Language: en-US,en;q=0.5
DNT: 1
Connection: keep-alive
Upgrade-Insecure-Requests: 1
Sec-Fetch-Dest: document
Sec-Fetch-Mode: navigate
Sec-Fetch-Site: cross-site

",0,https://one.one.one.one/dns/,456,HTTP/1.1,0.22423911094665527,0.1313321590423584,0.09664535522460938,200,OK,[''],14,14,15,"{""date"": ""Wed, 25 Oct 2023 12:34:50 GMT"", ""content-type"": ""text/html; charset=utf-8"", ""transfer-encoding"": ""chunked"", ""connection"": ""keep-alive"", ""cf-ray"": ""81ba7ef6ab941cb0-AMS"", ""access-control-allow-origin"": ""*"", ""cache-control"": ""public, max-age=0, must-revalidate"", ""etag"": ""W/\""f33d1a01cbb243377add2ef81c261bfd\"""", ""vary"": ""Accept-Encoding"", ""referrer-policy"": ""strict-origin-when-cross-origin"", ""x-content-type-options"": ""nosniff"", ""server"": ""cloudflare"", ""content-encoding"": ""gzip"", ""alt-svc"": ""h3=\"":443\""; ma=86400""}"
