[
    {
        "number": 0,
        "request": "GET https://one.one.one.one/dns/ HTTP/1.1\r\nHost: one.one.one.one\r\nUser-Agent: Mozilla/5.0 (Windows NT 10.0; rv:102.0) Gecko/20100101 Firefox/102.0\r\nAccept: text/html,application/xhtml+xml,application/xml;q=0.9,image/avif,image/webp,*/*;q=0.8\r\nAccept-Encoding: gzip, deflate, br\r\nAccept-Language: en-US,en;q=0.5\r\nDNT: 1\r\nConnection: keep-alive\r\nUpgrade-Insecure-Requests: 1\r\nSec-Fetch-Dest: document\r\nSec-Fetch-Mode: navigate\r\nSec-Fetch-Site: cross-site\r\n\r\n",
        "deviation_count": 0,
        "uri": "https://one.one.one.one/dns/",
        "request_length": 456,
        "Response_Time": 0.10679864883422852,
        "status_code": 200,
        "reason_phrase": "OK",
        "error_message": [
            ""
        ],
        "response_header_count": 14,
        "response_header_length": 14,
        "response_body_length": 822,
        "response_header_fields": {
            "date": "Wed, 25 Oct 2023 12:33:16 GMT",
            "content-type": "text/html; charset=utf-8",
            "transfer-encoding": "chunked",
            "connection": "keep-alive",
            "cf-ray": "81ba7cacda54b7f7-AMS",
            "access-control-allow-origin": "*",
            "cache-control": "public, max-age=0, must-revalidate",
            "etag": "W/\"f33d1a01cbb243377add2ef81c261bfd\"",
            "vary": "Accept-Encoding",
            "referrer-policy": "strict-origin-when-cross-origin",
            "x-content-type-options": "nosniff",
            "server": "cloudflare",
            "content-encoding": "gzip",
            "alt-svc": "h3=\":443\"; ma=86400"
        }
    },
    {
        "number": 1,
        "request": "GET https://one.one.one.one/dns/ HTTP/1.1\r\nHost: one.one.one.one\r\nUser-Agent: Mozilla/5.0 (Windows NT 10.0; rv:102.0) Gecko/20100101 Firefox/102.0\r\nAccept: text/html,application/xhtml+xml,application/xml;q=0.9,image/avif,image/webp,*/*;q=0.8\r\nAccept-Encoding: gzip, deflate, br\r\nAccept-Language: en-US,en;q=0.5\r\nDNT: 1\r\nConnection: keep-alive\r\nUpgrade-Insecure-Requests: 1\r\nSec-Fetch-Dest: document\r\nSec-Fetch-Mode: navigate\r\nSec-Fetch-Site: cross-site\r\n\r\n",
        "deviation_count": 0,
        "uri": "https://one.one.one.one/dns/",
        "request_length": 456,
        "Response_Time": 0.0801997184753418,
        "status_code": 200,
        "reason_phrase": "OK",
        "error_message": [
            ""
        ],
        "response_header_count": 14,
        "response_header_length": 14,
        "response_body_length": 822,
        "response_header_fields": {
            "date": "Wed, 25 Oct 2023 12:33:26 GMT",
            "content-type": "text/html; charset=utf-8",
            "transfer-encoding": "chunked",
            "connection": "keep-alive",
            "cf-ray": "81ba7cedb9b7b7b5-AMS",
            "access-control-allow-origin": "*",
            "cache-control": "public, max-age=0, must-revalidate",
            "etag": "W/\"f33d1a01cbb243377add2ef81c261bfd\"",
            "vary": "Accept-Encoding",
            "referrer-policy": "strict-origin-when-cross-origin",
            "x-content-type-options": "nosniff",
            "server": "cloudflare",
            "content-encoding": "gzip",
            "alt-svc": "h3=\":443\"; ma=86400"
        }
    },
    {
        "number": 2,
        "request": "GET https://one.one.one.one/dns/ HTTP/1.1\r\nHost: one.one.one.one\r\nUser-Agent: Mozilla/5.0 (Windows NT 10.0; rv:102.0) Gecko/20100101 Firefox/102.0\r\nAccept: text/html,application/xhtml+xml,application/xml;q=0.9,image/avif,image/webp,*/*;q=0.8\r\nAccept-Encoding: gzip, deflate, br\r\nAccept-Language: en-US,en;q=0.5\r\nDNT: 1\r\nConnection: keep-alive\r\nUpgrade-Insecure-Requests: 1\r\nSec-Fetch-Dest: document\r\nSec-Fetch-Mode: navigate\r\nSec-Fetch-Site: cross-site\r\n\r\n",
        "deviation_count": 0,
        "uri": "https://one.one.one.one/dns/",
        "request_length": 456,
        "Response_Time": 0.0831151008605957,
        "status_code": 200,
        "reason_phrase": "OK",
        "error_message": [
            ""
        ],
        "response_header_count": 14,
        "response_header_length": 14,
        "response_body_length": 15,
        "response_header_fields": {
            "date": "Wed, 25 Oct 2023 12:33:37 GMT",
            "content-type": "text/html; charset=utf-8",
            "transfer-encoding": "chunked",
            "connection": "keep-alive",
            "cf-ray": "81ba7d2eb85d5c37-AMS",
            "access-control-allow-origin": "*",
            "cache-control": "public, max-age=0, must-revalidate",
            "etag": "W/\"f33d1a01cbb243377add2ef81c261bfd\"",
            "vary": "Accept-Encoding",
            "referrer-policy": "strict-origin-when-cross-origin",
            "x-content-type-options": "nosniff",
            "server": "cloudflare",
            "content-encoding": "gzip",
            "alt-svc": "h3=\":443\"; ma=86400"
        }
    },
    {
        "number": 3,
        "request": "GET https://one.one.one.one/dns/ HTTP/1.1\r\nHost: one.one.one.one\r\nUser-Agent: Mozilla/5.0 (Windows NT 10.0; rv:102.0) Gecko/20100101 Firefox/102.0\r\nAccept: text/html,application/xhtml+xml,application/xml;q=0.9,image/avif,image/webp,*/*;q=0.8\r\nAccept-Encoding: gzip, deflate, br\r\nAccept-Language: en-US,en;q=0.5\r\nDNT: 1\r\nConnection: keep-alive\r\nUpgrade-Insecure-Requests: 1\r\nSec-Fetch-Dest: document\r\nSec-Fetch-Mode: navigate\r\nSec-Fetch-Site: cross-site\r\n\r\n",
        "deviation_count": 0,
        "uri": "https://one.one.one.one/dns/",
        "request_length": 456,
        "Response_Time": 0.0946509838104248,
        "status_code": 200,
        "reason_phrase": "OK",
        "error_message": [
            ""
        ],
        "response_header_count": 14,
        "response_header_length": 14,
        "response_body_length": 840,
        "response_header_fields": {
            "date": "Wed, 25 Oct 2023 12:33:48 GMT",
            "content-type": "text/html; charset=utf-8",
            "transfer-encoding": "chunked",
            "connection": "keep-alive",
            "cf-ray": "81ba7d76b8a80e8c-AMS",
            "access-control-allow-origin": "*",
            "cache-control": "public, max-age=0, must-revalidate",
            "etag": "W/\"f33d1a01cbb243377add2ef81c261bfd\"",
            "vary": "Accept-Encoding",
            "referrer-policy": "strict-origin-when-cross-origin",
            "x-content-type-options": "nosniff",
            "server": "cloudflare",
            "content-encoding": "gzip",
            "alt-svc": "h3=\":443\"; ma=86400"
        }
    },
    {
        "number": 4,
        "request": "GET https://one.one.one.one/dns/ HTTP/1.1\r\nHost: one.one.one.one\r\nUser-Agent: Mozilla/5.0 (Windows NT 10.0; rv:102.0) Gecko/20100101 Firefox/102.0\r\nAccept: text/html,application/xhtml+xml,application/xml;q=0.9,image/avif,image/webp,*/*;q=0.8\r\nAccept-Encoding: gzip, deflate, br\r\nAccept-Language: en-US,en;q=0.5\r\nDNT: 1\r\nConnection: keep-alive\r\nUpgrade-Insecure-Requests: 1\r\nSec-Fetch-Dest: document\r\nSec-Fetch-Mode: navigate\r\nSec-Fetch-Site: cross-site\r\n\r\n",
        "deviation_count": 0,
        "uri": "https://one.one.one.one/dns/",
        "request_length": 456,
        "Response_Time": 0.15653419494628906,
        "status_code": 200,
        "reason_phrase": "OK",
        "error_message": [
            ""
        ],
        "response_header_count": 14,
        "response_header_length": 14,
        "response_body_length": 15,
        "response_header_fields": {
            "date": "Wed, 25 Oct 2023 12:33:58 GMT",
            "content-type": "text/html; charset=utf-8",
            "transfer-encoding": "chunked",
            "connection": "keep-alive",
            "cf-ray": "81ba7db34e04b978-AMS",
            "access-control-allow-origin": "*",
            "cache-control": "public, max-age=0, must-revalidate",
            "etag": "W/\"f33d1a01cbb243377add2ef81c261bfd\"",
            "vary": "Accept-Encoding",
            "referrer-policy": "strict-origin-when-cross-origin",
            "x-content-type-options": "nosniff",
            "server": "cloudflare",
            "content-encoding": "gzip",
            "alt-svc": "h3=\":443\"; ma=86400"
        }
    },
    {
        "number": 5,
        "request": "GET https://one.one.one.one/dns/ HTTP/1.1\r\nHost: one.one.one.one\r\nUser-Agent: Mozilla/5.0 (Windows NT 10.0; rv:102.0) Gecko/20100101 Firefox/102.0\r\nAccept: text/html,application/xhtml+xml,application/xml;q=0.9,image/avif,image/webp,*/*;q=0.8\r\nAccept-Encoding: gzip, deflate, br\r\nAccept-Language: en-US,en;q=0.5\r\nDNT: 1\r\nConnection: keep-alive\r\nUpgrade-Insecure-Requests: 1\r\nSec-Fetch-Dest: document\r\nSec-Fetch-Mode: navigate\r\nSec-Fetch-Site: cross-site\r\n\r\n",
        "deviation_count": 0,
        "uri": "https://one.one.one.one/dns/",
        "request_length": 456,
        "Response_Time": 0.09290647506713867,
        "status_code": 200,
        "reason_phrase": "OK",
        "error_message": [
            ""
        ],
        "response_header_count": 14,
        "response_header_length": 14,
        "response_body_length": 840,
        "response_header_fields": {
            "date": "Wed, 25 Oct 2023 12:34:09 GMT",
            "content-type": "text/html; charset=utf-8",
            "transfer-encoding": "chunked",
            "connection": "keep-alive",
            "cf-ray": "81ba7df8fc46b7d6-AMS",
            "access-control-allow-origin": "*",
            "cache-control": "public, max-age=0, must-revalidate",
            "etag": "W/\"f33d1a01cbb243377add2ef81c261bfd\"",
            "vary": "Accept-Encoding",
            "referrer-policy": "strict-origin-when-cross-origin",
            "x-content-type-options": "nosniff",
            "server": "cloudflare",
            "content-encoding": "gzip",
            "alt-svc": "h3=\":443\"; ma=86400"
        }
    },
    {
        "number": 6,
        "request": "GET https://one.one.one.one/dns/ HTTP/1.1\r\nHost: one.one.one.one\r\nUser-Agent: Mozilla/5.0 (Windows NT 10.0; rv:102.0) Gecko/20100101 Firefox/102.0\r\nAccept: text/html,application/xhtml+xml,application/xml;q=0.9,image/avif,image/webp,*/*;q=0.8\r\nAccept-Encoding: gzip, deflate, br\r\nAccept-Language: en-US,en;q=0.5\r\nDNT: 1\r\nConnection: keep-alive\r\nUpgrade-Insecure-Requests: 1\r\nSec-Fetch-Dest: document\r\nSec-Fetch-Mode: navigate\r\nSec-Fetch-Site: cross-site\r\n\r\n",
        "deviation_count": 0,
        "uri": "https://one.one.one.one/dns/",
        "request_length": 456,
        "Response_Time": 0.06088685989379883,
        "status_code": 200,
        "reason_phrase": "OK",
        "error_message": [
            ""
        ],
        "response_header_count": 14,
        "response_header_length": 14,
        "response_body_length": 15,
        "response_header_fields": {
            "date": "Wed, 25 Oct 2023 12:34:19 GMT",
            "content-type": "text/html; charset=utf-8",
            "transfer-encoding": "chunked",
            "connection": "keep-alive",
            "cf-ray": "81ba7e35bb490e18-AMS",
            "access-control-allow-origin": "*",
            "cache-control": "public, max-age=0, must-revalidate",
            "etag": "W/\"f33d1a01cbb243377add2ef81c261bfd\"",
            "vary": "Accept-Encoding",
            "referrer-policy": "strict-origin-when-cross-origin",
            "x-content-type-options": "nosniff",
            "server": "cloudflare",
            "content-encoding": "gzip",
            "alt-svc": "h3=\":443\"; ma=86400"
        }
    },
    {
        "number": 7,
        "request": "GET https://one.one.one.one/dns/ HTTP/1.1\r\nHost: one.one.one.one\r\nUser-Agent: Mozilla/5.0 (Windows NT 10.0; rv:102.0) Gecko/20100101 Firefox/102.0\r\nAccept: text/html,application/xhtml+xml,application/xml;q=0.9,image/avif,image/webp,*/*;q=0.8\r\nAccept-Encoding: gzip, deflate, br\r\nAccept-Language: en-US,en;q=0.5\r\nDNT: 1\r\nConnection: keep-alive\r\nUpgrade-Insecure-Requests: 1\r\nSec-Fetch-Dest: document\r\nSec-Fetch-Mode: navigate\r\nSec-Fetch-Site: cross-site\r\n\r\n",
        "deviation_count": 0,
        "uri": "https://one.one.one.one/dns/",
        "request_length": 456,
        "Response_Time": 0.13810300827026367,
        "status_code": 200,
        "reason_phrase": "OK",
        "error_message": [
            ""
        ],
        "response_header_count": 14,
        "response_header_length": 14,
        "response_body_length": 822,
        "response_header_fields": {
            "date": "Wed, 25 Oct 2023 12:34:28 GMT",
            "content-type": "text/html; charset=utf-8",
            "transfer-encoding": "chunked",
            "connection": "keep-alive",
            "cf-ray": "81ba7e72af0f1c77-AMS",
            "access-control-allow-origin": "*",
            "cache-control": "public, max-age=0, must-revalidate",
            "etag": "W/\"f33d1a01cbb243377add2ef81c261bfd\"",
            "vary": "Accept-Encoding",
            "referrer-policy": "strict-origin-when-cross-origin",
            "x-content-type-options": "nosniff",
            "server": "cloudflare",
            "content-encoding": "gzip",
            "alt-svc": "h3=\":443\"; ma=86400"
        }
    },
    {
        "number": 8,
        "request": "GET https://one.one.one.one/dns/ HTTP/1.1\r\nHost: one.one.one.one\r\nUser-Agent: Mozilla/5.0 (Windows NT 10.0; rv:102.0) Gecko/20100101 Firefox/102.0\r\nAccept: text/html,application/xhtml+xml,application/xml;q=0.9,image/avif,image/webp,*/*;q=0.8\r\nAccept-Encoding: gzip, deflate, br\r\nAccept-Language: en-US,en;q=0.5\r\nDNT: 1\r\nConnection: keep-alive\r\nUpgrade-Insecure-Requests: 1\r\nSec-Fetch-Dest: document\r\nSec-Fetch-Mode: navigate\r\nSec-Fetch-Site: cross-site\r\n\r\n",
        "deviation_count": 0,
        "uri": "https://one.one.one.one/dns/",
        "request_length": 456,
        "Response_Time": 0.07640600204467773,
        "status_code": 200,
        "reason_phrase": "OK",
        "error_message": [
            ""
        ],
        "response_header_count": 14,
        "response_header_length": 14,
        "response_body_length": 15,
        "response_header_fields": {
            "date": "Wed, 25 Oct 2023 12:34:40 GMT",
            "content-type": "text/html; charset=utf-8",
            "transfer-encoding": "chunked",
            "connection": "keep-alive",
            "cf-ray": "81ba7eb97cdc0b84-AMS",
            "access-control-allow-origin": "*",
            "cache-control": "public, max-age=0, must-revalidate",
            "etag": "W/\"f33d1a01cbb243377add2ef81c261bfd\"",
            "vary": "Accept-Encoding",
            "referrer-policy": "strict-origin-when-cross-origin",
            "x-content-type-options": "nosniff",
            "server": "cloudflare",
            "content-encoding": "gzip",
            "alt-svc": "h3=\":443\"; ma=86400"
        }
    },
    {
        "number": 9,
        "request": "GET https://one.one.one.one/dns/ HTTP/1.1\r\nHost: one.one.one.one\r\nUser-Agent: Mozilla/5.0 (Windows NT 10.0; rv:102.0) Gecko/20100101 Firefox/102.0\r\nAccept: text/html,application/xhtml+xml,application/xml;q=0.9,image/avif,image/webp,*/*;q=0.8\r\nAccept-Encoding: gzip, deflate, br\r\nAccept-Language: en-US,en;q=0.5\r\nDNT: 1\r\nConnection: keep-alive\r\nUpgrade-Insecure-Requests: 1\r\nSec-Fetch-Dest: document\r\nSec-Fetch-Mode: navigate\r\nSec-Fetch-Site: cross-site\r\n\r\n",
        "deviation_count": 0,
        "uri": "https://one.one.one.one/dns/",
        "request_length": 456,
        "Response_Time": 0.09664535522460938,
        "status_code": 200,
        "reason_phrase": "OK",
        "error_message": [
            ""
        ],
        "response_header_count": 14,
        "response_header_length": 14,
        "response_body_length": 15,
        "response_header_fields": {
            "date": "Wed, 25 Oct 2023 12:34:50 GMT",
            "content-type": "text/html; charset=utf-8",
            "transfer-encoding": "chunked",
            "connection": "keep-alive",
            "cf-ray": "81ba7ef6ab941cb0-AMS",
            "access-control-allow-origin": "*",
            "cache-control": "public, max-age=0, must-revalidate",
            "etag": "W/\"f33d1a01cbb243377add2ef81c261bfd\"",
            "vary": "Accept-Encoding",
            "referrer-policy": "strict-origin-when-cross-origin",
            "x-content-type-options": "nosniff",
            "server": "cloudflare",
            "content-encoding": "gzip",
            "alt-svc": "h3=\":443\"; ma=86400"
        }
    }
]