number,request,deviation_count,uri,request_length,http_version,Socket_Connect_Time,Socket_Close_Time,Response_Time,status_code,reason_phrase,error_message,response_header_count,response_header_length,response_body_length,response_header_fields
0,"GET https://vk.com/  HTTP/1.1
Host: vk.com
User-Agent: Mozilla/5.0 (Windows NT 10.0; rv:102.0) Gecko/20100101 Firefox/102.0
Accept: text/html,application/xhtml+xml,application/xml;q=0.9,image/avif,image/webp,*/*;q=0.8
Accept-Encoding: gzip, deflate, br
Accept-Language: en-US,en;q=0.5
DNT: 1
Connection: keep-alive
Upgrade-Insecure-Requests: 1
Sec-Fetch-Dest: document
Sec-Fetch-Mode: navigate
Sec-Fetch-Site: cross-site

",0,https://vk.com/,435,HTTP/1.1,0.535496711730957,0.15513181686401367,0.3870701789855957,200,OK,[''],16,16,13020,"{""server"": ""kittenx"", ""date"": ""Wed, 25 Oct 2023 12:33:14 GMT"", ""content-type"": ""text/html; charset=windows-1251"", ""content-length"": ""63823"", ""connection"": ""keep-alive"", ""x-powered-by"": ""KPHP/7.4.114877"", ""set-cookie"": ""remixlgck=4a5c8cecbb4b9670fe; expires=Wed, 23 Oct 2024 02:28:28 GMT; path=/; domain=.vk.com; secure; HttpOnly"", ""cache-control"": ""no-store"", ""content-security-policy"": ""default-src * data: blob: about: vkcalls:;script-src 'self' https://vk.com https://*.vk.com https://vk.ru https://*.vk.ru https://static.vk.me https://*.mail.ru https://r.mradx.net https://s.ytimg.com https://platform.twitter.com https://cdn.syndication.twimg.com https://www.instagram.com https://connect.facebook.net https://telegram.org https://*.yandex.ru https://*.google-analytics.com https://*.youtube.com https://maps.googleapis.com https://translate.googleapis.com https://*.google.com https://google.com https://*.vkpartner.ru https://*.moatads.com https://*.adlooxtracking.ru https://*.serving-sys.ru https://*.weborama-tech.ru https://*.gstatic.com https://*.google.ru https://securepubads.g.doubleclick.net https://cdn.ampproject.org https://www.googletagmanager.com https://googletagmanager.com https://*.vk-cdn.net https://*.hit.gemius.pl https://yastatic.net https://analytics.tiktok.com 'unsafe-inline' 'unsafe-eval' blob:;style-src https://vk.com https://*.vk.com https://vk.ru https://*.vk.ru https://static.vk.me https://r.mradx.net https://ton.twimg.com https://tagmanager.google.com https://platform.twitter.com https://*.googleapis.com 'self' 'unsafe-inline'"", ""x-xss-protection"": ""1; report=/xss_reports"", ""x-frame-options"": ""deny"", ""content-encoding"": ""gzip"", ""x-frontend"": ""front225204"", ""strict-transport-security"": ""max-age=15768000"", ""access-control-expose-headers"": ""X-Frontend"", ""origin-agent-cluster"": ""?0""}"
1,"GET https://vk.com/  HTTP/1.1
Host: vk.com
User-Agent: Mozilla/5.0 (Windows NT 10.0; rv:102.0) Gecko/20100101 Firefox/102.0
Accept: text/html,application/xhtml+xml,application/xml;q=0.9,image/avif,image/webp,*/*;q=0.8
Accept-Encoding: gzip, deflate, br
Accept-Language: en-US,en;q=0.5
DNT: 1
Connection: keep-alive
Upgrade-Insecure-Requests: 1
Sec-Fetch-Dest: document
Sec-Fetch-Mode: navigate
Sec-Fetch-Site: cross-site

",0,https://vk.com/,435,HTTP/1.1,0.186659574508667,0.12473702430725098,0.25569581985473633,200,OK,[''],16,16,13052,"{""server"": ""kittenx"", ""date"": ""Wed, 25 Oct 2023 12:33:26 GMT"", ""content-type"": ""text/html; charset=windows-1251"", ""content-length"": ""63823"", ""connection"": ""keep-alive"", ""x-powered-by"": ""KPHP/7.4.114877"", ""set-cookie"": ""remixlgck=7ed0e82cc251b36e95; expires=Mon, 21 Oct 2024 22:40:42 GMT; path=/; domain=.vk.com; secure; HttpOnly"", ""cache-control"": ""no-store"", ""content-security-policy"": ""default-src * data: blob: about: vkcalls:;script-src 'self' https://vk.com https://*.vk.com https://vk.ru https://*.vk.ru https://static.vk.me https://*.mail.ru https://r.mradx.net https://s.ytimg.com https://platform.twitter.com https://cdn.syndication.twimg.com https://www.instagram.com https://connect.facebook.net https://telegram.org https://*.yandex.ru https://*.google-analytics.com https://*.youtube.com https://maps.googleapis.com https://translate.googleapis.com https://*.google.com https://google.com https://*.vkpartner.ru https://*.moatads.com https://*.adlooxtracking.ru https://*.serving-sys.ru https://*.weborama-tech.ru https://*.gstatic.com https://*.google.ru https://securepubads.g.doubleclick.net https://cdn.ampproject.org https://www.googletagmanager.com https://googletagmanager.com https://*.vk-cdn.net https://*.hit.gemius.pl https://yastatic.net https://analytics.tiktok.com 'unsafe-inline' 'unsafe-eval' blob:;style-src https://vk.com https://*.vk.com https://vk.ru https://*.vk.ru https://static.vk.me https://r.mradx.net https://ton.twimg.com https://tagmanager.google.com https://platform.twitter.com https://*.googleapis.com 'self' 'unsafe-inline'"", ""x-xss-protection"": ""1; report=/xss_reports"", ""x-frame-options"": ""deny"", ""content-encoding"": ""gzip"", ""x-frontend"": ""front225204"", ""strict-transport-security"": ""max-age=15768000"", ""access-control-expose-headers"": ""X-Frontend"", ""origin-agent-cluster"": ""?0""}"
2,"GET https://vk.com/  HTTP/1.1
Host: vk.com
User-Agent: Mozilla/5.0 (Windows NT 10.0; rv:102.0) Gecko/20100101 Firefox/102.0
Accept: text/html,application/xhtml+xml,application/xml;q=0.9,image/avif,image/webp,*/*;q=0.8
Accept-Encoding: gzip, deflate, br
Accept-Language: en-US,en;q=0.5
DNT: 1
Connection: keep-alive
Upgrade-Insecure-Requests: 1
Sec-Fetch-Dest: document
Sec-Fetch-Mode: navigate
Sec-Fetch-Site: cross-site

",0,https://vk.com/,435,HTTP/1.1,0.193831205368042,0.11321520805358887,0.4703071117401123,200,OK,[''],16,16,13047,"{""server"": ""kittenx"", ""date"": ""Wed, 25 Oct 2023 12:33:38 GMT"", ""content-type"": ""text/html; charset=windows-1251"", ""content-length"": ""63900"", ""connection"": ""keep-alive"", ""x-powered-by"": ""KPHP/7.4.114877"", ""set-cookie"": ""remixlgck=b1c8f2f28855b44b2a; expires=Wed, 23 Oct 2024 19:05:36 GMT; path=/; domain=.vk.com; secure; HttpOnly"", ""cache-control"": ""no-store"", ""content-security-policy"": ""default-src * data: blob: about: vkcalls:;script-src 'self' https://vk.com https://*.vk.com https://vk.ru https://*.vk.ru https://static.vk.me https://*.mail.ru https://r.mradx.net https://s.ytimg.com https://platform.twitter.com https://cdn.syndication.twimg.com https://www.instagram.com https://connect.facebook.net https://telegram.org https://*.yandex.ru https://*.google-analytics.com https://*.youtube.com https://maps.googleapis.com https://translate.googleapis.com https://*.google.com https://google.com https://*.vkpartner.ru https://*.moatads.com https://*.adlooxtracking.ru https://*.serving-sys.ru https://*.weborama-tech.ru https://*.gstatic.com https://*.google.ru https://securepubads.g.doubleclick.net https://cdn.ampproject.org https://www.googletagmanager.com https://googletagmanager.com https://*.vk-cdn.net https://*.hit.gemius.pl https://yastatic.net https://analytics.tiktok.com 'unsafe-inline' 'unsafe-eval' blob:;style-src https://vk.com https://*.vk.com https://vk.ru https://*.vk.ru https://static.vk.me https://r.mradx.net https://ton.twimg.com https://tagmanager.google.com https://platform.twitter.com https://*.googleapis.com 'self' 'unsafe-inline';report-uri /csp"", ""x-xss-protection"": ""1; report=/xss_reports"", ""x-frame-options"": ""deny"", ""content-encoding"": ""gzip"", ""x-frontend"": ""front225204"", ""strict-transport-security"": ""max-age=15768000"", ""access-control-expose-headers"": ""X-Frontend"", ""origin-agent-cluster"": ""?0""}"
3,"GET https://vk.com/  HTTP/1.1
Host: vk.com
User-Agent: Mozilla/5.0 (Windows NT 10.0; rv:102.0) Gecko/20100101 Firefox/102.0
Accept: text/html,application/xhtml+xml,application/xml;q=0.9,image/avif,image/webp,*/*;q=0.8
Accept-Encoding: gzip, deflate, br
Accept-Language: en-US,en;q=0.5
DNT: 1
Connection: keep-alive
Upgrade-Insecure-Requests: 1
Sec-Fetch-Dest: document
Sec-Fetch-Mode: navigate
Sec-Fetch-Site: cross-site

",0,https://vk.com/,435,HTTP/1.1,0.18790960311889648,0.11592292785644531,1.0082283020019531,200,OK,[''],16,16,13018,"{""server"": ""kittenx"", ""date"": ""Wed, 25 Oct 2023 12:33:51 GMT"", ""content-type"": ""text/html; charset=windows-1251"", ""content-length"": ""63896"", ""connection"": ""keep-alive"", ""x-powered-by"": ""KPHP/7.4.114877"", ""set-cookie"": ""remixlgck=a872e332947ed6b24a; expires=Wed, 30 Oct 2024 21:27:32 GMT; path=/; domain=.vk.com; secure; HttpOnly"", ""cache-control"": ""no-store"", ""content-security-policy"": ""default-src * data: blob: about: vkcalls:;script-src 'self' https://vk.com https://*.vk.com https://vk.ru https://*.vk.ru https://static.vk.me https://*.mail.ru https://r.mradx.net https://s.ytimg.com https://platform.twitter.com https://cdn.syndication.twimg.com https://www.instagram.com https://connect.facebook.net https://telegram.org https://*.yandex.ru https://*.google-analytics.com https://*.youtube.com https://maps.googleapis.com https://translate.googleapis.com https://*.google.com https://google.com https://*.vkpartner.ru https://*.moatads.com https://*.adlooxtracking.ru https://*.serving-sys.ru https://*.weborama-tech.ru https://*.gstatic.com https://*.google.ru https://securepubads.g.doubleclick.net https://cdn.ampproject.org https://www.googletagmanager.com https://googletagmanager.com https://*.vk-cdn.net https://*.hit.gemius.pl https://yastatic.net https://analytics.tiktok.com 'unsafe-inline' 'unsafe-eval' blob:;style-src https://vk.com https://*.vk.com https://vk.ru https://*.vk.ru https://static.vk.me https://r.mradx.net https://ton.twimg.com https://tagmanager.google.com https://platform.twitter.com https://*.googleapis.com 'self' 'unsafe-inline'"", ""x-xss-protection"": ""1; report=/xss_reports"", ""x-frame-options"": ""deny"", ""content-encoding"": ""gzip"", ""x-frontend"": ""front225204"", ""strict-transport-security"": ""max-age=15768000"", ""access-control-expose-headers"": ""X-Frontend"", ""origin-agent-cluster"": ""?0""}"
4,"GET https://vk.com/  HTTP/1.1
Host: vk.com
User-Agent: Mozilla/5.0 (Windows NT 10.0; rv:102.0) Gecko/20100101 Firefox/102.0
Accept: text/html,application/xhtml+xml,application/xml;q=0.9,image/avif,image/webp,*/*;q=0.8
Accept-Encoding: gzip, deflate, br
Accept-Language: en-US,en;q=0.5
DNT: 1
Connection: keep-alive
Upgrade-Insecure-Requests: 1
Sec-Fetch-Dest: document
Sec-Fetch-Mode: navigate
Sec-Fetch-Site: cross-site

",0,https://vk.com/,435,HTTP/1.1,0.2006235122680664,0.10619235038757324,0.22546792030334473,200,OK,[''],16,16,13025,"{""server"": ""kittenx"", ""date"": ""Wed, 25 Oct 2023 12:34:04 GMT"", ""content-type"": ""text/html; charset=windows-1251"", ""content-length"": ""63826"", ""connection"": ""keep-alive"", ""x-powered-by"": ""KPHP/7.4.114877"", ""set-cookie"": ""remixlgck=ba97186326d62afee6; expires=Tue, 22 Oct 2024 12:45:45 GMT; path=/; domain=.vk.com; secure; HttpOnly"", ""cache-control"": ""no-store"", ""content-security-policy"": ""default-src * data: blob: about: vkcalls:;script-src 'self' https://vk.com https://*.vk.com https://vk.ru https://*.vk.ru https://static.vk.me https://*.mail.ru https://r.mradx.net https://s.ytimg.com https://platform.twitter.com https://cdn.syndication.twimg.com https://www.instagram.com https://connect.facebook.net https://telegram.org https://*.yandex.ru https://*.google-analytics.com https://*.youtube.com https://maps.googleapis.com https://translate.googleapis.com https://*.google.com https://google.com https://*.vkpartner.ru https://*.moatads.com https://*.adlooxtracking.ru https://*.serving-sys.ru https://*.weborama-tech.ru https://*.gstatic.com https://*.google.ru https://securepubads.g.doubleclick.net https://cdn.ampproject.org https://www.googletagmanager.com https://googletagmanager.com https://*.vk-cdn.net https://*.hit.gemius.pl https://yastatic.net https://analytics.tiktok.com 'unsafe-inline' 'unsafe-eval' blob:;style-src https://vk.com https://*.vk.com https://vk.ru https://*.vk.ru https://static.vk.me https://r.mradx.net https://ton.twimg.com https://tagmanager.google.com https://platform.twitter.com https://*.googleapis.com 'self' 'unsafe-inline';report-uri /csp"", ""x-xss-protection"": ""1; report=/xss_reports"", ""x-frame-options"": ""deny"", ""content-encoding"": ""gzip"", ""x-frontend"": ""front225204"", ""strict-transport-security"": ""max-age=15768000"", ""access-control-expose-headers"": ""X-Frontend"", ""origin-agent-cluster"": ""?0""}"
5,"GET https://vk.com/  HTTP/1.1
Host: vk.com
User-Agent: Mozilla/5.0 (Windows NT 10.0; rv:102.0) Gecko/20100101 Firefox/102.0
Accept: text/html,application/xhtml+xml,application/xml;q=0.9,image/avif,image/webp,*/*;q=0.8
Accept-Encoding: gzip, deflate, br
Accept-Language: en-US,en;q=0.5
DNT: 1
Connection: keep-alive
Upgrade-Insecure-Requests: 1
Sec-Fetch-Dest: document
Sec-Fetch-Mode: navigate
Sec-Fetch-Site: cross-site

",0,https://vk.com/,435,HTTP/1.1,0.3581101894378662,0.11380624771118164,0.42665982246398926,200,OK,[''],16,16,13012,"{""server"": ""kittenx"", ""date"": ""Wed, 25 Oct 2023 12:34:16 GMT"", ""content-type"": ""text/html; charset=windows-1251"", ""content-length"": ""63895"", ""connection"": ""keep-alive"", ""x-powered-by"": ""KPHP/7.4.114877"", ""set-cookie"": ""remixlgck=1575eaaafe267d37d5; expires=Wed, 23 Oct 2024 11:39:31 GMT; path=/; domain=.vk.com; secure; HttpOnly"", ""cache-control"": ""no-store"", ""content-security-policy"": ""default-src * data: blob: about: vkcalls:;script-src 'self' https://vk.com https://*.vk.com https://vk.ru https://*.vk.ru https://static.vk.me https://*.mail.ru https://r.mradx.net https://s.ytimg.com https://platform.twitter.com https://cdn.syndication.twimg.com https://www.instagram.com https://connect.facebook.net https://telegram.org https://*.yandex.ru https://*.google-analytics.com https://*.youtube.com https://maps.googleapis.com https://translate.googleapis.com https://*.google.com https://google.com https://*.vkpartner.ru https://*.moatads.com https://*.adlooxtracking.ru https://*.serving-sys.ru https://*.weborama-tech.ru https://*.gstatic.com https://*.google.ru https://securepubads.g.doubleclick.net https://cdn.ampproject.org https://www.googletagmanager.com https://googletagmanager.com https://*.vk-cdn.net https://*.hit.gemius.pl https://yastatic.net https://analytics.tiktok.com 'unsafe-inline' 'unsafe-eval' blob:;style-src https://vk.com https://*.vk.com https://vk.ru https://*.vk.ru https://static.vk.me https://r.mradx.net https://ton.twimg.com https://tagmanager.google.com https://platform.twitter.com https://*.googleapis.com 'self' 'unsafe-inline';report-uri /csp"", ""x-xss-protection"": ""1; report=/xss_reports"", ""x-frame-options"": ""deny"", ""content-encoding"": ""gzip"", ""x-frontend"": ""front225204"", ""strict-transport-security"": ""max-age=15768000"", ""access-control-expose-headers"": ""X-Frontend"", ""origin-agent-cluster"": ""?0""}"
6,"GET https://vk.com/  HTTP/1.1
Host: vk.com
User-Agent: Mozilla/5.0 (Windows NT 10.0; rv:102.0) Gecko/20100101 Firefox/102.0
Accept: text/html,application/xhtml+xml,application/xml;q=0.9,image/avif,image/webp,*/*;q=0.8
Accept-Encoding: gzip, deflate, br
Accept-Language: en-US,en;q=0.5
DNT: 1
Connection: keep-alive
Upgrade-Insecure-Requests: 1
Sec-Fetch-Dest: document
Sec-Fetch-Mode: navigate
Sec-Fetch-Site: cross-site

",0,https://vk.com/,435,HTTP/1.1,0.16659975051879883,0.1019139289855957,0.2159414291381836,200,OK,[''],16,16,12993,"{""server"": ""kittenx"", ""date"": ""Wed, 25 Oct 2023 12:34:28 GMT"", ""content-type"": ""text/html; charset=windows-1251"", ""content-length"": ""63895"", ""connection"": ""keep-alive"", ""x-powered-by"": ""KPHP/7.4.114877"", ""set-cookie"": ""remixlgck=9d03d2c2a89308d5ed; expires=Thu, 17 Oct 2024 15:18:53 GMT; path=/; domain=.vk.com; secure; HttpOnly"", ""cache-control"": ""no-store"", ""content-security-policy"": ""default-src * data: blob: about: vkcalls:;script-src 'self' https://vk.com https://*.vk.com https://vk.ru https://*.vk.ru https://static.vk.me https://*.mail.ru https://r.mradx.net https://s.ytimg.com https://platform.twitter.com https://cdn.syndication.twimg.com https://www.instagram.com https://connect.facebook.net https://telegram.org https://*.yandex.ru https://*.google-analytics.com https://*.youtube.com https://maps.googleapis.com https://translate.googleapis.com https://*.google.com https://google.com https://*.vkpartner.ru https://*.moatads.com https://*.adlooxtracking.ru https://*.serving-sys.ru https://*.weborama-tech.ru https://*.gstatic.com https://*.google.ru https://securepubads.g.doubleclick.net https://cdn.ampproject.org https://www.googletagmanager.com https://googletagmanager.com https://*.vk-cdn.net https://*.hit.gemius.pl https://yastatic.net https://analytics.tiktok.com 'unsafe-inline' 'unsafe-eval' blob:;style-src https://vk.com https://*.vk.com https://vk.ru https://*.vk.ru https://static.vk.me https://r.mradx.net https://ton.twimg.com https://tagmanager.google.com https://platform.twitter.com https://*.googleapis.com 'self' 'unsafe-inline';report-uri /csp"", ""x-xss-protection"": ""1; report=/xss_reports"", ""x-frame-options"": ""deny"", ""content-encoding"": ""gzip"", ""x-frontend"": ""front225204"", ""strict-transport-security"": ""max-age=15768000"", ""access-control-expose-headers"": ""X-Frontend"", ""origin-agent-cluster"": ""?0""}"
7,"GET https://vk.com/  HTTP/1.1
Host: vk.com
User-Agent: Mozilla/5.0 (Windows NT 10.0; rv:102.0) Gecko/20100101 Firefox/102.0
Accept: text/html,application/xhtml+xml,application/xml;q=0.9,image/avif,image/webp,*/*;q=0.8
Accept-Encoding: gzip, deflate, br
Accept-Language: en-US,en;q=0.5
DNT: 1
Connection: keep-alive
Upgrade-Insecure-Requests: 1
Sec-Fetch-Dest: document
Sec-Fetch-Mode: navigate
Sec-Fetch-Site: cross-site

",0,https://vk.com/,435,HTTP/1.1,0.274139404296875,0.11861252784729004,0.2415168285369873,200,OK,[''],16,16,12975,"{""server"": ""kittenx"", ""date"": ""Wed, 25 Oct 2023 12:34:40 GMT"", ""content-type"": ""text/html; charset=windows-1251"", ""content-length"": ""63818"", ""connection"": ""keep-alive"", ""x-powered-by"": ""KPHP/7.4.114877"", ""set-cookie"": ""remixlgck=3f62b181b41b9e7a0f; expires=Sat, 26 Oct 2024 04:28:37 GMT; path=/; domain=.vk.com; secure; HttpOnly"", ""cache-control"": ""no-store"", ""content-security-policy"": ""default-src * data: blob: about: vkcalls:;script-src 'self' https://vk.com https://*.vk.com https://vk.ru https://*.vk.ru https://static.vk.me https://*.mail.ru https://r.mradx.net https://s.ytimg.com https://platform.twitter.com https://cdn.syndication.twimg.com https://www.instagram.com https://connect.facebook.net https://telegram.org https://*.yandex.ru https://*.google-analytics.com https://*.youtube.com https://maps.googleapis.com https://translate.googleapis.com https://*.google.com https://google.com https://*.vkpartner.ru https://*.moatads.com https://*.adlooxtracking.ru https://*.serving-sys.ru https://*.weborama-tech.ru https://*.gstatic.com https://*.google.ru https://securepubads.g.doubleclick.net https://cdn.ampproject.org https://www.googletagmanager.com https://googletagmanager.com https://*.vk-cdn.net https://*.hit.gemius.pl https://yastatic.net https://analytics.tiktok.com 'unsafe-inline' 'unsafe-eval' blob:;style-src https://vk.com https://*.vk.com https://vk.ru https://*.vk.ru https://static.vk.me https://r.mradx.net https://ton.twimg.com https://tagmanager.google.com https://platform.twitter.com https://*.googleapis.com 'self' 'unsafe-inline';report-uri /csp"", ""x-xss-protection"": ""1; report=/xss_reports"", ""x-frame-options"": ""deny"", ""content-encoding"": ""gzip"", ""x-frontend"": ""front225204"", ""strict-transport-security"": ""max-age=15768000"", ""access-control-expose-headers"": ""X-Frontend"", ""origin-agent-cluster"": ""?0""}"
8,"GET https://vk.com/  HTTP/1.1
Host: vk.com
User-Agent: Mozilla/5.0 (Windows NT 10.0; rv:102.0) Gecko/20100101 Firefox/102.0
Accept: text/html,application/xhtml+xml,application/xml;q=0.9,image/avif,image/webp,*/*;q=0.8
Accept-Encoding: gzip, deflate, br
Accept-Language: en-US,en;q=0.5
DNT: 1
Connection: keep-alive
Upgrade-Insecure-Requests: 1
Sec-Fetch-Dest: document
Sec-Fetch-Mode: navigate
Sec-Fetch-Site: cross-site

",0,https://vk.com/,435,HTTP/1.1,0.20944881439208984,0.10535931587219238,0.33490705490112305,200,OK,[''],16,16,13022,"{""server"": ""kittenx"", ""date"": ""Wed, 25 Oct 2023 12:34:50 GMT"", ""content-type"": ""text/html; charset=windows-1251"", ""content-length"": ""63898"", ""connection"": ""keep-alive"", ""x-powered-by"": ""KPHP/7.4.114877"", ""set-cookie"": ""remixlgck=a1d72df205bf79249d; expires=Tue, 29 Oct 2024 07:19:36 GMT; path=/; domain=.vk.com; secure; HttpOnly"", ""cache-control"": ""no-store"", ""content-security-policy"": ""default-src * data: blob: about: vkcalls:;script-src 'self' https://vk.com https://*.vk.com https://vk.ru https://*.vk.ru https://static.vk.me https://*.mail.ru https://r.mradx.net https://s.ytimg.com https://platform.twitter.com https://cdn.syndication.twimg.com https://www.instagram.com https://connect.facebook.net https://telegram.org https://*.yandex.ru https://*.google-analytics.com https://*.youtube.com https://maps.googleapis.com https://translate.googleapis.com https://*.google.com https://google.com https://*.vkpartner.ru https://*.moatads.com https://*.adlooxtracking.ru https://*.serving-sys.ru https://*.weborama-tech.ru https://*.gstatic.com https://*.google.ru https://securepubads.g.doubleclick.net https://cdn.ampproject.org https://www.googletagmanager.com https://googletagmanager.com https://*.vk-cdn.net https://*.hit.gemius.pl https://yastatic.net https://analytics.tiktok.com 'unsafe-inline' 'unsafe-eval' blob:;style-src https://vk.com https://*.vk.com https://vk.ru https://*.vk.ru https://static.vk.me https://r.mradx.net https://ton.twimg.com https://tagmanager.google.com https://platform.twitter.com https://*.googleapis.com 'self' 'unsafe-inline';report-uri /csp"", ""x-xss-protection"": ""1; report=/xss_reports"", ""x-frame-options"": ""deny"", ""content-encoding"": ""gzip"", ""x-frontend"": ""front225204"", ""strict-transport-security"": ""max-age=15768000"", ""access-control-expose-headers"": ""X-Frontend"", ""origin-agent-cluster"": ""?0""}"
9,"GET https://vk.com/  HTTP/1.1
Host: vk.com
User-Agent: Mozilla/5.0 (Windows NT 10.0; rv:102.0) Gecko/20100101 Firefox/102.0
Accept: text/html,application/xhtml+xml,application/xml;q=0.9,image/avif,image/webp,*/*;q=0.8
Accept-Encoding: gzip, deflate, br
Accept-Language: en-US,en;q=0.5
DNT: 1
Connection: keep-alive
Upgrade-Insecure-Requests: 1
Sec-Fetch-Dest: document
Sec-Fetch-Mode: navigate
Sec-Fetch-Site: cross-site

",0,https://vk.com/,435,HTTP/1.1,0.2277207374572754,0.1074376106262207,0.2535715103149414,200,OK,[''],16,16,13023,"{""server"": ""kittenx"", ""date"": ""Wed, 25 Oct 2023 12:35:02 GMT"", ""content-type"": ""text/html; charset=windows-1251"", ""content-length"": ""63893"", ""connection"": ""keep-alive"", ""x-powered-by"": ""KPHP/7.4.114877"", ""set-cookie"": ""remixlgck=d6968e06c5f57d2324; expires=Fri, 18 Oct 2024 09:43:23 GMT; path=/; domain=.vk.com; secure; HttpOnly"", ""cache-control"": ""no-store"", ""content-security-policy"": ""default-src * data: blob: about: vkcalls:;script-src 'self' https://vk.com https://*.vk.com https://vk.ru https://*.vk.ru https://static.vk.me https://*.mail.ru https://r.mradx.net https://s.ytimg.com https://platform.twitter.com https://cdn.syndication.twimg.com https://www.instagram.com https://connect.facebook.net https://telegram.org https://*.yandex.ru https://*.google-analytics.com https://*.youtube.com https://maps.googleapis.com https://translate.googleapis.com https://*.google.com https://google.com https://*.vkpartner.ru https://*.moatads.com https://*.adlooxtracking.ru https://*.serving-sys.ru https://*.weborama-tech.ru https://*.gstatic.com https://*.google.ru https://securepubads.g.doubleclick.net https://cdn.ampproject.org https://www.googletagmanager.com https://googletagmanager.com https://*.vk-cdn.net https://*.hit.gemius.pl https://yastatic.net https://analytics.tiktok.com 'unsafe-inline' 'unsafe-eval' blob:;style-src https://vk.com https://*.vk.com https://vk.ru https://*.vk.ru https://static.vk.me https://r.mradx.net https://ton.twimg.com https://tagmanager.google.com https://platform.twitter.com https://*.googleapis.com 'self' 'unsafe-inline'"", ""x-xss-protection"": ""1; report=/xss_reports"", ""x-frame-options"": ""deny"", ""content-encoding"": ""gzip"", ""x-frontend"": ""front225204"", ""strict-transport-security"": ""max-age=15768000"", ""access-control-expose-headers"": ""X-Frontend"", ""origin-agent-cluster"": ""?0""}"
