[
    {
        "number": 0,
        "request": "GET https://vk.com/  HTTP/1.1\r\nHost: vk.com\r\nUser-Agent: Mozilla/5.0 (Windows NT 10.0; rv:102.0) Gecko/20100101 Firefox/102.0\r\nAccept: text/html,application/xhtml+xml,application/xml;q=0.9,image/avif,image/webp,*/*;q=0.8\r\nAccept-Encoding: gzip, deflate, br\r\nAccept-Language: en-US,en;q=0.5\r\nDNT: 1\r\nConnection: keep-alive\r\nUpgrade-Insecure-Requests: 1\r\nSec-Fetch-Dest: document\r\nSec-Fetch-Mode: navigate\r\nSec-Fetch-Site: cross-site\r\n\r\n",
        "deviation_count": 0,
        "uri": "https://vk.com/",
        "request_length": 435,
        "Response_Time": 0.3870701789855957,
        "status_code": 200,
        "reason_phrase": "OK",
        "error_message": [
            ""
        ],
        "response_header_count": 16,
        "response_header_length": 16,
        "response_body_length": 13020,
        "response_header_fields": {
            "server": "kittenx",
            "date": "Wed, 25 Oct 2023 12:33:14 GMT",
            "content-type": "text/html; charset=windows-1251",
            "content-length": "63823",
            "connection": "keep-alive",
            "x-powered-by": "KPHP/7.4.114877",
            "set-cookie": "remixlgck=4a5c8cecbb4b9670fe; expires=Wed, 23 Oct 2024 02:28:28 GMT; path=/; domain=.vk.com; secure; HttpOnly",
            "cache-control": "no-store",
            "content-security-policy": "default-src * data: blob: about: vkcalls:;script-src 'self' https://vk.com https://*.vk.com https://vk.ru https://*.vk.ru https://static.vk.me https://*.mail.ru https://r.mradx.net https://s.ytimg.com https://platform.twitter.com https://cdn.syndication.twimg.com https://www.instagram.com https://connect.facebook.net https://telegram.org https://*.yandex.ru https://*.google-analytics.com https://*.youtube.com https://maps.googleapis.com https://translate.googleapis.com https://*.google.com https://google.com https://*.vkpartner.ru https://*.moatads.com https://*.adlooxtracking.ru https://*.serving-sys.ru https://*.weborama-tech.ru https://*.gstatic.com https://*.google.ru https://securepubads.g.doubleclick.net https://cdn.ampproject.org https://www.googletagmanager.com https://googletagmanager.com https://*.vk-cdn.net https://*.hit.gemius.pl https://yastatic.net https://analytics.tiktok.com 'unsafe-inline' 'unsafe-eval' blob:;style-src https://vk.com https://*.vk.com https://vk.ru https://*.vk.ru https://static.vk.me https://r.mradx.net https://ton.twimg.com https://tagmanager.google.com https://platform.twitter.com https://*.googleapis.com 'self' 'unsafe-inline'",
            "x-xss-protection": "1; report=/xss_reports",
            "x-frame-options": "deny",
            "content-encoding": "gzip",
            "x-frontend": "front225204",
            "strict-transport-security": "max-age=15768000",
            "access-control-expose-headers": "X-Frontend",
            "origin-agent-cluster": "?0"
        }
    },
    {
        "number": 1,
        "request": "GET https://vk.com/  HTTP/1.1\r\nHost: vk.com\r\nUser-Agent: Mozilla/5.0 (Windows NT 10.0; rv:102.0) Gecko/20100101 Firefox/102.0\r\nAccept: text/html,application/xhtml+xml,application/xml;q=0.9,image/avif,image/webp,*/*;q=0.8\r\nAccept-Encoding: gzip, deflate, br\r\nAccept-Language: en-US,en;q=0.5\r\nDNT: 1\r\nConnection: keep-alive\r\nUpgrade-Insecure-Requests: 1\r\nSec-Fetch-Dest: document\r\nSec-Fetch-Mode: navigate\r\nSec-Fetch-Site: cross-site\r\n\r\n",
        "deviation_count": 0,
        "uri": "https://vk.com/",
        "request_length": 435,
        "Response_Time": 0.25569581985473633,
        "status_code": 200,
        "reason_phrase": "OK",
        "error_message": [
            ""
        ],
        "response_header_count": 16,
        "response_header_length": 16,
        "response_body_length": 13052,
        "response_header_fields": {
            "server": "kittenx",
            "date": "Wed, 25 Oct 2023 12:33:26 GMT",
            "content-type": "text/html; charset=windows-1251",
            "content-length": "63823",
            "connection": "keep-alive",
            "x-powered-by": "KPHP/7.4.114877",
            "set-cookie": "remixlgck=7ed0e82cc251b36e95; expires=Mon, 21 Oct 2024 22:40:42 GMT; path=/; domain=.vk.com; secure; HttpOnly",
            "cache-control": "no-store",
            "content-security-policy": "default-src * data: blob: about: vkcalls:;script-src 'self' https://vk.com https://*.vk.com https://vk.ru https://*.vk.ru https://static.vk.me https://*.mail.ru https://r.mradx.net https://s.ytimg.com https://platform.twitter.com https://cdn.syndication.twimg.com https://www.instagram.com https://connect.facebook.net https://telegram.org https://*.yandex.ru https://*.google-analytics.com https://*.youtube.com https://maps.googleapis.com https://translate.googleapis.com https://*.google.com https://google.com https://*.vkpartner.ru https://*.moatads.com https://*.adlooxtracking.ru https://*.serving-sys.ru https://*.weborama-tech.ru https://*.gstatic.com https://*.google.ru https://securepubads.g.doubleclick.net https://cdn.ampproject.org https://www.googletagmanager.com https://googletagmanager.com https://*.vk-cdn.net https://*.hit.gemius.pl https://yastatic.net https://analytics.tiktok.com 'unsafe-inline' 'unsafe-eval' blob:;style-src https://vk.com https://*.vk.com https://vk.ru https://*.vk.ru https://static.vk.me https://r.mradx.net https://ton.twimg.com https://tagmanager.google.com https://platform.twitter.com https://*.googleapis.com 'self' 'unsafe-inline'",
            "x-xss-protection": "1; report=/xss_reports",
            "x-frame-options": "deny",
            "content-encoding": "gzip",
            "x-frontend": "front225204",
            "strict-transport-security": "max-age=15768000",
            "access-control-expose-headers": "X-Frontend",
            "origin-agent-cluster": "?0"
        }
    },
    {
        "number": 2,
        "request": "GET https://vk.com/  HTTP/1.1\r\nHost: vk.com\r\nUser-Agent: Mozilla/5.0 (Windows NT 10.0; rv:102.0) Gecko/20100101 Firefox/102.0\r\nAccept: text/html,application/xhtml+xml,application/xml;q=0.9,image/avif,image/webp,*/*;q=0.8\r\nAccept-Encoding: gzip, deflate, br\r\nAccept-Language: en-US,en;q=0.5\r\nDNT: 1\r\nConnection: keep-alive\r\nUpgrade-Insecure-Requests: 1\r\nSec-Fetch-Dest: document\r\nSec-Fetch-Mode: navigate\r\nSec-Fetch-Site: cross-site\r\n\r\n",
        "deviation_count": 0,
        "uri": "https://vk.com/",
        "request_length": 435,
        "Response_Time": 0.4703071117401123,
        "status_code": 200,
        "reason_phrase": "OK",
        "error_message": [
            ""
        ],
        "response_header_count": 16,
        "response_header_length": 16,
        "response_body_length": 13047,
        "response_header_fields": {
            "server": "kittenx",
            "date": "Wed, 25 Oct 2023 12:33:38 GMT",
            "content-type": "text/html; charset=windows-1251",
            "content-length": "63900",
            "connection": "keep-alive",
            "x-powered-by": "KPHP/7.4.114877",
            "set-cookie": "remixlgck=b1c8f2f28855b44b2a; expires=Wed, 23 Oct 2024 19:05:36 GMT; path=/; domain=.vk.com; secure; HttpOnly",
            "cache-control": "no-store",
            "content-security-policy": "default-src * data: blob: about: vkcalls:;script-src 'self' https://vk.com https://*.vk.com https://vk.ru https://*.vk.ru https://static.vk.me https://*.mail.ru https://r.mradx.net https://s.ytimg.com https://platform.twitter.com https://cdn.syndication.twimg.com https://www.instagram.com https://connect.facebook.net https://telegram.org https://*.yandex.ru https://*.google-analytics.com https://*.youtube.com https://maps.googleapis.com https://translate.googleapis.com https://*.google.com https://google.com https://*.vkpartner.ru https://*.moatads.com https://*.adlooxtracking.ru https://*.serving-sys.ru https://*.weborama-tech.ru https://*.gstatic.com https://*.google.ru https://securepubads.g.doubleclick.net https://cdn.ampproject.org https://www.googletagmanager.com https://googletagmanager.com https://*.vk-cdn.net https://*.hit.gemius.pl https://yastatic.net https://analytics.tiktok.com 'unsafe-inline' 'unsafe-eval' blob:;style-src https://vk.com https://*.vk.com https://vk.ru https://*.vk.ru https://static.vk.me https://r.mradx.net https://ton.twimg.com https://tagmanager.google.com https://platform.twitter.com https://*.googleapis.com 'self' 'unsafe-inline';report-uri /csp",
            "x-xss-protection": "1; report=/xss_reports",
            "x-frame-options": "deny",
            "content-encoding": "gzip",
            "x-frontend": "front225204",
            "strict-transport-security": "max-age=15768000",
            "access-control-expose-headers": "X-Frontend",
            "origin-agent-cluster": "?0"
        }
    },
    {
        "number": 3,
        "request": "GET https://vk.com/  HTTP/1.1\r\nHost: vk.com\r\nUser-Agent: Mozilla/5.0 (Windows NT 10.0; rv:102.0) Gecko/20100101 Firefox/102.0\r\nAccept: text/html,application/xhtml+xml,application/xml;q=0.9,image/avif,image/webp,*/*;q=0.8\r\nAccept-Encoding: gzip, deflate, br\r\nAccept-Language: en-US,en;q=0.5\r\nDNT: 1\r\nConnection: keep-alive\r\nUpgrade-Insecure-Requests: 1\r\nSec-Fetch-Dest: document\r\nSec-Fetch-Mode: navigate\r\nSec-Fetch-Site: cross-site\r\n\r\n",
        "deviation_count": 0,
        "uri": "https://vk.com/",
        "request_length": 435,
        "Response_Time": 1.0082283020019531,
        "status_code": 200,
        "reason_phrase": "OK",
        "error_message": [
            ""
        ],
        "response_header_count": 16,
        "response_header_length": 16,
        "response_body_length": 13018,
        "response_header_fields": {
            "server": "kittenx",
            "date": "Wed, 25 Oct 2023 12:33:51 GMT",
            "content-type": "text/html; charset=windows-1251",
            "content-length": "63896",
            "connection": "keep-alive",
            "x-powered-by": "KPHP/7.4.114877",
            "set-cookie": "remixlgck=a872e332947ed6b24a; expires=Wed, 30 Oct 2024 21:27:32 GMT; path=/; domain=.vk.com; secure; HttpOnly",
            "cache-control": "no-store",
            "content-security-policy": "default-src * data: blob: about: vkcalls:;script-src 'self' https://vk.com https://*.vk.com https://vk.ru https://*.vk.ru https://static.vk.me https://*.mail.ru https://r.mradx.net https://s.ytimg.com https://platform.twitter.com https://cdn.syndication.twimg.com https://www.instagram.com https://connect.facebook.net https://telegram.org https://*.yandex.ru https://*.google-analytics.com https://*.youtube.com https://maps.googleapis.com https://translate.googleapis.com https://*.google.com https://google.com https://*.vkpartner.ru https://*.moatads.com https://*.adlooxtracking.ru https://*.serving-sys.ru https://*.weborama-tech.ru https://*.gstatic.com https://*.google.ru https://securepubads.g.doubleclick.net https://cdn.ampproject.org https://www.googletagmanager.com https://googletagmanager.com https://*.vk-cdn.net https://*.hit.gemius.pl https://yastatic.net https://analytics.tiktok.com 'unsafe-inline' 'unsafe-eval' blob:;style-src https://vk.com https://*.vk.com https://vk.ru https://*.vk.ru https://static.vk.me https://r.mradx.net https://ton.twimg.com https://tagmanager.google.com https://platform.twitter.com https://*.googleapis.com 'self' 'unsafe-inline'",
            "x-xss-protection": "1; report=/xss_reports",
            "x-frame-options": "deny",
            "content-encoding": "gzip",
            "x-frontend": "front225204",
            "strict-transport-security": "max-age=15768000",
            "access-control-expose-headers": "X-Frontend",
            "origin-agent-cluster": "?0"
        }
    },
    {
        "number": 4,
        "request": "GET https://vk.com/  HTTP/1.1\r\nHost: vk.com\r\nUser-Agent: Mozilla/5.0 (Windows NT 10.0; rv:102.0) Gecko/20100101 Firefox/102.0\r\nAccept: text/html,application/xhtml+xml,application/xml;q=0.9,image/avif,image/webp,*/*;q=0.8\r\nAccept-Encoding: gzip, deflate, br\r\nAccept-Language: en-US,en;q=0.5\r\nDNT: 1\r\nConnection: keep-alive\r\nUpgrade-Insecure-Requests: 1\r\nSec-Fetch-Dest: document\r\nSec-Fetch-Mode: navigate\r\nSec-Fetch-Site: cross-site\r\n\r\n",
        "deviation_count": 0,
        "uri": "https://vk.com/",
        "request_length": 435,
        "Response_Time": 0.22546792030334473,
        "status_code": 200,
        "reason_phrase": "OK",
        "error_message": [
            ""
        ],
        "response_header_count": 16,
        "response_header_length": 16,
        "response_body_length": 13025,
        "response_header_fields": {
            "server": "kittenx",
            "date": "Wed, 25 Oct 2023 12:34:04 GMT",
            "content-type": "text/html; charset=windows-1251",
            "content-length": "63826",
            "connection": "keep-alive",
            "x-powered-by": "KPHP/7.4.114877",
            "set-cookie": "remixlgck=ba97186326d62afee6; expires=Tue, 22 Oct 2024 12:45:45 GMT; path=/; domain=.vk.com; secure; HttpOnly",
            "cache-control": "no-store",
            "content-security-policy": "default-src * data: blob: about: vkcalls:;script-src 'self' https://vk.com https://*.vk.com https://vk.ru https://*.vk.ru https://static.vk.me https://*.mail.ru https://r.mradx.net https://s.ytimg.com https://platform.twitter.com https://cdn.syndication.twimg.com https://www.instagram.com https://connect.facebook.net https://telegram.org https://*.yandex.ru https://*.google-analytics.com https://*.youtube.com https://maps.googleapis.com https://translate.googleapis.com https://*.google.com https://google.com https://*.vkpartner.ru https://*.moatads.com https://*.adlooxtracking.ru https://*.serving-sys.ru https://*.weborama-tech.ru https://*.gstatic.com https://*.google.ru https://securepubads.g.doubleclick.net https://cdn.ampproject.org https://www.googletagmanager.com https://googletagmanager.com https://*.vk-cdn.net https://*.hit.gemius.pl https://yastatic.net https://analytics.tiktok.com 'unsafe-inline' 'unsafe-eval' blob:;style-src https://vk.com https://*.vk.com https://vk.ru https://*.vk.ru https://static.vk.me https://r.mradx.net https://ton.twimg.com https://tagmanager.google.com https://platform.twitter.com https://*.googleapis.com 'self' 'unsafe-inline';report-uri /csp",
            "x-xss-protection": "1; report=/xss_reports",
            "x-frame-options": "deny",
            "content-encoding": "gzip",
            "x-frontend": "front225204",
            "strict-transport-security": "max-age=15768000",
            "access-control-expose-headers": "X-Frontend",
            "origin-agent-cluster": "?0"
        }
    },
    {
        "number": 5,
        "request": "GET https://vk.com/  HTTP/1.1\r\nHost: vk.com\r\nUser-Agent: Mozilla/5.0 (Windows NT 10.0; rv:102.0) Gecko/20100101 Firefox/102.0\r\nAccept: text/html,application/xhtml+xml,application/xml;q=0.9,image/avif,image/webp,*/*;q=0.8\r\nAccept-Encoding: gzip, deflate, br\r\nAccept-Language: en-US,en;q=0.5\r\nDNT: 1\r\nConnection: keep-alive\r\nUpgrade-Insecure-Requests: 1\r\nSec-Fetch-Dest: document\r\nSec-Fetch-Mode: navigate\r\nSec-Fetch-Site: cross-site\r\n\r\n",
        "deviation_count": 0,
        "uri": "https://vk.com/",
        "request_length": 435,
        "Response_Time": 0.42665982246398926,
        "status_code": 200,
        "reason_phrase": "OK",
        "error_message": [
            ""
        ],
        "response_header_count": 16,
        "response_header_length": 16,
        "response_body_length": 13012,
        "response_header_fields": {
            "server": "kittenx",
            "date": "Wed, 25 Oct 2023 12:34:16 GMT",
            "content-type": "text/html; charset=windows-1251",
            "content-length": "63895",
            "connection": "keep-alive",
            "x-powered-by": "KPHP/7.4.114877",
            "set-cookie": "remixlgck=1575eaaafe267d37d5; expires=Wed, 23 Oct 2024 11:39:31 GMT; path=/; domain=.vk.com; secure; HttpOnly",
            "cache-control": "no-store",
            "content-security-policy": "default-src * data: blob: about: vkcalls:;script-src 'self' https://vk.com https://*.vk.com https://vk.ru https://*.vk.ru https://static.vk.me https://*.mail.ru https://r.mradx.net https://s.ytimg.com https://platform.twitter.com https://cdn.syndication.twimg.com https://www.instagram.com https://connect.facebook.net https://telegram.org https://*.yandex.ru https://*.google-analytics.com https://*.youtube.com https://maps.googleapis.com https://translate.googleapis.com https://*.google.com https://google.com https://*.vkpartner.ru https://*.moatads.com https://*.adlooxtracking.ru https://*.serving-sys.ru https://*.weborama-tech.ru https://*.gstatic.com https://*.google.ru https://securepubads.g.doubleclick.net https://cdn.ampproject.org https://www.googletagmanager.com https://googletagmanager.com https://*.vk-cdn.net https://*.hit.gemius.pl https://yastatic.net https://analytics.tiktok.com 'unsafe-inline' 'unsafe-eval' blob:;style-src https://vk.com https://*.vk.com https://vk.ru https://*.vk.ru https://static.vk.me https://r.mradx.net https://ton.twimg.com https://tagmanager.google.com https://platform.twitter.com https://*.googleapis.com 'self' 'unsafe-inline';report-uri /csp",
            "x-xss-protection": "1; report=/xss_reports",
            "x-frame-options": "deny",
            "content-encoding": "gzip",
            "x-frontend": "front225204",
            "strict-transport-security": "max-age=15768000",
            "access-control-expose-headers": "X-Frontend",
            "origin-agent-cluster": "?0"
        }
    },
    {
        "number": 6,
        "request": "GET https://vk.com/  HTTP/1.1\r\nHost: vk.com\r\nUser-Agent: Mozilla/5.0 (Windows NT 10.0; rv:102.0) Gecko/20100101 Firefox/102.0\r\nAccept: text/html,application/xhtml+xml,application/xml;q=0.9,image/avif,image/webp,*/*;q=0.8\r\nAccept-Encoding: gzip, deflate, br\r\nAccept-Language: en-US,en;q=0.5\r\nDNT: 1\r\nConnection: keep-alive\r\nUpgrade-Insecure-Requests: 1\r\nSec-Fetch-Dest: document\r\nSec-Fetch-Mode: navigate\r\nSec-Fetch-Site: cross-site\r\n\r\n",
        "deviation_count": 0,
        "uri": "https://vk.com/",
        "request_length": 435,
        "Response_Time": 0.2159414291381836,
        "status_code": 200,
        "reason_phrase": "OK",
        "error_message": [
            ""
        ],
        "response_header_count": 16,
        "response_header_length": 16,
        "response_body_length": 12993,
        "response_header_fields": {
            "server": "kittenx",
            "date": "Wed, 25 Oct 2023 12:34:28 GMT",
            "content-type": "text/html; charset=windows-1251",
            "content-length": "63895",
            "connection": "keep-alive",
            "x-powered-by": "KPHP/7.4.114877",
            "set-cookie": "remixlgck=9d03d2c2a89308d5ed; expires=Thu, 17 Oct 2024 15:18:53 GMT; path=/; domain=.vk.com; secure; HttpOnly",
            "cache-control": "no-store",
            "content-security-policy": "default-src * data: blob: about: vkcalls:;script-src 'self' https://vk.com https://*.vk.com https://vk.ru https://*.vk.ru https://static.vk.me https://*.mail.ru https://r.mradx.net https://s.ytimg.com https://platform.twitter.com https://cdn.syndication.twimg.com https://www.instagram.com https://connect.facebook.net https://telegram.org https://*.yandex.ru https://*.google-analytics.com https://*.youtube.com https://maps.googleapis.com https://translate.googleapis.com https://*.google.com https://google.com https://*.vkpartner.ru https://*.moatads.com https://*.adlooxtracking.ru https://*.serving-sys.ru https://*.weborama-tech.ru https://*.gstatic.com https://*.google.ru https://securepubads.g.doubleclick.net https://cdn.ampproject.org https://www.googletagmanager.com https://googletagmanager.com https://*.vk-cdn.net https://*.hit.gemius.pl https://yastatic.net https://analytics.tiktok.com 'unsafe-inline' 'unsafe-eval' blob:;style-src https://vk.com https://*.vk.com https://vk.ru https://*.vk.ru https://static.vk.me https://r.mradx.net https://ton.twimg.com https://tagmanager.google.com https://platform.twitter.com https://*.googleapis.com 'self' 'unsafe-inline';report-uri /csp",
            "x-xss-protection": "1; report=/xss_reports",
            "x-frame-options": "deny",
            "content-encoding": "gzip",
            "x-frontend": "front225204",
            "strict-transport-security": "max-age=15768000",
            "access-control-expose-headers": "X-Frontend",
            "origin-agent-cluster": "?0"
        }
    },
    {
        "number": 7,
        "request": "GET https://vk.com/  HTTP/1.1\r\nHost: vk.com\r\nUser-Agent: Mozilla/5.0 (Windows NT 10.0; rv:102.0) Gecko/20100101 Firefox/102.0\r\nAccept: text/html,application/xhtml+xml,application/xml;q=0.9,image/avif,image/webp,*/*;q=0.8\r\nAccept-Encoding: gzip, deflate, br\r\nAccept-Language: en-US,en;q=0.5\r\nDNT: 1\r\nConnection: keep-alive\r\nUpgrade-Insecure-Requests: 1\r\nSec-Fetch-Dest: document\r\nSec-Fetch-Mode: navigate\r\nSec-Fetch-Site: cross-site\r\n\r\n",
        "deviation_count": 0,
        "uri": "https://vk.com/",
        "request_length": 435,
        "Response_Time": 0.2415168285369873,
        "status_code": 200,
        "reason_phrase": "OK",
        "error_message": [
            ""
        ],
        "response_header_count": 16,
        "response_header_length": 16,
        "response_body_length": 12975,
        "response_header_fields": {
            "server": "kittenx",
            "date": "Wed, 25 Oct 2023 12:34:40 GMT",
            "content-type": "text/html; charset=windows-1251",
            "content-length": "63818",
            "connection": "keep-alive",
            "x-powered-by": "KPHP/7.4.114877",
            "set-cookie": "remixlgck=3f62b181b41b9e7a0f; expires=Sat, 26 Oct 2024 04:28:37 GMT; path=/; domain=.vk.com; secure; HttpOnly",
            "cache-control": "no-store",
            "content-security-policy": "default-src * data: blob: about: vkcalls:;script-src 'self' https://vk.com https://*.vk.com https://vk.ru https://*.vk.ru https://static.vk.me https://*.mail.ru https://r.mradx.net https://s.ytimg.com https://platform.twitter.com https://cdn.syndication.twimg.com https://www.instagram.com https://connect.facebook.net https://telegram.org https://*.yandex.ru https://*.google-analytics.com https://*.youtube.com https://maps.googleapis.com https://translate.googleapis.com https://*.google.com https://google.com https://*.vkpartner.ru https://*.moatads.com https://*.adlooxtracking.ru https://*.serving-sys.ru https://*.weborama-tech.ru https://*.gstatic.com https://*.google.ru https://securepubads.g.doubleclick.net https://cdn.ampproject.org https://www.googletagmanager.com https://googletagmanager.com https://*.vk-cdn.net https://*.hit.gemius.pl https://yastatic.net https://analytics.tiktok.com 'unsafe-inline' 'unsafe-eval' blob:;style-src https://vk.com https://*.vk.com https://vk.ru https://*.vk.ru https://static.vk.me https://r.mradx.net https://ton.twimg.com https://tagmanager.google.com https://platform.twitter.com https://*.googleapis.com 'self' 'unsafe-inline';report-uri /csp",
            "x-xss-protection": "1; report=/xss_reports",
            "x-frame-options": "deny",
            "content-encoding": "gzip",
            "x-frontend": "front225204",
            "strict-transport-security": "max-age=15768000",
            "access-control-expose-headers": "X-Frontend",
            "origin-agent-cluster": "?0"
        }
    },
    {
        "number": 8,
        "request": "GET https://vk.com/  HTTP/1.1\r\nHost: vk.com\r\nUser-Agent: Mozilla/5.0 (Windows NT 10.0; rv:102.0) Gecko/20100101 Firefox/102.0\r\nAccept: text/html,application/xhtml+xml,application/xml;q=0.9,image/avif,image/webp,*/*;q=0.8\r\nAccept-Encoding: gzip, deflate, br\r\nAccept-Language: en-US,en;q=0.5\r\nDNT: 1\r\nConnection: keep-alive\r\nUpgrade-Insecure-Requests: 1\r\nSec-Fetch-Dest: document\r\nSec-Fetch-Mode: navigate\r\nSec-Fetch-Site: cross-site\r\n\r\n",
        "deviation_count": 0,
        "uri": "https://vk.com/",
        "request_length": 435,
        "Response_Time": 0.33490705490112305,
        "status_code": 200,
        "reason_phrase": "OK",
        "error_message": [
            ""
        ],
        "response_header_count": 16,
        "response_header_length": 16,
        "response_body_length": 13022,
        "response_header_fields": {
            "server": "kittenx",
            "date": "Wed, 25 Oct 2023 12:34:50 GMT",
            "content-type": "text/html; charset=windows-1251",
            "content-length": "63898",
            "connection": "keep-alive",
            "x-powered-by": "KPHP/7.4.114877",
            "set-cookie": "remixlgck=a1d72df205bf79249d; expires=Tue, 29 Oct 2024 07:19:36 GMT; path=/; domain=.vk.com; secure; HttpOnly",
            "cache-control": "no-store",
            "content-security-policy": "default-src * data: blob: about: vkcalls:;script-src 'self' https://vk.com https://*.vk.com https://vk.ru https://*.vk.ru https://static.vk.me https://*.mail.ru https://r.mradx.net https://s.ytimg.com https://platform.twitter.com https://cdn.syndication.twimg.com https://www.instagram.com https://connect.facebook.net https://telegram.org https://*.yandex.ru https://*.google-analytics.com https://*.youtube.com https://maps.googleapis.com https://translate.googleapis.com https://*.google.com https://google.com https://*.vkpartner.ru https://*.moatads.com https://*.adlooxtracking.ru https://*.serving-sys.ru https://*.weborama-tech.ru https://*.gstatic.com https://*.google.ru https://securepubads.g.doubleclick.net https://cdn.ampproject.org https://www.googletagmanager.com https://googletagmanager.com https://*.vk-cdn.net https://*.hit.gemius.pl https://yastatic.net https://analytics.tiktok.com 'unsafe-inline' 'unsafe-eval' blob:;style-src https://vk.com https://*.vk.com https://vk.ru https://*.vk.ru https://static.vk.me https://r.mradx.net https://ton.twimg.com https://tagmanager.google.com https://platform.twitter.com https://*.googleapis.com 'self' 'unsafe-inline';report-uri /csp",
            "x-xss-protection": "1; report=/xss_reports",
            "x-frame-options": "deny",
            "content-encoding": "gzip",
            "x-frontend": "front225204",
            "strict-transport-security": "max-age=15768000",
            "access-control-expose-headers": "X-Frontend",
            "origin-agent-cluster": "?0"
        }
    },
    {
        "number": 9,
        "request": "GET https://vk.com/  HTTP/1.1\r\nHost: vk.com\r\nUser-Agent: Mozilla/5.0 (Windows NT 10.0; rv:102.0) Gecko/20100101 Firefox/102.0\r\nAccept: text/html,application/xhtml+xml,application/xml;q=0.9,image/avif,image/webp,*/*;q=0.8\r\nAccept-Encoding: gzip, deflate, br\r\nAccept-Language: en-US,en;q=0.5\r\nDNT: 1\r\nConnection: keep-alive\r\nUpgrade-Insecure-Requests: 1\r\nSec-Fetch-Dest: document\r\nSec-Fetch-Mode: navigate\r\nSec-Fetch-Site: cross-site\r\n\r\n",
        "deviation_count": 0,
        "uri": "https://vk.com/",
        "request_length": 435,
        "Response_Time": 0.2535715103149414,
        "status_code": 200,
        "reason_phrase": "OK",
        "error_message": [
            ""
        ],
        "response_header_count": 16,
        "response_header_length": 16,
        "response_body_length": 13023,
        "response_header_fields": {
            "server": "kittenx",
            "date": "Wed, 25 Oct 2023 12:35:02 GMT",
            "content-type": "text/html; charset=windows-1251",
            "content-length": "63893",
            "connection": "keep-alive",
            "x-powered-by": "KPHP/7.4.114877",
            "set-cookie": "remixlgck=d6968e06c5f57d2324; expires=Fri, 18 Oct 2024 09:43:23 GMT; path=/; domain=.vk.com; secure; HttpOnly",
            "cache-control": "no-store",
            "content-security-policy": "default-src * data: blob: about: vkcalls:;script-src 'self' https://vk.com https://*.vk.com https://vk.ru https://*.vk.ru https://static.vk.me https://*.mail.ru https://r.mradx.net https://s.ytimg.com https://platform.twitter.com https://cdn.syndication.twimg.com https://www.instagram.com https://connect.facebook.net https://telegram.org https://*.yandex.ru https://*.google-analytics.com https://*.youtube.com https://maps.googleapis.com https://translate.googleapis.com https://*.google.com https://google.com https://*.vkpartner.ru https://*.moatads.com https://*.adlooxtracking.ru https://*.serving-sys.ru https://*.weborama-tech.ru https://*.gstatic.com https://*.google.ru https://securepubads.g.doubleclick.net https://cdn.ampproject.org https://www.googletagmanager.com https://googletagmanager.com https://*.vk-cdn.net https://*.hit.gemius.pl https://yastatic.net https://analytics.tiktok.com 'unsafe-inline' 'unsafe-eval' blob:;style-src https://vk.com https://*.vk.com https://vk.ru https://*.vk.ru https://static.vk.me https://r.mradx.net https://ton.twimg.com https://tagmanager.google.com https://platform.twitter.com https://*.googleapis.com 'self' 'unsafe-inline'",
            "x-xss-protection": "1; report=/xss_reports",
            "x-frame-options": "deny",
            "content-encoding": "gzip",
            "x-frontend": "front225204",
            "strict-transport-security": "max-age=15768000",
            "access-control-expose-headers": "X-Frontend",
            "origin-agent-cluster": "?0"
        }
    }
]