number,request,deviation_count,uri,request_length,http_version,Socket_Connect_Time,Socket_Close_Time,Response_Time,status_code,reason_phrase,error_message,response_header_count,response_header_length,response_body_length,response_header_fields
0,"GET https://accounts.google.com/v3/signin/identifier?continue=https%3A%2F%2Faccounts.google.com%2F&followup=https%3A%2F%2Faccounts.google.com%2F&ifkv=AVQVeyyp2owu3bj-yRwzpHItXpZolJXF2DIbIw8Qxg3ZWb6wrrNda6Jj_S-EBbKa1wiRWXbgtmrU&passive=1209600&flowName=GlifWebSignIn&flowEntry=ServiceLogin&dsh=S-754526159%3A1698237181004432&theme=glif HTTP/1.1
Host: accounts.google.com
User-Agent: Mozilla/5.0 (Windows NT 10.0; rv:102.0) Gecko/20100101 Firefox/102.0
Accept: text/html,application/xhtml+xml,application/xml;q=0.9,image/avif,image/webp,*/*;q=0.8
Accept-Encoding: gzip, deflate, br
Accept-Language: en-US,en;q=0.5
DNT: 1
Connection: keep-alive
Upgrade-Insecure-Requests: 1
Sec-Fetch-Dest: document
Sec-Fetch-Mode: navigate
Sec-Fetch-Site: cross-site

",0,https://accounts.google.com/v3/signin/identifier?continue=https%3A%2F%2Faccounts.google.com%2F&followup=https%3A%2F%2Faccounts.google.com%2F&ifkv=AVQVeyyp2owu3bj-yRwzpHItXpZolJXF2DIbIw8Qxg3ZWb6wrrNda6Jj_S-EBbKa1wiRWXbgtmrU&passive=1209600&flowName=GlifWebSignIn&flowEntry=ServiceLogin&dsh=S-754526159%3A1698237181004432&theme=glif,762,HTTP/1.1,0.1499793529510498,0.12099862098693848,0.17744135856628418,200,OK,[''],23,23,0,"{""content-type"": ""text/html; charset=utf-8"", ""x-frame-options"": ""DENY"", ""set-cookie"": ""__Host-GAPS=1:f6lUjWKQqwCDPor_ahdk-7bEN4-Uhw:SDx6k8KeeGu_Ph2q; Expires=Fri, 24-Oct-2025 12:33:15 GMT; Path=/; Secure; HttpOnly; Priority=HIGH"", ""vary"": ""Sec-Fetch-Dest, Sec-Fetch-Mode, Sec-Fetch-Site"", ""x-auto-login"": ""realm=com.google&args=continue%3Dhttps://accounts.google.com/"", ""x-ua-compatible"": ""IE=edge"", ""cache-control"": ""no-cache, no-store, max-age=0, must-revalidate"", ""pragma"": ""no-cache"", ""expires"": ""Mon, 01 Jan 1990 00:00:00 GMT"", ""date"": ""Wed, 25 Oct 2023 12:33:15 GMT"", ""strict-transport-security"": ""max-age=31536000; includeSubDomains"", ""content-security-policy"": ""script-src 'unsafe-inline' 'self' https://apis.google.com https://ssl.gstatic.com https://www.google.com https://www.googletagmanager.com https://www.gstatic.com https://www.google-analytics.com;report-uri /v3/signin/_/AccountsSignInUi/cspreport/allowlist"", ""report-to"": ""{\""group\"":\""AccountsSignInUi\"",\""max_age\"":2592000,\""endpoints\"":[{\""url\"":\""https://csp.withgoogle.com/csp/report-to/AccountsSignInUi\""}]}"", ""accept-ch"": ""Sec-CH-UA-Arch, Sec-CH-UA-Bitness, Sec-CH-UA-Full-Version, Sec-CH-UA-Full-Version-List, Sec-CH-UA-Model, Sec-CH-UA-WoW64, Sec-CH-UA-Form-Factor, Sec-CH-UA-Platform, Sec-CH-UA-Platform-Version"", ""permissions-policy"": ""ch-ua-arch=*, ch-ua-bitness=*, ch-ua-full-version=*, ch-ua-full-version-list=*, ch-ua-model=*, ch-ua-wow64=*, ch-ua-form-factor=*, ch-ua-platform=*, ch-ua-platform-version=*"", ""cross-origin-opener-policy-report-only"": ""same-origin; report-to=\""AccountsSignInUi\"""", ""cross-origin-resource-policy"": ""same-site"", ""content-encoding"": ""gzip"", ""server"": ""ESF"", ""x-xss-protection"": ""0"", ""x-content-type-options"": ""nosniff"", ""alt-svc"": ""h3=\"":443\""; ma=2592000,h3-29=\"":443\""; ma=2592000"", ""transfer-encoding"": ""chunked""}"
1,"GET https://accounts.google.com/v3/signin/identifier?continue=https%3A%2F%2Faccounts.google.com%2F&followup=https%3A%2F%2Faccounts.google.com%2F&ifkv=AVQVeyyp2owu3bj-yRwzpHItXpZolJXF2DIbIw8Qxg3ZWb6wrrNda6Jj_S-EBbKa1wiRWXbgtmrU&passive=1209600&flowName=GlifWebSignIn&flowEntry=ServiceLogin&dsh=S-754526159%3A1698237181004432&theme=glif HTTP/1.1
Host: accounts.google.com
User-Agent: Mozilla/5.0 (Windows NT 10.0; rv:102.0) Gecko/20100101 Firefox/102.0
Accept: text/html,application/xhtml+xml,application/xml;q=0.9,image/avif,image/webp,*/*;q=0.8
Accept-Encoding: gzip, deflate, br
Accept-Language: en-US,en;q=0.5
DNT: 1
Connection: keep-alive
Upgrade-Insecure-Requests: 1
Sec-Fetch-Dest: document
Sec-Fetch-Mode: navigate
Sec-Fetch-Site: cross-site

",0,https://accounts.google.com/v3/signin/identifier?continue=https%3A%2F%2Faccounts.google.com%2F&followup=https%3A%2F%2Faccounts.google.com%2F&ifkv=AVQVeyyp2owu3bj-yRwzpHItXpZolJXF2DIbIw8Qxg3ZWb6wrrNda6Jj_S-EBbKa1wiRWXbgtmrU&passive=1209600&flowName=GlifWebSignIn&flowEntry=ServiceLogin&dsh=S-754526159%3A1698237181004432&theme=glif,762,HTTP/1.1,0.2524871826171875,0.11197257041931152,0.1541273593902588,200,OK,[''],23,23,0,"{""content-type"": ""text/html; charset=utf-8"", ""x-frame-options"": ""DENY"", ""vary"": ""Sec-Fetch-Dest, Sec-Fetch-Mode, Sec-Fetch-Site"", ""set-cookie"": ""__Host-GAPS=1:TSLCY5McS1mMMcJ3LaYaRCcpwi0P9g:5k54BW8aE3Wryz5x; Expires=Fri, 24-Oct-2025 12:33:27 GMT; Path=/; Secure; HttpOnly; Priority=HIGH"", ""x-auto-login"": ""realm=com.google&args=continue%3Dhttps://accounts.google.com/"", ""x-ua-compatible"": ""IE=edge"", ""cache-control"": ""no-cache, no-store, max-age=0, must-revalidate"", ""pragma"": ""no-cache"", ""expires"": ""Mon, 01 Jan 1990 00:00:00 GMT"", ""date"": ""Wed, 25 Oct 2023 12:33:27 GMT"", ""strict-transport-security"": ""max-age=31536000; includeSubDomains"", ""content-security-policy"": ""script-src 'unsafe-inline' 'self' https://apis.google.com https://ssl.gstatic.com https://www.google.com https://www.googletagmanager.com https://www.gstatic.com https://www.google-analytics.com;report-uri /v3/signin/_/AccountsSignInUi/cspreport/allowlist"", ""accept-ch"": ""Sec-CH-UA-Arch, Sec-CH-UA-Bitness, Sec-CH-UA-Full-Version, Sec-CH-UA-Full-Version-List, Sec-CH-UA-Model, Sec-CH-UA-WoW64, Sec-CH-UA-Form-Factor, Sec-CH-UA-Platform, Sec-CH-UA-Platform-Version"", ""permissions-policy"": ""ch-ua-arch=*, ch-ua-bitness=*, ch-ua-full-version=*, ch-ua-full-version-list=*, ch-ua-model=*, ch-ua-wow64=*, ch-ua-form-factor=*, ch-ua-platform=*, ch-ua-platform-version=*"", ""cross-origin-opener-policy-report-only"": ""same-origin; report-to=\""AccountsSignInUi\"""", ""report-to"": ""{\""group\"":\""AccountsSignInUi\"",\""max_age\"":2592000,\""endpoints\"":[{\""url\"":\""https://csp.withgoogle.com/csp/report-to/AccountsSignInUi\""}]}"", ""cross-origin-resource-policy"": ""same-site"", ""content-encoding"": ""gzip"", ""server"": ""ESF"", ""x-xss-protection"": ""0"", ""x-content-type-options"": ""nosniff"", ""alt-svc"": ""h3=\"":443\""; ma=2592000,h3-29=\"":443\""; ma=2592000"", ""transfer-encoding"": ""chunked""}"
2,"GET https://accounts.google.com/v3/signin/identifier?continue=https%3A%2F%2Faccounts.google.com%2F&followup=https%3A%2F%2Faccounts.google.com%2F&ifkv=AVQVeyyp2owu3bj-yRwzpHItXpZolJXF2DIbIw8Qxg3ZWb6wrrNda6Jj_S-EBbKa1wiRWXbgtmrU&passive=1209600&flowName=GlifWebSignIn&flowEntry=ServiceLogin&dsh=S-754526159%3A1698237181004432&theme=glif HTTP/1.1
Host: accounts.google.com
User-Agent: Mozilla/5.0 (Windows NT 10.0; rv:102.0) Gecko/20100101 Firefox/102.0
Accept: text/html,application/xhtml+xml,application/xml;q=0.9,image/avif,image/webp,*/*;q=0.8
Accept-Encoding: gzip, deflate, br
Accept-Language: en-US,en;q=0.5
DNT: 1
Connection: keep-alive
Upgrade-Insecure-Requests: 1
Sec-Fetch-Dest: document
Sec-Fetch-Mode: navigate
Sec-Fetch-Site: cross-site

",0,https://accounts.google.com/v3/signin/identifier?continue=https%3A%2F%2Faccounts.google.com%2F&followup=https%3A%2F%2Faccounts.google.com%2F&ifkv=AVQVeyyp2owu3bj-yRwzpHItXpZolJXF2DIbIw8Qxg3ZWb6wrrNda6Jj_S-EBbKa1wiRWXbgtmrU&passive=1209600&flowName=GlifWebSignIn&flowEntry=ServiceLogin&dsh=S-754526159%3A1698237181004432&theme=glif,762,HTTP/1.1,0.12426114082336426,0.10147786140441895,0.12026071548461914,200,OK,[''],23,23,0,"{""content-type"": ""text/html; charset=utf-8"", ""x-frame-options"": ""DENY"", ""set-cookie"": ""__Host-GAPS=1:Jlj4a_7r25X---DkV4cJPcUTMXl15Q:TF3S4VaBQR6qJq36; Expires=Fri, 24-Oct-2025 12:33:39 GMT; Path=/; Secure; HttpOnly; Priority=HIGH"", ""vary"": ""Sec-Fetch-Dest, Sec-Fetch-Mode, Sec-Fetch-Site"", ""x-auto-login"": ""realm=com.google&args=continue%3Dhttps://accounts.google.com/"", ""x-ua-compatible"": ""IE=edge"", ""cache-control"": ""no-cache, no-store, max-age=0, must-revalidate"", ""pragma"": ""no-cache"", ""expires"": ""Mon, 01 Jan 1990 00:00:00 GMT"", ""date"": ""Wed, 25 Oct 2023 12:33:39 GMT"", ""strict-transport-security"": ""max-age=31536000; includeSubDomains"", ""cross-origin-opener-policy-report-only"": ""same-origin; report-to=\""AccountsSignInUi\"""", ""permissions-policy"": ""ch-ua-arch=*, ch-ua-bitness=*, ch-ua-full-version=*, ch-ua-full-version-list=*, ch-ua-model=*, ch-ua-wow64=*, ch-ua-form-factor=*, ch-ua-platform=*, ch-ua-platform-version=*"", ""report-to"": ""{\""group\"":\""AccountsSignInUi\"",\""max_age\"":2592000,\""endpoints\"":[{\""url\"":\""https://csp.withgoogle.com/csp/report-to/AccountsSignInUi\""}]}"", ""accept-ch"": ""Sec-CH-UA-Arch, Sec-CH-UA-Bitness, Sec-CH-UA-Full-Version, Sec-CH-UA-Full-Version-List, Sec-CH-UA-Model, Sec-CH-UA-WoW64, Sec-CH-UA-Form-Factor, Sec-CH-UA-Platform, Sec-CH-UA-Platform-Version"", ""content-security-policy"": ""require-trusted-types-for 'script';report-uri /v3/signin/_/AccountsSignInUi/cspreport"", ""cross-origin-resource-policy"": ""same-site"", ""content-encoding"": ""gzip"", ""server"": ""ESF"", ""x-xss-protection"": ""0"", ""x-content-type-options"": ""nosniff"", ""alt-svc"": ""h3=\"":443\""; ma=2592000,h3-29=\"":443\""; ma=2592000"", ""transfer-encoding"": ""chunked""}"
3,"GET https://accounts.google.com/v3/signin/identifier?continue=https%3A%2F%2Faccounts.google.com%2F&followup=https%3A%2F%2Faccounts.google.com%2F&ifkv=AVQVeyyp2owu3bj-yRwzpHItXpZolJXF2DIbIw8Qxg3ZWb6wrrNda6Jj_S-EBbKa1wiRWXbgtmrU&passive=1209600&flowName=GlifWebSignIn&flowEntry=ServiceLogin&dsh=S-754526159%3A1698237181004432&theme=glif HTTP/1.1
Host: accounts.google.com
User-Agent: Mozilla/5.0 (Windows NT 10.0; rv:102.0) Gecko/20100101 Firefox/102.0
Accept: text/html,application/xhtml+xml,application/xml;q=0.9,image/avif,image/webp,*/*;q=0.8
Accept-Encoding: gzip, deflate, br
Accept-Language: en-US,en;q=0.5
DNT: 1
Connection: keep-alive
Upgrade-Insecure-Requests: 1
Sec-Fetch-Dest: document
Sec-Fetch-Mode: navigate
Sec-Fetch-Site: cross-site

",0,https://accounts.google.com/v3/signin/identifier?continue=https%3A%2F%2Faccounts.google.com%2F&followup=https%3A%2F%2Faccounts.google.com%2F&ifkv=AVQVeyyp2owu3bj-yRwzpHItXpZolJXF2DIbIw8Qxg3ZWb6wrrNda6Jj_S-EBbKa1wiRWXbgtmrU&passive=1209600&flowName=GlifWebSignIn&flowEntry=ServiceLogin&dsh=S-754526159%3A1698237181004432&theme=glif,762,HTTP/1.1,0.22489619255065918,0.11691832542419434,0.19711899757385254,200,OK,[''],23,23,0,"{""content-type"": ""text/html; charset=utf-8"", ""x-frame-options"": ""DENY"", ""set-cookie"": ""__Host-GAPS=1:YVeNOHfrSh8l4hdaaCTlZQD7vZkdAw:j8qsvoDnyUPyccNu; Expires=Fri, 24-Oct-2025 12:33:52 GMT; Path=/; Secure; HttpOnly; Priority=HIGH"", ""vary"": ""Sec-Fetch-Dest, Sec-Fetch-Mode, Sec-Fetch-Site"", ""x-auto-login"": ""realm=com.google&args=continue%3Dhttps://accounts.google.com/"", ""x-ua-compatible"": ""IE=edge"", ""cache-control"": ""no-cache, no-store, max-age=0, must-revalidate"", ""pragma"": ""no-cache"", ""expires"": ""Mon, 01 Jan 1990 00:00:00 GMT"", ""date"": ""Wed, 25 Oct 2023 12:33:52 GMT"", ""strict-transport-security"": ""max-age=31536000; includeSubDomains"", ""accept-ch"": ""Sec-CH-UA-Arch, Sec-CH-UA-Bitness, Sec-CH-UA-Full-Version, Sec-CH-UA-Full-Version-List, Sec-CH-UA-Model, Sec-CH-UA-WoW64, Sec-CH-UA-Form-Factor, Sec-CH-UA-Platform, Sec-CH-UA-Platform-Version"", ""content-security-policy"": ""script-src 'unsafe-inline' 'self' https://apis.google.com https://ssl.gstatic.com https://www.google.com https://www.googletagmanager.com https://www.gstatic.com https://www.google-analytics.com;report-uri /v3/signin/_/AccountsSignInUi/cspreport/allowlist"", ""report-to"": ""{\""group\"":\""AccountsSignInUi\"",\""max_age\"":2592000,\""endpoints\"":[{\""url\"":\""https://csp.withgoogle.com/csp/report-to/AccountsSignInUi\""}]}"", ""cross-origin-resource-policy"": ""same-site"", ""cross-origin-opener-policy-report-only"": ""same-origin; report-to=\""AccountsSignInUi\"""", ""permissions-policy"": ""ch-ua-arch=*, ch-ua-bitness=*, ch-ua-full-version=*, ch-ua-full-version-list=*, ch-ua-model=*, ch-ua-wow64=*, ch-ua-form-factor=*, ch-ua-platform=*, ch-ua-platform-version=*"", ""content-encoding"": ""gzip"", ""server"": ""ESF"", ""x-xss-protection"": ""0"", ""x-content-type-options"": ""nosniff"", ""alt-svc"": ""h3=\"":443\""; ma=2592000,h3-29=\"":443\""; ma=2592000"", ""transfer-encoding"": ""chunked""}"
4,"GET https://accounts.google.com/v3/signin/identifier?continue=https%3A%2F%2Faccounts.google.com%2F&followup=https%3A%2F%2Faccounts.google.com%2F&ifkv=AVQVeyyp2owu3bj-yRwzpHItXpZolJXF2DIbIw8Qxg3ZWb6wrrNda6Jj_S-EBbKa1wiRWXbgtmrU&passive=1209600&flowName=GlifWebSignIn&flowEntry=ServiceLogin&dsh=S-754526159%3A1698237181004432&theme=glif HTTP/1.1
Host: accounts.google.com
User-Agent: Mozilla/5.0 (Windows NT 10.0; rv:102.0) Gecko/20100101 Firefox/102.0
Accept: text/html,application/xhtml+xml,application/xml;q=0.9,image/avif,image/webp,*/*;q=0.8
Accept-Encoding: gzip, deflate, br
Accept-Language: en-US,en;q=0.5
DNT: 1
Connection: keep-alive
Upgrade-Insecure-Requests: 1
Sec-Fetch-Dest: document
Sec-Fetch-Mode: navigate
Sec-Fetch-Site: cross-site

",0,https://accounts.google.com/v3/signin/identifier?continue=https%3A%2F%2Faccounts.google.com%2F&followup=https%3A%2F%2Faccounts.google.com%2F&ifkv=AVQVeyyp2owu3bj-yRwzpHItXpZolJXF2DIbIw8Qxg3ZWb6wrrNda6Jj_S-EBbKa1wiRWXbgtmrU&passive=1209600&flowName=GlifWebSignIn&flowEntry=ServiceLogin&dsh=S-754526159%3A1698237181004432&theme=glif,762,HTTP/1.1,0.292208194732666,0.11796259880065918,0.21752333641052246,200,OK,[''],23,23,0,"{""content-type"": ""text/html; charset=utf-8"", ""x-frame-options"": ""DENY"", ""vary"": ""Sec-Fetch-Dest, Sec-Fetch-Mode, Sec-Fetch-Site"", ""set-cookie"": ""__Host-GAPS=1:VymkQ4D3eTongQQ-DSV8OzJJdKK99Q:8itqzClD8q43WijP; Expires=Fri, 24-Oct-2025 12:34:04 GMT; Path=/; Secure; HttpOnly; Priority=HIGH"", ""x-auto-login"": ""realm=com.google&args=continue%3Dhttps://accounts.google.com/"", ""x-ua-compatible"": ""IE=edge"", ""cache-control"": ""no-cache, no-store, max-age=0, must-revalidate"", ""pragma"": ""no-cache"", ""expires"": ""Mon, 01 Jan 1990 00:00:00 GMT"", ""date"": ""Wed, 25 Oct 2023 12:34:04 GMT"", ""strict-transport-security"": ""max-age=31536000; includeSubDomains"", ""content-security-policy"": ""script-src 'unsafe-inline' 'self' https://apis.google.com https://ssl.gstatic.com https://www.google.com https://www.googletagmanager.com https://www.gstatic.com https://www.google-analytics.com;report-uri /v3/signin/_/AccountsSignInUi/cspreport/allowlist"", ""accept-ch"": ""Sec-CH-UA-Arch, Sec-CH-UA-Bitness, Sec-CH-UA-Full-Version, Sec-CH-UA-Full-Version-List, Sec-CH-UA-Model, Sec-CH-UA-WoW64, Sec-CH-UA-Form-Factor, Sec-CH-UA-Platform, Sec-CH-UA-Platform-Version"", ""cross-origin-opener-policy-report-only"": ""same-origin; report-to=\""AccountsSignInUi\"""", ""permissions-policy"": ""ch-ua-arch=*, ch-ua-bitness=*, ch-ua-full-version=*, ch-ua-full-version-list=*, ch-ua-model=*, ch-ua-wow64=*, ch-ua-form-factor=*, ch-ua-platform=*, ch-ua-platform-version=*"", ""report-to"": ""{\""group\"":\""AccountsSignInUi\"",\""max_age\"":2592000,\""endpoints\"":[{\""url\"":\""https://csp.withgoogle.com/csp/report-to/AccountsSignInUi\""}]}"", ""cross-origin-resource-policy"": ""same-site"", ""content-encoding"": ""gzip"", ""server"": ""ESF"", ""x-xss-protection"": ""0"", ""x-content-type-options"": ""nosniff"", ""alt-svc"": ""h3=\"":443\""; ma=2592000,h3-29=\"":443\""; ma=2592000"", ""transfer-encoding"": ""chunked""}"
5,"GET https://accounts.google.com/v3/signin/identifier?continue=https%3A%2F%2Faccounts.google.com%2F&followup=https%3A%2F%2Faccounts.google.com%2F&ifkv=AVQVeyyp2owu3bj-yRwzpHItXpZolJXF2DIbIw8Qxg3ZWb6wrrNda6Jj_S-EBbKa1wiRWXbgtmrU&passive=1209600&flowName=GlifWebSignIn&flowEntry=ServiceLogin&dsh=S-754526159%3A1698237181004432&theme=glif HTTP/1.1
Host: accounts.google.com
User-Agent: Mozilla/5.0 (Windows NT 10.0; rv:102.0) Gecko/20100101 Firefox/102.0
Accept: text/html,application/xhtml+xml,application/xml;q=0.9,image/avif,image/webp,*/*;q=0.8
Accept-Encoding: gzip, deflate, br
Accept-Language: en-US,en;q=0.5
DNT: 1
Connection: keep-alive
Upgrade-Insecure-Requests: 1
Sec-Fetch-Dest: document
Sec-Fetch-Mode: navigate
Sec-Fetch-Site: cross-site

",0,https://accounts.google.com/v3/signin/identifier?continue=https%3A%2F%2Faccounts.google.com%2F&followup=https%3A%2F%2Faccounts.google.com%2F&ifkv=AVQVeyyp2owu3bj-yRwzpHItXpZolJXF2DIbIw8Qxg3ZWb6wrrNda6Jj_S-EBbKa1wiRWXbgtmrU&passive=1209600&flowName=GlifWebSignIn&flowEntry=ServiceLogin&dsh=S-754526159%3A1698237181004432&theme=glif,762,HTTP/1.1,0.1907355785369873,0.13738274574279785,0.12954068183898926,200,OK,[''],23,23,0,"{""content-type"": ""text/html; charset=utf-8"", ""x-frame-options"": ""DENY"", ""set-cookie"": ""__Host-GAPS=1:kVrySsC8jFRO87qrtncSWgrtVSqnug:ElGkTgUIDTlORdkW; Expires=Fri, 24-Oct-2025 12:34:16 GMT; Path=/; Secure; HttpOnly; Priority=HIGH"", ""vary"": ""Sec-Fetch-Dest, Sec-Fetch-Mode, Sec-Fetch-Site"", ""x-auto-login"": ""realm=com.google&args=continue%3Dhttps://accounts.google.com/"", ""x-ua-compatible"": ""IE=edge"", ""cache-control"": ""no-cache, no-store, max-age=0, must-revalidate"", ""pragma"": ""no-cache"", ""expires"": ""Mon, 01 Jan 1990 00:00:00 GMT"", ""date"": ""Wed, 25 Oct 2023 12:34:16 GMT"", ""strict-transport-security"": ""max-age=31536000; includeSubDomains"", ""permissions-policy"": ""ch-ua-arch=*, ch-ua-bitness=*, ch-ua-full-version=*, ch-ua-full-version-list=*, ch-ua-model=*, ch-ua-wow64=*, ch-ua-form-factor=*, ch-ua-platform=*, ch-ua-platform-version=*"", ""accept-ch"": ""Sec-CH-UA-Arch, Sec-CH-UA-Bitness, Sec-CH-UA-Full-Version, Sec-CH-UA-Full-Version-List, Sec-CH-UA-Model, Sec-CH-UA-WoW64, Sec-CH-UA-Form-Factor, Sec-CH-UA-Platform, Sec-CH-UA-Platform-Version"", ""report-to"": ""{\""group\"":\""AccountsSignInUi\"",\""max_age\"":2592000,\""endpoints\"":[{\""url\"":\""https://csp.withgoogle.com/csp/report-to/AccountsSignInUi\""}]}"", ""cross-origin-opener-policy-report-only"": ""same-origin; report-to=\""AccountsSignInUi\"""", ""content-security-policy"": ""require-trusted-types-for 'script';report-uri /v3/signin/_/AccountsSignInUi/cspreport"", ""cross-origin-resource-policy"": ""same-site"", ""content-encoding"": ""gzip"", ""server"": ""ESF"", ""x-xss-protection"": ""0"", ""x-content-type-options"": ""nosniff"", ""alt-svc"": ""h3=\"":443\""; ma=2592000,h3-29=\"":443\""; ma=2592000"", ""transfer-encoding"": ""chunked""}"
6,"GET https://accounts.google.com/v3/signin/identifier?continue=https%3A%2F%2Faccounts.google.com%2F&followup=https%3A%2F%2Faccounts.google.com%2F&ifkv=AVQVeyyp2owu3bj-yRwzpHItXpZolJXF2DIbIw8Qxg3ZWb6wrrNda6Jj_S-EBbKa1wiRWXbgtmrU&passive=1209600&flowName=GlifWebSignIn&flowEntry=ServiceLogin&dsh=S-754526159%3A1698237181004432&theme=glif HTTP/1.1
Host: accounts.google.com
User-Agent: Mozilla/5.0 (Windows NT 10.0; rv:102.0) Gecko/20100101 Firefox/102.0
Accept: text/html,application/xhtml+xml,application/xml;q=0.9,image/avif,image/webp,*/*;q=0.8
Accept-Encoding: gzip, deflate, br
Accept-Language: en-US,en;q=0.5
DNT: 1
Connection: keep-alive
Upgrade-Insecure-Requests: 1
Sec-Fetch-Dest: document
Sec-Fetch-Mode: navigate
Sec-Fetch-Site: cross-site

",0,https://accounts.google.com/v3/signin/identifier?continue=https%3A%2F%2Faccounts.google.com%2F&followup=https%3A%2F%2Faccounts.google.com%2F&ifkv=AVQVeyyp2owu3bj-yRwzpHItXpZolJXF2DIbIw8Qxg3ZWb6wrrNda6Jj_S-EBbKa1wiRWXbgtmrU&passive=1209600&flowName=GlifWebSignIn&flowEntry=ServiceLogin&dsh=S-754526159%3A1698237181004432&theme=glif,762,HTTP/1.1,0.09175992012023926,0.11140966415405273,0.20733904838562012,200,OK,[''],23,23,0,"{""content-type"": ""text/html; charset=utf-8"", ""x-frame-options"": ""DENY"", ""vary"": ""Sec-Fetch-Dest, Sec-Fetch-Mode, Sec-Fetch-Site"", ""set-cookie"": ""__Host-GAPS=1:KBwzScsXoop7Ex_BQlFBoXlYSiX6iA:Ziwfy7zBKPE6ztm-; Expires=Fri, 24-Oct-2025 12:34:28 GMT; Path=/; Secure; HttpOnly; Priority=HIGH"", ""x-auto-login"": ""realm=com.google&args=continue%3Dhttps://accounts.google.com/"", ""x-ua-compatible"": ""IE=edge"", ""cache-control"": ""no-cache, no-store, max-age=0, must-revalidate"", ""pragma"": ""no-cache"", ""expires"": ""Mon, 01 Jan 1990 00:00:00 GMT"", ""date"": ""Wed, 25 Oct 2023 12:34:28 GMT"", ""strict-transport-security"": ""max-age=31536000; includeSubDomains"", ""content-security-policy"": ""script-src 'unsafe-inline' 'self' https://apis.google.com https://ssl.gstatic.com https://www.google.com https://www.googletagmanager.com https://www.gstatic.com https://www.google-analytics.com;report-uri /v3/signin/_/AccountsSignInUi/cspreport/allowlist"", ""cross-origin-opener-policy-report-only"": ""same-origin; report-to=\""AccountsSignInUi\"""", ""permissions-policy"": ""ch-ua-arch=*, ch-ua-bitness=*, ch-ua-full-version=*, ch-ua-full-version-list=*, ch-ua-model=*, ch-ua-wow64=*, ch-ua-form-factor=*, ch-ua-platform=*, ch-ua-platform-version=*"", ""cross-origin-resource-policy"": ""same-site"", ""accept-ch"": ""Sec-CH-UA-Arch, Sec-CH-UA-Bitness, Sec-CH-UA-Full-Version, Sec-CH-UA-Full-Version-List, Sec-CH-UA-Model, Sec-CH-UA-WoW64, Sec-CH-UA-Form-Factor, Sec-CH-UA-Platform, Sec-CH-UA-Platform-Version"", ""report-to"": ""{\""group\"":\""AccountsSignInUi\"",\""max_age\"":2592000,\""endpoints\"":[{\""url\"":\""https://csp.withgoogle.com/csp/report-to/AccountsSignInUi\""}]}"", ""content-encoding"": ""gzip"", ""server"": ""ESF"", ""x-xss-protection"": ""0"", ""x-content-type-options"": ""nosniff"", ""alt-svc"": ""h3=\"":443\""; ma=2592000,h3-29=\"":443\""; ma=2592000"", ""transfer-encoding"": ""chunked""}"
7,"GET https://accounts.google.com/v3/signin/identifier?continue=https%3A%2F%2Faccounts.google.com%2F&followup=https%3A%2F%2Faccounts.google.com%2F&ifkv=AVQVeyyp2owu3bj-yRwzpHItXpZolJXF2DIbIw8Qxg3ZWb6wrrNda6Jj_S-EBbKa1wiRWXbgtmrU&passive=1209600&flowName=GlifWebSignIn&flowEntry=ServiceLogin&dsh=S-754526159%3A1698237181004432&theme=glif HTTP/1.1
Host: accounts.google.com
User-Agent: Mozilla/5.0 (Windows NT 10.0; rv:102.0) Gecko/20100101 Firefox/102.0
Accept: text/html,application/xhtml+xml,application/xml;q=0.9,image/avif,image/webp,*/*;q=0.8
Accept-Encoding: gzip, deflate, br
Accept-Language: en-US,en;q=0.5
DNT: 1
Connection: keep-alive
Upgrade-Insecure-Requests: 1
Sec-Fetch-Dest: document
Sec-Fetch-Mode: navigate
Sec-Fetch-Site: cross-site

",0,https://accounts.google.com/v3/signin/identifier?continue=https%3A%2F%2Faccounts.google.com%2F&followup=https%3A%2F%2Faccounts.google.com%2F&ifkv=AVQVeyyp2owu3bj-yRwzpHItXpZolJXF2DIbIw8Qxg3ZWb6wrrNda6Jj_S-EBbKa1wiRWXbgtmrU&passive=1209600&flowName=GlifWebSignIn&flowEntry=ServiceLogin&dsh=S-754526159%3A1698237181004432&theme=glif,762,HTTP/1.1,0.16622090339660645,0.14848065376281738,0.14989471435546875,200,OK,[''],23,23,0,"{""content-type"": ""text/html; charset=utf-8"", ""x-frame-options"": ""DENY"", ""set-cookie"": ""__Host-GAPS=1:ls7Y5gupSBADMA5_t4cuwAz2R4Mp0g:IwQaovtMAuysUV28; Expires=Fri, 24-Oct-2025 12:34:40 GMT; Path=/; Secure; HttpOnly; Priority=HIGH"", ""vary"": ""Sec-Fetch-Dest, Sec-Fetch-Mode, Sec-Fetch-Site"", ""x-auto-login"": ""realm=com.google&args=continue%3Dhttps://accounts.google.com/"", ""x-ua-compatible"": ""IE=edge"", ""cache-control"": ""no-cache, no-store, max-age=0, must-revalidate"", ""pragma"": ""no-cache"", ""expires"": ""Mon, 01 Jan 1990 00:00:00 GMT"", ""date"": ""Wed, 25 Oct 2023 12:34:40 GMT"", ""strict-transport-security"": ""max-age=31536000; includeSubDomains"", ""cross-origin-opener-policy-report-only"": ""same-origin; report-to=\""AccountsSignInUi\"""", ""accept-ch"": ""Sec-CH-UA-Arch, Sec-CH-UA-Bitness, Sec-CH-UA-Full-Version, Sec-CH-UA-Full-Version-List, Sec-CH-UA-Model, Sec-CH-UA-WoW64, Sec-CH-UA-Form-Factor, Sec-CH-UA-Platform, Sec-CH-UA-Platform-Version"", ""permissions-policy"": ""ch-ua-arch=*, ch-ua-bitness=*, ch-ua-full-version=*, ch-ua-full-version-list=*, ch-ua-model=*, ch-ua-wow64=*, ch-ua-form-factor=*, ch-ua-platform=*, ch-ua-platform-version=*"", ""cross-origin-resource-policy"": ""same-site"", ""content-security-policy"": ""require-trusted-types-for 'script';report-uri /v3/signin/_/AccountsSignInUi/cspreport"", ""report-to"": ""{\""group\"":\""AccountsSignInUi\"",\""max_age\"":2592000,\""endpoints\"":[{\""url\"":\""https://csp.withgoogle.com/csp/report-to/AccountsSignInUi\""}]}"", ""content-encoding"": ""gzip"", ""server"": ""ESF"", ""x-xss-protection"": ""0"", ""x-content-type-options"": ""nosniff"", ""alt-svc"": ""h3=\"":443\""; ma=2592000,h3-29=\"":443\""; ma=2592000"", ""transfer-encoding"": ""chunked""}"
8,"GET https://accounts.google.com/v3/signin/identifier?continue=https%3A%2F%2Faccounts.google.com%2F&followup=https%3A%2F%2Faccounts.google.com%2F&ifkv=AVQVeyyp2owu3bj-yRwzpHItXpZolJXF2DIbIw8Qxg3ZWb6wrrNda6Jj_S-EBbKa1wiRWXbgtmrU&passive=1209600&flowName=GlifWebSignIn&flowEntry=ServiceLogin&dsh=S-754526159%3A1698237181004432&theme=glif HTTP/1.1
Host: accounts.google.com
User-Agent: Mozilla/5.0 (Windows NT 10.0; rv:102.0) Gecko/20100101 Firefox/102.0
Accept: text/html,application/xhtml+xml,application/xml;q=0.9,image/avif,image/webp,*/*;q=0.8
Accept-Encoding: gzip, deflate, br
Accept-Language: en-US,en;q=0.5
DNT: 1
Connection: keep-alive
Upgrade-Insecure-Requests: 1
Sec-Fetch-Dest: document
Sec-Fetch-Mode: navigate
Sec-Fetch-Site: cross-site

",0,https://accounts.google.com/v3/signin/identifier?continue=https%3A%2F%2Faccounts.google.com%2F&followup=https%3A%2F%2Faccounts.google.com%2F&ifkv=AVQVeyyp2owu3bj-yRwzpHItXpZolJXF2DIbIw8Qxg3ZWb6wrrNda6Jj_S-EBbKa1wiRWXbgtmrU&passive=1209600&flowName=GlifWebSignIn&flowEntry=ServiceLogin&dsh=S-754526159%3A1698237181004432&theme=glif,762,HTTP/1.1,0.13898730278015137,0.11572885513305664,0.17227768898010254,200,OK,[''],23,23,0,"{""content-type"": ""text/html; charset=utf-8"", ""x-frame-options"": ""DENY"", ""vary"": ""Sec-Fetch-Dest, Sec-Fetch-Mode, Sec-Fetch-Site"", ""set-cookie"": ""__Host-GAPS=1:KOV-deZnycz94z0kNzFzpFnQj_R2_A:p-Dzj3V4IB4qtTDN; Expires=Fri, 24-Oct-2025 12:34:51 GMT; Path=/; Secure; HttpOnly; Priority=HIGH"", ""x-auto-login"": ""realm=com.google&args=continue%3Dhttps://accounts.google.com/"", ""x-ua-compatible"": ""IE=edge"", ""cache-control"": ""no-cache, no-store, max-age=0, must-revalidate"", ""pragma"": ""no-cache"", ""expires"": ""Mon, 01 Jan 1990 00:00:00 GMT"", ""date"": ""Wed, 25 Oct 2023 12:34:51 GMT"", ""strict-transport-security"": ""max-age=31536000; includeSubDomains"", ""report-to"": ""{\""group\"":\""AccountsSignInUi\"",\""max_age\"":2592000,\""endpoints\"":[{\""url\"":\""https://csp.withgoogle.com/csp/report-to/AccountsSignInUi\""}]}"", ""permissions-policy"": ""ch-ua-arch=*, ch-ua-bitness=*, ch-ua-full-version=*, ch-ua-full-version-list=*, ch-ua-model=*, ch-ua-wow64=*, ch-ua-form-factor=*, ch-ua-platform=*, ch-ua-platform-version=*"", ""content-security-policy"": ""require-trusted-types-for 'script';report-uri /v3/signin/_/AccountsSignInUi/cspreport"", ""cross-origin-opener-policy-report-only"": ""same-origin; report-to=\""AccountsSignInUi\"""", ""accept-ch"": ""Sec-CH-UA-Arch, Sec-CH-UA-Bitness, Sec-CH-UA-Full-Version, Sec-CH-UA-Full-Version-List, Sec-CH-UA-Model, Sec-CH-UA-WoW64, Sec-CH-UA-Form-Factor, Sec-CH-UA-Platform, Sec-CH-UA-Platform-Version"", ""cross-origin-resource-policy"": ""same-site"", ""content-encoding"": ""gzip"", ""server"": ""ESF"", ""x-xss-protection"": ""0"", ""x-content-type-options"": ""nosniff"", ""alt-svc"": ""h3=\"":443\""; ma=2592000,h3-29=\"":443\""; ma=2592000"", ""transfer-encoding"": ""chunked""}"
9,"GET https://accounts.google.com/v3/signin/identifier?continue=https%3A%2F%2Faccounts.google.com%2F&followup=https%3A%2F%2Faccounts.google.com%2F&ifkv=AVQVeyyp2owu3bj-yRwzpHItXpZolJXF2DIbIw8Qxg3ZWb6wrrNda6Jj_S-EBbKa1wiRWXbgtmrU&passive=1209600&flowName=GlifWebSignIn&flowEntry=ServiceLogin&dsh=S-754526159%3A1698237181004432&theme=glif HTTP/1.1
Host: accounts.google.com
User-Agent: Mozilla/5.0 (Windows NT 10.0; rv:102.0) Gecko/20100101 Firefox/102.0
Accept: text/html,application/xhtml+xml,application/xml;q=0.9,image/avif,image/webp,*/*;q=0.8
Accept-Encoding: gzip, deflate, br
Accept-Language: en-US,en;q=0.5
DNT: 1
Connection: keep-alive
Upgrade-Insecure-Requests: 1
Sec-Fetch-Dest: document
Sec-Fetch-Mode: navigate
Sec-Fetch-Site: cross-site

",0,https://accounts.google.com/v3/signin/identifier?continue=https%3A%2F%2Faccounts.google.com%2F&followup=https%3A%2F%2Faccounts.google.com%2F&ifkv=AVQVeyyp2owu3bj-yRwzpHItXpZolJXF2DIbIw8Qxg3ZWb6wrrNda6Jj_S-EBbKa1wiRWXbgtmrU&passive=1209600&flowName=GlifWebSignIn&flowEntry=ServiceLogin&dsh=S-754526159%3A1698237181004432&theme=glif,762,HTTP/1.1,0.14953899383544922,0.1043088436126709,0.17818212509155273,200,OK,[''],23,23,0,"{""content-type"": ""text/html; charset=utf-8"", ""x-frame-options"": ""DENY"", ""set-cookie"": ""__Host-GAPS=1:irNW92sg4DPlvdg1xSisAmiRn0fvxg:JoCDbe4Ovdh7X6OS; Expires=Fri, 24-Oct-2025 12:35:03 GMT; Path=/; Secure; HttpOnly; Priority=HIGH"", ""vary"": ""Sec-Fetch-Dest, Sec-Fetch-Mode, Sec-Fetch-Site"", ""x-auto-login"": ""realm=com.google&args=continue%3Dhttps://accounts.google.com/"", ""x-ua-compatible"": ""IE=edge"", ""cache-control"": ""no-cache, no-store, max-age=0, must-revalidate"", ""pragma"": ""no-cache"", ""expires"": ""Mon, 01 Jan 1990 00:00:00 GMT"", ""date"": ""Wed, 25 Oct 2023 12:35:03 GMT"", ""strict-transport-security"": ""max-age=31536000; includeSubDomains"", ""accept-ch"": ""Sec-CH-UA-Arch, Sec-CH-UA-Bitness, Sec-CH-UA-Full-Version, Sec-CH-UA-Full-Version-List, Sec-CH-UA-Model, Sec-CH-UA-WoW64, Sec-CH-UA-Form-Factor, Sec-CH-UA-Platform, Sec-CH-UA-Platform-Version"", ""cross-origin-resource-policy"": ""same-site"", ""content-security-policy"": ""require-trusted-types-for 'script';report-uri /v3/signin/_/AccountsSignInUi/cspreport"", ""cross-origin-opener-policy-report-only"": ""same-origin; report-to=\""AccountsSignInUi\"""", ""report-to"": ""{\""group\"":\""AccountsSignInUi\"",\""max_age\"":2592000,\""endpoints\"":[{\""url\"":\""https://csp.withgoogle.com/csp/report-to/AccountsSignInUi\""}]}"", ""permissions-policy"": ""ch-ua-arch=*, ch-ua-bitness=*, ch-ua-full-version=*, ch-ua-full-version-list=*, ch-ua-model=*, ch-ua-wow64=*, ch-ua-form-factor=*, ch-ua-platform=*, ch-ua-platform-version=*"", ""content-encoding"": ""gzip"", ""server"": ""ESF"", ""x-xss-protection"": ""0"", ""x-content-type-options"": ""nosniff"", ""alt-svc"": ""h3=\"":443\""; ma=2592000,h3-29=\"":443\""; ma=2592000"", ""transfer-encoding"": ""chunked""}"
