number,request,deviation_count,uri,request_length,http_version,Socket_Connect_Time,Socket_Close_Time,Response_Time,status_code,reason_phrase,error_message,response_header_count,response_header_length,response_body_length,response_header_fields
0,"GET https://www.msn.com/de-de HTTP/1.1
Host: www.msn.com
User-Agent: Mozilla/5.0 (Windows NT 10.0; rv:102.0) Gecko/20100101 Firefox/102.0
Accept: text/html,application/xhtml+xml,application/xml;q=0.9,image/avif,image/webp,*/*;q=0.8
Accept-Encoding: gzip, deflate, br
Accept-Language: en-US,en;q=0.5
DNT: 1
Connection: keep-alive
Upgrade-Insecure-Requests: 1
Sec-Fetch-Dest: document
Sec-Fetch-Mode: navigate
Sec-Fetch-Site: cross-site

",0,https://www.msn.com/de-de,449,HTTP/1.1,0.1172633171081543,0.12278246879577637,0.07175326347351074,200,OK,[''],19,19,1431,"{""cache-control"": ""no-store, no-cache"", ""pragma"": ""no-cache"", ""transfer-encoding"": ""chunked"", ""content-type"": ""text/html; charset=utf-8"", ""set-cookie"": ""_EDGE_V=1; expires=Mon, 18 Nov 2024 12:33:20 GMT; domain=.msn.com; path=/; httponly"", ""access-control-allow-methods"": ""HEAD,GET,OPTIONS"", ""content-security-policy"": ""block-all-mixed-content;connect-src 'self' data: 'unsafe-inline' 'unsafe-eval' https: blob: wss:;default-src 'self' data: 'unsafe-inline' 'unsafe-eval' https: blob: wss: 'report-sample';font-src 'self' data: https: blob: wss: assets.msn.com assets2.msn.com assets.msn.cn assets2.msn.cn;frame-ancestors 'self' int1.msn.com ntp.msn.cn ntp.msn.com windows-int1.msn.com windows.msn.cn windows.msn.com www.bing.com www.msn.com mathsolver.microsoft.com mathsolver-dev.microsoft.com chrome-extension://lklfbkdigihjaaeamncibechhgalldgl;media-src 'self' https: blob:;report-to csp-endpoint;worker-src 'self' https: blob: 'report-sample';"", ""x-content-type-options"": ""nosniff"", ""x-frame-options"": ""SAMEORIGIN"", ""x-xss-protection"": ""1"", ""x-ua-compatible"": ""IE=Edge;chrome=1"", ""x-fabric-cluster"": ""pmeprodneu"", ""nel"": ""{\""report_to\"":\""network-errors\"",\""max_age\"":604800,\""success_fraction\"":0.001,\""failure_fraction\"":0.5}"", ""report-to"": ""{\""group\"":\""network-errors\"",\""max_age\"":604800,\""endpoints\"":[{\""url\"":\""https://deff.nelreports.net/api/report?cat=msn\""}]},{\""group\"":\""csp-endpoint\"",\""max_age\"":86400,\""endpoints\"":[{\""url\"":\""https://deff.nelreports.net/api/report\""}]}"", ""x-ceto-ref"": ""D3A79FE0C7FF4BA380B2898892E34A27|2023-10-25T12:33:20.609Z"", ""x-cache"": ""CONFIG_NOCACHE"", ""accept-ch"": ""Sec-CH-UA-Arch, Sec-CH-UA-Bitness, Sec-CH-UA-Full-Version, Sec-CH-UA-Full-Version-List, Sec-CH-UA-Mobile, Sec-CH-UA-Model, Sec-CH-UA-Platform, Sec-CH-UA-Platform-Version"", ""x-msedge-ref"": ""Ref A: D3A79FE0C7FF4BA380B2898892E34A27 Ref B: FRA31EDGE0207 Ref C: 2023-10-25T12:33:20Z"", ""date"": ""Wed, 25 Oct 2023 12:33:19 GMT""}"
1,"GET https://www.msn.com/de-de HTTP/1.1
Host: www.msn.com
User-Agent: Mozilla/5.0 (Windows NT 10.0; rv:102.0) Gecko/20100101 Firefox/102.0
Accept: text/html,application/xhtml+xml,application/xml;q=0.9,image/avif,image/webp,*/*;q=0.8
Accept-Encoding: gzip, deflate, br
Accept-Language: en-US,en;q=0.5
DNT: 1
Connection: keep-alive
Upgrade-Insecure-Requests: 1
Sec-Fetch-Dest: document
Sec-Fetch-Mode: navigate
Sec-Fetch-Site: cross-site

",0,https://www.msn.com/de-de,449,HTTP/1.1,0.14007306098937988,0.10631752014160156,0.06528425216674805,200,OK,[''],19,19,700,"{""cache-control"": ""no-store, no-cache"", ""pragma"": ""no-cache"", ""transfer-encoding"": ""chunked"", ""content-type"": ""text/html; charset=utf-8"", ""set-cookie"": ""_EDGE_V=1; expires=Mon, 18 Nov 2024 12:33:29 GMT; domain=.msn.com; path=/; httponly"", ""access-control-allow-methods"": ""HEAD,GET,OPTIONS"", ""content-security-policy"": ""block-all-mixed-content;connect-src 'self' data: 'unsafe-inline' 'unsafe-eval' https: blob: wss:;default-src 'self' data: 'unsafe-inline' 'unsafe-eval' https: blob: wss: 'report-sample';font-src 'self' data: https: blob: wss: assets.msn.com assets2.msn.com assets.msn.cn assets2.msn.cn;frame-ancestors 'self' int1.msn.com ntp.msn.cn ntp.msn.com windows-int1.msn.com windows.msn.cn windows.msn.com www.bing.com www.msn.com mathsolver.microsoft.com mathsolver-dev.microsoft.com chrome-extension://lklfbkdigihjaaeamncibechhgalldgl;media-src 'self' https: blob:;report-to csp-endpoint;worker-src 'self' https: blob: 'report-sample';"", ""x-content-type-options"": ""nosniff"", ""x-frame-options"": ""SAMEORIGIN"", ""x-xss-protection"": ""1"", ""x-ua-compatible"": ""IE=Edge;chrome=1"", ""x-fabric-cluster"": ""pmeprodneu"", ""report-to"": ""{\""group\"":\""network-errors\"",\""max_age\"":604800,\""endpoints\"":[{\""url\"":\""https://deff.nelreports.net/api/report?cat=msn\""}]},{\""group\"":\""csp-endpoint\"",\""max_age\"":86400,\""endpoints\"":[{\""url\"":\""https://deff.nelreports.net/api/report\""}]}"", ""nel"": ""{\""report_to\"":\""network-errors\"",\""max_age\"":604800,\""success_fraction\"":0.001,\""failure_fraction\"":0.5}"", ""x-ceto-ref"": ""EF25165073B748B2B5C20483C4DF9647|2023-10-25T12:33:29.661Z"", ""x-cache"": ""CONFIG_NOCACHE"", ""accept-ch"": ""Sec-CH-UA-Arch, Sec-CH-UA-Bitness, Sec-CH-UA-Full-Version, Sec-CH-UA-Full-Version-List, Sec-CH-UA-Mobile, Sec-CH-UA-Model, Sec-CH-UA-Platform, Sec-CH-UA-Platform-Version"", ""x-msedge-ref"": ""Ref A: EF25165073B748B2B5C20483C4DF9647 Ref B: FRA31EDGE0621 Ref C: 2023-10-25T12:33:29Z"", ""date"": ""Wed, 25 Oct 2023 12:33:29 GMT""}"
2,"GET https://www.msn.com/de-de HTTP/1.1
Host: www.msn.com
User-Agent: Mozilla/5.0 (Windows NT 10.0; rv:102.0) Gecko/20100101 Firefox/102.0
Accept: text/html,application/xhtml+xml,application/xml;q=0.9,image/avif,image/webp,*/*;q=0.8
Accept-Encoding: gzip, deflate, br
Accept-Language: en-US,en;q=0.5
DNT: 1
Connection: keep-alive
Upgrade-Insecure-Requests: 1
Sec-Fetch-Dest: document
Sec-Fetch-Mode: navigate
Sec-Fetch-Site: cross-site

",0,https://www.msn.com/de-de,449,HTTP/1.1,0.18214035034179688,0.11301326751708984,0.07959794998168945,200,OK,[''],19,19,1560,"{""cache-control"": ""no-store, no-cache"", ""pragma"": ""no-cache"", ""transfer-encoding"": ""chunked"", ""content-type"": ""text/html; charset=utf-8"", ""set-cookie"": ""_EDGE_V=1; expires=Mon, 18 Nov 2024 12:33:39 GMT; domain=.msn.com; path=/; httponly"", ""access-control-allow-methods"": ""HEAD,GET,OPTIONS"", ""content-security-policy"": ""block-all-mixed-content;connect-src 'self' data: 'unsafe-inline' 'unsafe-eval' https: blob: wss:;default-src 'self' data: 'unsafe-inline' 'unsafe-eval' https: blob: wss: 'report-sample';font-src 'self' data: https: blob: wss: assets.msn.com assets2.msn.com assets.msn.cn assets2.msn.cn;frame-ancestors 'self' int1.msn.com ntp.msn.cn ntp.msn.com windows-int1.msn.com windows.msn.cn windows.msn.com www.bing.com www.msn.com mathsolver.microsoft.com mathsolver-dev.microsoft.com chrome-extension://lklfbkdigihjaaeamncibechhgalldgl;media-src 'self' https: blob:;report-to csp-endpoint;worker-src 'self' https: blob: 'report-sample';"", ""x-content-type-options"": ""nosniff"", ""x-frame-options"": ""SAMEORIGIN"", ""x-xss-protection"": ""1"", ""x-ua-compatible"": ""IE=Edge;chrome=1"", ""x-fabric-cluster"": ""pmeprodneu"", ""nel"": ""{\""report_to\"":\""network-errors\"",\""max_age\"":604800,\""success_fraction\"":0.001,\""failure_fraction\"":0.5}"", ""report-to"": ""{\""group\"":\""network-errors\"",\""max_age\"":604800,\""endpoints\"":[{\""url\"":\""https://deff.nelreports.net/api/report?cat=msn\""}]},{\""group\"":\""csp-endpoint\"",\""max_age\"":86400,\""endpoints\"":[{\""url\"":\""https://deff.nelreports.net/api/report\""}]}"", ""x-ceto-ref"": ""51B6203CBBCC4205BF6ECFE9F1C52062|2023-10-25T12:33:39.691Z"", ""x-cache"": ""CONFIG_NOCACHE"", ""accept-ch"": ""Sec-CH-UA-Arch, Sec-CH-UA-Bitness, Sec-CH-UA-Full-Version, Sec-CH-UA-Full-Version-List, Sec-CH-UA-Mobile, Sec-CH-UA-Model, Sec-CH-UA-Platform, Sec-CH-UA-Platform-Version"", ""x-msedge-ref"": ""Ref A: 51B6203CBBCC4205BF6ECFE9F1C52062 Ref B: FRA31EDGE0711 Ref C: 2023-10-25T12:33:39Z"", ""date"": ""Wed, 25 Oct 2023 12:33:38 GMT""}"
3,"GET https://www.msn.com/de-de HTTP/1.1
Host: www.msn.com
User-Agent: Mozilla/5.0 (Windows NT 10.0; rv:102.0) Gecko/20100101 Firefox/102.0
Accept: text/html,application/xhtml+xml,application/xml;q=0.9,image/avif,image/webp,*/*;q=0.8
Accept-Encoding: gzip, deflate, br
Accept-Language: en-US,en;q=0.5
DNT: 1
Connection: keep-alive
Upgrade-Insecure-Requests: 1
Sec-Fetch-Dest: document
Sec-Fetch-Mode: navigate
Sec-Fetch-Site: cross-site

",0,https://www.msn.com/de-de,449,HTTP/1.1,0.11923933029174805,0.11127352714538574,0.06726717948913574,200,OK,[''],19,19,1033,"{""cache-control"": ""no-store, no-cache"", ""pragma"": ""no-cache"", ""transfer-encoding"": ""chunked"", ""content-type"": ""text/html; charset=utf-8"", ""set-cookie"": ""_EDGE_V=1; expires=Mon, 18 Nov 2024 12:33:49 GMT; domain=.msn.com; path=/; httponly"", ""access-control-allow-methods"": ""HEAD,GET,OPTIONS"", ""content-security-policy"": ""block-all-mixed-content;connect-src 'self' data: 'unsafe-inline' 'unsafe-eval' https: blob: wss:;default-src 'self' data: 'unsafe-inline' 'unsafe-eval' https: blob: wss: 'report-sample';font-src 'self' data: https: blob: wss: assets.msn.com assets2.msn.com assets.msn.cn assets2.msn.cn;frame-ancestors 'self' int1.msn.com ntp.msn.cn ntp.msn.com windows-int1.msn.com windows.msn.cn windows.msn.com www.bing.com www.msn.com mathsolver.microsoft.com mathsolver-dev.microsoft.com chrome-extension://lklfbkdigihjaaeamncibechhgalldgl;media-src 'self' https: blob:;report-to csp-endpoint;worker-src 'self' https: blob: 'report-sample';"", ""x-content-type-options"": ""nosniff"", ""x-frame-options"": ""SAMEORIGIN"", ""x-xss-protection"": ""1"", ""x-ua-compatible"": ""IE=Edge;chrome=1"", ""x-fabric-cluster"": ""pmeprodneu"", ""nel"": ""{\""report_to\"":\""network-errors\"",\""max_age\"":604800,\""success_fraction\"":0.001,\""failure_fraction\"":0.5}"", ""report-to"": ""{\""group\"":\""network-errors\"",\""max_age\"":604800,\""endpoints\"":[{\""url\"":\""https://deff.nelreports.net/api/report?cat=msn\""}]},{\""group\"":\""csp-endpoint\"",\""max_age\"":86400,\""endpoints\"":[{\""url\"":\""https://deff.nelreports.net/api/report\""}]}"", ""x-ceto-ref"": ""43552AE588B14B7C830EF477C3F5B47C|2023-10-25T12:33:49.209Z"", ""x-cache"": ""CONFIG_NOCACHE"", ""accept-ch"": ""Sec-CH-UA-Arch, Sec-CH-UA-Bitness, Sec-CH-UA-Full-Version, Sec-CH-UA-Full-Version-List, Sec-CH-UA-Mobile, Sec-CH-UA-Model, Sec-CH-UA-Platform, Sec-CH-UA-Platform-Version"", ""x-msedge-ref"": ""Ref A: 43552AE588B14B7C830EF477C3F5B47C Ref B: FRA31EDGE0815 Ref C: 2023-10-25T12:33:49Z"", ""date"": ""Wed, 25 Oct 2023 12:33:48 GMT""}"
4,"GET https://www.msn.com/de-de HTTP/1.1
Host: www.msn.com
User-Agent: Mozilla/5.0 (Windows NT 10.0; rv:102.0) Gecko/20100101 Firefox/102.0
Accept: text/html,application/xhtml+xml,application/xml;q=0.9,image/avif,image/webp,*/*;q=0.8
Accept-Encoding: gzip, deflate, br
Accept-Language: en-US,en;q=0.5
DNT: 1
Connection: keep-alive
Upgrade-Insecure-Requests: 1
Sec-Fetch-Dest: document
Sec-Fetch-Mode: navigate
Sec-Fetch-Site: cross-site

",0,https://www.msn.com/de-de,449,HTTP/1.1,0.21703028678894043,0.18053483963012695,0.07956290245056152,200,OK,[''],19,19,1502,"{""cache-control"": ""no-store, no-cache"", ""pragma"": ""no-cache"", ""transfer-encoding"": ""chunked"", ""content-type"": ""text/html; charset=utf-8"", ""set-cookie"": ""_EDGE_V=1; expires=Mon, 18 Nov 2024 12:33:58 GMT; domain=.msn.com; path=/; httponly"", ""access-control-allow-methods"": ""HEAD,GET,OPTIONS"", ""content-security-policy"": ""block-all-mixed-content;connect-src 'self' data: 'unsafe-inline' 'unsafe-eval' https: blob: wss:;default-src 'self' data: 'unsafe-inline' 'unsafe-eval' https: blob: wss: 'report-sample';font-src 'self' data: https: blob: wss: assets.msn.com assets2.msn.com assets.msn.cn assets2.msn.cn;frame-ancestors 'self' int1.msn.com ntp.msn.cn ntp.msn.com windows-int1.msn.com windows.msn.cn windows.msn.com www.bing.com www.msn.com mathsolver.microsoft.com mathsolver-dev.microsoft.com chrome-extension://lklfbkdigihjaaeamncibechhgalldgl;media-src 'self' https: blob:;report-to csp-endpoint;worker-src 'self' https: blob: 'report-sample';"", ""x-content-type-options"": ""nosniff"", ""x-frame-options"": ""SAMEORIGIN"", ""x-xss-protection"": ""1"", ""x-ua-compatible"": ""IE=Edge;chrome=1"", ""x-fabric-cluster"": ""pmeprodneu"", ""nel"": ""{\""report_to\"":\""network-errors\"",\""max_age\"":604800,\""success_fraction\"":0.001,\""failure_fraction\"":0.5}"", ""report-to"": ""{\""group\"":\""network-errors\"",\""max_age\"":604800,\""endpoints\"":[{\""url\"":\""https://deff.nelreports.net/api/report?cat=msn\""}]},{\""group\"":\""csp-endpoint\"",\""max_age\"":86400,\""endpoints\"":[{\""url\"":\""https://deff.nelreports.net/api/report\""}]}"", ""x-ceto-ref"": ""F2A2997F99AF487F985D660080C8AF7A|2023-10-25T12:33:58.849Z"", ""x-cache"": ""CONFIG_NOCACHE"", ""accept-ch"": ""Sec-CH-UA-Arch, Sec-CH-UA-Bitness, Sec-CH-UA-Full-Version, Sec-CH-UA-Full-Version-List, Sec-CH-UA-Mobile, Sec-CH-UA-Model, Sec-CH-UA-Platform, Sec-CH-UA-Platform-Version"", ""x-msedge-ref"": ""Ref A: F2A2997F99AF487F985D660080C8AF7A Ref B: FRA31EDGE0710 Ref C: 2023-10-25T12:33:58Z"", ""date"": ""Wed, 25 Oct 2023 12:33:58 GMT""}"
5,"GET https://www.msn.com/de-de HTTP/1.1
Host: www.msn.com
User-Agent: Mozilla/5.0 (Windows NT 10.0; rv:102.0) Gecko/20100101 Firefox/102.0
Accept: text/html,application/xhtml+xml,application/xml;q=0.9,image/avif,image/webp,*/*;q=0.8
Accept-Encoding: gzip, deflate, br
Accept-Language: en-US,en;q=0.5
DNT: 1
Connection: keep-alive
Upgrade-Insecure-Requests: 1
Sec-Fetch-Dest: document
Sec-Fetch-Mode: navigate
Sec-Fetch-Site: cross-site

",0,https://www.msn.com/de-de,449,HTTP/1.1,0.13135004043579102,0.13151168823242188,0.056234121322631836,200,OK,[''],19,19,1322,"{""cache-control"": ""no-store, no-cache"", ""pragma"": ""no-cache"", ""transfer-encoding"": ""chunked"", ""content-type"": ""text/html; charset=utf-8"", ""set-cookie"": ""_EDGE_V=1; expires=Mon, 18 Nov 2024 12:34:09 GMT; domain=.msn.com; path=/; httponly"", ""access-control-allow-methods"": ""HEAD,GET,OPTIONS"", ""content-security-policy"": ""block-all-mixed-content;connect-src 'self' data: 'unsafe-inline' 'unsafe-eval' https: blob: wss:;default-src 'self' data: 'unsafe-inline' 'unsafe-eval' https: blob: wss: 'report-sample';font-src 'self' data: https: blob: wss: assets.msn.com assets2.msn.com assets.msn.cn assets2.msn.cn;frame-ancestors 'self' int1.msn.com ntp.msn.cn ntp.msn.com windows-int1.msn.com windows.msn.cn windows.msn.com www.bing.com www.msn.com mathsolver.microsoft.com mathsolver-dev.microsoft.com chrome-extension://lklfbkdigihjaaeamncibechhgalldgl;media-src 'self' https: blob:;report-to csp-endpoint;worker-src 'self' https: blob: 'report-sample';"", ""x-content-type-options"": ""nosniff"", ""x-frame-options"": ""SAMEORIGIN"", ""x-xss-protection"": ""1"", ""x-ua-compatible"": ""IE=Edge;chrome=1"", ""x-fabric-cluster"": ""pmeprodneu"", ""report-to"": ""{\""group\"":\""network-errors\"",\""max_age\"":604800,\""endpoints\"":[{\""url\"":\""https://deff.nelreports.net/api/report?cat=msn\""}]},{\""group\"":\""csp-endpoint\"",\""max_age\"":86400,\""endpoints\"":[{\""url\"":\""https://deff.nelreports.net/api/report\""}]}"", ""nel"": ""{\""report_to\"":\""network-errors\"",\""max_age\"":604800,\""success_fraction\"":0.001,\""failure_fraction\"":0.5}"", ""x-ceto-ref"": ""2590AF12D73141C09BE5D7167980A001|2023-10-25T12:34:09.042Z"", ""x-cache"": ""CONFIG_NOCACHE"", ""accept-ch"": ""Sec-CH-UA-Arch, Sec-CH-UA-Bitness, Sec-CH-UA-Full-Version, Sec-CH-UA-Full-Version-List, Sec-CH-UA-Mobile, Sec-CH-UA-Model, Sec-CH-UA-Platform, Sec-CH-UA-Platform-Version"", ""x-msedge-ref"": ""Ref A: 2590AF12D73141C09BE5D7167980A001 Ref B: FRA31EDGE0509 Ref C: 2023-10-25T12:34:09Z"", ""date"": ""Wed, 25 Oct 2023 12:34:08 GMT""}"
6,"GET https://www.msn.com/de-de HTTP/1.1
Host: www.msn.com
User-Agent: Mozilla/5.0 (Windows NT 10.0; rv:102.0) Gecko/20100101 Firefox/102.0
Accept: text/html,application/xhtml+xml,application/xml;q=0.9,image/avif,image/webp,*/*;q=0.8
Accept-Encoding: gzip, deflate, br
Accept-Language: en-US,en;q=0.5
DNT: 1
Connection: keep-alive
Upgrade-Insecure-Requests: 1
Sec-Fetch-Dest: document
Sec-Fetch-Mode: navigate
Sec-Fetch-Site: cross-site

",0,https://www.msn.com/de-de,449,HTTP/1.1,0.1322638988494873,0.1145930290222168,0.06332540512084961,200,OK,[''],19,19,1914,"{""cache-control"": ""no-store, no-cache"", ""pragma"": ""no-cache"", ""transfer-encoding"": ""chunked"", ""content-type"": ""text/html; charset=utf-8"", ""set-cookie"": ""_EDGE_V=1; expires=Mon, 18 Nov 2024 12:34:18 GMT; domain=.msn.com; path=/; httponly"", ""access-control-allow-methods"": ""HEAD,GET,OPTIONS"", ""content-security-policy"": ""block-all-mixed-content;connect-src 'self' data: 'unsafe-inline' 'unsafe-eval' https: blob: wss:;default-src 'self' data: 'unsafe-inline' 'unsafe-eval' https: blob: wss: 'report-sample';font-src 'self' data: https: blob: wss: assets.msn.com assets2.msn.com assets.msn.cn assets2.msn.cn;frame-ancestors 'self' int1.msn.com ntp.msn.cn ntp.msn.com windows-int1.msn.com windows.msn.cn windows.msn.com www.bing.com www.msn.com mathsolver.microsoft.com mathsolver-dev.microsoft.com chrome-extension://lklfbkdigihjaaeamncibechhgalldgl;media-src 'self' https: blob:;report-to csp-endpoint;worker-src 'self' https: blob: 'report-sample';"", ""x-content-type-options"": ""nosniff"", ""x-frame-options"": ""SAMEORIGIN"", ""x-xss-protection"": ""1"", ""x-ua-compatible"": ""IE=Edge;chrome=1"", ""x-fabric-cluster"": ""pmeprodneu"", ""nel"": ""{\""report_to\"":\""network-errors\"",\""max_age\"":604800,\""success_fraction\"":0.001,\""failure_fraction\"":0.5}"", ""report-to"": ""{\""group\"":\""network-errors\"",\""max_age\"":604800,\""endpoints\"":[{\""url\"":\""https://deff.nelreports.net/api/report?cat=msn\""}]},{\""group\"":\""csp-endpoint\"",\""max_age\"":86400,\""endpoints\"":[{\""url\"":\""https://deff.nelreports.net/api/report\""}]}"", ""x-ceto-ref"": ""8155C9ED965E49B083FB6DE374221E29|2023-10-25T12:34:18.207Z"", ""x-cache"": ""CONFIG_NOCACHE"", ""accept-ch"": ""Sec-CH-UA-Arch, Sec-CH-UA-Bitness, Sec-CH-UA-Full-Version, Sec-CH-UA-Full-Version-List, Sec-CH-UA-Mobile, Sec-CH-UA-Model, Sec-CH-UA-Platform, Sec-CH-UA-Platform-Version"", ""x-msedge-ref"": ""Ref A: 8155C9ED965E49B083FB6DE374221E29 Ref B: FRA31EDGE0515 Ref C: 2023-10-25T12:34:18Z"", ""date"": ""Wed, 25 Oct 2023 12:34:17 GMT""}"
7,"GET https://www.msn.com/de-de HTTP/1.1
Host: www.msn.com
User-Agent: Mozilla/5.0 (Windows NT 10.0; rv:102.0) Gecko/20100101 Firefox/102.0
Accept: text/html,application/xhtml+xml,application/xml;q=0.9,image/avif,image/webp,*/*;q=0.8
Accept-Encoding: gzip, deflate, br
Accept-Language: en-US,en;q=0.5
DNT: 1
Connection: keep-alive
Upgrade-Insecure-Requests: 1
Sec-Fetch-Dest: document
Sec-Fetch-Mode: navigate
Sec-Fetch-Site: cross-site

",0,https://www.msn.com/de-de,449,HTTP/1.1,0.17452549934387207,0.10594797134399414,0.06630945205688477,200,OK,[''],19,19,1969,"{""cache-control"": ""no-store, no-cache"", ""pragma"": ""no-cache"", ""transfer-encoding"": ""chunked"", ""content-type"": ""text/html; charset=utf-8"", ""set-cookie"": ""_EDGE_V=1; expires=Mon, 18 Nov 2024 12:34:27 GMT; domain=.msn.com; path=/; httponly"", ""access-control-allow-methods"": ""HEAD,GET,OPTIONS"", ""content-security-policy"": ""block-all-mixed-content;connect-src 'self' data: 'unsafe-inline' 'unsafe-eval' https: blob: wss:;default-src 'self' data: 'unsafe-inline' 'unsafe-eval' https: blob: wss: 'report-sample';font-src 'self' data: https: blob: wss: assets.msn.com assets2.msn.com assets.msn.cn assets2.msn.cn;frame-ancestors 'self' int1.msn.com ntp.msn.cn ntp.msn.com windows-int1.msn.com windows.msn.cn windows.msn.com www.bing.com www.msn.com mathsolver.microsoft.com mathsolver-dev.microsoft.com chrome-extension://lklfbkdigihjaaeamncibechhgalldgl;media-src 'self' https: blob:;report-to csp-endpoint;worker-src 'self' https: blob: 'report-sample';"", ""x-content-type-options"": ""nosniff"", ""x-frame-options"": ""SAMEORIGIN"", ""x-xss-protection"": ""1"", ""x-ua-compatible"": ""IE=Edge;chrome=1"", ""x-fabric-cluster"": ""pmeprodneu"", ""report-to"": ""{\""group\"":\""network-errors\"",\""max_age\"":604800,\""endpoints\"":[{\""url\"":\""https://deff.nelreports.net/api/report?cat=msn\""}]},{\""group\"":\""csp-endpoint\"",\""max_age\"":86400,\""endpoints\"":[{\""url\"":\""https://deff.nelreports.net/api/report\""}]}"", ""nel"": ""{\""report_to\"":\""network-errors\"",\""max_age\"":604800,\""success_fraction\"":0.001,\""failure_fraction\"":0.5}"", ""x-ceto-ref"": ""51C4078A401846ACAC6ACB7DA3733492|2023-10-25T12:34:27.715Z"", ""x-cache"": ""CONFIG_NOCACHE"", ""accept-ch"": ""Sec-CH-UA-Arch, Sec-CH-UA-Bitness, Sec-CH-UA-Full-Version, Sec-CH-UA-Full-Version-List, Sec-CH-UA-Mobile, Sec-CH-UA-Model, Sec-CH-UA-Platform, Sec-CH-UA-Platform-Version"", ""x-msedge-ref"": ""Ref A: 51C4078A401846ACAC6ACB7DA3733492 Ref B: FRA31EDGE0813 Ref C: 2023-10-25T12:34:27Z"", ""date"": ""Wed, 25 Oct 2023 12:34:27 GMT""}"
8,"GET https://www.msn.com/de-de HTTP/1.1
Host: www.msn.com
User-Agent: Mozilla/5.0 (Windows NT 10.0; rv:102.0) Gecko/20100101 Firefox/102.0
Accept: text/html,application/xhtml+xml,application/xml;q=0.9,image/avif,image/webp,*/*;q=0.8
Accept-Encoding: gzip, deflate, br
Accept-Language: en-US,en;q=0.5
DNT: 1
Connection: keep-alive
Upgrade-Insecure-Requests: 1
Sec-Fetch-Dest: document
Sec-Fetch-Mode: navigate
Sec-Fetch-Site: cross-site

",0,https://www.msn.com/de-de,449,HTTP/1.1,0.1531531810760498,0.10869526863098145,0.06127786636352539,200,OK,[''],19,19,1914,"{""cache-control"": ""no-store, no-cache"", ""pragma"": ""no-cache"", ""transfer-encoding"": ""chunked"", ""content-type"": ""text/html; charset=utf-8"", ""set-cookie"": ""_EDGE_V=1; expires=Mon, 18 Nov 2024 12:34:37 GMT; domain=.msn.com; path=/; httponly"", ""access-control-allow-methods"": ""HEAD,GET,OPTIONS"", ""content-security-policy"": ""block-all-mixed-content;connect-src 'self' data: 'unsafe-inline' 'unsafe-eval' https: blob: wss:;default-src 'self' data: 'unsafe-inline' 'unsafe-eval' https: blob: wss: 'report-sample';font-src 'self' data: https: blob: wss: assets.msn.com assets2.msn.com assets.msn.cn assets2.msn.cn;frame-ancestors 'self' int1.msn.com ntp.msn.cn ntp.msn.com windows-int1.msn.com windows.msn.cn windows.msn.com www.bing.com www.msn.com mathsolver.microsoft.com mathsolver-dev.microsoft.com chrome-extension://lklfbkdigihjaaeamncibechhgalldgl;media-src 'self' https: blob:;report-to csp-endpoint;worker-src 'self' https: blob: 'report-sample';"", ""x-content-type-options"": ""nosniff"", ""x-frame-options"": ""SAMEORIGIN"", ""x-xss-protection"": ""1"", ""x-ua-compatible"": ""IE=Edge;chrome=1"", ""x-fabric-cluster"": ""pmeprodneu"", ""nel"": ""{\""report_to\"":\""network-errors\"",\""max_age\"":604800,\""success_fraction\"":0.001,\""failure_fraction\"":0.5}"", ""report-to"": ""{\""group\"":\""network-errors\"",\""max_age\"":604800,\""endpoints\"":[{\""url\"":\""https://deff.nelreports.net/api/report?cat=msn\""}]},{\""group\"":\""csp-endpoint\"",\""max_age\"":86400,\""endpoints\"":[{\""url\"":\""https://deff.nelreports.net/api/report\""}]}"", ""x-ceto-ref"": ""6F9442854B7949F2BA885EFE7A74ADBC|2023-10-25T12:34:37.907Z"", ""x-cache"": ""CONFIG_NOCACHE"", ""accept-ch"": ""Sec-CH-UA-Arch, Sec-CH-UA-Bitness, Sec-CH-UA-Full-Version, Sec-CH-UA-Full-Version-List, Sec-CH-UA-Mobile, Sec-CH-UA-Model, Sec-CH-UA-Platform, Sec-CH-UA-Platform-Version"", ""x-msedge-ref"": ""Ref A: 6F9442854B7949F2BA885EFE7A74ADBC Ref B: FRA31EDGE0709 Ref C: 2023-10-25T12:34:37Z"", ""date"": ""Wed, 25 Oct 2023 12:34:37 GMT""}"
9,"GET https://www.msn.com/de-de HTTP/1.1
Host: www.msn.com
User-Agent: Mozilla/5.0 (Windows NT 10.0; rv:102.0) Gecko/20100101 Firefox/102.0
Accept: text/html,application/xhtml+xml,application/xml;q=0.9,image/avif,image/webp,*/*;q=0.8
Accept-Encoding: gzip, deflate, br
Accept-Language: en-US,en;q=0.5
DNT: 1
Connection: keep-alive
Upgrade-Insecure-Requests: 1
Sec-Fetch-Dest: document
Sec-Fetch-Mode: navigate
Sec-Fetch-Site: cross-site

",0,https://www.msn.com/de-de,449,HTTP/1.1,0.12885618209838867,0.1372520923614502,0.07854652404785156,200,OK,[''],19,19,1760,"{""cache-control"": ""no-store, no-cache"", ""pragma"": ""no-cache"", ""transfer-encoding"": ""chunked"", ""content-type"": ""text/html; charset=utf-8"", ""set-cookie"": ""_EDGE_V=1; expires=Mon, 18 Nov 2024 12:34:47 GMT; domain=.msn.com; path=/; httponly"", ""access-control-allow-methods"": ""HEAD,GET,OPTIONS"", ""content-security-policy"": ""block-all-mixed-content;connect-src 'self' data: 'unsafe-inline' 'unsafe-eval' https: blob: wss:;default-src 'self' data: 'unsafe-inline' 'unsafe-eval' https: blob: wss: 'report-sample';font-src 'self' data: https: blob: wss: assets.msn.com assets2.msn.com assets.msn.cn assets2.msn.cn;frame-ancestors 'self' int1.msn.com ntp.msn.cn ntp.msn.com windows-int1.msn.com windows.msn.cn windows.msn.com www.bing.com www.msn.com mathsolver.microsoft.com mathsolver-dev.microsoft.com chrome-extension://lklfbkdigihjaaeamncibechhgalldgl;media-src 'self' https: blob:;report-to csp-endpoint;worker-src 'self' https: blob: 'report-sample';"", ""x-content-type-options"": ""nosniff"", ""x-frame-options"": ""SAMEORIGIN"", ""x-xss-protection"": ""1"", ""x-ua-compatible"": ""IE=Edge;chrome=1"", ""x-fabric-cluster"": ""pmeprodneu"", ""nel"": ""{\""report_to\"":\""network-errors\"",\""max_age\"":604800,\""success_fraction\"":0.001,\""failure_fraction\"":0.5}"", ""report-to"": ""{\""group\"":\""network-errors\"",\""max_age\"":604800,\""endpoints\"":[{\""url\"":\""https://deff.nelreports.net/api/report?cat=msn\""}]},{\""group\"":\""csp-endpoint\"",\""max_age\"":86400,\""endpoints\"":[{\""url\"":\""https://deff.nelreports.net/api/report\""}]}"", ""x-ceto-ref"": ""E35CC08B03AA4A14B0EE7BDC55075920|2023-10-25T12:34:47.407Z"", ""x-cache"": ""CONFIG_NOCACHE"", ""accept-ch"": ""Sec-CH-UA-Arch, Sec-CH-UA-Bitness, Sec-CH-UA-Full-Version, Sec-CH-UA-Full-Version-List, Sec-CH-UA-Mobile, Sec-CH-UA-Model, Sec-CH-UA-Platform, Sec-CH-UA-Platform-Version"", ""x-msedge-ref"": ""Ref A: E35CC08B03AA4A14B0EE7BDC55075920 Ref B: FRA31EDGE0219 Ref C: 2023-10-25T12:34:47Z"", ""date"": ""Wed, 25 Oct 2023 12:34:47 GMT""}"
