[
    {
        "number": 0,
        "request": "GET https://www.msn.com/de-de HTTP/1.1\r\nHost: www.msn.com\r\nUser-Agent: Mozilla/5.0 (Windows NT 10.0; rv:102.0) Gecko/20100101 Firefox/102.0\r\nAccept: text/html,application/xhtml+xml,application/xml;q=0.9,image/avif,image/webp,*/*;q=0.8\r\nAccept-Encoding: gzip, deflate, br\r\nAccept-Language: en-US,en;q=0.5\r\nDNT: 1\r\nConnection: keep-alive\r\nUpgrade-Insecure-Requests: 1\r\nSec-Fetch-Dest: document\r\nSec-Fetch-Mode: navigate\r\nSec-Fetch-Site: cross-site\r\n\r\n",
        "deviation_count": 0,
        "uri": "https://www.msn.com/de-de",
        "request_length": 449,
        "Response_Time": 0.07175326347351074,
        "status_code": 200,
        "reason_phrase": "OK",
        "error_message": [
            ""
        ],
        "response_header_count": 19,
        "response_header_length": 19,
        "response_body_length": 1431,
        "response_header_fields": {
            "cache-control": "no-store, no-cache",
            "pragma": "no-cache",
            "transfer-encoding": "chunked",
            "content-type": "text/html; charset=utf-8",
            "set-cookie": "_EDGE_V=1; expires=Mon, 18 Nov 2024 12:33:20 GMT; domain=.msn.com; path=/; httponly",
            "access-control-allow-methods": "HEAD,GET,OPTIONS",
            "content-security-policy": "block-all-mixed-content;connect-src 'self' data: 'unsafe-inline' 'unsafe-eval' https: blob: wss:;default-src 'self' data: 'unsafe-inline' 'unsafe-eval' https: blob: wss: 'report-sample';font-src 'self' data: https: blob: wss: assets.msn.com assets2.msn.com assets.msn.cn assets2.msn.cn;frame-ancestors 'self' int1.msn.com ntp.msn.cn ntp.msn.com windows-int1.msn.com windows.msn.cn windows.msn.com www.bing.com www.msn.com mathsolver.microsoft.com mathsolver-dev.microsoft.com chrome-extension://lklfbkdigihjaaeamncibechhgalldgl;media-src 'self' https: blob:;report-to csp-endpoint;worker-src 'self' https: blob: 'report-sample';",
            "x-content-type-options": "nosniff",
            "x-frame-options": "SAMEORIGIN",
            "x-xss-protection": "1",
            "x-ua-compatible": "IE=Edge;chrome=1",
            "x-fabric-cluster": "pmeprodneu",
            "nel": "{\"report_to\":\"network-errors\",\"max_age\":604800,\"success_fraction\":0.001,\"failure_fraction\":0.5}",
            "report-to": "{\"group\":\"network-errors\",\"max_age\":604800,\"endpoints\":[{\"url\":\"https://deff.nelreports.net/api/report?cat=msn\"}]},{\"group\":\"csp-endpoint\",\"max_age\":86400,\"endpoints\":[{\"url\":\"https://deff.nelreports.net/api/report\"}]}",
            "x-ceto-ref": "D3A79FE0C7FF4BA380B2898892E34A27|2023-10-25T12:33:20.609Z",
            "x-cache": "CONFIG_NOCACHE",
            "accept-ch": "Sec-CH-UA-Arch, Sec-CH-UA-Bitness, Sec-CH-UA-Full-Version, Sec-CH-UA-Full-Version-List, Sec-CH-UA-Mobile, Sec-CH-UA-Model, Sec-CH-UA-Platform, Sec-CH-UA-Platform-Version",
            "x-msedge-ref": "Ref A: D3A79FE0C7FF4BA380B2898892E34A27 Ref B: FRA31EDGE0207 Ref C: 2023-10-25T12:33:20Z",
            "date": "Wed, 25 Oct 2023 12:33:19 GMT"
        }
    },
    {
        "number": 1,
        "request": "GET https://www.msn.com/de-de HTTP/1.1\r\nHost: www.msn.com\r\nUser-Agent: Mozilla/5.0 (Windows NT 10.0; rv:102.0) Gecko/20100101 Firefox/102.0\r\nAccept: text/html,application/xhtml+xml,application/xml;q=0.9,image/avif,image/webp,*/*;q=0.8\r\nAccept-Encoding: gzip, deflate, br\r\nAccept-Language: en-US,en;q=0.5\r\nDNT: 1\r\nConnection: keep-alive\r\nUpgrade-Insecure-Requests: 1\r\nSec-Fetch-Dest: document\r\nSec-Fetch-Mode: navigate\r\nSec-Fetch-Site: cross-site\r\n\r\n",
        "deviation_count": 0,
        "uri": "https://www.msn.com/de-de",
        "request_length": 449,
        "Response_Time": 0.06528425216674805,
        "status_code": 200,
        "reason_phrase": "OK",
        "error_message": [
            ""
        ],
        "response_header_count": 19,
        "response_header_length": 19,
        "response_body_length": 700,
        "response_header_fields": {
            "cache-control": "no-store, no-cache",
            "pragma": "no-cache",
            "transfer-encoding": "chunked",
            "content-type": "text/html; charset=utf-8",
            "set-cookie": "_EDGE_V=1; expires=Mon, 18 Nov 2024 12:33:29 GMT; domain=.msn.com; path=/; httponly",
            "access-control-allow-methods": "HEAD,GET,OPTIONS",
            "content-security-policy": "block-all-mixed-content;connect-src 'self' data: 'unsafe-inline' 'unsafe-eval' https: blob: wss:;default-src 'self' data: 'unsafe-inline' 'unsafe-eval' https: blob: wss: 'report-sample';font-src 'self' data: https: blob: wss: assets.msn.com assets2.msn.com assets.msn.cn assets2.msn.cn;frame-ancestors 'self' int1.msn.com ntp.msn.cn ntp.msn.com windows-int1.msn.com windows.msn.cn windows.msn.com www.bing.com www.msn.com mathsolver.microsoft.com mathsolver-dev.microsoft.com chrome-extension://lklfbkdigihjaaeamncibechhgalldgl;media-src 'self' https: blob:;report-to csp-endpoint;worker-src 'self' https: blob: 'report-sample';",
            "x-content-type-options": "nosniff",
            "x-frame-options": "SAMEORIGIN",
            "x-xss-protection": "1",
            "x-ua-compatible": "IE=Edge;chrome=1",
            "x-fabric-cluster": "pmeprodneu",
            "report-to": "{\"group\":\"network-errors\",\"max_age\":604800,\"endpoints\":[{\"url\":\"https://deff.nelreports.net/api/report?cat=msn\"}]},{\"group\":\"csp-endpoint\",\"max_age\":86400,\"endpoints\":[{\"url\":\"https://deff.nelreports.net/api/report\"}]}",
            "nel": "{\"report_to\":\"network-errors\",\"max_age\":604800,\"success_fraction\":0.001,\"failure_fraction\":0.5}",
            "x-ceto-ref": "EF25165073B748B2B5C20483C4DF9647|2023-10-25T12:33:29.661Z",
            "x-cache": "CONFIG_NOCACHE",
            "accept-ch": "Sec-CH-UA-Arch, Sec-CH-UA-Bitness, Sec-CH-UA-Full-Version, Sec-CH-UA-Full-Version-List, Sec-CH-UA-Mobile, Sec-CH-UA-Model, Sec-CH-UA-Platform, Sec-CH-UA-Platform-Version",
            "x-msedge-ref": "Ref A: EF25165073B748B2B5C20483C4DF9647 Ref B: FRA31EDGE0621 Ref C: 2023-10-25T12:33:29Z",
            "date": "Wed, 25 Oct 2023 12:33:29 GMT"
        }
    },
    {
        "number": 2,
        "request": "GET https://www.msn.com/de-de HTTP/1.1\r\nHost: www.msn.com\r\nUser-Agent: Mozilla/5.0 (Windows NT 10.0; rv:102.0) Gecko/20100101 Firefox/102.0\r\nAccept: text/html,application/xhtml+xml,application/xml;q=0.9,image/avif,image/webp,*/*;q=0.8\r\nAccept-Encoding: gzip, deflate, br\r\nAccept-Language: en-US,en;q=0.5\r\nDNT: 1\r\nConnection: keep-alive\r\nUpgrade-Insecure-Requests: 1\r\nSec-Fetch-Dest: document\r\nSec-Fetch-Mode: navigate\r\nSec-Fetch-Site: cross-site\r\n\r\n",
        "deviation_count": 0,
        "uri": "https://www.msn.com/de-de",
        "request_length": 449,
        "Response_Time": 0.07959794998168945,
        "status_code": 200,
        "reason_phrase": "OK",
        "error_message": [
            ""
        ],
        "response_header_count": 19,
        "response_header_length": 19,
        "response_body_length": 1560,
        "response_header_fields": {
            "cache-control": "no-store, no-cache",
            "pragma": "no-cache",
            "transfer-encoding": "chunked",
            "content-type": "text/html; charset=utf-8",
            "set-cookie": "_EDGE_V=1; expires=Mon, 18 Nov 2024 12:33:39 GMT; domain=.msn.com; path=/; httponly",
            "access-control-allow-methods": "HEAD,GET,OPTIONS",
            "content-security-policy": "block-all-mixed-content;connect-src 'self' data: 'unsafe-inline' 'unsafe-eval' https: blob: wss:;default-src 'self' data: 'unsafe-inline' 'unsafe-eval' https: blob: wss: 'report-sample';font-src 'self' data: https: blob: wss: assets.msn.com assets2.msn.com assets.msn.cn assets2.msn.cn;frame-ancestors 'self' int1.msn.com ntp.msn.cn ntp.msn.com windows-int1.msn.com windows.msn.cn windows.msn.com www.bing.com www.msn.com mathsolver.microsoft.com mathsolver-dev.microsoft.com chrome-extension://lklfbkdigihjaaeamncibechhgalldgl;media-src 'self' https: blob:;report-to csp-endpoint;worker-src 'self' https: blob: 'report-sample';",
            "x-content-type-options": "nosniff",
            "x-frame-options": "SAMEORIGIN",
            "x-xss-protection": "1",
            "x-ua-compatible": "IE=Edge;chrome=1",
            "x-fabric-cluster": "pmeprodneu",
            "nel": "{\"report_to\":\"network-errors\",\"max_age\":604800,\"success_fraction\":0.001,\"failure_fraction\":0.5}",
            "report-to": "{\"group\":\"network-errors\",\"max_age\":604800,\"endpoints\":[{\"url\":\"https://deff.nelreports.net/api/report?cat=msn\"}]},{\"group\":\"csp-endpoint\",\"max_age\":86400,\"endpoints\":[{\"url\":\"https://deff.nelreports.net/api/report\"}]}",
            "x-ceto-ref": "51B6203CBBCC4205BF6ECFE9F1C52062|2023-10-25T12:33:39.691Z",
            "x-cache": "CONFIG_NOCACHE",
            "accept-ch": "Sec-CH-UA-Arch, Sec-CH-UA-Bitness, Sec-CH-UA-Full-Version, Sec-CH-UA-Full-Version-List, Sec-CH-UA-Mobile, Sec-CH-UA-Model, Sec-CH-UA-Platform, Sec-CH-UA-Platform-Version",
            "x-msedge-ref": "Ref A: 51B6203CBBCC4205BF6ECFE9F1C52062 Ref B: FRA31EDGE0711 Ref C: 2023-10-25T12:33:39Z",
            "date": "Wed, 25 Oct 2023 12:33:38 GMT"
        }
    },
    {
        "number": 3,
        "request": "GET https://www.msn.com/de-de HTTP/1.1\r\nHost: www.msn.com\r\nUser-Agent: Mozilla/5.0 (Windows NT 10.0; rv:102.0) Gecko/20100101 Firefox/102.0\r\nAccept: text/html,application/xhtml+xml,application/xml;q=0.9,image/avif,image/webp,*/*;q=0.8\r\nAccept-Encoding: gzip, deflate, br\r\nAccept-Language: en-US,en;q=0.5\r\nDNT: 1\r\nConnection: keep-alive\r\nUpgrade-Insecure-Requests: 1\r\nSec-Fetch-Dest: document\r\nSec-Fetch-Mode: navigate\r\nSec-Fetch-Site: cross-site\r\n\r\n",
        "deviation_count": 0,
        "uri": "https://www.msn.com/de-de",
        "request_length": 449,
        "Response_Time": 0.06726717948913574,
        "status_code": 200,
        "reason_phrase": "OK",
        "error_message": [
            ""
        ],
        "response_header_count": 19,
        "response_header_length": 19,
        "response_body_length": 1033,
        "response_header_fields": {
            "cache-control": "no-store, no-cache",
            "pragma": "no-cache",
            "transfer-encoding": "chunked",
            "content-type": "text/html; charset=utf-8",
            "set-cookie": "_EDGE_V=1; expires=Mon, 18 Nov 2024 12:33:49 GMT; domain=.msn.com; path=/; httponly",
            "access-control-allow-methods": "HEAD,GET,OPTIONS",
            "content-security-policy": "block-all-mixed-content;connect-src 'self' data: 'unsafe-inline' 'unsafe-eval' https: blob: wss:;default-src 'self' data: 'unsafe-inline' 'unsafe-eval' https: blob: wss: 'report-sample';font-src 'self' data: https: blob: wss: assets.msn.com assets2.msn.com assets.msn.cn assets2.msn.cn;frame-ancestors 'self' int1.msn.com ntp.msn.cn ntp.msn.com windows-int1.msn.com windows.msn.cn windows.msn.com www.bing.com www.msn.com mathsolver.microsoft.com mathsolver-dev.microsoft.com chrome-extension://lklfbkdigihjaaeamncibechhgalldgl;media-src 'self' https: blob:;report-to csp-endpoint;worker-src 'self' https: blob: 'report-sample';",
            "x-content-type-options": "nosniff",
            "x-frame-options": "SAMEORIGIN",
            "x-xss-protection": "1",
            "x-ua-compatible": "IE=Edge;chrome=1",
            "x-fabric-cluster": "pmeprodneu",
            "nel": "{\"report_to\":\"network-errors\",\"max_age\":604800,\"success_fraction\":0.001,\"failure_fraction\":0.5}",
            "report-to": "{\"group\":\"network-errors\",\"max_age\":604800,\"endpoints\":[{\"url\":\"https://deff.nelreports.net/api/report?cat=msn\"}]},{\"group\":\"csp-endpoint\",\"max_age\":86400,\"endpoints\":[{\"url\":\"https://deff.nelreports.net/api/report\"}]}",
            "x-ceto-ref": "43552AE588B14B7C830EF477C3F5B47C|2023-10-25T12:33:49.209Z",
            "x-cache": "CONFIG_NOCACHE",
            "accept-ch": "Sec-CH-UA-Arch, Sec-CH-UA-Bitness, Sec-CH-UA-Full-Version, Sec-CH-UA-Full-Version-List, Sec-CH-UA-Mobile, Sec-CH-UA-Model, Sec-CH-UA-Platform, Sec-CH-UA-Platform-Version",
            "x-msedge-ref": "Ref A: 43552AE588B14B7C830EF477C3F5B47C Ref B: FRA31EDGE0815 Ref C: 2023-10-25T12:33:49Z",
            "date": "Wed, 25 Oct 2023 12:33:48 GMT"
        }
    },
    {
        "number": 4,
        "request": "GET https://www.msn.com/de-de HTTP/1.1\r\nHost: www.msn.com\r\nUser-Agent: Mozilla/5.0 (Windows NT 10.0; rv:102.0) Gecko/20100101 Firefox/102.0\r\nAccept: text/html,application/xhtml+xml,application/xml;q=0.9,image/avif,image/webp,*/*;q=0.8\r\nAccept-Encoding: gzip, deflate, br\r\nAccept-Language: en-US,en;q=0.5\r\nDNT: 1\r\nConnection: keep-alive\r\nUpgrade-Insecure-Requests: 1\r\nSec-Fetch-Dest: document\r\nSec-Fetch-Mode: navigate\r\nSec-Fetch-Site: cross-site\r\n\r\n",
        "deviation_count": 0,
        "uri": "https://www.msn.com/de-de",
        "request_length": 449,
        "Response_Time": 0.07956290245056152,
        "status_code": 200,
        "reason_phrase": "OK",
        "error_message": [
            ""
        ],
        "response_header_count": 19,
        "response_header_length": 19,
        "response_body_length": 1502,
        "response_header_fields": {
            "cache-control": "no-store, no-cache",
            "pragma": "no-cache",
            "transfer-encoding": "chunked",
            "content-type": "text/html; charset=utf-8",
            "set-cookie": "_EDGE_V=1; expires=Mon, 18 Nov 2024 12:33:58 GMT; domain=.msn.com; path=/; httponly",
            "access-control-allow-methods": "HEAD,GET,OPTIONS",
            "content-security-policy": "block-all-mixed-content;connect-src 'self' data: 'unsafe-inline' 'unsafe-eval' https: blob: wss:;default-src 'self' data: 'unsafe-inline' 'unsafe-eval' https: blob: wss: 'report-sample';font-src 'self' data: https: blob: wss: assets.msn.com assets2.msn.com assets.msn.cn assets2.msn.cn;frame-ancestors 'self' int1.msn.com ntp.msn.cn ntp.msn.com windows-int1.msn.com windows.msn.cn windows.msn.com www.bing.com www.msn.com mathsolver.microsoft.com mathsolver-dev.microsoft.com chrome-extension://lklfbkdigihjaaeamncibechhgalldgl;media-src 'self' https: blob:;report-to csp-endpoint;worker-src 'self' https: blob: 'report-sample';",
            "x-content-type-options": "nosniff",
            "x-frame-options": "SAMEORIGIN",
            "x-xss-protection": "1",
            "x-ua-compatible": "IE=Edge;chrome=1",
            "x-fabric-cluster": "pmeprodneu",
            "nel": "{\"report_to\":\"network-errors\",\"max_age\":604800,\"success_fraction\":0.001,\"failure_fraction\":0.5}",
            "report-to": "{\"group\":\"network-errors\",\"max_age\":604800,\"endpoints\":[{\"url\":\"https://deff.nelreports.net/api/report?cat=msn\"}]},{\"group\":\"csp-endpoint\",\"max_age\":86400,\"endpoints\":[{\"url\":\"https://deff.nelreports.net/api/report\"}]}",
            "x-ceto-ref": "F2A2997F99AF487F985D660080C8AF7A|2023-10-25T12:33:58.849Z",
            "x-cache": "CONFIG_NOCACHE",
            "accept-ch": "Sec-CH-UA-Arch, Sec-CH-UA-Bitness, Sec-CH-UA-Full-Version, Sec-CH-UA-Full-Version-List, Sec-CH-UA-Mobile, Sec-CH-UA-Model, Sec-CH-UA-Platform, Sec-CH-UA-Platform-Version",
            "x-msedge-ref": "Ref A: F2A2997F99AF487F985D660080C8AF7A Ref B: FRA31EDGE0710 Ref C: 2023-10-25T12:33:58Z",
            "date": "Wed, 25 Oct 2023 12:33:58 GMT"
        }
    },
    {
        "number": 5,
        "request": "GET https://www.msn.com/de-de HTTP/1.1\r\nHost: www.msn.com\r\nUser-Agent: Mozilla/5.0 (Windows NT 10.0; rv:102.0) Gecko/20100101 Firefox/102.0\r\nAccept: text/html,application/xhtml+xml,application/xml;q=0.9,image/avif,image/webp,*/*;q=0.8\r\nAccept-Encoding: gzip, deflate, br\r\nAccept-Language: en-US,en;q=0.5\r\nDNT: 1\r\nConnection: keep-alive\r\nUpgrade-Insecure-Requests: 1\r\nSec-Fetch-Dest: document\r\nSec-Fetch-Mode: navigate\r\nSec-Fetch-Site: cross-site\r\n\r\n",
        "deviation_count": 0,
        "uri": "https://www.msn.com/de-de",
        "request_length": 449,
        "Response_Time": 0.056234121322631836,
        "status_code": 200,
        "reason_phrase": "OK",
        "error_message": [
            ""
        ],
        "response_header_count": 19,
        "response_header_length": 19,
        "response_body_length": 1322,
        "response_header_fields": {
            "cache-control": "no-store, no-cache",
            "pragma": "no-cache",
            "transfer-encoding": "chunked",
            "content-type": "text/html; charset=utf-8",
            "set-cookie": "_EDGE_V=1; expires=Mon, 18 Nov 2024 12:34:09 GMT; domain=.msn.com; path=/; httponly",
            "access-control-allow-methods": "HEAD,GET,OPTIONS",
            "content-security-policy": "block-all-mixed-content;connect-src 'self' data: 'unsafe-inline' 'unsafe-eval' https: blob: wss:;default-src 'self' data: 'unsafe-inline' 'unsafe-eval' https: blob: wss: 'report-sample';font-src 'self' data: https: blob: wss: assets.msn.com assets2.msn.com assets.msn.cn assets2.msn.cn;frame-ancestors 'self' int1.msn.com ntp.msn.cn ntp.msn.com windows-int1.msn.com windows.msn.cn windows.msn.com www.bing.com www.msn.com mathsolver.microsoft.com mathsolver-dev.microsoft.com chrome-extension://lklfbkdigihjaaeamncibechhgalldgl;media-src 'self' https: blob:;report-to csp-endpoint;worker-src 'self' https: blob: 'report-sample';",
            "x-content-type-options": "nosniff",
            "x-frame-options": "SAMEORIGIN",
            "x-xss-protection": "1",
            "x-ua-compatible": "IE=Edge;chrome=1",
            "x-fabric-cluster": "pmeprodneu",
            "report-to": "{\"group\":\"network-errors\",\"max_age\":604800,\"endpoints\":[{\"url\":\"https://deff.nelreports.net/api/report?cat=msn\"}]},{\"group\":\"csp-endpoint\",\"max_age\":86400,\"endpoints\":[{\"url\":\"https://deff.nelreports.net/api/report\"}]}",
            "nel": "{\"report_to\":\"network-errors\",\"max_age\":604800,\"success_fraction\":0.001,\"failure_fraction\":0.5}",
            "x-ceto-ref": "2590AF12D73141C09BE5D7167980A001|2023-10-25T12:34:09.042Z",
            "x-cache": "CONFIG_NOCACHE",
            "accept-ch": "Sec-CH-UA-Arch, Sec-CH-UA-Bitness, Sec-CH-UA-Full-Version, Sec-CH-UA-Full-Version-List, Sec-CH-UA-Mobile, Sec-CH-UA-Model, Sec-CH-UA-Platform, Sec-CH-UA-Platform-Version",
            "x-msedge-ref": "Ref A: 2590AF12D73141C09BE5D7167980A001 Ref B: FRA31EDGE0509 Ref C: 2023-10-25T12:34:09Z",
            "date": "Wed, 25 Oct 2023 12:34:08 GMT"
        }
    },
    {
        "number": 6,
        "request": "GET https://www.msn.com/de-de HTTP/1.1\r\nHost: www.msn.com\r\nUser-Agent: Mozilla/5.0 (Windows NT 10.0; rv:102.0) Gecko/20100101 Firefox/102.0\r\nAccept: text/html,application/xhtml+xml,application/xml;q=0.9,image/avif,image/webp,*/*;q=0.8\r\nAccept-Encoding: gzip, deflate, br\r\nAccept-Language: en-US,en;q=0.5\r\nDNT: 1\r\nConnection: keep-alive\r\nUpgrade-Insecure-Requests: 1\r\nSec-Fetch-Dest: document\r\nSec-Fetch-Mode: navigate\r\nSec-Fetch-Site: cross-site\r\n\r\n",
        "deviation_count": 0,
        "uri": "https://www.msn.com/de-de",
        "request_length": 449,
        "Response_Time": 0.06332540512084961,
        "status_code": 200,
        "reason_phrase": "OK",
        "error_message": [
            ""
        ],
        "response_header_count": 19,
        "response_header_length": 19,
        "response_body_length": 1914,
        "response_header_fields": {
            "cache-control": "no-store, no-cache",
            "pragma": "no-cache",
            "transfer-encoding": "chunked",
            "content-type": "text/html; charset=utf-8",
            "set-cookie": "_EDGE_V=1; expires=Mon, 18 Nov 2024 12:34:18 GMT; domain=.msn.com; path=/; httponly",
            "access-control-allow-methods": "HEAD,GET,OPTIONS",
            "content-security-policy": "block-all-mixed-content;connect-src 'self' data: 'unsafe-inline' 'unsafe-eval' https: blob: wss:;default-src 'self' data: 'unsafe-inline' 'unsafe-eval' https: blob: wss: 'report-sample';font-src 'self' data: https: blob: wss: assets.msn.com assets2.msn.com assets.msn.cn assets2.msn.cn;frame-ancestors 'self' int1.msn.com ntp.msn.cn ntp.msn.com windows-int1.msn.com windows.msn.cn windows.msn.com www.bing.com www.msn.com mathsolver.microsoft.com mathsolver-dev.microsoft.com chrome-extension://lklfbkdigihjaaeamncibechhgalldgl;media-src 'self' https: blob:;report-to csp-endpoint;worker-src 'self' https: blob: 'report-sample';",
            "x-content-type-options": "nosniff",
            "x-frame-options": "SAMEORIGIN",
            "x-xss-protection": "1",
            "x-ua-compatible": "IE=Edge;chrome=1",
            "x-fabric-cluster": "pmeprodneu",
            "nel": "{\"report_to\":\"network-errors\",\"max_age\":604800,\"success_fraction\":0.001,\"failure_fraction\":0.5}",
            "report-to": "{\"group\":\"network-errors\",\"max_age\":604800,\"endpoints\":[{\"url\":\"https://deff.nelreports.net/api/report?cat=msn\"}]},{\"group\":\"csp-endpoint\",\"max_age\":86400,\"endpoints\":[{\"url\":\"https://deff.nelreports.net/api/report\"}]}",
            "x-ceto-ref": "8155C9ED965E49B083FB6DE374221E29|2023-10-25T12:34:18.207Z",
            "x-cache": "CONFIG_NOCACHE",
            "accept-ch": "Sec-CH-UA-Arch, Sec-CH-UA-Bitness, Sec-CH-UA-Full-Version, Sec-CH-UA-Full-Version-List, Sec-CH-UA-Mobile, Sec-CH-UA-Model, Sec-CH-UA-Platform, Sec-CH-UA-Platform-Version",
            "x-msedge-ref": "Ref A: 8155C9ED965E49B083FB6DE374221E29 Ref B: FRA31EDGE0515 Ref C: 2023-10-25T12:34:18Z",
            "date": "Wed, 25 Oct 2023 12:34:17 GMT"
        }
    },
    {
        "number": 7,
        "request": "GET https://www.msn.com/de-de HTTP/1.1\r\nHost: www.msn.com\r\nUser-Agent: Mozilla/5.0 (Windows NT 10.0; rv:102.0) Gecko/20100101 Firefox/102.0\r\nAccept: text/html,application/xhtml+xml,application/xml;q=0.9,image/avif,image/webp,*/*;q=0.8\r\nAccept-Encoding: gzip, deflate, br\r\nAccept-Language: en-US,en;q=0.5\r\nDNT: 1\r\nConnection: keep-alive\r\nUpgrade-Insecure-Requests: 1\r\nSec-Fetch-Dest: document\r\nSec-Fetch-Mode: navigate\r\nSec-Fetch-Site: cross-site\r\n\r\n",
        "deviation_count": 0,
        "uri": "https://www.msn.com/de-de",
        "request_length": 449,
        "Response_Time": 0.06630945205688477,
        "status_code": 200,
        "reason_phrase": "OK",
        "error_message": [
            ""
        ],
        "response_header_count": 19,
        "response_header_length": 19,
        "response_body_length": 1969,
        "response_header_fields": {
            "cache-control": "no-store, no-cache",
            "pragma": "no-cache",
            "transfer-encoding": "chunked",
            "content-type": "text/html; charset=utf-8",
            "set-cookie": "_EDGE_V=1; expires=Mon, 18 Nov 2024 12:34:27 GMT; domain=.msn.com; path=/; httponly",
            "access-control-allow-methods": "HEAD,GET,OPTIONS",
            "content-security-policy": "block-all-mixed-content;connect-src 'self' data: 'unsafe-inline' 'unsafe-eval' https: blob: wss:;default-src 'self' data: 'unsafe-inline' 'unsafe-eval' https: blob: wss: 'report-sample';font-src 'self' data: https: blob: wss: assets.msn.com assets2.msn.com assets.msn.cn assets2.msn.cn;frame-ancestors 'self' int1.msn.com ntp.msn.cn ntp.msn.com windows-int1.msn.com windows.msn.cn windows.msn.com www.bing.com www.msn.com mathsolver.microsoft.com mathsolver-dev.microsoft.com chrome-extension://lklfbkdigihjaaeamncibechhgalldgl;media-src 'self' https: blob:;report-to csp-endpoint;worker-src 'self' https: blob: 'report-sample';",
            "x-content-type-options": "nosniff",
            "x-frame-options": "SAMEORIGIN",
            "x-xss-protection": "1",
            "x-ua-compatible": "IE=Edge;chrome=1",
            "x-fabric-cluster": "pmeprodneu",
            "report-to": "{\"group\":\"network-errors\",\"max_age\":604800,\"endpoints\":[{\"url\":\"https://deff.nelreports.net/api/report?cat=msn\"}]},{\"group\":\"csp-endpoint\",\"max_age\":86400,\"endpoints\":[{\"url\":\"https://deff.nelreports.net/api/report\"}]}",
            "nel": "{\"report_to\":\"network-errors\",\"max_age\":604800,\"success_fraction\":0.001,\"failure_fraction\":0.5}",
            "x-ceto-ref": "51C4078A401846ACAC6ACB7DA3733492|2023-10-25T12:34:27.715Z",
            "x-cache": "CONFIG_NOCACHE",
            "accept-ch": "Sec-CH-UA-Arch, Sec-CH-UA-Bitness, Sec-CH-UA-Full-Version, Sec-CH-UA-Full-Version-List, Sec-CH-UA-Mobile, Sec-CH-UA-Model, Sec-CH-UA-Platform, Sec-CH-UA-Platform-Version",
            "x-msedge-ref": "Ref A: 51C4078A401846ACAC6ACB7DA3733492 Ref B: FRA31EDGE0813 Ref C: 2023-10-25T12:34:27Z",
            "date": "Wed, 25 Oct 2023 12:34:27 GMT"
        }
    },
    {
        "number": 8,
        "request": "GET https://www.msn.com/de-de HTTP/1.1\r\nHost: www.msn.com\r\nUser-Agent: Mozilla/5.0 (Windows NT 10.0; rv:102.0) Gecko/20100101 Firefox/102.0\r\nAccept: text/html,application/xhtml+xml,application/xml;q=0.9,image/avif,image/webp,*/*;q=0.8\r\nAccept-Encoding: gzip, deflate, br\r\nAccept-Language: en-US,en;q=0.5\r\nDNT: 1\r\nConnection: keep-alive\r\nUpgrade-Insecure-Requests: 1\r\nSec-Fetch-Dest: document\r\nSec-Fetch-Mode: navigate\r\nSec-Fetch-Site: cross-site\r\n\r\n",
        "deviation_count": 0,
        "uri": "https://www.msn.com/de-de",
        "request_length": 449,
        "Response_Time": 0.06127786636352539,
        "status_code": 200,
        "reason_phrase": "OK",
        "error_message": [
            ""
        ],
        "response_header_count": 19,
        "response_header_length": 19,
        "response_body_length": 1914,
        "response_header_fields": {
            "cache-control": "no-store, no-cache",
            "pragma": "no-cache",
            "transfer-encoding": "chunked",
            "content-type": "text/html; charset=utf-8",
            "set-cookie": "_EDGE_V=1; expires=Mon, 18 Nov 2024 12:34:37 GMT; domain=.msn.com; path=/; httponly",
            "access-control-allow-methods": "HEAD,GET,OPTIONS",
            "content-security-policy": "block-all-mixed-content;connect-src 'self' data: 'unsafe-inline' 'unsafe-eval' https: blob: wss:;default-src 'self' data: 'unsafe-inline' 'unsafe-eval' https: blob: wss: 'report-sample';font-src 'self' data: https: blob: wss: assets.msn.com assets2.msn.com assets.msn.cn assets2.msn.cn;frame-ancestors 'self' int1.msn.com ntp.msn.cn ntp.msn.com windows-int1.msn.com windows.msn.cn windows.msn.com www.bing.com www.msn.com mathsolver.microsoft.com mathsolver-dev.microsoft.com chrome-extension://lklfbkdigihjaaeamncibechhgalldgl;media-src 'self' https: blob:;report-to csp-endpoint;worker-src 'self' https: blob: 'report-sample';",
            "x-content-type-options": "nosniff",
            "x-frame-options": "SAMEORIGIN",
            "x-xss-protection": "1",
            "x-ua-compatible": "IE=Edge;chrome=1",
            "x-fabric-cluster": "pmeprodneu",
            "nel": "{\"report_to\":\"network-errors\",\"max_age\":604800,\"success_fraction\":0.001,\"failure_fraction\":0.5}",
            "report-to": "{\"group\":\"network-errors\",\"max_age\":604800,\"endpoints\":[{\"url\":\"https://deff.nelreports.net/api/report?cat=msn\"}]},{\"group\":\"csp-endpoint\",\"max_age\":86400,\"endpoints\":[{\"url\":\"https://deff.nelreports.net/api/report\"}]}",
            "x-ceto-ref": "6F9442854B7949F2BA885EFE7A74ADBC|2023-10-25T12:34:37.907Z",
            "x-cache": "CONFIG_NOCACHE",
            "accept-ch": "Sec-CH-UA-Arch, Sec-CH-UA-Bitness, Sec-CH-UA-Full-Version, Sec-CH-UA-Full-Version-List, Sec-CH-UA-Mobile, Sec-CH-UA-Model, Sec-CH-UA-Platform, Sec-CH-UA-Platform-Version",
            "x-msedge-ref": "Ref A: 6F9442854B7949F2BA885EFE7A74ADBC Ref B: FRA31EDGE0709 Ref C: 2023-10-25T12:34:37Z",
            "date": "Wed, 25 Oct 2023 12:34:37 GMT"
        }
    },
    {
        "number": 9,
        "request": "GET https://www.msn.com/de-de HTTP/1.1\r\nHost: www.msn.com\r\nUser-Agent: Mozilla/5.0 (Windows NT 10.0; rv:102.0) Gecko/20100101 Firefox/102.0\r\nAccept: text/html,application/xhtml+xml,application/xml;q=0.9,image/avif,image/webp,*/*;q=0.8\r\nAccept-Encoding: gzip, deflate, br\r\nAccept-Language: en-US,en;q=0.5\r\nDNT: 1\r\nConnection: keep-alive\r\nUpgrade-Insecure-Requests: 1\r\nSec-Fetch-Dest: document\r\nSec-Fetch-Mode: navigate\r\nSec-Fetch-Site: cross-site\r\n\r\n",
        "deviation_count": 0,
        "uri": "https://www.msn.com/de-de",
        "request_length": 449,
        "Response_Time": 0.07854652404785156,
        "status_code": 200,
        "reason_phrase": "OK",
        "error_message": [
            ""
        ],
        "response_header_count": 19,
        "response_header_length": 19,
        "response_body_length": 1760,
        "response_header_fields": {
            "cache-control": "no-store, no-cache",
            "pragma": "no-cache",
            "transfer-encoding": "chunked",
            "content-type": "text/html; charset=utf-8",
            "set-cookie": "_EDGE_V=1; expires=Mon, 18 Nov 2024 12:34:47 GMT; domain=.msn.com; path=/; httponly",
            "access-control-allow-methods": "HEAD,GET,OPTIONS",
            "content-security-policy": "block-all-mixed-content;connect-src 'self' data: 'unsafe-inline' 'unsafe-eval' https: blob: wss:;default-src 'self' data: 'unsafe-inline' 'unsafe-eval' https: blob: wss: 'report-sample';font-src 'self' data: https: blob: wss: assets.msn.com assets2.msn.com assets.msn.cn assets2.msn.cn;frame-ancestors 'self' int1.msn.com ntp.msn.cn ntp.msn.com windows-int1.msn.com windows.msn.cn windows.msn.com www.bing.com www.msn.com mathsolver.microsoft.com mathsolver-dev.microsoft.com chrome-extension://lklfbkdigihjaaeamncibechhgalldgl;media-src 'self' https: blob:;report-to csp-endpoint;worker-src 'self' https: blob: 'report-sample';",
            "x-content-type-options": "nosniff",
            "x-frame-options": "SAMEORIGIN",
            "x-xss-protection": "1",
            "x-ua-compatible": "IE=Edge;chrome=1",
            "x-fabric-cluster": "pmeprodneu",
            "nel": "{\"report_to\":\"network-errors\",\"max_age\":604800,\"success_fraction\":0.001,\"failure_fraction\":0.5}",
            "report-to": "{\"group\":\"network-errors\",\"max_age\":604800,\"endpoints\":[{\"url\":\"https://deff.nelreports.net/api/report?cat=msn\"}]},{\"group\":\"csp-endpoint\",\"max_age\":86400,\"endpoints\":[{\"url\":\"https://deff.nelreports.net/api/report\"}]}",
            "x-ceto-ref": "E35CC08B03AA4A14B0EE7BDC55075920|2023-10-25T12:34:47.407Z",
            "x-cache": "CONFIG_NOCACHE",
            "accept-ch": "Sec-CH-UA-Arch, Sec-CH-UA-Bitness, Sec-CH-UA-Full-Version, Sec-CH-UA-Full-Version-List, Sec-CH-UA-Mobile, Sec-CH-UA-Model, Sec-CH-UA-Platform, Sec-CH-UA-Platform-Version",
            "x-msedge-ref": "Ref A: E35CC08B03AA4A14B0EE7BDC55075920 Ref B: FRA31EDGE0219 Ref C: 2023-10-25T12:34:47Z",
            "date": "Wed, 25 Oct 2023 12:34:47 GMT"
        }
    }
]