[
    {
        "number": 0,
        "request": "GET https://www.linkedin.com/  HTTP/1.1\r\nHost: www.linkedin.com\r\nUser-Agent: Mozilla/5.0 (Windows NT 10.0; rv:102.0) Gecko/20100101 Firefox/102.0\r\nAccept: text/html,application/xhtml+xml,application/xml;q=0.9,image/avif,image/webp,*/*;q=0.8\r\nAccept-Encoding: gzip, deflate, br\r\nAccept-Language: en-US,en;q=0.5\r\nDNT: 1\r\nConnection: keep-alive\r\nUpgrade-Insecure-Requests: 1\r\nSec-Fetch-Dest: document\r\nSec-Fetch-Mode: navigate\r\nSec-Fetch-Site: cross-site\r\n\r\n",
        "deviation_count": 0,
        "uri": "https://www.linkedin.com/",
        "request_length": 455,
        "Response_Time": 0.3506486415863037,
        "status_code": 200,
        "reason_phrase": "OK",
        "error_message": [
            ""
        ],
        "response_header_count": 19,
        "response_header_length": 19,
        "response_body_length": 3880,
        "response_header_fields": {
            "cache-control": "no-cache, no-store",
            "pragma": "no-cache",
            "content-length": "19467",
            "content-type": "text/html; charset=utf-8",
            "content-encoding": "gzip",
            "expires": "Thu, 01 Jan 1970 00:00:00 GMT",
            "vary": "Accept-Encoding",
            "set-cookie": "lidc=\"b=TGST07:s=T:r=T:a=T:p=T:g=2656:u=1:x=1:i=1698237200:t=1698323600:v=2:sig=AQHdDl2ljottMYdyaKPiJ_jeaPnFhofc\"; Expires=Thu, 26 Oct 2023 12:33:20 GMT; domain=.linkedin.com; Path=/; SameSite=None; Secure",
            "strict-transport-security": "max-age=31536000",
            "x-content-type-options": "nosniff",
            "x-frame-options": "sameorigin",
            "content-security-policy": "default-src 'none'; connect-src 'self' *.licdn.com *.linkedin.com cdn.linkedin.oribi.io dpm.demdex.net/id lnkd.demdex.net blob: accounts.google.com/gsi/ linkedin.sc.omtrdc.net/b/ss/ v.clarity.ms/collect *.microsoft.com *.adnxs.com *.tealiumiq.com; script-src 'report-sample' 'sha256-th47JTnh6tX15SUn/I+GGmsOSXpa7dh5Skner77gxlY=' 'sha256-SSoodjUD3LGm2FfFCVHGqEb8D4UM3OOigidT2UKDcYg=' 'sha256-cKTgdnmO6+hXd85a9wKg1effVfVzenUAtUCyOKY9bQE=' 'sha256-DwtT8+ZZKpxH9pqZNAmJ3GdbLAh5SsYaXR3omTXPCns=' 'sha256-sV9jZa797T0QWBzcU/CNd4tpBhTnh+TFdLnfjlitl28=' 'sha256-aa/Q8CRBDSqTQbCIyioPhZaz+G+dbPyu7BzsjInEmiU=' 'sha256-THuVhwbXPeTR0HszASqMOnIyxqEgvGyBwSPBKBF/iMc=' 'sha256-zTIusdVJJeXz9+iox2a+pdDglzbpRpFVRzEwvW4AONk=' 'sha256-iC8MPqNLw0FDnsBf4DlSkFLNTwhkI85aouiAEB819ic=' 'sha256-2EqrEvcPzl8c6/TSGVvaVMEe7lg700MAz/te4/3kTYY=' 'sha256-y5uW69VItKj51mcc7UD9qfptDVUqicZL+bItEpvVNDw=' 'sha256-DatsFGoJ8gFkzzxo47Ou76WZ+3QBPOQHtBu9p9b3DhA=' 'sha256-k95cyM8gFgPziZe5VQ2IvJvBUVyd5zFt2CokIUwqdHE=' 'sha256-PyCXNcEkzRWqbiNr087fizmiBBrq9O6GGD8eV3P09Ik=' 'sha256-2SQ55Erm3CPCb+k03EpNxU9bdV3XL9TnVTriDs7INZ4=' 'sha256-S/KSPe186K/1B0JEjbIXcCdpB97krdzX05S+dHnQjUs=' 'sha256-9pXOIwF4N0gPltLd3AI69lkCjSC2H/Eb3sc5zdmUyYU=' 'sha256-jou6v/Nleyzoc+LXktAv1Fp8M807dVVxy7E/yzVljHc=' 'sha256-6E4e/3dSvj/8JZT2S2yR91mspqM6MyOpKl5lrhHsZa8=' 'sha256-3woF8BZ54TeXM+czaH3aXoaJsVpiamuAKFsXDykAR/Q=' 'sha256-vIfNcKb8ixJg1cfJIoNNYjWcm0lezj1/XpUNFiZyVsU=' 'sha256-cLsHUHFgT/VGX04cZrJ9xgm4HbzTR7ptutkxK+7BlMk=' 'sha256-BwU8jMnQYUhjOpsDVABpfddV/DlP1ZYrFcTumYw7x54=' 'sha256-wz6ika9i3WU3bpUPdhYDZeO/NrDQniDyiscN0LWnyaY=' static.licdn.com static-exp1.licdn.com static-exp2.licdn.com static-exp3.licdn.com platform.linkedin.com platform-akam.linkedin.com platform-ecst.linkedin.com platform-azur.linkedin.com snap.licdn.com; img-src data: blob: * android-webview-video-poster:; font-src data: *; style-src 'self' 'unsafe-inline' static.licdn.com static-exp1.licdn.com static-exp2.licdn.com static-exp3.licdn.com; media-src 'self' *.licdn.com *.lynda.com; worker-src 'self' blob: static.licdn.com static-exp1.licdn.com static-exp2.licdn.com static-exp3.licdn.com; frame-src 'self' www.youtube.com/embed/ www.youtube-nocookie.com/embed/ lnkd.demdex.net smartlock.google.com accounts.google.com player.vimeo.com *.linkedin.com www.slideshare.net *.megaphone.fm *.omny.fm *.sounder.fm msit.powerbi.com app.powerbi.com linkedin.github.io *.licdn.com *.adnxs.com acdn.adnxs-simple.com radar.cedexis.com; frame-ancestors 'self' *.www.linkedin.com:*; manifest-src 'self'; report-uri https://www.linkedin.com/security/csp?f=gg",
            "x-li-fabric": "prod-ltx1",
            "x-li-pop": "afd-prod-ltx1-x",
            "x-li-proto": "http/1.1",
            "x-li-uuid": "AAYIiakLPNsQsJKZ/Z81ww==",
            "x-cache": "CONFIG_NOCACHE",
            "x-msedge-ref": "Ref A: B7935C55819044B8BCE9A9B0DDCD3D94 Ref B: FRAEDGE1415 Ref C: 2023-10-25T12:33:19Z",
            "date": "Wed, 25 Oct 2023 12:33:19 GMT"
        }
    },
    {
        "number": 1,
        "request": "GET https://www.linkedin.com/  HTTP/1.1\r\nHost: www.linkedin.com\r\nUser-Agent: Mozilla/5.0 (Windows NT 10.0; rv:102.0) Gecko/20100101 Firefox/102.0\r\nAccept: text/html,application/xhtml+xml,application/xml;q=0.9,image/avif,image/webp,*/*;q=0.8\r\nAccept-Encoding: gzip, deflate, br\r\nAccept-Language: en-US,en;q=0.5\r\nDNT: 1\r\nConnection: keep-alive\r\nUpgrade-Insecure-Requests: 1\r\nSec-Fetch-Dest: document\r\nSec-Fetch-Mode: navigate\r\nSec-Fetch-Site: cross-site\r\n\r\n",
        "deviation_count": 0,
        "uri": "https://www.linkedin.com/",
        "request_length": 455,
        "Response_Time": 0.2507615089416504,
        "status_code": 200,
        "reason_phrase": "OK",
        "error_message": [
            ""
        ],
        "response_header_count": 21,
        "response_header_length": 21,
        "response_body_length": 3882,
        "response_header_fields": {
            "cache-control": "no-cache, no-store",
            "pragma": "no-cache",
            "content-length": "18686",
            "content-type": "text/html; charset=utf-8",
            "content-encoding": "gzip",
            "expires": "Thu, 01 Jan 1970 00:00:00 GMT",
            "vary": "Accept-Encoding",
            "set-cookie": "lidc=\"b=VGST07:s=V:r=V:a=V:p=V:g=2744:u=1:x=1:i=1698237210:t=1698323610:v=2:sig=AQFdSGw49mCPeAs0VxVME4OLqf8ZbzeL\"; Expires=Thu, 26 Oct 2023 12:33:30 GMT; domain=.linkedin.com; Path=/; SameSite=None; Secure",
            "strict-transport-security": "max-age=31536000",
            "x-content-type-options": "nosniff",
            "x-frame-options": "sameorigin",
            "content-security-policy": "default-src 'none'; connect-src 'self' *.licdn.com *.linkedin.com cdn.linkedin.oribi.io dpm.demdex.net/id lnkd.demdex.net blob: accounts.google.com/gsi/ linkedin.sc.omtrdc.net/b/ss/ v.clarity.ms/collect *.microsoft.com *.adnxs.com *.tealiumiq.com; script-src 'report-sample' 'sha256-th47JTnh6tX15SUn/I+GGmsOSXpa7dh5Skner77gxlY=' 'sha256-SSoodjUD3LGm2FfFCVHGqEb8D4UM3OOigidT2UKDcYg=' 'sha256-cKTgdnmO6+hXd85a9wKg1effVfVzenUAtUCyOKY9bQE=' 'sha256-DwtT8+ZZKpxH9pqZNAmJ3GdbLAh5SsYaXR3omTXPCns=' 'sha256-sV9jZa797T0QWBzcU/CNd4tpBhTnh+TFdLnfjlitl28=' 'sha256-aa/Q8CRBDSqTQbCIyioPhZaz+G+dbPyu7BzsjInEmiU=' 'sha256-THuVhwbXPeTR0HszASqMOnIyxqEgvGyBwSPBKBF/iMc=' 'sha256-zTIusdVJJeXz9+iox2a+pdDglzbpRpFVRzEwvW4AONk=' 'sha256-iC8MPqNLw0FDnsBf4DlSkFLNTwhkI85aouiAEB819ic=' 'sha256-2EqrEvcPzl8c6/TSGVvaVMEe7lg700MAz/te4/3kTYY=' 'sha256-y5uW69VItKj51mcc7UD9qfptDVUqicZL+bItEpvVNDw=' 'sha256-DatsFGoJ8gFkzzxo47Ou76WZ+3QBPOQHtBu9p9b3DhA=' 'sha256-k95cyM8gFgPziZe5VQ2IvJvBUVyd5zFt2CokIUwqdHE=' 'sha256-PyCXNcEkzRWqbiNr087fizmiBBrq9O6GGD8eV3P09Ik=' 'sha256-2SQ55Erm3CPCb+k03EpNxU9bdV3XL9TnVTriDs7INZ4=' 'sha256-S/KSPe186K/1B0JEjbIXcCdpB97krdzX05S+dHnQjUs=' 'sha256-9pXOIwF4N0gPltLd3AI69lkCjSC2H/Eb3sc5zdmUyYU=' 'sha256-jou6v/Nleyzoc+LXktAv1Fp8M807dVVxy7E/yzVljHc=' 'sha256-6E4e/3dSvj/8JZT2S2yR91mspqM6MyOpKl5lrhHsZa8=' 'sha256-3woF8BZ54TeXM+czaH3aXoaJsVpiamuAKFsXDykAR/Q=' 'sha256-vIfNcKb8ixJg1cfJIoNNYjWcm0lezj1/XpUNFiZyVsU=' 'sha256-cLsHUHFgT/VGX04cZrJ9xgm4HbzTR7ptutkxK+7BlMk=' 'sha256-BwU8jMnQYUhjOpsDVABpfddV/DlP1ZYrFcTumYw7x54=' 'sha256-wz6ika9i3WU3bpUPdhYDZeO/NrDQniDyiscN0LWnyaY=' static.licdn.com static-exp1.licdn.com static-exp2.licdn.com static-exp3.licdn.com platform.linkedin.com platform-akam.linkedin.com platform-ecst.linkedin.com platform-azur.linkedin.com snap.licdn.com; img-src data: blob: * android-webview-video-poster:; font-src data: *; style-src 'self' 'unsafe-inline' static.licdn.com static-exp1.licdn.com static-exp2.licdn.com static-exp3.licdn.com; media-src 'self' *.licdn.com *.lynda.com; worker-src 'self' blob: static.licdn.com static-exp1.licdn.com static-exp2.licdn.com static-exp3.licdn.com; frame-src 'self' www.youtube.com/embed/ www.youtube-nocookie.com/embed/ lnkd.demdex.net smartlock.google.com accounts.google.com player.vimeo.com *.linkedin.com www.slideshare.net *.megaphone.fm *.omny.fm *.sounder.fm msit.powerbi.com app.powerbi.com linkedin.github.io *.licdn.com *.adnxs.com acdn.adnxs-simple.com radar.cedexis.com; frame-ancestors 'self' *.www.linkedin.com:*; manifest-src 'self'; report-uri https://www.linkedin.com/security/csp?f=gg",
            "x-li-fabric": "prod-lva1",
            "report-to": "{\"group\":\"network-errors\",\"max_age\":2592000,\"endpoints\":[{\"url\":\"https://www.linkedin.com/li/rep\"}],\"include_subdomains\":true}",
            "nel": "{\"report_to\":\"network-errors\",\"max_age\":1296000,\"success_fraction\":0.00066,\"failure_fraction\":1,\"include_subdomains\":true}",
            "x-li-pop": "afd-prod-lva1-x",
            "x-li-proto": "http/1.1",
            "x-li-uuid": "AAYIiamxDn0r4/xMFvigCw==",
            "x-cache": "CONFIG_NOCACHE",
            "x-msedge-ref": "Ref A: 951B58CEF9594C28A7CED1DC724DA451 Ref B: DUS30EDGE0914 Ref C: 2023-10-25T12:33:30Z",
            "date": "Wed, 25 Oct 2023 12:33:30 GMT"
        }
    },
    {
        "number": 2,
        "request": "GET https://www.linkedin.com/  HTTP/1.1\r\nHost: www.linkedin.com\r\nUser-Agent: Mozilla/5.0 (Windows NT 10.0; rv:102.0) Gecko/20100101 Firefox/102.0\r\nAccept: text/html,application/xhtml+xml,application/xml;q=0.9,image/avif,image/webp,*/*;q=0.8\r\nAccept-Encoding: gzip, deflate, br\r\nAccept-Language: en-US,en;q=0.5\r\nDNT: 1\r\nConnection: keep-alive\r\nUpgrade-Insecure-Requests: 1\r\nSec-Fetch-Dest: document\r\nSec-Fetch-Mode: navigate\r\nSec-Fetch-Site: cross-site\r\n\r\n",
        "deviation_count": 0,
        "uri": "https://www.linkedin.com/",
        "request_length": 455,
        "Response_Time": 0.33923959732055664,
        "status_code": 200,
        "reason_phrase": "OK",
        "error_message": [
            ""
        ],
        "response_header_count": 19,
        "response_header_length": 19,
        "response_body_length": 3892,
        "response_header_fields": {
            "cache-control": "no-cache, no-store",
            "pragma": "no-cache",
            "content-length": "18954",
            "content-type": "text/html; charset=utf-8",
            "content-encoding": "gzip",
            "expires": "Thu, 01 Jan 1970 00:00:00 GMT",
            "vary": "Accept-Encoding",
            "set-cookie": "lidc=\"b=TGST07:s=T:r=T:a=T:p=T:g=2656:u=1:x=1:i=1698237221:t=1698323621:v=2:sig=AQGHTmLKzYMQI6c1kJQd6vU2GWImruwQ\"; Expires=Thu, 26 Oct 2023 12:33:41 GMT; domain=.linkedin.com; Path=/; SameSite=None; Secure",
            "strict-transport-security": "max-age=31536000",
            "x-content-type-options": "nosniff",
            "x-frame-options": "sameorigin",
            "content-security-policy": "default-src 'none'; connect-src 'self' *.licdn.com *.linkedin.com cdn.linkedin.oribi.io dpm.demdex.net/id lnkd.demdex.net blob: accounts.google.com/gsi/ linkedin.sc.omtrdc.net/b/ss/ v.clarity.ms/collect *.microsoft.com *.adnxs.com *.tealiumiq.com; script-src 'report-sample' 'sha256-th47JTnh6tX15SUn/I+GGmsOSXpa7dh5Skner77gxlY=' 'sha256-SSoodjUD3LGm2FfFCVHGqEb8D4UM3OOigidT2UKDcYg=' 'sha256-cKTgdnmO6+hXd85a9wKg1effVfVzenUAtUCyOKY9bQE=' 'sha256-DwtT8+ZZKpxH9pqZNAmJ3GdbLAh5SsYaXR3omTXPCns=' 'sha256-sV9jZa797T0QWBzcU/CNd4tpBhTnh+TFdLnfjlitl28=' 'sha256-aa/Q8CRBDSqTQbCIyioPhZaz+G+dbPyu7BzsjInEmiU=' 'sha256-THuVhwbXPeTR0HszASqMOnIyxqEgvGyBwSPBKBF/iMc=' 'sha256-zTIusdVJJeXz9+iox2a+pdDglzbpRpFVRzEwvW4AONk=' 'sha256-iC8MPqNLw0FDnsBf4DlSkFLNTwhkI85aouiAEB819ic=' 'sha256-2EqrEvcPzl8c6/TSGVvaVMEe7lg700MAz/te4/3kTYY=' 'sha256-y5uW69VItKj51mcc7UD9qfptDVUqicZL+bItEpvVNDw=' 'sha256-DatsFGoJ8gFkzzxo47Ou76WZ+3QBPOQHtBu9p9b3DhA=' 'sha256-k95cyM8gFgPziZe5VQ2IvJvBUVyd5zFt2CokIUwqdHE=' 'sha256-PyCXNcEkzRWqbiNr087fizmiBBrq9O6GGD8eV3P09Ik=' 'sha256-2SQ55Erm3CPCb+k03EpNxU9bdV3XL9TnVTriDs7INZ4=' 'sha256-S/KSPe186K/1B0JEjbIXcCdpB97krdzX05S+dHnQjUs=' 'sha256-9pXOIwF4N0gPltLd3AI69lkCjSC2H/Eb3sc5zdmUyYU=' 'sha256-jou6v/Nleyzoc+LXktAv1Fp8M807dVVxy7E/yzVljHc=' 'sha256-6E4e/3dSvj/8JZT2S2yR91mspqM6MyOpKl5lrhHsZa8=' 'sha256-3woF8BZ54TeXM+czaH3aXoaJsVpiamuAKFsXDykAR/Q=' 'sha256-vIfNcKb8ixJg1cfJIoNNYjWcm0lezj1/XpUNFiZyVsU=' 'sha256-cLsHUHFgT/VGX04cZrJ9xgm4HbzTR7ptutkxK+7BlMk=' 'sha256-BwU8jMnQYUhjOpsDVABpfddV/DlP1ZYrFcTumYw7x54=' 'sha256-wz6ika9i3WU3bpUPdhYDZeO/NrDQniDyiscN0LWnyaY=' static.licdn.com static-exp1.licdn.com static-exp2.licdn.com static-exp3.licdn.com platform.linkedin.com platform-akam.linkedin.com platform-ecst.linkedin.com platform-azur.linkedin.com snap.licdn.com; img-src data: blob: * android-webview-video-poster:; font-src data: *; style-src 'self' 'unsafe-inline' static.licdn.com static-exp1.licdn.com static-exp2.licdn.com static-exp3.licdn.com; media-src 'self' *.licdn.com *.lynda.com; worker-src 'self' blob: static.licdn.com static-exp1.licdn.com static-exp2.licdn.com static-exp3.licdn.com; frame-src 'self' www.youtube.com/embed/ www.youtube-nocookie.com/embed/ lnkd.demdex.net smartlock.google.com accounts.google.com player.vimeo.com *.linkedin.com www.slideshare.net *.megaphone.fm *.omny.fm *.sounder.fm msit.powerbi.com app.powerbi.com linkedin.github.io *.licdn.com *.adnxs.com acdn.adnxs-simple.com radar.cedexis.com; frame-ancestors 'self' *.www.linkedin.com:*; manifest-src 'self'; report-uri https://www.linkedin.com/security/csp?f=gg",
            "x-li-fabric": "prod-ltx1",
            "x-li-pop": "afd-prod-ltx1-x",
            "x-li-proto": "http/1.1",
            "x-li-uuid": "AAYIiapYrClOEPFb2zoEQA==",
            "x-cache": "CONFIG_NOCACHE",
            "x-msedge-ref": "Ref A: 2D0597F39B2D4F2BB9E2E185380ACF61 Ref B: FRAEDGE1516 Ref C: 2023-10-25T12:33:41Z",
            "date": "Wed, 25 Oct 2023 12:33:41 GMT"
        }
    },
    {
        "number": 3,
        "request": "GET https://www.linkedin.com/  HTTP/1.1\r\nHost: www.linkedin.com\r\nUser-Agent: Mozilla/5.0 (Windows NT 10.0; rv:102.0) Gecko/20100101 Firefox/102.0\r\nAccept: text/html,application/xhtml+xml,application/xml;q=0.9,image/avif,image/webp,*/*;q=0.8\r\nAccept-Encoding: gzip, deflate, br\r\nAccept-Language: en-US,en;q=0.5\r\nDNT: 1\r\nConnection: keep-alive\r\nUpgrade-Insecure-Requests: 1\r\nSec-Fetch-Dest: document\r\nSec-Fetch-Mode: navigate\r\nSec-Fetch-Site: cross-site\r\n\r\n",
        "deviation_count": 0,
        "uri": "https://www.linkedin.com/",
        "request_length": 455,
        "Response_Time": 0.28577089309692383,
        "status_code": 200,
        "reason_phrase": "OK",
        "error_message": [
            ""
        ],
        "response_header_count": 19,
        "response_header_length": 19,
        "response_body_length": 3875,
        "response_header_fields": {
            "cache-control": "no-cache, no-store",
            "pragma": "no-cache",
            "content-length": "19159",
            "content-type": "text/html; charset=utf-8",
            "content-encoding": "gzip",
            "expires": "Thu, 01 Jan 1970 00:00:00 GMT",
            "vary": "Accept-Encoding",
            "set-cookie": "lidc=\"b=VGST07:s=V:r=V:a=V:p=V:g=2744:u=1:x=1:i=1698237233:t=1698323633:v=2:sig=AQH684dNwrHOFJAAY7R72V0LpfoJ76OY\"; Expires=Thu, 26 Oct 2023 12:33:53 GMT; domain=.linkedin.com; Path=/; SameSite=None; Secure",
            "strict-transport-security": "max-age=31536000",
            "x-content-type-options": "nosniff",
            "x-frame-options": "sameorigin",
            "content-security-policy": "default-src 'none'; connect-src 'self' *.licdn.com *.linkedin.com cdn.linkedin.oribi.io dpm.demdex.net/id lnkd.demdex.net blob: accounts.google.com/gsi/ linkedin.sc.omtrdc.net/b/ss/ v.clarity.ms/collect *.microsoft.com *.adnxs.com *.tealiumiq.com; script-src 'report-sample' 'sha256-th47JTnh6tX15SUn/I+GGmsOSXpa7dh5Skner77gxlY=' 'sha256-SSoodjUD3LGm2FfFCVHGqEb8D4UM3OOigidT2UKDcYg=' 'sha256-cKTgdnmO6+hXd85a9wKg1effVfVzenUAtUCyOKY9bQE=' 'sha256-DwtT8+ZZKpxH9pqZNAmJ3GdbLAh5SsYaXR3omTXPCns=' 'sha256-sV9jZa797T0QWBzcU/CNd4tpBhTnh+TFdLnfjlitl28=' 'sha256-aa/Q8CRBDSqTQbCIyioPhZaz+G+dbPyu7BzsjInEmiU=' 'sha256-THuVhwbXPeTR0HszASqMOnIyxqEgvGyBwSPBKBF/iMc=' 'sha256-zTIusdVJJeXz9+iox2a+pdDglzbpRpFVRzEwvW4AONk=' 'sha256-iC8MPqNLw0FDnsBf4DlSkFLNTwhkI85aouiAEB819ic=' 'sha256-2EqrEvcPzl8c6/TSGVvaVMEe7lg700MAz/te4/3kTYY=' 'sha256-y5uW69VItKj51mcc7UD9qfptDVUqicZL+bItEpvVNDw=' 'sha256-DatsFGoJ8gFkzzxo47Ou76WZ+3QBPOQHtBu9p9b3DhA=' 'sha256-k95cyM8gFgPziZe5VQ2IvJvBUVyd5zFt2CokIUwqdHE=' 'sha256-PyCXNcEkzRWqbiNr087fizmiBBrq9O6GGD8eV3P09Ik=' 'sha256-2SQ55Erm3CPCb+k03EpNxU9bdV3XL9TnVTriDs7INZ4=' 'sha256-S/KSPe186K/1B0JEjbIXcCdpB97krdzX05S+dHnQjUs=' 'sha256-9pXOIwF4N0gPltLd3AI69lkCjSC2H/Eb3sc5zdmUyYU=' 'sha256-jou6v/Nleyzoc+LXktAv1Fp8M807dVVxy7E/yzVljHc=' 'sha256-6E4e/3dSvj/8JZT2S2yR91mspqM6MyOpKl5lrhHsZa8=' 'sha256-3woF8BZ54TeXM+czaH3aXoaJsVpiamuAKFsXDykAR/Q=' 'sha256-vIfNcKb8ixJg1cfJIoNNYjWcm0lezj1/XpUNFiZyVsU=' 'sha256-cLsHUHFgT/VGX04cZrJ9xgm4HbzTR7ptutkxK+7BlMk=' 'sha256-BwU8jMnQYUhjOpsDVABpfddV/DlP1ZYrFcTumYw7x54=' 'sha256-wz6ika9i3WU3bpUPdhYDZeO/NrDQniDyiscN0LWnyaY=' static.licdn.com static-exp1.licdn.com static-exp2.licdn.com static-exp3.licdn.com platform.linkedin.com platform-akam.linkedin.com platform-ecst.linkedin.com platform-azur.linkedin.com snap.licdn.com; img-src data: blob: * android-webview-video-poster:; font-src data: *; style-src 'self' 'unsafe-inline' static.licdn.com static-exp1.licdn.com static-exp2.licdn.com static-exp3.licdn.com; media-src 'self' *.licdn.com *.lynda.com; worker-src 'self' blob: static.licdn.com static-exp1.licdn.com static-exp2.licdn.com static-exp3.licdn.com; frame-src 'self' www.youtube.com/embed/ www.youtube-nocookie.com/embed/ lnkd.demdex.net smartlock.google.com accounts.google.com player.vimeo.com *.linkedin.com www.slideshare.net *.megaphone.fm *.omny.fm *.sounder.fm msit.powerbi.com app.powerbi.com linkedin.github.io *.licdn.com *.adnxs.com acdn.adnxs-simple.com radar.cedexis.com; frame-ancestors 'self' *.www.linkedin.com:*; manifest-src 'self'; report-uri https://www.linkedin.com/security/csp?f=gg",
            "x-li-fabric": "prod-lva1",
            "x-li-pop": "afd-prod-lva1-x",
            "x-li-proto": "http/1.1",
            "x-li-uuid": "AAYIiasG8u8Jdlmt1kWRqg==",
            "x-cache": "CONFIG_NOCACHE",
            "x-msedge-ref": "Ref A: 531EF6B30BA4460E90BDA3899A20BF7C Ref B: FRAEDGE1219 Ref C: 2023-10-25T12:33:53Z",
            "date": "Wed, 25 Oct 2023 12:33:52 GMT"
        }
    },
    {
        "number": 4,
        "request": "GET https://www.linkedin.com/  HTTP/1.1\r\nHost: www.linkedin.com\r\nUser-Agent: Mozilla/5.0 (Windows NT 10.0; rv:102.0) Gecko/20100101 Firefox/102.0\r\nAccept: text/html,application/xhtml+xml,application/xml;q=0.9,image/avif,image/webp,*/*;q=0.8\r\nAccept-Encoding: gzip, deflate, br\r\nAccept-Language: en-US,en;q=0.5\r\nDNT: 1\r\nConnection: keep-alive\r\nUpgrade-Insecure-Requests: 1\r\nSec-Fetch-Dest: document\r\nSec-Fetch-Mode: navigate\r\nSec-Fetch-Site: cross-site\r\n\r\n",
        "deviation_count": 0,
        "uri": "https://www.linkedin.com/",
        "request_length": 455,
        "Response_Time": 0.341064453125,
        "status_code": 200,
        "reason_phrase": "OK",
        "error_message": [
            ""
        ],
        "response_header_count": 19,
        "response_header_length": 19,
        "response_body_length": 3884,
        "response_header_fields": {
            "cache-control": "no-cache, no-store",
            "pragma": "no-cache",
            "content-length": "19467",
            "content-type": "text/html; charset=utf-8",
            "content-encoding": "gzip",
            "expires": "Thu, 01 Jan 1970 00:00:00 GMT",
            "vary": "Accept-Encoding",
            "set-cookie": "lidc=\"b=OGST07:s=O:r=O:a=O:p=O:g=2661:u=1:x=1:i=1698237243:t=1698323643:v=2:sig=AQEvl3CFxJ-OJ7rSUuVlYR9xNsxgOUKQ\"; Expires=Thu, 26 Oct 2023 12:34:03 GMT; domain=.linkedin.com; Path=/; SameSite=None; Secure",
            "strict-transport-security": "max-age=31536000",
            "x-content-type-options": "nosniff",
            "x-frame-options": "sameorigin",
            "content-security-policy": "default-src 'none'; connect-src 'self' *.licdn.com *.linkedin.com cdn.linkedin.oribi.io dpm.demdex.net/id lnkd.demdex.net blob: accounts.google.com/gsi/ linkedin.sc.omtrdc.net/b/ss/ v.clarity.ms/collect *.microsoft.com *.adnxs.com *.tealiumiq.com; script-src 'report-sample' 'sha256-th47JTnh6tX15SUn/I+GGmsOSXpa7dh5Skner77gxlY=' 'sha256-SSoodjUD3LGm2FfFCVHGqEb8D4UM3OOigidT2UKDcYg=' 'sha256-cKTgdnmO6+hXd85a9wKg1effVfVzenUAtUCyOKY9bQE=' 'sha256-DwtT8+ZZKpxH9pqZNAmJ3GdbLAh5SsYaXR3omTXPCns=' 'sha256-sV9jZa797T0QWBzcU/CNd4tpBhTnh+TFdLnfjlitl28=' 'sha256-aa/Q8CRBDSqTQbCIyioPhZaz+G+dbPyu7BzsjInEmiU=' 'sha256-THuVhwbXPeTR0HszASqMOnIyxqEgvGyBwSPBKBF/iMc=' 'sha256-zTIusdVJJeXz9+iox2a+pdDglzbpRpFVRzEwvW4AONk=' 'sha256-iC8MPqNLw0FDnsBf4DlSkFLNTwhkI85aouiAEB819ic=' 'sha256-2EqrEvcPzl8c6/TSGVvaVMEe7lg700MAz/te4/3kTYY=' 'sha256-y5uW69VItKj51mcc7UD9qfptDVUqicZL+bItEpvVNDw=' 'sha256-DatsFGoJ8gFkzzxo47Ou76WZ+3QBPOQHtBu9p9b3DhA=' 'sha256-k95cyM8gFgPziZe5VQ2IvJvBUVyd5zFt2CokIUwqdHE=' 'sha256-PyCXNcEkzRWqbiNr087fizmiBBrq9O6GGD8eV3P09Ik=' 'sha256-2SQ55Erm3CPCb+k03EpNxU9bdV3XL9TnVTriDs7INZ4=' 'sha256-S/KSPe186K/1B0JEjbIXcCdpB97krdzX05S+dHnQjUs=' 'sha256-9pXOIwF4N0gPltLd3AI69lkCjSC2H/Eb3sc5zdmUyYU=' 'sha256-jou6v/Nleyzoc+LXktAv1Fp8M807dVVxy7E/yzVljHc=' 'sha256-6E4e/3dSvj/8JZT2S2yR91mspqM6MyOpKl5lrhHsZa8=' 'sha256-3woF8BZ54TeXM+czaH3aXoaJsVpiamuAKFsXDykAR/Q=' 'sha256-vIfNcKb8ixJg1cfJIoNNYjWcm0lezj1/XpUNFiZyVsU=' 'sha256-cLsHUHFgT/VGX04cZrJ9xgm4HbzTR7ptutkxK+7BlMk=' 'sha256-BwU8jMnQYUhjOpsDVABpfddV/DlP1ZYrFcTumYw7x54=' 'sha256-wz6ika9i3WU3bpUPdhYDZeO/NrDQniDyiscN0LWnyaY=' static.licdn.com static-exp1.licdn.com static-exp2.licdn.com static-exp3.licdn.com platform.linkedin.com platform-akam.linkedin.com platform-ecst.linkedin.com platform-azur.linkedin.com snap.licdn.com; img-src data: blob: * android-webview-video-poster:; font-src data: *; style-src 'self' 'unsafe-inline' static.licdn.com static-exp1.licdn.com static-exp2.licdn.com static-exp3.licdn.com; media-src 'self' *.licdn.com *.lynda.com; worker-src 'self' blob: static.licdn.com static-exp1.licdn.com static-exp2.licdn.com static-exp3.licdn.com; frame-src 'self' www.youtube.com/embed/ www.youtube-nocookie.com/embed/ lnkd.demdex.net smartlock.google.com accounts.google.com player.vimeo.com *.linkedin.com www.slideshare.net *.megaphone.fm *.omny.fm *.sounder.fm msit.powerbi.com app.powerbi.com linkedin.github.io *.licdn.com *.adnxs.com acdn.adnxs-simple.com radar.cedexis.com; frame-ancestors 'self' *.www.linkedin.com:*; manifest-src 'self'; report-uri https://www.linkedin.com/security/csp?f=gg",
            "x-li-fabric": "prod-lor1",
            "x-li-pop": "afd-prod-lor1-x",
            "x-li-proto": "http/1.1",
            "x-li-uuid": "AAYIiaupO5/vxGvZYaO+0Q==",
            "x-cache": "CONFIG_NOCACHE",
            "x-msedge-ref": "Ref A: 8420A9095CCB4626BE6EEB3BA9F742C9 Ref B: FRAEDGE2014 Ref C: 2023-10-25T12:34:03Z",
            "date": "Wed, 25 Oct 2023 12:34:03 GMT"
        }
    },
    {
        "number": 5,
        "request": "GET https://www.linkedin.com/  HTTP/1.1\r\nHost: www.linkedin.com\r\nUser-Agent: Mozilla/5.0 (Windows NT 10.0; rv:102.0) Gecko/20100101 Firefox/102.0\r\nAccept: text/html,application/xhtml+xml,application/xml;q=0.9,image/avif,image/webp,*/*;q=0.8\r\nAccept-Encoding: gzip, deflate, br\r\nAccept-Language: en-US,en;q=0.5\r\nDNT: 1\r\nConnection: keep-alive\r\nUpgrade-Insecure-Requests: 1\r\nSec-Fetch-Dest: document\r\nSec-Fetch-Mode: navigate\r\nSec-Fetch-Site: cross-site\r\n\r\n",
        "deviation_count": 0,
        "uri": "https://www.linkedin.com/",
        "request_length": 455,
        "Response_Time": 0.3434107303619385,
        "status_code": 200,
        "reason_phrase": "OK",
        "error_message": [
            ""
        ],
        "response_header_count": 19,
        "response_header_length": 19,
        "response_body_length": 3875,
        "response_header_fields": {
            "cache-control": "no-cache, no-store",
            "pragma": "no-cache",
            "content-length": "18954",
            "content-type": "text/html; charset=utf-8",
            "content-encoding": "gzip",
            "expires": "Thu, 01 Jan 1970 00:00:00 GMT",
            "vary": "Accept-Encoding",
            "set-cookie": "lidc=\"b=TGST07:s=T:r=T:a=T:p=T:g=2656:u=1:x=1:i=1698237253:t=1698323653:v=2:sig=AQGU4LjoKB4BZ7NYPhsTaaxhbE1XDRjg\"; Expires=Thu, 26 Oct 2023 12:34:13 GMT; domain=.linkedin.com; Path=/; SameSite=None; Secure",
            "strict-transport-security": "max-age=31536000",
            "x-content-type-options": "nosniff",
            "x-frame-options": "sameorigin",
            "content-security-policy": "default-src 'none'; connect-src 'self' *.licdn.com *.linkedin.com cdn.linkedin.oribi.io dpm.demdex.net/id lnkd.demdex.net blob: accounts.google.com/gsi/ linkedin.sc.omtrdc.net/b/ss/ v.clarity.ms/collect *.microsoft.com *.adnxs.com *.tealiumiq.com; script-src 'report-sample' 'sha256-th47JTnh6tX15SUn/I+GGmsOSXpa7dh5Skner77gxlY=' 'sha256-SSoodjUD3LGm2FfFCVHGqEb8D4UM3OOigidT2UKDcYg=' 'sha256-cKTgdnmO6+hXd85a9wKg1effVfVzenUAtUCyOKY9bQE=' 'sha256-DwtT8+ZZKpxH9pqZNAmJ3GdbLAh5SsYaXR3omTXPCns=' 'sha256-sV9jZa797T0QWBzcU/CNd4tpBhTnh+TFdLnfjlitl28=' 'sha256-aa/Q8CRBDSqTQbCIyioPhZaz+G+dbPyu7BzsjInEmiU=' 'sha256-THuVhwbXPeTR0HszASqMOnIyxqEgvGyBwSPBKBF/iMc=' 'sha256-zTIusdVJJeXz9+iox2a+pdDglzbpRpFVRzEwvW4AONk=' 'sha256-iC8MPqNLw0FDnsBf4DlSkFLNTwhkI85aouiAEB819ic=' 'sha256-2EqrEvcPzl8c6/TSGVvaVMEe7lg700MAz/te4/3kTYY=' 'sha256-y5uW69VItKj51mcc7UD9qfptDVUqicZL+bItEpvVNDw=' 'sha256-DatsFGoJ8gFkzzxo47Ou76WZ+3QBPOQHtBu9p9b3DhA=' 'sha256-k95cyM8gFgPziZe5VQ2IvJvBUVyd5zFt2CokIUwqdHE=' 'sha256-PyCXNcEkzRWqbiNr087fizmiBBrq9O6GGD8eV3P09Ik=' 'sha256-2SQ55Erm3CPCb+k03EpNxU9bdV3XL9TnVTriDs7INZ4=' 'sha256-S/KSPe186K/1B0JEjbIXcCdpB97krdzX05S+dHnQjUs=' 'sha256-9pXOIwF4N0gPltLd3AI69lkCjSC2H/Eb3sc5zdmUyYU=' 'sha256-jou6v/Nleyzoc+LXktAv1Fp8M807dVVxy7E/yzVljHc=' 'sha256-6E4e/3dSvj/8JZT2S2yR91mspqM6MyOpKl5lrhHsZa8=' 'sha256-3woF8BZ54TeXM+czaH3aXoaJsVpiamuAKFsXDykAR/Q=' 'sha256-vIfNcKb8ixJg1cfJIoNNYjWcm0lezj1/XpUNFiZyVsU=' 'sha256-cLsHUHFgT/VGX04cZrJ9xgm4HbzTR7ptutkxK+7BlMk=' 'sha256-BwU8jMnQYUhjOpsDVABpfddV/DlP1ZYrFcTumYw7x54=' 'sha256-wz6ika9i3WU3bpUPdhYDZeO/NrDQniDyiscN0LWnyaY=' static.licdn.com static-exp1.licdn.com static-exp2.licdn.com static-exp3.licdn.com platform.linkedin.com platform-akam.linkedin.com platform-ecst.linkedin.com platform-azur.linkedin.com snap.licdn.com; img-src data: blob: * android-webview-video-poster:; font-src data: *; style-src 'self' 'unsafe-inline' static.licdn.com static-exp1.licdn.com static-exp2.licdn.com static-exp3.licdn.com; media-src 'self' *.licdn.com *.lynda.com; worker-src 'self' blob: static.licdn.com static-exp1.licdn.com static-exp2.licdn.com static-exp3.licdn.com; frame-src 'self' www.youtube.com/embed/ www.youtube-nocookie.com/embed/ lnkd.demdex.net smartlock.google.com accounts.google.com player.vimeo.com *.linkedin.com www.slideshare.net *.megaphone.fm *.omny.fm *.sounder.fm msit.powerbi.com app.powerbi.com linkedin.github.io *.licdn.com *.adnxs.com acdn.adnxs-simple.com radar.cedexis.com; frame-ancestors 'self' *.www.linkedin.com:*; manifest-src 'self'; report-uri https://www.linkedin.com/security/csp?f=gg",
            "x-li-fabric": "prod-ltx1",
            "x-li-pop": "afd-prod-ltx1-x",
            "x-li-proto": "http/1.1",
            "x-li-uuid": "AAYIiaxAPCUhGtMRSojbvQ==",
            "x-cache": "CONFIG_NOCACHE",
            "x-msedge-ref": "Ref A: EED35863D3134722B50DB47F20ECF711 Ref B: FRAEDGE1715 Ref C: 2023-10-25T12:34:13Z",
            "date": "Wed, 25 Oct 2023 12:34:13 GMT"
        }
    },
    {
        "number": 6,
        "request": "GET https://www.linkedin.com/  HTTP/1.1\r\nHost: www.linkedin.com\r\nUser-Agent: Mozilla/5.0 (Windows NT 10.0; rv:102.0) Gecko/20100101 Firefox/102.0\r\nAccept: text/html,application/xhtml+xml,application/xml;q=0.9,image/avif,image/webp,*/*;q=0.8\r\nAccept-Encoding: gzip, deflate, br\r\nAccept-Language: en-US,en;q=0.5\r\nDNT: 1\r\nConnection: keep-alive\r\nUpgrade-Insecure-Requests: 1\r\nSec-Fetch-Dest: document\r\nSec-Fetch-Mode: navigate\r\nSec-Fetch-Site: cross-site\r\n\r\n",
        "deviation_count": 0,
        "uri": "https://www.linkedin.com/",
        "request_length": 455,
        "Response_Time": 0.351879358291626,
        "status_code": 200,
        "reason_phrase": "OK",
        "error_message": [
            ""
        ],
        "response_header_count": 19,
        "response_header_length": 19,
        "response_body_length": 3897,
        "response_header_fields": {
            "cache-control": "no-cache, no-store",
            "pragma": "no-cache",
            "content-length": "19443",
            "content-type": "text/html; charset=utf-8",
            "content-encoding": "gzip",
            "expires": "Thu, 01 Jan 1970 00:00:00 GMT",
            "vary": "Accept-Encoding",
            "set-cookie": "lidc=\"b=OGST07:s=O:r=O:a=O:p=O:g=2661:u=1:x=1:i=1698237266:t=1698323666:v=2:sig=AQE4ttbGTforZyUI-v02wfwK6_Fd1k_e\"; Expires=Thu, 26 Oct 2023 12:34:26 GMT; domain=.linkedin.com; Path=/; SameSite=None; Secure",
            "strict-transport-security": "max-age=31536000",
            "x-content-type-options": "nosniff",
            "x-frame-options": "sameorigin",
            "content-security-policy": "default-src 'none'; connect-src 'self' *.licdn.com *.linkedin.com cdn.linkedin.oribi.io dpm.demdex.net/id lnkd.demdex.net blob: accounts.google.com/gsi/ linkedin.sc.omtrdc.net/b/ss/ v.clarity.ms/collect *.microsoft.com *.adnxs.com *.tealiumiq.com; script-src 'report-sample' 'sha256-th47JTnh6tX15SUn/I+GGmsOSXpa7dh5Skner77gxlY=' 'sha256-SSoodjUD3LGm2FfFCVHGqEb8D4UM3OOigidT2UKDcYg=' 'sha256-cKTgdnmO6+hXd85a9wKg1effVfVzenUAtUCyOKY9bQE=' 'sha256-DwtT8+ZZKpxH9pqZNAmJ3GdbLAh5SsYaXR3omTXPCns=' 'sha256-sV9jZa797T0QWBzcU/CNd4tpBhTnh+TFdLnfjlitl28=' 'sha256-aa/Q8CRBDSqTQbCIyioPhZaz+G+dbPyu7BzsjInEmiU=' 'sha256-THuVhwbXPeTR0HszASqMOnIyxqEgvGyBwSPBKBF/iMc=' 'sha256-zTIusdVJJeXz9+iox2a+pdDglzbpRpFVRzEwvW4AONk=' 'sha256-iC8MPqNLw0FDnsBf4DlSkFLNTwhkI85aouiAEB819ic=' 'sha256-2EqrEvcPzl8c6/TSGVvaVMEe7lg700MAz/te4/3kTYY=' 'sha256-y5uW69VItKj51mcc7UD9qfptDVUqicZL+bItEpvVNDw=' 'sha256-DatsFGoJ8gFkzzxo47Ou76WZ+3QBPOQHtBu9p9b3DhA=' 'sha256-k95cyM8gFgPziZe5VQ2IvJvBUVyd5zFt2CokIUwqdHE=' 'sha256-PyCXNcEkzRWqbiNr087fizmiBBrq9O6GGD8eV3P09Ik=' 'sha256-2SQ55Erm3CPCb+k03EpNxU9bdV3XL9TnVTriDs7INZ4=' 'sha256-S/KSPe186K/1B0JEjbIXcCdpB97krdzX05S+dHnQjUs=' 'sha256-9pXOIwF4N0gPltLd3AI69lkCjSC2H/Eb3sc5zdmUyYU=' 'sha256-jou6v/Nleyzoc+LXktAv1Fp8M807dVVxy7E/yzVljHc=' 'sha256-6E4e/3dSvj/8JZT2S2yR91mspqM6MyOpKl5lrhHsZa8=' 'sha256-3woF8BZ54TeXM+czaH3aXoaJsVpiamuAKFsXDykAR/Q=' 'sha256-vIfNcKb8ixJg1cfJIoNNYjWcm0lezj1/XpUNFiZyVsU=' 'sha256-cLsHUHFgT/VGX04cZrJ9xgm4HbzTR7ptutkxK+7BlMk=' 'sha256-BwU8jMnQYUhjOpsDVABpfddV/DlP1ZYrFcTumYw7x54=' 'sha256-wz6ika9i3WU3bpUPdhYDZeO/NrDQniDyiscN0LWnyaY=' static.licdn.com static-exp1.licdn.com static-exp2.licdn.com static-exp3.licdn.com platform.linkedin.com platform-akam.linkedin.com platform-ecst.linkedin.com platform-azur.linkedin.com snap.licdn.com; img-src data: blob: * android-webview-video-poster:; font-src data: *; style-src 'self' 'unsafe-inline' static.licdn.com static-exp1.licdn.com static-exp2.licdn.com static-exp3.licdn.com; media-src 'self' *.licdn.com *.lynda.com; worker-src 'self' blob: static.licdn.com static-exp1.licdn.com static-exp2.licdn.com static-exp3.licdn.com; frame-src 'self' www.youtube.com/embed/ www.youtube-nocookie.com/embed/ lnkd.demdex.net smartlock.google.com accounts.google.com player.vimeo.com *.linkedin.com www.slideshare.net *.megaphone.fm *.omny.fm *.sounder.fm msit.powerbi.com app.powerbi.com linkedin.github.io *.licdn.com *.adnxs.com acdn.adnxs-simple.com radar.cedexis.com; frame-ancestors 'self' *.www.linkedin.com:*; manifest-src 'self'; report-uri https://www.linkedin.com/security/csp?f=gg",
            "x-li-fabric": "prod-lor1",
            "x-li-pop": "afd-prod-lor1-x",
            "x-li-proto": "http/1.1",
            "x-li-uuid": "AAYIiaz51L9lC719ilmmLQ==",
            "x-cache": "CONFIG_NOCACHE",
            "x-msedge-ref": "Ref A: EF12B6C1D0354C44A5B92ABB3F72B718 Ref B: DUS30EDGE0318 Ref C: 2023-10-25T12:34:25Z",
            "date": "Wed, 25 Oct 2023 12:34:25 GMT"
        }
    },
    {
        "number": 7,
        "request": "GET https://www.linkedin.com/  HTTP/1.1\r\nHost: www.linkedin.com\r\nUser-Agent: Mozilla/5.0 (Windows NT 10.0; rv:102.0) Gecko/20100101 Firefox/102.0\r\nAccept: text/html,application/xhtml+xml,application/xml;q=0.9,image/avif,image/webp,*/*;q=0.8\r\nAccept-Encoding: gzip, deflate, br\r\nAccept-Language: en-US,en;q=0.5\r\nDNT: 1\r\nConnection: keep-alive\r\nUpgrade-Insecure-Requests: 1\r\nSec-Fetch-Dest: document\r\nSec-Fetch-Mode: navigate\r\nSec-Fetch-Site: cross-site\r\n\r\n",
        "deviation_count": 0,
        "uri": "https://www.linkedin.com/",
        "request_length": 455,
        "Response_Time": 0.48496174812316895,
        "status_code": 200,
        "reason_phrase": "OK",
        "error_message": [
            ""
        ],
        "response_header_count": 21,
        "response_header_length": 21,
        "response_body_length": 3895,
        "response_header_fields": {
            "cache-control": "no-cache, no-store",
            "pragma": "no-cache",
            "content-length": "18954",
            "content-type": "text/html; charset=utf-8",
            "content-encoding": "gzip",
            "expires": "Thu, 01 Jan 1970 00:00:00 GMT",
            "vary": "Accept-Encoding",
            "set-cookie": "lidc=\"b=OGST07:s=O:r=O:a=O:p=O:g=2661:u=1:x=1:i=1698237277:t=1698323677:v=2:sig=AQHtoQNeWHcrYxkcEbb53w4aBf4ghg56\"; Expires=Thu, 26 Oct 2023 12:34:37 GMT; domain=.linkedin.com; Path=/; SameSite=None; Secure",
            "strict-transport-security": "max-age=31536000",
            "x-content-type-options": "nosniff",
            "x-frame-options": "sameorigin",
            "content-security-policy": "default-src 'none'; connect-src 'self' *.licdn.com *.linkedin.com cdn.linkedin.oribi.io dpm.demdex.net/id lnkd.demdex.net blob: accounts.google.com/gsi/ linkedin.sc.omtrdc.net/b/ss/ v.clarity.ms/collect *.microsoft.com *.adnxs.com *.tealiumiq.com; script-src 'report-sample' 'sha256-th47JTnh6tX15SUn/I+GGmsOSXpa7dh5Skner77gxlY=' 'sha256-SSoodjUD3LGm2FfFCVHGqEb8D4UM3OOigidT2UKDcYg=' 'sha256-cKTgdnmO6+hXd85a9wKg1effVfVzenUAtUCyOKY9bQE=' 'sha256-DwtT8+ZZKpxH9pqZNAmJ3GdbLAh5SsYaXR3omTXPCns=' 'sha256-sV9jZa797T0QWBzcU/CNd4tpBhTnh+TFdLnfjlitl28=' 'sha256-aa/Q8CRBDSqTQbCIyioPhZaz+G+dbPyu7BzsjInEmiU=' 'sha256-THuVhwbXPeTR0HszASqMOnIyxqEgvGyBwSPBKBF/iMc=' 'sha256-zTIusdVJJeXz9+iox2a+pdDglzbpRpFVRzEwvW4AONk=' 'sha256-iC8MPqNLw0FDnsBf4DlSkFLNTwhkI85aouiAEB819ic=' 'sha256-2EqrEvcPzl8c6/TSGVvaVMEe7lg700MAz/te4/3kTYY=' 'sha256-y5uW69VItKj51mcc7UD9qfptDVUqicZL+bItEpvVNDw=' 'sha256-DatsFGoJ8gFkzzxo47Ou76WZ+3QBPOQHtBu9p9b3DhA=' 'sha256-k95cyM8gFgPziZe5VQ2IvJvBUVyd5zFt2CokIUwqdHE=' 'sha256-PyCXNcEkzRWqbiNr087fizmiBBrq9O6GGD8eV3P09Ik=' 'sha256-2SQ55Erm3CPCb+k03EpNxU9bdV3XL9TnVTriDs7INZ4=' 'sha256-S/KSPe186K/1B0JEjbIXcCdpB97krdzX05S+dHnQjUs=' 'sha256-9pXOIwF4N0gPltLd3AI69lkCjSC2H/Eb3sc5zdmUyYU=' 'sha256-jou6v/Nleyzoc+LXktAv1Fp8M807dVVxy7E/yzVljHc=' 'sha256-6E4e/3dSvj/8JZT2S2yR91mspqM6MyOpKl5lrhHsZa8=' 'sha256-3woF8BZ54TeXM+czaH3aXoaJsVpiamuAKFsXDykAR/Q=' 'sha256-vIfNcKb8ixJg1cfJIoNNYjWcm0lezj1/XpUNFiZyVsU=' 'sha256-cLsHUHFgT/VGX04cZrJ9xgm4HbzTR7ptutkxK+7BlMk=' 'sha256-BwU8jMnQYUhjOpsDVABpfddV/DlP1ZYrFcTumYw7x54=' 'sha256-wz6ika9i3WU3bpUPdhYDZeO/NrDQniDyiscN0LWnyaY=' static.licdn.com static-exp1.licdn.com static-exp2.licdn.com static-exp3.licdn.com platform.linkedin.com platform-akam.linkedin.com platform-ecst.linkedin.com platform-azur.linkedin.com snap.licdn.com; img-src data: blob: * android-webview-video-poster:; font-src data: *; style-src 'self' 'unsafe-inline' static.licdn.com static-exp1.licdn.com static-exp2.licdn.com static-exp3.licdn.com; media-src 'self' *.licdn.com *.lynda.com; worker-src 'self' blob: static.licdn.com static-exp1.licdn.com static-exp2.licdn.com static-exp3.licdn.com; frame-src 'self' www.youtube.com/embed/ www.youtube-nocookie.com/embed/ lnkd.demdex.net smartlock.google.com accounts.google.com player.vimeo.com *.linkedin.com www.slideshare.net *.megaphone.fm *.omny.fm *.sounder.fm msit.powerbi.com app.powerbi.com linkedin.github.io *.licdn.com *.adnxs.com acdn.adnxs-simple.com radar.cedexis.com; frame-ancestors 'self' *.www.linkedin.com:*; manifest-src 'self'; report-uri https://www.linkedin.com/security/csp?f=gg",
            "x-li-fabric": "prod-lor1",
            "report-to": "{\"group\":\"network-errors\",\"max_age\":2592000,\"endpoints\":[{\"url\":\"https://www.linkedin.com/li/rep\"}],\"include_subdomains\":true}",
            "nel": "{\"report_to\":\"network-errors\",\"max_age\":1296000,\"success_fraction\":0.00066,\"failure_fraction\":1,\"include_subdomains\":true}",
            "x-li-pop": "afd-prod-lor1-x",
            "x-li-proto": "http/1.1",
            "x-li-uuid": "AAYIia2na0SFUrBuBg45Sw==",
            "x-cache": "CONFIG_NOCACHE",
            "x-msedge-ref": "Ref A: 0796876D83E04E67958257FBAB6C2953 Ref B: DUS30EDGE0717 Ref C: 2023-10-25T12:34:37Z",
            "date": "Wed, 25 Oct 2023 12:34:37 GMT"
        }
    },
    {
        "number": 8,
        "request": "GET https://www.linkedin.com/  HTTP/1.1\r\nHost: www.linkedin.com\r\nUser-Agent: Mozilla/5.0 (Windows NT 10.0; rv:102.0) Gecko/20100101 Firefox/102.0\r\nAccept: text/html,application/xhtml+xml,application/xml;q=0.9,image/avif,image/webp,*/*;q=0.8\r\nAccept-Encoding: gzip, deflate, br\r\nAccept-Language: en-US,en;q=0.5\r\nDNT: 1\r\nConnection: keep-alive\r\nUpgrade-Insecure-Requests: 1\r\nSec-Fetch-Dest: document\r\nSec-Fetch-Mode: navigate\r\nSec-Fetch-Site: cross-site\r\n\r\n",
        "deviation_count": 0,
        "uri": "https://www.linkedin.com/",
        "request_length": 455,
        "Response_Time": 0.2973201274871826,
        "status_code": 200,
        "reason_phrase": "OK",
        "error_message": [
            ""
        ],
        "response_header_count": 19,
        "response_header_length": 19,
        "response_body_length": 3892,
        "response_header_fields": {
            "cache-control": "no-cache, no-store",
            "pragma": "no-cache",
            "content-length": "19165",
            "content-type": "text/html; charset=utf-8",
            "content-encoding": "gzip",
            "expires": "Thu, 01 Jan 1970 00:00:00 GMT",
            "vary": "Accept-Encoding",
            "set-cookie": "lidc=\"b=VGST07:s=V:r=V:a=V:p=V:g=2744:u=1:x=1:i=1698237287:t=1698323687:v=2:sig=AQGOpvGbSjFeKcWcXoV7YwrCfdw7Ry0G\"; Expires=Thu, 26 Oct 2023 12:34:47 GMT; domain=.linkedin.com; Path=/; SameSite=None; Secure",
            "strict-transport-security": "max-age=31536000",
            "x-content-type-options": "nosniff",
            "x-frame-options": "sameorigin",
            "content-security-policy": "default-src 'none'; connect-src 'self' *.licdn.com *.linkedin.com cdn.linkedin.oribi.io dpm.demdex.net/id lnkd.demdex.net blob: accounts.google.com/gsi/ linkedin.sc.omtrdc.net/b/ss/ v.clarity.ms/collect *.microsoft.com *.adnxs.com *.tealiumiq.com; script-src 'report-sample' 'sha256-th47JTnh6tX15SUn/I+GGmsOSXpa7dh5Skner77gxlY=' 'sha256-SSoodjUD3LGm2FfFCVHGqEb8D4UM3OOigidT2UKDcYg=' 'sha256-cKTgdnmO6+hXd85a9wKg1effVfVzenUAtUCyOKY9bQE=' 'sha256-DwtT8+ZZKpxH9pqZNAmJ3GdbLAh5SsYaXR3omTXPCns=' 'sha256-sV9jZa797T0QWBzcU/CNd4tpBhTnh+TFdLnfjlitl28=' 'sha256-aa/Q8CRBDSqTQbCIyioPhZaz+G+dbPyu7BzsjInEmiU=' 'sha256-THuVhwbXPeTR0HszASqMOnIyxqEgvGyBwSPBKBF/iMc=' 'sha256-zTIusdVJJeXz9+iox2a+pdDglzbpRpFVRzEwvW4AONk=' 'sha256-iC8MPqNLw0FDnsBf4DlSkFLNTwhkI85aouiAEB819ic=' 'sha256-2EqrEvcPzl8c6/TSGVvaVMEe7lg700MAz/te4/3kTYY=' 'sha256-y5uW69VItKj51mcc7UD9qfptDVUqicZL+bItEpvVNDw=' 'sha256-DatsFGoJ8gFkzzxo47Ou76WZ+3QBPOQHtBu9p9b3DhA=' 'sha256-k95cyM8gFgPziZe5VQ2IvJvBUVyd5zFt2CokIUwqdHE=' 'sha256-PyCXNcEkzRWqbiNr087fizmiBBrq9O6GGD8eV3P09Ik=' 'sha256-2SQ55Erm3CPCb+k03EpNxU9bdV3XL9TnVTriDs7INZ4=' 'sha256-S/KSPe186K/1B0JEjbIXcCdpB97krdzX05S+dHnQjUs=' 'sha256-9pXOIwF4N0gPltLd3AI69lkCjSC2H/Eb3sc5zdmUyYU=' 'sha256-jou6v/Nleyzoc+LXktAv1Fp8M807dVVxy7E/yzVljHc=' 'sha256-6E4e/3dSvj/8JZT2S2yR91mspqM6MyOpKl5lrhHsZa8=' 'sha256-3woF8BZ54TeXM+czaH3aXoaJsVpiamuAKFsXDykAR/Q=' 'sha256-vIfNcKb8ixJg1cfJIoNNYjWcm0lezj1/XpUNFiZyVsU=' 'sha256-cLsHUHFgT/VGX04cZrJ9xgm4HbzTR7ptutkxK+7BlMk=' 'sha256-BwU8jMnQYUhjOpsDVABpfddV/DlP1ZYrFcTumYw7x54=' 'sha256-wz6ika9i3WU3bpUPdhYDZeO/NrDQniDyiscN0LWnyaY=' static.licdn.com static-exp1.licdn.com static-exp2.licdn.com static-exp3.licdn.com platform.linkedin.com platform-akam.linkedin.com platform-ecst.linkedin.com platform-azur.linkedin.com snap.licdn.com; img-src data: blob: * android-webview-video-poster:; font-src data: *; style-src 'self' 'unsafe-inline' static.licdn.com static-exp1.licdn.com static-exp2.licdn.com static-exp3.licdn.com; media-src 'self' *.licdn.com *.lynda.com; worker-src 'self' blob: static.licdn.com static-exp1.licdn.com static-exp2.licdn.com static-exp3.licdn.com; frame-src 'self' www.youtube.com/embed/ www.youtube-nocookie.com/embed/ lnkd.demdex.net smartlock.google.com accounts.google.com player.vimeo.com *.linkedin.com www.slideshare.net *.megaphone.fm *.omny.fm *.sounder.fm msit.powerbi.com app.powerbi.com linkedin.github.io *.licdn.com *.adnxs.com acdn.adnxs-simple.com radar.cedexis.com; frame-ancestors 'self' *.www.linkedin.com:*; manifest-src 'self'; report-uri https://www.linkedin.com/security/csp?f=gg",
            "x-li-fabric": "prod-lva1",
            "x-li-pop": "afd-prod-lva1-x",
            "x-li-proto": "http/1.1",
            "x-li-uuid": "AAYIia5CaRQobolo5qt4mQ==",
            "x-cache": "CONFIG_NOCACHE",
            "x-msedge-ref": "Ref A: A699EA12BFD24D25853F6C21819B5E2B Ref B: DUS30EDGE0408 Ref C: 2023-10-25T12:34:47Z",
            "date": "Wed, 25 Oct 2023 12:34:47 GMT"
        }
    },
    {
        "number": 9,
        "request": "GET https://www.linkedin.com/  HTTP/1.1\r\nHost: www.linkedin.com\r\nUser-Agent: Mozilla/5.0 (Windows NT 10.0; rv:102.0) Gecko/20100101 Firefox/102.0\r\nAccept: text/html,application/xhtml+xml,application/xml;q=0.9,image/avif,image/webp,*/*;q=0.8\r\nAccept-Encoding: gzip, deflate, br\r\nAccept-Language: en-US,en;q=0.5\r\nDNT: 1\r\nConnection: keep-alive\r\nUpgrade-Insecure-Requests: 1\r\nSec-Fetch-Dest: document\r\nSec-Fetch-Mode: navigate\r\nSec-Fetch-Site: cross-site\r\n\r\n",
        "deviation_count": 0,
        "uri": "https://www.linkedin.com/",
        "request_length": 455,
        "Response_Time": 0.4056718349456787,
        "status_code": 200,
        "reason_phrase": "OK",
        "error_message": [
            ""
        ],
        "response_header_count": 19,
        "response_header_length": 19,
        "response_body_length": 3885,
        "response_header_fields": {
            "cache-control": "no-cache, no-store",
            "pragma": "no-cache",
            "content-length": "19015",
            "content-type": "text/html; charset=utf-8",
            "content-encoding": "gzip",
            "expires": "Thu, 01 Jan 1970 00:00:00 GMT",
            "vary": "Accept-Encoding",
            "set-cookie": "lidc=\"b=OGST07:s=O:r=O:a=O:p=O:g=2661:u=1:x=1:i=1698237298:t=1698323698:v=2:sig=AQF7RTVf-zCl1rPEGw3StYrgbJpG5_Ft\"; Expires=Thu, 26 Oct 2023 12:34:58 GMT; domain=.linkedin.com; Path=/; SameSite=None; Secure",
            "strict-transport-security": "max-age=31536000",
            "x-content-type-options": "nosniff",
            "x-frame-options": "sameorigin",
            "content-security-policy": "default-src 'none'; connect-src 'self' *.licdn.com *.linkedin.com cdn.linkedin.oribi.io dpm.demdex.net/id lnkd.demdex.net blob: accounts.google.com/gsi/ linkedin.sc.omtrdc.net/b/ss/ v.clarity.ms/collect *.microsoft.com *.adnxs.com *.tealiumiq.com; script-src 'report-sample' 'sha256-th47JTnh6tX15SUn/I+GGmsOSXpa7dh5Skner77gxlY=' 'sha256-SSoodjUD3LGm2FfFCVHGqEb8D4UM3OOigidT2UKDcYg=' 'sha256-cKTgdnmO6+hXd85a9wKg1effVfVzenUAtUCyOKY9bQE=' 'sha256-DwtT8+ZZKpxH9pqZNAmJ3GdbLAh5SsYaXR3omTXPCns=' 'sha256-sV9jZa797T0QWBzcU/CNd4tpBhTnh+TFdLnfjlitl28=' 'sha256-aa/Q8CRBDSqTQbCIyioPhZaz+G+dbPyu7BzsjInEmiU=' 'sha256-THuVhwbXPeTR0HszASqMOnIyxqEgvGyBwSPBKBF/iMc=' 'sha256-zTIusdVJJeXz9+iox2a+pdDglzbpRpFVRzEwvW4AONk=' 'sha256-iC8MPqNLw0FDnsBf4DlSkFLNTwhkI85aouiAEB819ic=' 'sha256-2EqrEvcPzl8c6/TSGVvaVMEe7lg700MAz/te4/3kTYY=' 'sha256-y5uW69VItKj51mcc7UD9qfptDVUqicZL+bItEpvVNDw=' 'sha256-DatsFGoJ8gFkzzxo47Ou76WZ+3QBPOQHtBu9p9b3DhA=' 'sha256-k95cyM8gFgPziZe5VQ2IvJvBUVyd5zFt2CokIUwqdHE=' 'sha256-PyCXNcEkzRWqbiNr087fizmiBBrq9O6GGD8eV3P09Ik=' 'sha256-2SQ55Erm3CPCb+k03EpNxU9bdV3XL9TnVTriDs7INZ4=' 'sha256-S/KSPe186K/1B0JEjbIXcCdpB97krdzX05S+dHnQjUs=' 'sha256-9pXOIwF4N0gPltLd3AI69lkCjSC2H/Eb3sc5zdmUyYU=' 'sha256-jou6v/Nleyzoc+LXktAv1Fp8M807dVVxy7E/yzVljHc=' 'sha256-6E4e/3dSvj/8JZT2S2yR91mspqM6MyOpKl5lrhHsZa8=' 'sha256-3woF8BZ54TeXM+czaH3aXoaJsVpiamuAKFsXDykAR/Q=' 'sha256-vIfNcKb8ixJg1cfJIoNNYjWcm0lezj1/XpUNFiZyVsU=' 'sha256-cLsHUHFgT/VGX04cZrJ9xgm4HbzTR7ptutkxK+7BlMk=' 'sha256-BwU8jMnQYUhjOpsDVABpfddV/DlP1ZYrFcTumYw7x54=' 'sha256-wz6ika9i3WU3bpUPdhYDZeO/NrDQniDyiscN0LWnyaY=' static.licdn.com static-exp1.licdn.com static-exp2.licdn.com static-exp3.licdn.com platform.linkedin.com platform-akam.linkedin.com platform-ecst.linkedin.com platform-azur.linkedin.com snap.licdn.com; img-src data: blob: * android-webview-video-poster:; font-src data: *; style-src 'self' 'unsafe-inline' static.licdn.com static-exp1.licdn.com static-exp2.licdn.com static-exp3.licdn.com; media-src 'self' *.licdn.com *.lynda.com; worker-src 'self' blob: static.licdn.com static-exp1.licdn.com static-exp2.licdn.com static-exp3.licdn.com; frame-src 'self' www.youtube.com/embed/ www.youtube-nocookie.com/embed/ lnkd.demdex.net smartlock.google.com accounts.google.com player.vimeo.com *.linkedin.com www.slideshare.net *.megaphone.fm *.omny.fm *.sounder.fm msit.powerbi.com app.powerbi.com linkedin.github.io *.licdn.com *.adnxs.com acdn.adnxs-simple.com radar.cedexis.com; frame-ancestors 'self' *.www.linkedin.com:*; manifest-src 'self'; report-uri https://www.linkedin.com/security/csp?f=gg",
            "x-li-fabric": "prod-lor1",
            "x-li-pop": "afd-prod-lor1-x",
            "x-li-proto": "http/1.1",
            "x-li-uuid": "AAYIia7w88UEwGu/Yj5iwA==",
            "x-cache": "CONFIG_NOCACHE",
            "x-msedge-ref": "Ref A: D83DB047D182494BA8213882CBE51D47 Ref B: FRAEDGE1821 Ref C: 2023-10-25T12:34:58Z",
            "date": "Wed, 25 Oct 2023 12:34:58 GMT"
        }
    }
]