,Attempt No.,uri,Deviation Count,Status Code,Response_Time,response_header_count,response_header_length,response_body_length,response_header_fields
0,0,https://www.digicert.com/,0,200,0.7280869483947754,17,17,317,"{'server': 'nginx', 'date': 'Wed, 25 Oct 2023 12:33:16 GMT', 'content-type': 'text/html;charset=utf-8', 'transfer-encoding': 'chunked', 'connection': 'keep-alive', 'x-content-type-options': 'nosniff', 'age': '40091', 'last-modified': 'Wed, 25 Oct 2023 01:25:05 GMT', 'etag': 'W/""1d407-60880534175f3""', 'x-xss-protection': '1; mode=block', 'x-frame-options': 'SAMEORIGIN', 'content-encoding': 'gzip', 'set-cookie': 'incap_ses_770_1323850=7kpKL/gtDQYds5Js8JevCgsLOWUAAAAAyaXVuK7ipWiPUVwiWmCG8g==; path=/; Domain=.digicert.com; Secure; SameSite=None', 'x-incap-sess-cookie-hdr': 'XDE5ZCAmSXRrJm9s8JevCgsLOWUAAAAAmZaSwswz3SCJ6tnqnUitqA==', 'strict-transport-security': 'max-age=31536000', 'x-cdn': 'Imperva', 'x-iinfo': '2-12501556-12501565 NNNN CT(150 304 0) RT(1698237195162 206) q(0 0 5 -1) r(6 6) U12'}"
1,1,https://www.digicert.com/,0,200,0.2284715175628662,17,17,330,"{'server': 'nginx', 'date': 'Wed, 25 Oct 2023 12:33:25 GMT', 'content-type': 'text/html;charset=utf-8', 'transfer-encoding': 'chunked', 'connection': 'keep-alive', 'x-content-type-options': 'nosniff', 'age': '40101', 'last-modified': 'Wed, 25 Oct 2023 01:25:04 GMT', 'etag': 'W/""1d407-60880532de9f4""', 'x-xss-protection': '1; mode=block', 'x-frame-options': 'SAMEORIGIN', 'content-encoding': 'gzip', 'set-cookie': 'incap_ses_770_1323850=1fj0UpXSGms+yJJs8JevChULOWUAAAAA4gbXvgHF3OdZW2btexyFVQ==; path=/; Domain=.digicert.com; Secure; SameSite=None', 'x-incap-sess-cookie-hdr': 'J+HxIfN1HHxrJm9s8JevChULOWUAAAAAmVocqRuwbzhi2C/nt8YiGA==', 'strict-transport-security': 'max-age=31536000', 'x-cdn': 'Imperva', 'x-iinfo': '14-64384413-64374533 PNNN RT(1698237205273 68) q(0 0 0 -1) r(2 2) U12'}"
2,2,https://www.digicert.com/,0,200,0.6017959117889404,17,17,316,"{'server': 'nginx', 'date': 'Wed, 25 Oct 2023 12:33:34 GMT', 'content-type': 'text/html;charset=utf-8', 'transfer-encoding': 'chunked', 'connection': 'keep-alive', 'x-content-type-options': 'nosniff', 'age': '40110', 'last-modified': 'Wed, 25 Oct 2023 01:25:04 GMT', 'etag': 'W/""1d407-60880532de9f4""', 'x-xss-protection': '1; mode=block', 'x-frame-options': 'SAMEORIGIN', 'content-encoding': 'gzip', 'set-cookie': 'incap_ses_770_1323850=k1gpdGksbRle3ZJs8JevCh4LOWUAAAAAiB5Gfmf0cOaXGlBTfD4ZBw==; path=/; Domain=.digicert.com; Secure; SameSite=None', 'x-incap-sess-cookie-hdr': 'zkIIGPT+TQprJm9s8JevCh4LOWUAAAAAw9RbXAM0eCbF9o4+tZgGGg==', 'strict-transport-security': 'max-age=31536000', 'x-cdn': 'Imperva', 'x-iinfo': '12-51613380-51613399 NNNN CT(132 279 0) RT(1698237214074 130) q(0 0 4 -1) r(5 5) U12'}"
3,3,https://www.digicert.com/,0,200,0.20943522453308105,17,17,330,"{'server': 'nginx', 'date': 'Wed, 25 Oct 2023 12:33:44 GMT', 'content-type': 'text/html;charset=utf-8', 'transfer-encoding': 'chunked', 'connection': 'keep-alive', 'x-content-type-options': 'nosniff', 'age': '40119', 'last-modified': 'Wed, 25 Oct 2023 01:25:05 GMT', 'etag': 'W/""1d407-60880534175f3""', 'x-xss-protection': '1; mode=block', 'x-frame-options': 'SAMEORIGIN', 'content-encoding': 'gzip', 'set-cookie': 'incap_ses_770_1323850=faAVMk3/c31Q9JJs8JevCigLOWUAAAAAKccZR2PP/hPTPZvzi71YqQ==; path=/; Domain=.digicert.com; Secure; SameSite=None', 'x-incap-sess-cookie-hdr': 'RK9LGvKo7HprJm9s8JevCigLOWUAAAAA+NSm322N2tqUz49vhEVyPA==', 'strict-transport-security': 'max-age=31536000', 'x-cdn': 'Imperva', 'x-iinfo': '12-51615113-51613438 PNNN RT(1698237224170 58) q(0 0 0 -1) r(2 2) U12'}"
4,4,https://www.digicert.com/,0,200,0.3913547992706299,17,17,331,"{'server': 'nginx', 'date': 'Wed, 25 Oct 2023 12:33:53 GMT', 'content-type': 'text/html;charset=utf-8', 'transfer-encoding': 'chunked', 'connection': 'keep-alive', 'x-content-type-options': 'nosniff', 'age': '40129', 'last-modified': 'Wed, 25 Oct 2023 01:25:04 GMT', 'etag': 'W/""1d407-60880532de9f4""', 'x-xss-protection': '1; mode=block', 'x-frame-options': 'SAMEORIGIN', 'content-encoding': 'gzip', 'set-cookie': 'incap_ses_770_1323850=btLGZHwt0hXyCJNs8JevCjELOWUAAAAAkLsEnqGMOJ8FYVzfaupk1Q==; path=/; Domain=.digicert.com; Secure; SameSite=None', 'x-incap-sess-cookie-hdr': 'nVURQ1ph8gRrJm9s8JevCjELOWUAAAAALkji/3p0vYdYp3O1yf/LvQ==', 'strict-transport-security': 'max-age=31536000', 'x-cdn': 'Imperva', 'x-iinfo': '8-24065584-24062953 PNNN RT(1698237233374 75) q(0 0 0 -1) r(2 2) U12'}"
5,5,https://www.digicert.com/,0,200,0.21137213706970215,17,17,330,"{'server': 'nginx', 'date': 'Wed, 25 Oct 2023 12:34:03 GMT', 'content-type': 'text/html;charset=utf-8', 'transfer-encoding': 'chunked', 'connection': 'keep-alive', 'x-content-type-options': 'nosniff', 'age': '40139', 'last-modified': 'Wed, 25 Oct 2023 01:25:05 GMT', 'etag': 'W/""1d407-60880534175f3""', 'x-xss-protection': '1; mode=block', 'x-frame-options': 'SAMEORIGIN', 'content-encoding': 'gzip', 'set-cookie': 'incap_ses_770_1323850=Td5RE72lZ1MnIZNs8JevCjsLOWUAAAAA8RP8M0f/mIWrZrQwYXRpWg==; path=/; Domain=.digicert.com; Secure; SameSite=None', 'x-incap-sess-cookie-hdr': 'dbP0bbPYPGVrJm9s8JevCjsLOWUAAAAAq+m8k+ifCYAMwjbpFNqtbg==', 'strict-transport-security': 'max-age=31536000', 'x-cdn': 'Imperva', 'x-iinfo': '10-37205662-37199760 PNNN RT(1698237243465 90) q(0 0 0 -1) r(2 2) U12'}"
6,6,https://www.digicert.com/,0,200,0.20006465911865234,17,17,331,"{'server': 'nginx', 'date': 'Wed, 25 Oct 2023 12:34:13 GMT', 'content-type': 'text/html;charset=utf-8', 'transfer-encoding': 'chunked', 'connection': 'keep-alive', 'x-content-type-options': 'nosniff', 'age': '40149', 'last-modified': 'Wed, 25 Oct 2023 01:25:04 GMT', 'etag': 'W/""1d407-60880532de9f4""', 'x-xss-protection': '1; mode=block', 'x-frame-options': 'SAMEORIGIN', 'content-encoding': 'gzip', 'set-cookie': 'incap_ses_770_1323850=dTncA3oAAWcWOpNs8JevCkULOWUAAAAAPjkOuxWsC+U+k3rSzTPT+w==; path=/; Domain=.digicert.com; Secure; SameSite=None', 'x-incap-sess-cookie-hdr': 'LMOKAKLE/gBrJm9s8JevCkULOWUAAAAADAFyB81ty9ikNVjRxd5RFw==', 'strict-transport-security': 'max-age=31536000', 'x-cdn': 'Imperva', 'x-iinfo': '5-38097867-38084256 PNNN RT(1698237253267 50) q(0 0 0 -1) r(1 1) U12'}"
7,7,https://www.digicert.com/,0,200,0.18933606147766113,17,17,330,"{'server': 'nginx', 'date': 'Wed, 25 Oct 2023 12:34:23 GMT', 'content-type': 'text/html;charset=utf-8', 'transfer-encoding': 'chunked', 'connection': 'keep-alive', 'x-content-type-options': 'nosniff', 'age': '40159', 'last-modified': 'Wed, 25 Oct 2023 01:25:04 GMT', 'etag': 'W/""1d407-60880532de9f4""', 'x-xss-protection': '1; mode=block', 'x-frame-options': 'SAMEORIGIN', 'content-encoding': 'gzip', 'set-cookie': 'incap_ses_770_1323850=8f3zcYsvCwtZUJNs8JevCk8LOWUAAAAAnpkwrGT6qbbeeg0v+2sDbA==; path=/; Domain=.digicert.com; Secure; SameSite=None', 'x-incap-sess-cookie-hdr': 'BV/DIAw6/W1rJm9s8JevCk8LOWUAAAAAFjIEcsRqAEa6VfnherTLkg==', 'strict-transport-security': 'max-age=31536000', 'x-cdn': 'Imperva', 'x-iinfo': '3-21953426-21949328 PNNN RT(1698237263067 139) q(0 0 0 -1) r(1 1) U12'}"
8,8,https://www.digicert.com/,0,200,0.24692368507385254,17,17,329,"{'server': 'nginx', 'date': 'Wed, 25 Oct 2023 12:34:32 GMT', 'content-type': 'text/html;charset=utf-8', 'transfer-encoding': 'chunked', 'connection': 'keep-alive', 'x-content-type-options': 'nosniff', 'age': '40168', 'last-modified': 'Wed, 25 Oct 2023 01:25:04 GMT', 'etag': 'W/""1d407-60880532de9f4""', 'x-xss-protection': '1; mode=block', 'x-frame-options': 'SAMEORIGIN', 'content-encoding': 'gzip', 'set-cookie': 'incap_ses_770_1323850=XlisV5HKE16SZZNs8JevClgLOWUAAAAAoMrIels01gRpoIPvqtkPQw==; path=/; Domain=.digicert.com; Secure; SameSite=None', 'x-incap-sess-cookie-hdr': 'BkJjGJF6vhRrJm9s8JevClgLOWUAAAAAYlwHYhL4sjUPkc7sYfkvEQ==', 'strict-transport-security': 'max-age=31536000', 'x-cdn': 'Imperva', 'x-iinfo': '11-44390538-44385623 PNNN RT(1698237272471 265) q(0 0 0 -1) r(1 1) U12'}"
9,9,https://www.digicert.com/,0,200,0.32885074615478516,17,17,329,"{'server': 'nginx', 'date': 'Wed, 25 Oct 2023 12:34:42 GMT', 'content-type': 'text/html;charset=utf-8', 'transfer-encoding': 'chunked', 'connection': 'keep-alive', 'x-content-type-options': 'nosniff', 'age': '40177', 'last-modified': 'Wed, 25 Oct 2023 01:25:05 GMT', 'etag': 'W/""1d407-60880534175f3""', 'x-xss-protection': '1; mode=block', 'x-frame-options': 'SAMEORIGIN', 'content-encoding': 'gzip', 'set-cookie': 'incap_ses_770_1323850=cApsBnykkBuEeZNs8JevCmILOWUAAAAATkY54sX3qS0umOHBOXo6iA==; path=/; Domain=.digicert.com; Secure; SameSite=None', 'x-incap-sess-cookie-hdr': 'LI3TA1qYUhZrJm9s8JevCmILOWUAAAAAIPNdOek76zQNKgfgZf27UA==', 'strict-transport-security': 'max-age=31536000', 'x-cdn': 'Imperva', 'x-iinfo': '10-37211868-37199760 PNNN RT(1698237282251 103) q(0 0 0 -1) r(2 3) U12'}"
