,Attempt No.,uri,Deviation Count,Status Code,Response_Time,response_header_count,response_header_length,response_body_length,response_header_fields
0,0,https://marketingplatform.google.com/about/enterprise/,0,200,0.045639991760253906,17,17,474,"{'accept-ranges': 'bytes', 'vary': 'Accept-Encoding', 'content-encoding': 'br', 'content-type': 'text/html', 'content-security-policy-report-only': ""require-trusted-types-for 'script'; report-uri https://csp.withgoogle.com/csp/uxe-owners-acl/marketing_platform"", 'cross-origin-resource-policy': 'cross-origin', 'cross-origin-opener-policy-report-only': 'same-origin; report-to=""uxe-owners-acl/marketing_platform""', 'report-to': '{""group"":""uxe-owners-acl/marketing_platform"",""max_age"":2592000,""endpoints"":[{""url"":""https://csp.withgoogle.com/csp/report-to/uxe-owners-acl/marketing_platform""}]}', 'content-length': '18738', 'date': 'Wed, 25 Oct 2023 12:33:17 GMT', 'expires': 'Wed, 25 Oct 2023 12:33:17 GMT', 'cache-control': 'private, max-age=3000', 'last-modified': 'Tue, 26 Sep 2023 07:08:00 GMT', 'x-content-type-options': 'nosniff', 'server': 'sffe', 'x-xss-protection': '0', 'alt-svc': 'h3="":443""; ma=2592000,h3-29="":443""; ma=2592000'}"
1,1,https://marketingplatform.google.com/about/enterprise/,0,200,0.0403285026550293,17,17,474,"{'accept-ranges': 'bytes', 'vary': 'Accept-Encoding', 'content-encoding': 'br', 'content-type': 'text/html', 'content-security-policy-report-only': ""require-trusted-types-for 'script'; report-uri https://csp.withgoogle.com/csp/uxe-owners-acl/marketing_platform"", 'cross-origin-resource-policy': 'cross-origin', 'cross-origin-opener-policy-report-only': 'same-origin; report-to=""uxe-owners-acl/marketing_platform""', 'report-to': '{""group"":""uxe-owners-acl/marketing_platform"",""max_age"":2592000,""endpoints"":[{""url"":""https://csp.withgoogle.com/csp/report-to/uxe-owners-acl/marketing_platform""}]}', 'content-length': '18738', 'date': 'Wed, 25 Oct 2023 12:33:26 GMT', 'expires': 'Wed, 25 Oct 2023 12:33:26 GMT', 'cache-control': 'private, max-age=3000', 'last-modified': 'Tue, 26 Sep 2023 07:08:00 GMT', 'x-content-type-options': 'nosniff', 'server': 'sffe', 'x-xss-protection': '0', 'alt-svc': 'h3="":443""; ma=2592000,h3-29="":443""; ma=2592000'}"
2,2,https://marketingplatform.google.com/about/enterprise/,0,200,0.04341864585876465,17,17,474,"{'accept-ranges': 'bytes', 'vary': 'Accept-Encoding', 'content-encoding': 'br', 'content-type': 'text/html', 'content-security-policy-report-only': ""require-trusted-types-for 'script'; report-uri https://csp.withgoogle.com/csp/uxe-owners-acl/marketing_platform"", 'cross-origin-resource-policy': 'cross-origin', 'cross-origin-opener-policy-report-only': 'same-origin; report-to=""uxe-owners-acl/marketing_platform""', 'report-to': '{""group"":""uxe-owners-acl/marketing_platform"",""max_age"":2592000,""endpoints"":[{""url"":""https://csp.withgoogle.com/csp/report-to/uxe-owners-acl/marketing_platform""}]}', 'content-length': '18738', 'date': 'Wed, 25 Oct 2023 12:33:36 GMT', 'expires': 'Wed, 25 Oct 2023 12:33:36 GMT', 'cache-control': 'private, max-age=3000', 'last-modified': 'Tue, 26 Sep 2023 07:08:00 GMT', 'x-content-type-options': 'nosniff', 'server': 'sffe', 'x-xss-protection': '0', 'alt-svc': 'h3="":443""; ma=2592000,h3-29="":443""; ma=2592000'}"
3,3,https://marketingplatform.google.com/about/enterprise/,0,200,0.061543941497802734,17,17,474,"{'accept-ranges': 'bytes', 'vary': 'Accept-Encoding', 'content-encoding': 'br', 'content-type': 'text/html', 'content-security-policy-report-only': ""require-trusted-types-for 'script'; report-uri https://csp.withgoogle.com/csp/uxe-owners-acl/marketing_platform"", 'cross-origin-resource-policy': 'cross-origin', 'cross-origin-opener-policy-report-only': 'same-origin; report-to=""uxe-owners-acl/marketing_platform""', 'report-to': '{""group"":""uxe-owners-acl/marketing_platform"",""max_age"":2592000,""endpoints"":[{""url"":""https://csp.withgoogle.com/csp/report-to/uxe-owners-acl/marketing_platform""}]}', 'content-length': '18738', 'date': 'Wed, 25 Oct 2023 12:33:45 GMT', 'expires': 'Wed, 25 Oct 2023 12:33:45 GMT', 'cache-control': 'private, max-age=3000', 'last-modified': 'Tue, 26 Sep 2023 07:08:00 GMT', 'x-content-type-options': 'nosniff', 'server': 'sffe', 'x-xss-protection': '0', 'alt-svc': 'h3="":443""; ma=2592000,h3-29="":443""; ma=2592000'}"
4,4,https://marketingplatform.google.com/about/enterprise/,0,200,0.04127621650695801,17,17,474,"{'accept-ranges': 'bytes', 'vary': 'Accept-Encoding', 'content-encoding': 'br', 'content-type': 'text/html', 'content-security-policy-report-only': ""require-trusted-types-for 'script'; report-uri https://csp.withgoogle.com/csp/uxe-owners-acl/marketing_platform"", 'cross-origin-resource-policy': 'cross-origin', 'cross-origin-opener-policy-report-only': 'same-origin; report-to=""uxe-owners-acl/marketing_platform""', 'report-to': '{""group"":""uxe-owners-acl/marketing_platform"",""max_age"":2592000,""endpoints"":[{""url"":""https://csp.withgoogle.com/csp/report-to/uxe-owners-acl/marketing_platform""}]}', 'content-length': '18738', 'date': 'Wed, 25 Oct 2023 12:33:55 GMT', 'expires': 'Wed, 25 Oct 2023 12:33:55 GMT', 'cache-control': 'private, max-age=3000', 'last-modified': 'Tue, 26 Sep 2023 07:08:00 GMT', 'x-content-type-options': 'nosniff', 'server': 'sffe', 'x-xss-protection': '0', 'alt-svc': 'h3="":443""; ma=2592000,h3-29="":443""; ma=2592000'}"
5,5,https://marketingplatform.google.com/about/enterprise/,0,200,0.05628633499145508,17,17,474,"{'accept-ranges': 'bytes', 'vary': 'Accept-Encoding', 'content-encoding': 'br', 'content-type': 'text/html', 'content-security-policy-report-only': ""require-trusted-types-for 'script'; report-uri https://csp.withgoogle.com/csp/uxe-owners-acl/marketing_platform"", 'cross-origin-resource-policy': 'cross-origin', 'cross-origin-opener-policy-report-only': 'same-origin; report-to=""uxe-owners-acl/marketing_platform""', 'report-to': '{""group"":""uxe-owners-acl/marketing_platform"",""max_age"":2592000,""endpoints"":[{""url"":""https://csp.withgoogle.com/csp/report-to/uxe-owners-acl/marketing_platform""}]}', 'content-length': '18738', 'date': 'Wed, 25 Oct 2023 12:34:05 GMT', 'expires': 'Wed, 25 Oct 2023 12:34:05 GMT', 'cache-control': 'private, max-age=3000', 'last-modified': 'Tue, 26 Sep 2023 07:08:00 GMT', 'x-content-type-options': 'nosniff', 'server': 'sffe', 'x-xss-protection': '0', 'alt-svc': 'h3="":443""; ma=2592000,h3-29="":443""; ma=2592000'}"
6,6,https://marketingplatform.google.com/about/enterprise/,0,200,0.03995037078857422,17,17,474,"{'accept-ranges': 'bytes', 'vary': 'Accept-Encoding', 'content-encoding': 'br', 'content-type': 'text/html', 'content-security-policy-report-only': ""require-trusted-types-for 'script'; report-uri https://csp.withgoogle.com/csp/uxe-owners-acl/marketing_platform"", 'cross-origin-resource-policy': 'cross-origin', 'cross-origin-opener-policy-report-only': 'same-origin; report-to=""uxe-owners-acl/marketing_platform""', 'report-to': '{""group"":""uxe-owners-acl/marketing_platform"",""max_age"":2592000,""endpoints"":[{""url"":""https://csp.withgoogle.com/csp/report-to/uxe-owners-acl/marketing_platform""}]}', 'content-length': '18738', 'date': 'Wed, 25 Oct 2023 12:34:14 GMT', 'expires': 'Wed, 25 Oct 2023 12:34:14 GMT', 'cache-control': 'private, max-age=3000', 'last-modified': 'Tue, 26 Sep 2023 07:08:00 GMT', 'x-content-type-options': 'nosniff', 'server': 'sffe', 'x-xss-protection': '0', 'alt-svc': 'h3="":443""; ma=2592000,h3-29="":443""; ma=2592000'}"
7,7,https://marketingplatform.google.com/about/enterprise/,0,200,0.03981423377990723,17,17,474,"{'accept-ranges': 'bytes', 'vary': 'Accept-Encoding', 'content-encoding': 'br', 'content-type': 'text/html', 'content-security-policy-report-only': ""require-trusted-types-for 'script'; report-uri https://csp.withgoogle.com/csp/uxe-owners-acl/marketing_platform"", 'cross-origin-resource-policy': 'cross-origin', 'cross-origin-opener-policy-report-only': 'same-origin; report-to=""uxe-owners-acl/marketing_platform""', 'report-to': '{""group"":""uxe-owners-acl/marketing_platform"",""max_age"":2592000,""endpoints"":[{""url"":""https://csp.withgoogle.com/csp/report-to/uxe-owners-acl/marketing_platform""}]}', 'content-length': '18738', 'date': 'Wed, 25 Oct 2023 12:34:24 GMT', 'expires': 'Wed, 25 Oct 2023 12:34:24 GMT', 'cache-control': 'private, max-age=3000', 'last-modified': 'Tue, 26 Sep 2023 07:08:00 GMT', 'x-content-type-options': 'nosniff', 'server': 'sffe', 'x-xss-protection': '0', 'alt-svc': 'h3="":443""; ma=2592000,h3-29="":443""; ma=2592000'}"
8,8,https://marketingplatform.google.com/about/enterprise/,0,200,0.05164694786071777,17,17,474,"{'accept-ranges': 'bytes', 'vary': 'Accept-Encoding', 'content-encoding': 'br', 'content-type': 'text/html', 'content-security-policy-report-only': ""require-trusted-types-for 'script'; report-uri https://csp.withgoogle.com/csp/uxe-owners-acl/marketing_platform"", 'cross-origin-resource-policy': 'cross-origin', 'cross-origin-opener-policy-report-only': 'same-origin; report-to=""uxe-owners-acl/marketing_platform""', 'report-to': '{""group"":""uxe-owners-acl/marketing_platform"",""max_age"":2592000,""endpoints"":[{""url"":""https://csp.withgoogle.com/csp/report-to/uxe-owners-acl/marketing_platform""}]}', 'content-length': '18738', 'date': 'Wed, 25 Oct 2023 12:34:34 GMT', 'expires': 'Wed, 25 Oct 2023 12:34:34 GMT', 'cache-control': 'private, max-age=3000', 'last-modified': 'Tue, 26 Sep 2023 07:08:00 GMT', 'x-content-type-options': 'nosniff', 'server': 'sffe', 'x-xss-protection': '0', 'alt-svc': 'h3="":443""; ma=2592000,h3-29="":443""; ma=2592000'}"
9,9,https://marketingplatform.google.com/about/enterprise/,0,200,0.04821515083312988,17,17,474,"{'accept-ranges': 'bytes', 'vary': 'Accept-Encoding', 'content-encoding': 'br', 'content-type': 'text/html', 'content-security-policy-report-only': ""require-trusted-types-for 'script'; report-uri https://csp.withgoogle.com/csp/uxe-owners-acl/marketing_platform"", 'cross-origin-resource-policy': 'cross-origin', 'cross-origin-opener-policy-report-only': 'same-origin; report-to=""uxe-owners-acl/marketing_platform""', 'report-to': '{""group"":""uxe-owners-acl/marketing_platform"",""max_age"":2592000,""endpoints"":[{""url"":""https://csp.withgoogle.com/csp/report-to/uxe-owners-acl/marketing_platform""}]}', 'content-length': '18738', 'date': 'Wed, 25 Oct 2023 12:34:43 GMT', 'expires': 'Wed, 25 Oct 2023 12:34:43 GMT', 'cache-control': 'private, max-age=3000', 'last-modified': 'Tue, 26 Sep 2023 07:08:00 GMT', 'x-content-type-options': 'nosniff', 'server': 'sffe', 'x-xss-protection': '0', 'alt-svc': 'h3="":443""; ma=2592000,h3-29="":443""; ma=2592000'}"
