number,request,deviation_count,uri,request_length,http_version,Socket_Connect_Time,Socket_Close_Time,Response_Time,status_code,reason_phrase,error_message,response_header_count,response_header_length,response_body_length,response_header_fields
0,"GET https://marketingplatform.google.com/about/enterprise/ HTTP/1.1
Host: marketingplatform.google.com
User-Agent: Mozilla/5.0 (Windows NT 10.0; rv:102.0) Gecko/20100101 Firefox/102.0
Accept: text/html,application/xhtml+xml,application/xml;q=0.9,image/avif,image/webp,*/*;q=0.8
Accept-Encoding: gzip, deflate, br
Accept-Language: en-US,en;q=0.5
DNT: 1
Connection: keep-alive
Upgrade-Insecure-Requests: 1
Sec-Fetch-Dest: document
Sec-Fetch-Mode: navigate
Sec-Fetch-Site: cross-site

",0,https://marketingplatform.google.com/about/enterprise/,495,HTTP/1.1,0.17672514915466309,0.15302014350891113,0.045639991760253906,200,OK,[''],17,17,474,"{""accept-ranges"": ""bytes"", ""vary"": ""Accept-Encoding"", ""content-encoding"": ""br"", ""content-type"": ""text/html"", ""content-security-policy-report-only"": ""require-trusted-types-for 'script'; report-uri https://csp.withgoogle.com/csp/uxe-owners-acl/marketing_platform"", ""cross-origin-resource-policy"": ""cross-origin"", ""cross-origin-opener-policy-report-only"": ""same-origin; report-to=\""uxe-owners-acl/marketing_platform\"""", ""report-to"": ""{\""group\"":\""uxe-owners-acl/marketing_platform\"",\""max_age\"":2592000,\""endpoints\"":[{\""url\"":\""https://csp.withgoogle.com/csp/report-to/uxe-owners-acl/marketing_platform\""}]}"", ""content-length"": ""18738"", ""date"": ""Wed, 25 Oct 2023 12:33:17 GMT"", ""expires"": ""Wed, 25 Oct 2023 12:33:17 GMT"", ""cache-control"": ""private, max-age=3000"", ""last-modified"": ""Tue, 26 Sep 2023 07:08:00 GMT"", ""x-content-type-options"": ""nosniff"", ""server"": ""sffe"", ""x-xss-protection"": ""0"", ""alt-svc"": ""h3=\"":443\""; ma=2592000,h3-29=\"":443\""; ma=2592000""}"
1,"GET https://marketingplatform.google.com/about/enterprise/ HTTP/1.1
Host: marketingplatform.google.com
User-Agent: Mozilla/5.0 (Windows NT 10.0; rv:102.0) Gecko/20100101 Firefox/102.0
Accept: text/html,application/xhtml+xml,application/xml;q=0.9,image/avif,image/webp,*/*;q=0.8
Accept-Encoding: gzip, deflate, br
Accept-Language: en-US,en;q=0.5
DNT: 1
Connection: keep-alive
Upgrade-Insecure-Requests: 1
Sec-Fetch-Dest: document
Sec-Fetch-Mode: navigate
Sec-Fetch-Site: cross-site

",0,https://marketingplatform.google.com/about/enterprise/,495,HTTP/1.1,0.13251638412475586,0.11724066734313965,0.0403285026550293,200,OK,[''],17,17,474,"{""accept-ranges"": ""bytes"", ""vary"": ""Accept-Encoding"", ""content-encoding"": ""br"", ""content-type"": ""text/html"", ""content-security-policy-report-only"": ""require-trusted-types-for 'script'; report-uri https://csp.withgoogle.com/csp/uxe-owners-acl/marketing_platform"", ""cross-origin-resource-policy"": ""cross-origin"", ""cross-origin-opener-policy-report-only"": ""same-origin; report-to=\""uxe-owners-acl/marketing_platform\"""", ""report-to"": ""{\""group\"":\""uxe-owners-acl/marketing_platform\"",\""max_age\"":2592000,\""endpoints\"":[{\""url\"":\""https://csp.withgoogle.com/csp/report-to/uxe-owners-acl/marketing_platform\""}]}"", ""content-length"": ""18738"", ""date"": ""Wed, 25 Oct 2023 12:33:26 GMT"", ""expires"": ""Wed, 25 Oct 2023 12:33:26 GMT"", ""cache-control"": ""private, max-age=3000"", ""last-modified"": ""Tue, 26 Sep 2023 07:08:00 GMT"", ""x-content-type-options"": ""nosniff"", ""server"": ""sffe"", ""x-xss-protection"": ""0"", ""alt-svc"": ""h3=\"":443\""; ma=2592000,h3-29=\"":443\""; ma=2592000""}"
2,"GET https://marketingplatform.google.com/about/enterprise/ HTTP/1.1
Host: marketingplatform.google.com
User-Agent: Mozilla/5.0 (Windows NT 10.0; rv:102.0) Gecko/20100101 Firefox/102.0
Accept: text/html,application/xhtml+xml,application/xml;q=0.9,image/avif,image/webp,*/*;q=0.8
Accept-Encoding: gzip, deflate, br
Accept-Language: en-US,en;q=0.5
DNT: 1
Connection: keep-alive
Upgrade-Insecure-Requests: 1
Sec-Fetch-Dest: document
Sec-Fetch-Mode: navigate
Sec-Fetch-Site: cross-site

",0,https://marketingplatform.google.com/about/enterprise/,495,HTTP/1.1,0.13861823081970215,0.1447310447692871,0.04341864585876465,200,OK,[''],17,17,474,"{""accept-ranges"": ""bytes"", ""vary"": ""Accept-Encoding"", ""content-encoding"": ""br"", ""content-type"": ""text/html"", ""content-security-policy-report-only"": ""require-trusted-types-for 'script'; report-uri https://csp.withgoogle.com/csp/uxe-owners-acl/marketing_platform"", ""cross-origin-resource-policy"": ""cross-origin"", ""cross-origin-opener-policy-report-only"": ""same-origin; report-to=\""uxe-owners-acl/marketing_platform\"""", ""report-to"": ""{\""group\"":\""uxe-owners-acl/marketing_platform\"",\""max_age\"":2592000,\""endpoints\"":[{\""url\"":\""https://csp.withgoogle.com/csp/report-to/uxe-owners-acl/marketing_platform\""}]}"", ""content-length"": ""18738"", ""date"": ""Wed, 25 Oct 2023 12:33:36 GMT"", ""expires"": ""Wed, 25 Oct 2023 12:33:36 GMT"", ""cache-control"": ""private, max-age=3000"", ""last-modified"": ""Tue, 26 Sep 2023 07:08:00 GMT"", ""x-content-type-options"": ""nosniff"", ""server"": ""sffe"", ""x-xss-protection"": ""0"", ""alt-svc"": ""h3=\"":443\""; ma=2592000,h3-29=\"":443\""; ma=2592000""}"
3,"GET https://marketingplatform.google.com/about/enterprise/ HTTP/1.1
Host: marketingplatform.google.com
User-Agent: Mozilla/5.0 (Windows NT 10.0; rv:102.0) Gecko/20100101 Firefox/102.0
Accept: text/html,application/xhtml+xml,application/xml;q=0.9,image/avif,image/webp,*/*;q=0.8
Accept-Encoding: gzip, deflate, br
Accept-Language: en-US,en;q=0.5
DNT: 1
Connection: keep-alive
Upgrade-Insecure-Requests: 1
Sec-Fetch-Dest: document
Sec-Fetch-Mode: navigate
Sec-Fetch-Site: cross-site

",0,https://marketingplatform.google.com/about/enterprise/,495,HTTP/1.1,0.21134710311889648,0.11562299728393555,0.061543941497802734,200,OK,[''],17,17,474,"{""accept-ranges"": ""bytes"", ""vary"": ""Accept-Encoding"", ""content-encoding"": ""br"", ""content-type"": ""text/html"", ""content-security-policy-report-only"": ""require-trusted-types-for 'script'; report-uri https://csp.withgoogle.com/csp/uxe-owners-acl/marketing_platform"", ""cross-origin-resource-policy"": ""cross-origin"", ""cross-origin-opener-policy-report-only"": ""same-origin; report-to=\""uxe-owners-acl/marketing_platform\"""", ""report-to"": ""{\""group\"":\""uxe-owners-acl/marketing_platform\"",\""max_age\"":2592000,\""endpoints\"":[{\""url\"":\""https://csp.withgoogle.com/csp/report-to/uxe-owners-acl/marketing_platform\""}]}"", ""content-length"": ""18738"", ""date"": ""Wed, 25 Oct 2023 12:33:45 GMT"", ""expires"": ""Wed, 25 Oct 2023 12:33:45 GMT"", ""cache-control"": ""private, max-age=3000"", ""last-modified"": ""Tue, 26 Sep 2023 07:08:00 GMT"", ""x-content-type-options"": ""nosniff"", ""server"": ""sffe"", ""x-xss-protection"": ""0"", ""alt-svc"": ""h3=\"":443\""; ma=2592000,h3-29=\"":443\""; ma=2592000""}"
4,"GET https://marketingplatform.google.com/about/enterprise/ HTTP/1.1
Host: marketingplatform.google.com
User-Agent: Mozilla/5.0 (Windows NT 10.0; rv:102.0) Gecko/20100101 Firefox/102.0
Accept: text/html,application/xhtml+xml,application/xml;q=0.9,image/avif,image/webp,*/*;q=0.8
Accept-Encoding: gzip, deflate, br
Accept-Language: en-US,en;q=0.5
DNT: 1
Connection: keep-alive
Upgrade-Insecure-Requests: 1
Sec-Fetch-Dest: document
Sec-Fetch-Mode: navigate
Sec-Fetch-Site: cross-site

",0,https://marketingplatform.google.com/about/enterprise/,495,HTTP/1.1,0.12485599517822266,0.12108850479125977,0.04127621650695801,200,OK,[''],17,17,474,"{""accept-ranges"": ""bytes"", ""vary"": ""Accept-Encoding"", ""content-encoding"": ""br"", ""content-type"": ""text/html"", ""content-security-policy-report-only"": ""require-trusted-types-for 'script'; report-uri https://csp.withgoogle.com/csp/uxe-owners-acl/marketing_platform"", ""cross-origin-resource-policy"": ""cross-origin"", ""cross-origin-opener-policy-report-only"": ""same-origin; report-to=\""uxe-owners-acl/marketing_platform\"""", ""report-to"": ""{\""group\"":\""uxe-owners-acl/marketing_platform\"",\""max_age\"":2592000,\""endpoints\"":[{\""url\"":\""https://csp.withgoogle.com/csp/report-to/uxe-owners-acl/marketing_platform\""}]}"", ""content-length"": ""18738"", ""date"": ""Wed, 25 Oct 2023 12:33:55 GMT"", ""expires"": ""Wed, 25 Oct 2023 12:33:55 GMT"", ""cache-control"": ""private, max-age=3000"", ""last-modified"": ""Tue, 26 Sep 2023 07:08:00 GMT"", ""x-content-type-options"": ""nosniff"", ""server"": ""sffe"", ""x-xss-protection"": ""0"", ""alt-svc"": ""h3=\"":443\""; ma=2592000,h3-29=\"":443\""; ma=2592000""}"
5,"GET https://marketingplatform.google.com/about/enterprise/ HTTP/1.1
Host: marketingplatform.google.com
User-Agent: Mozilla/5.0 (Windows NT 10.0; rv:102.0) Gecko/20100101 Firefox/102.0
Accept: text/html,application/xhtml+xml,application/xml;q=0.9,image/avif,image/webp,*/*;q=0.8
Accept-Encoding: gzip, deflate, br
Accept-Language: en-US,en;q=0.5
DNT: 1
Connection: keep-alive
Upgrade-Insecure-Requests: 1
Sec-Fetch-Dest: document
Sec-Fetch-Mode: navigate
Sec-Fetch-Site: cross-site

",0,https://marketingplatform.google.com/about/enterprise/,495,HTTP/1.1,0.2191765308380127,0.10614657402038574,0.05628633499145508,200,OK,[''],17,17,474,"{""accept-ranges"": ""bytes"", ""vary"": ""Accept-Encoding"", ""content-encoding"": ""br"", ""content-type"": ""text/html"", ""content-security-policy-report-only"": ""require-trusted-types-for 'script'; report-uri https://csp.withgoogle.com/csp/uxe-owners-acl/marketing_platform"", ""cross-origin-resource-policy"": ""cross-origin"", ""cross-origin-opener-policy-report-only"": ""same-origin; report-to=\""uxe-owners-acl/marketing_platform\"""", ""report-to"": ""{\""group\"":\""uxe-owners-acl/marketing_platform\"",\""max_age\"":2592000,\""endpoints\"":[{\""url\"":\""https://csp.withgoogle.com/csp/report-to/uxe-owners-acl/marketing_platform\""}]}"", ""content-length"": ""18738"", ""date"": ""Wed, 25 Oct 2023 12:34:05 GMT"", ""expires"": ""Wed, 25 Oct 2023 12:34:05 GMT"", ""cache-control"": ""private, max-age=3000"", ""last-modified"": ""Tue, 26 Sep 2023 07:08:00 GMT"", ""x-content-type-options"": ""nosniff"", ""server"": ""sffe"", ""x-xss-protection"": ""0"", ""alt-svc"": ""h3=\"":443\""; ma=2592000,h3-29=\"":443\""; ma=2592000""}"
6,"GET https://marketingplatform.google.com/about/enterprise/ HTTP/1.1
Host: marketingplatform.google.com
User-Agent: Mozilla/5.0 (Windows NT 10.0; rv:102.0) Gecko/20100101 Firefox/102.0
Accept: text/html,application/xhtml+xml,application/xml;q=0.9,image/avif,image/webp,*/*;q=0.8
Accept-Encoding: gzip, deflate, br
Accept-Language: en-US,en;q=0.5
DNT: 1
Connection: keep-alive
Upgrade-Insecure-Requests: 1
Sec-Fetch-Dest: document
Sec-Fetch-Mode: navigate
Sec-Fetch-Site: cross-site

",0,https://marketingplatform.google.com/about/enterprise/,495,HTTP/1.1,0.1889190673828125,0.10987067222595215,0.03995037078857422,200,OK,[''],17,17,474,"{""accept-ranges"": ""bytes"", ""vary"": ""Accept-Encoding"", ""content-encoding"": ""br"", ""content-type"": ""text/html"", ""content-security-policy-report-only"": ""require-trusted-types-for 'script'; report-uri https://csp.withgoogle.com/csp/uxe-owners-acl/marketing_platform"", ""cross-origin-resource-policy"": ""cross-origin"", ""cross-origin-opener-policy-report-only"": ""same-origin; report-to=\""uxe-owners-acl/marketing_platform\"""", ""report-to"": ""{\""group\"":\""uxe-owners-acl/marketing_platform\"",\""max_age\"":2592000,\""endpoints\"":[{\""url\"":\""https://csp.withgoogle.com/csp/report-to/uxe-owners-acl/marketing_platform\""}]}"", ""content-length"": ""18738"", ""date"": ""Wed, 25 Oct 2023 12:34:14 GMT"", ""expires"": ""Wed, 25 Oct 2023 12:34:14 GMT"", ""cache-control"": ""private, max-age=3000"", ""last-modified"": ""Tue, 26 Sep 2023 07:08:00 GMT"", ""x-content-type-options"": ""nosniff"", ""server"": ""sffe"", ""x-xss-protection"": ""0"", ""alt-svc"": ""h3=\"":443\""; ma=2592000,h3-29=\"":443\""; ma=2592000""}"
7,"GET https://marketingplatform.google.com/about/enterprise/ HTTP/1.1
Host: marketingplatform.google.com
User-Agent: Mozilla/5.0 (Windows NT 10.0; rv:102.0) Gecko/20100101 Firefox/102.0
Accept: text/html,application/xhtml+xml,application/xml;q=0.9,image/avif,image/webp,*/*;q=0.8
Accept-Encoding: gzip, deflate, br
Accept-Language: en-US,en;q=0.5
DNT: 1
Connection: keep-alive
Upgrade-Insecure-Requests: 1
Sec-Fetch-Dest: document
Sec-Fetch-Mode: navigate
Sec-Fetch-Site: cross-site

",0,https://marketingplatform.google.com/about/enterprise/,495,HTTP/1.1,0.123046875,0.10819435119628906,0.03981423377990723,200,OK,[''],17,17,474,"{""accept-ranges"": ""bytes"", ""vary"": ""Accept-Encoding"", ""content-encoding"": ""br"", ""content-type"": ""text/html"", ""content-security-policy-report-only"": ""require-trusted-types-for 'script'; report-uri https://csp.withgoogle.com/csp/uxe-owners-acl/marketing_platform"", ""cross-origin-resource-policy"": ""cross-origin"", ""cross-origin-opener-policy-report-only"": ""same-origin; report-to=\""uxe-owners-acl/marketing_platform\"""", ""report-to"": ""{\""group\"":\""uxe-owners-acl/marketing_platform\"",\""max_age\"":2592000,\""endpoints\"":[{\""url\"":\""https://csp.withgoogle.com/csp/report-to/uxe-owners-acl/marketing_platform\""}]}"", ""content-length"": ""18738"", ""date"": ""Wed, 25 Oct 2023 12:34:24 GMT"", ""expires"": ""Wed, 25 Oct 2023 12:34:24 GMT"", ""cache-control"": ""private, max-age=3000"", ""last-modified"": ""Tue, 26 Sep 2023 07:08:00 GMT"", ""x-content-type-options"": ""nosniff"", ""server"": ""sffe"", ""x-xss-protection"": ""0"", ""alt-svc"": ""h3=\"":443\""; ma=2592000,h3-29=\"":443\""; ma=2592000""}"
8,"GET https://marketingplatform.google.com/about/enterprise/ HTTP/1.1
Host: marketingplatform.google.com
User-Agent: Mozilla/5.0 (Windows NT 10.0; rv:102.0) Gecko/20100101 Firefox/102.0
Accept: text/html,application/xhtml+xml,application/xml;q=0.9,image/avif,image/webp,*/*;q=0.8
Accept-Encoding: gzip, deflate, br
Accept-Language: en-US,en;q=0.5
DNT: 1
Connection: keep-alive
Upgrade-Insecure-Requests: 1
Sec-Fetch-Dest: document
Sec-Fetch-Mode: navigate
Sec-Fetch-Site: cross-site

",0,https://marketingplatform.google.com/about/enterprise/,495,HTTP/1.1,0.26782679557800293,0.1397261619567871,0.05164694786071777,200,OK,[''],17,17,474,"{""accept-ranges"": ""bytes"", ""vary"": ""Accept-Encoding"", ""content-encoding"": ""br"", ""content-type"": ""text/html"", ""content-security-policy-report-only"": ""require-trusted-types-for 'script'; report-uri https://csp.withgoogle.com/csp/uxe-owners-acl/marketing_platform"", ""cross-origin-resource-policy"": ""cross-origin"", ""cross-origin-opener-policy-report-only"": ""same-origin; report-to=\""uxe-owners-acl/marketing_platform\"""", ""report-to"": ""{\""group\"":\""uxe-owners-acl/marketing_platform\"",\""max_age\"":2592000,\""endpoints\"":[{\""url\"":\""https://csp.withgoogle.com/csp/report-to/uxe-owners-acl/marketing_platform\""}]}"", ""content-length"": ""18738"", ""date"": ""Wed, 25 Oct 2023 12:34:34 GMT"", ""expires"": ""Wed, 25 Oct 2023 12:34:34 GMT"", ""cache-control"": ""private, max-age=3000"", ""last-modified"": ""Tue, 26 Sep 2023 07:08:00 GMT"", ""x-content-type-options"": ""nosniff"", ""server"": ""sffe"", ""x-xss-protection"": ""0"", ""alt-svc"": ""h3=\"":443\""; ma=2592000,h3-29=\"":443\""; ma=2592000""}"
9,"GET https://marketingplatform.google.com/about/enterprise/ HTTP/1.1
Host: marketingplatform.google.com
User-Agent: Mozilla/5.0 (Windows NT 10.0; rv:102.0) Gecko/20100101 Firefox/102.0
Accept: text/html,application/xhtml+xml,application/xml;q=0.9,image/avif,image/webp,*/*;q=0.8
Accept-Encoding: gzip, deflate, br
Accept-Language: en-US,en;q=0.5
DNT: 1
Connection: keep-alive
Upgrade-Insecure-Requests: 1
Sec-Fetch-Dest: document
Sec-Fetch-Mode: navigate
Sec-Fetch-Site: cross-site

",0,https://marketingplatform.google.com/about/enterprise/,495,HTTP/1.1,0.17422175407409668,0.11451983451843262,0.04821515083312988,200,OK,[''],17,17,474,"{""accept-ranges"": ""bytes"", ""vary"": ""Accept-Encoding"", ""content-encoding"": ""br"", ""content-type"": ""text/html"", ""content-security-policy-report-only"": ""require-trusted-types-for 'script'; report-uri https://csp.withgoogle.com/csp/uxe-owners-acl/marketing_platform"", ""cross-origin-resource-policy"": ""cross-origin"", ""cross-origin-opener-policy-report-only"": ""same-origin; report-to=\""uxe-owners-acl/marketing_platform\"""", ""report-to"": ""{\""group\"":\""uxe-owners-acl/marketing_platform\"",\""max_age\"":2592000,\""endpoints\"":[{\""url\"":\""https://csp.withgoogle.com/csp/report-to/uxe-owners-acl/marketing_platform\""}]}"", ""content-length"": ""18738"", ""date"": ""Wed, 25 Oct 2023 12:34:43 GMT"", ""expires"": ""Wed, 25 Oct 2023 12:34:43 GMT"", ""cache-control"": ""private, max-age=3000"", ""last-modified"": ""Tue, 26 Sep 2023 07:08:00 GMT"", ""x-content-type-options"": ""nosniff"", ""server"": ""sffe"", ""x-xss-protection"": ""0"", ""alt-svc"": ""h3=\"":443\""; ma=2592000,h3-29=\"":443\""; ma=2592000""}"
