[
    {
        "number": 0,
        "request": "GET https://marketingplatform.google.com/about/enterprise/ HTTP/1.1\r\nHost: marketingplatform.google.com\r\nUser-Agent: Mozilla/5.0 (Windows NT 10.0; rv:102.0) Gecko/20100101 Firefox/102.0\r\nAccept: text/html,application/xhtml+xml,application/xml;q=0.9,image/avif,image/webp,*/*;q=0.8\r\nAccept-Encoding: gzip, deflate, br\r\nAccept-Language: en-US,en;q=0.5\r\nDNT: 1\r\nConnection: keep-alive\r\nUpgrade-Insecure-Requests: 1\r\nSec-Fetch-Dest: document\r\nSec-Fetch-Mode: navigate\r\nSec-Fetch-Site: cross-site\r\n\r\n",
        "deviation_count": 0,
        "uri": "https://marketingplatform.google.com/about/enterprise/",
        "request_length": 495,
        "Response_Time": 0.045639991760253906,
        "status_code": 200,
        "reason_phrase": "OK",
        "error_message": [
            ""
        ],
        "response_header_count": 17,
        "response_header_length": 17,
        "response_body_length": 474,
        "response_header_fields": {
            "accept-ranges": "bytes",
            "vary": "Accept-Encoding",
            "content-encoding": "br",
            "content-type": "text/html",
            "content-security-policy-report-only": "require-trusted-types-for 'script'; report-uri https://csp.withgoogle.com/csp/uxe-owners-acl/marketing_platform",
            "cross-origin-resource-policy": "cross-origin",
            "cross-origin-opener-policy-report-only": "same-origin; report-to=\"uxe-owners-acl/marketing_platform\"",
            "report-to": "{\"group\":\"uxe-owners-acl/marketing_platform\",\"max_age\":2592000,\"endpoints\":[{\"url\":\"https://csp.withgoogle.com/csp/report-to/uxe-owners-acl/marketing_platform\"}]}",
            "content-length": "18738",
            "date": "Wed, 25 Oct 2023 12:33:17 GMT",
            "expires": "Wed, 25 Oct 2023 12:33:17 GMT",
            "cache-control": "private, max-age=3000",
            "last-modified": "Tue, 26 Sep 2023 07:08:00 GMT",
            "x-content-type-options": "nosniff",
            "server": "sffe",
            "x-xss-protection": "0",
            "alt-svc": "h3=\":443\"; ma=2592000,h3-29=\":443\"; ma=2592000"
        }
    },
    {
        "number": 1,
        "request": "GET https://marketingplatform.google.com/about/enterprise/ HTTP/1.1\r\nHost: marketingplatform.google.com\r\nUser-Agent: Mozilla/5.0 (Windows NT 10.0; rv:102.0) Gecko/20100101 Firefox/102.0\r\nAccept: text/html,application/xhtml+xml,application/xml;q=0.9,image/avif,image/webp,*/*;q=0.8\r\nAccept-Encoding: gzip, deflate, br\r\nAccept-Language: en-US,en;q=0.5\r\nDNT: 1\r\nConnection: keep-alive\r\nUpgrade-Insecure-Requests: 1\r\nSec-Fetch-Dest: document\r\nSec-Fetch-Mode: navigate\r\nSec-Fetch-Site: cross-site\r\n\r\n",
        "deviation_count": 0,
        "uri": "https://marketingplatform.google.com/about/enterprise/",
        "request_length": 495,
        "Response_Time": 0.0403285026550293,
        "status_code": 200,
        "reason_phrase": "OK",
        "error_message": [
            ""
        ],
        "response_header_count": 17,
        "response_header_length": 17,
        "response_body_length": 474,
        "response_header_fields": {
            "accept-ranges": "bytes",
            "vary": "Accept-Encoding",
            "content-encoding": "br",
            "content-type": "text/html",
            "content-security-policy-report-only": "require-trusted-types-for 'script'; report-uri https://csp.withgoogle.com/csp/uxe-owners-acl/marketing_platform",
            "cross-origin-resource-policy": "cross-origin",
            "cross-origin-opener-policy-report-only": "same-origin; report-to=\"uxe-owners-acl/marketing_platform\"",
            "report-to": "{\"group\":\"uxe-owners-acl/marketing_platform\",\"max_age\":2592000,\"endpoints\":[{\"url\":\"https://csp.withgoogle.com/csp/report-to/uxe-owners-acl/marketing_platform\"}]}",
            "content-length": "18738",
            "date": "Wed, 25 Oct 2023 12:33:26 GMT",
            "expires": "Wed, 25 Oct 2023 12:33:26 GMT",
            "cache-control": "private, max-age=3000",
            "last-modified": "Tue, 26 Sep 2023 07:08:00 GMT",
            "x-content-type-options": "nosniff",
            "server": "sffe",
            "x-xss-protection": "0",
            "alt-svc": "h3=\":443\"; ma=2592000,h3-29=\":443\"; ma=2592000"
        }
    },
    {
        "number": 2,
        "request": "GET https://marketingplatform.google.com/about/enterprise/ HTTP/1.1\r\nHost: marketingplatform.google.com\r\nUser-Agent: Mozilla/5.0 (Windows NT 10.0; rv:102.0) Gecko/20100101 Firefox/102.0\r\nAccept: text/html,application/xhtml+xml,application/xml;q=0.9,image/avif,image/webp,*/*;q=0.8\r\nAccept-Encoding: gzip, deflate, br\r\nAccept-Language: en-US,en;q=0.5\r\nDNT: 1\r\nConnection: keep-alive\r\nUpgrade-Insecure-Requests: 1\r\nSec-Fetch-Dest: document\r\nSec-Fetch-Mode: navigate\r\nSec-Fetch-Site: cross-site\r\n\r\n",
        "deviation_count": 0,
        "uri": "https://marketingplatform.google.com/about/enterprise/",
        "request_length": 495,
        "Response_Time": 0.04341864585876465,
        "status_code": 200,
        "reason_phrase": "OK",
        "error_message": [
            ""
        ],
        "response_header_count": 17,
        "response_header_length": 17,
        "response_body_length": 474,
        "response_header_fields": {
            "accept-ranges": "bytes",
            "vary": "Accept-Encoding",
            "content-encoding": "br",
            "content-type": "text/html",
            "content-security-policy-report-only": "require-trusted-types-for 'script'; report-uri https://csp.withgoogle.com/csp/uxe-owners-acl/marketing_platform",
            "cross-origin-resource-policy": "cross-origin",
            "cross-origin-opener-policy-report-only": "same-origin; report-to=\"uxe-owners-acl/marketing_platform\"",
            "report-to": "{\"group\":\"uxe-owners-acl/marketing_platform\",\"max_age\":2592000,\"endpoints\":[{\"url\":\"https://csp.withgoogle.com/csp/report-to/uxe-owners-acl/marketing_platform\"}]}",
            "content-length": "18738",
            "date": "Wed, 25 Oct 2023 12:33:36 GMT",
            "expires": "Wed, 25 Oct 2023 12:33:36 GMT",
            "cache-control": "private, max-age=3000",
            "last-modified": "Tue, 26 Sep 2023 07:08:00 GMT",
            "x-content-type-options": "nosniff",
            "server": "sffe",
            "x-xss-protection": "0",
            "alt-svc": "h3=\":443\"; ma=2592000,h3-29=\":443\"; ma=2592000"
        }
    },
    {
        "number": 3,
        "request": "GET https://marketingplatform.google.com/about/enterprise/ HTTP/1.1\r\nHost: marketingplatform.google.com\r\nUser-Agent: Mozilla/5.0 (Windows NT 10.0; rv:102.0) Gecko/20100101 Firefox/102.0\r\nAccept: text/html,application/xhtml+xml,application/xml;q=0.9,image/avif,image/webp,*/*;q=0.8\r\nAccept-Encoding: gzip, deflate, br\r\nAccept-Language: en-US,en;q=0.5\r\nDNT: 1\r\nConnection: keep-alive\r\nUpgrade-Insecure-Requests: 1\r\nSec-Fetch-Dest: document\r\nSec-Fetch-Mode: navigate\r\nSec-Fetch-Site: cross-site\r\n\r\n",
        "deviation_count": 0,
        "uri": "https://marketingplatform.google.com/about/enterprise/",
        "request_length": 495,
        "Response_Time": 0.061543941497802734,
        "status_code": 200,
        "reason_phrase": "OK",
        "error_message": [
            ""
        ],
        "response_header_count": 17,
        "response_header_length": 17,
        "response_body_length": 474,
        "response_header_fields": {
            "accept-ranges": "bytes",
            "vary": "Accept-Encoding",
            "content-encoding": "br",
            "content-type": "text/html",
            "content-security-policy-report-only": "require-trusted-types-for 'script'; report-uri https://csp.withgoogle.com/csp/uxe-owners-acl/marketing_platform",
            "cross-origin-resource-policy": "cross-origin",
            "cross-origin-opener-policy-report-only": "same-origin; report-to=\"uxe-owners-acl/marketing_platform\"",
            "report-to": "{\"group\":\"uxe-owners-acl/marketing_platform\",\"max_age\":2592000,\"endpoints\":[{\"url\":\"https://csp.withgoogle.com/csp/report-to/uxe-owners-acl/marketing_platform\"}]}",
            "content-length": "18738",
            "date": "Wed, 25 Oct 2023 12:33:45 GMT",
            "expires": "Wed, 25 Oct 2023 12:33:45 GMT",
            "cache-control": "private, max-age=3000",
            "last-modified": "Tue, 26 Sep 2023 07:08:00 GMT",
            "x-content-type-options": "nosniff",
            "server": "sffe",
            "x-xss-protection": "0",
            "alt-svc": "h3=\":443\"; ma=2592000,h3-29=\":443\"; ma=2592000"
        }
    },
    {
        "number": 4,
        "request": "GET https://marketingplatform.google.com/about/enterprise/ HTTP/1.1\r\nHost: marketingplatform.google.com\r\nUser-Agent: Mozilla/5.0 (Windows NT 10.0; rv:102.0) Gecko/20100101 Firefox/102.0\r\nAccept: text/html,application/xhtml+xml,application/xml;q=0.9,image/avif,image/webp,*/*;q=0.8\r\nAccept-Encoding: gzip, deflate, br\r\nAccept-Language: en-US,en;q=0.5\r\nDNT: 1\r\nConnection: keep-alive\r\nUpgrade-Insecure-Requests: 1\r\nSec-Fetch-Dest: document\r\nSec-Fetch-Mode: navigate\r\nSec-Fetch-Site: cross-site\r\n\r\n",
        "deviation_count": 0,
        "uri": "https://marketingplatform.google.com/about/enterprise/",
        "request_length": 495,
        "Response_Time": 0.04127621650695801,
        "status_code": 200,
        "reason_phrase": "OK",
        "error_message": [
            ""
        ],
        "response_header_count": 17,
        "response_header_length": 17,
        "response_body_length": 474,
        "response_header_fields": {
            "accept-ranges": "bytes",
            "vary": "Accept-Encoding",
            "content-encoding": "br",
            "content-type": "text/html",
            "content-security-policy-report-only": "require-trusted-types-for 'script'; report-uri https://csp.withgoogle.com/csp/uxe-owners-acl/marketing_platform",
            "cross-origin-resource-policy": "cross-origin",
            "cross-origin-opener-policy-report-only": "same-origin; report-to=\"uxe-owners-acl/marketing_platform\"",
            "report-to": "{\"group\":\"uxe-owners-acl/marketing_platform\",\"max_age\":2592000,\"endpoints\":[{\"url\":\"https://csp.withgoogle.com/csp/report-to/uxe-owners-acl/marketing_platform\"}]}",
            "content-length": "18738",
            "date": "Wed, 25 Oct 2023 12:33:55 GMT",
            "expires": "Wed, 25 Oct 2023 12:33:55 GMT",
            "cache-control": "private, max-age=3000",
            "last-modified": "Tue, 26 Sep 2023 07:08:00 GMT",
            "x-content-type-options": "nosniff",
            "server": "sffe",
            "x-xss-protection": "0",
            "alt-svc": "h3=\":443\"; ma=2592000,h3-29=\":443\"; ma=2592000"
        }
    },
    {
        "number": 5,
        "request": "GET https://marketingplatform.google.com/about/enterprise/ HTTP/1.1\r\nHost: marketingplatform.google.com\r\nUser-Agent: Mozilla/5.0 (Windows NT 10.0; rv:102.0) Gecko/20100101 Firefox/102.0\r\nAccept: text/html,application/xhtml+xml,application/xml;q=0.9,image/avif,image/webp,*/*;q=0.8\r\nAccept-Encoding: gzip, deflate, br\r\nAccept-Language: en-US,en;q=0.5\r\nDNT: 1\r\nConnection: keep-alive\r\nUpgrade-Insecure-Requests: 1\r\nSec-Fetch-Dest: document\r\nSec-Fetch-Mode: navigate\r\nSec-Fetch-Site: cross-site\r\n\r\n",
        "deviation_count": 0,
        "uri": "https://marketingplatform.google.com/about/enterprise/",
        "request_length": 495,
        "Response_Time": 0.05628633499145508,
        "status_code": 200,
        "reason_phrase": "OK",
        "error_message": [
            ""
        ],
        "response_header_count": 17,
        "response_header_length": 17,
        "response_body_length": 474,
        "response_header_fields": {
            "accept-ranges": "bytes",
            "vary": "Accept-Encoding",
            "content-encoding": "br",
            "content-type": "text/html",
            "content-security-policy-report-only": "require-trusted-types-for 'script'; report-uri https://csp.withgoogle.com/csp/uxe-owners-acl/marketing_platform",
            "cross-origin-resource-policy": "cross-origin",
            "cross-origin-opener-policy-report-only": "same-origin; report-to=\"uxe-owners-acl/marketing_platform\"",
            "report-to": "{\"group\":\"uxe-owners-acl/marketing_platform\",\"max_age\":2592000,\"endpoints\":[{\"url\":\"https://csp.withgoogle.com/csp/report-to/uxe-owners-acl/marketing_platform\"}]}",
            "content-length": "18738",
            "date": "Wed, 25 Oct 2023 12:34:05 GMT",
            "expires": "Wed, 25 Oct 2023 12:34:05 GMT",
            "cache-control": "private, max-age=3000",
            "last-modified": "Tue, 26 Sep 2023 07:08:00 GMT",
            "x-content-type-options": "nosniff",
            "server": "sffe",
            "x-xss-protection": "0",
            "alt-svc": "h3=\":443\"; ma=2592000,h3-29=\":443\"; ma=2592000"
        }
    },
    {
        "number": 6,
        "request": "GET https://marketingplatform.google.com/about/enterprise/ HTTP/1.1\r\nHost: marketingplatform.google.com\r\nUser-Agent: Mozilla/5.0 (Windows NT 10.0; rv:102.0) Gecko/20100101 Firefox/102.0\r\nAccept: text/html,application/xhtml+xml,application/xml;q=0.9,image/avif,image/webp,*/*;q=0.8\r\nAccept-Encoding: gzip, deflate, br\r\nAccept-Language: en-US,en;q=0.5\r\nDNT: 1\r\nConnection: keep-alive\r\nUpgrade-Insecure-Requests: 1\r\nSec-Fetch-Dest: document\r\nSec-Fetch-Mode: navigate\r\nSec-Fetch-Site: cross-site\r\n\r\n",
        "deviation_count": 0,
        "uri": "https://marketingplatform.google.com/about/enterprise/",
        "request_length": 495,
        "Response_Time": 0.03995037078857422,
        "status_code": 200,
        "reason_phrase": "OK",
        "error_message": [
            ""
        ],
        "response_header_count": 17,
        "response_header_length": 17,
        "response_body_length": 474,
        "response_header_fields": {
            "accept-ranges": "bytes",
            "vary": "Accept-Encoding",
            "content-encoding": "br",
            "content-type": "text/html",
            "content-security-policy-report-only": "require-trusted-types-for 'script'; report-uri https://csp.withgoogle.com/csp/uxe-owners-acl/marketing_platform",
            "cross-origin-resource-policy": "cross-origin",
            "cross-origin-opener-policy-report-only": "same-origin; report-to=\"uxe-owners-acl/marketing_platform\"",
            "report-to": "{\"group\":\"uxe-owners-acl/marketing_platform\",\"max_age\":2592000,\"endpoints\":[{\"url\":\"https://csp.withgoogle.com/csp/report-to/uxe-owners-acl/marketing_platform\"}]}",
            "content-length": "18738",
            "date": "Wed, 25 Oct 2023 12:34:14 GMT",
            "expires": "Wed, 25 Oct 2023 12:34:14 GMT",
            "cache-control": "private, max-age=3000",
            "last-modified": "Tue, 26 Sep 2023 07:08:00 GMT",
            "x-content-type-options": "nosniff",
            "server": "sffe",
            "x-xss-protection": "0",
            "alt-svc": "h3=\":443\"; ma=2592000,h3-29=\":443\"; ma=2592000"
        }
    },
    {
        "number": 7,
        "request": "GET https://marketingplatform.google.com/about/enterprise/ HTTP/1.1\r\nHost: marketingplatform.google.com\r\nUser-Agent: Mozilla/5.0 (Windows NT 10.0; rv:102.0) Gecko/20100101 Firefox/102.0\r\nAccept: text/html,application/xhtml+xml,application/xml;q=0.9,image/avif,image/webp,*/*;q=0.8\r\nAccept-Encoding: gzip, deflate, br\r\nAccept-Language: en-US,en;q=0.5\r\nDNT: 1\r\nConnection: keep-alive\r\nUpgrade-Insecure-Requests: 1\r\nSec-Fetch-Dest: document\r\nSec-Fetch-Mode: navigate\r\nSec-Fetch-Site: cross-site\r\n\r\n",
        "deviation_count": 0,
        "uri": "https://marketingplatform.google.com/about/enterprise/",
        "request_length": 495,
        "Response_Time": 0.03981423377990723,
        "status_code": 200,
        "reason_phrase": "OK",
        "error_message": [
            ""
        ],
        "response_header_count": 17,
        "response_header_length": 17,
        "response_body_length": 474,
        "response_header_fields": {
            "accept-ranges": "bytes",
            "vary": "Accept-Encoding",
            "content-encoding": "br",
            "content-type": "text/html",
            "content-security-policy-report-only": "require-trusted-types-for 'script'; report-uri https://csp.withgoogle.com/csp/uxe-owners-acl/marketing_platform",
            "cross-origin-resource-policy": "cross-origin",
            "cross-origin-opener-policy-report-only": "same-origin; report-to=\"uxe-owners-acl/marketing_platform\"",
            "report-to": "{\"group\":\"uxe-owners-acl/marketing_platform\",\"max_age\":2592000,\"endpoints\":[{\"url\":\"https://csp.withgoogle.com/csp/report-to/uxe-owners-acl/marketing_platform\"}]}",
            "content-length": "18738",
            "date": "Wed, 25 Oct 2023 12:34:24 GMT",
            "expires": "Wed, 25 Oct 2023 12:34:24 GMT",
            "cache-control": "private, max-age=3000",
            "last-modified": "Tue, 26 Sep 2023 07:08:00 GMT",
            "x-content-type-options": "nosniff",
            "server": "sffe",
            "x-xss-protection": "0",
            "alt-svc": "h3=\":443\"; ma=2592000,h3-29=\":443\"; ma=2592000"
        }
    },
    {
        "number": 8,
        "request": "GET https://marketingplatform.google.com/about/enterprise/ HTTP/1.1\r\nHost: marketingplatform.google.com\r\nUser-Agent: Mozilla/5.0 (Windows NT 10.0; rv:102.0) Gecko/20100101 Firefox/102.0\r\nAccept: text/html,application/xhtml+xml,application/xml;q=0.9,image/avif,image/webp,*/*;q=0.8\r\nAccept-Encoding: gzip, deflate, br\r\nAccept-Language: en-US,en;q=0.5\r\nDNT: 1\r\nConnection: keep-alive\r\nUpgrade-Insecure-Requests: 1\r\nSec-Fetch-Dest: document\r\nSec-Fetch-Mode: navigate\r\nSec-Fetch-Site: cross-site\r\n\r\n",
        "deviation_count": 0,
        "uri": "https://marketingplatform.google.com/about/enterprise/",
        "request_length": 495,
        "Response_Time": 0.05164694786071777,
        "status_code": 200,
        "reason_phrase": "OK",
        "error_message": [
            ""
        ],
        "response_header_count": 17,
        "response_header_length": 17,
        "response_body_length": 474,
        "response_header_fields": {
            "accept-ranges": "bytes",
            "vary": "Accept-Encoding",
            "content-encoding": "br",
            "content-type": "text/html",
            "content-security-policy-report-only": "require-trusted-types-for 'script'; report-uri https://csp.withgoogle.com/csp/uxe-owners-acl/marketing_platform",
            "cross-origin-resource-policy": "cross-origin",
            "cross-origin-opener-policy-report-only": "same-origin; report-to=\"uxe-owners-acl/marketing_platform\"",
            "report-to": "{\"group\":\"uxe-owners-acl/marketing_platform\",\"max_age\":2592000,\"endpoints\":[{\"url\":\"https://csp.withgoogle.com/csp/report-to/uxe-owners-acl/marketing_platform\"}]}",
            "content-length": "18738",
            "date": "Wed, 25 Oct 2023 12:34:34 GMT",
            "expires": "Wed, 25 Oct 2023 12:34:34 GMT",
            "cache-control": "private, max-age=3000",
            "last-modified": "Tue, 26 Sep 2023 07:08:00 GMT",
            "x-content-type-options": "nosniff",
            "server": "sffe",
            "x-xss-protection": "0",
            "alt-svc": "h3=\":443\"; ma=2592000,h3-29=\":443\"; ma=2592000"
        }
    },
    {
        "number": 9,
        "request": "GET https://marketingplatform.google.com/about/enterprise/ HTTP/1.1\r\nHost: marketingplatform.google.com\r\nUser-Agent: Mozilla/5.0 (Windows NT 10.0; rv:102.0) Gecko/20100101 Firefox/102.0\r\nAccept: text/html,application/xhtml+xml,application/xml;q=0.9,image/avif,image/webp,*/*;q=0.8\r\nAccept-Encoding: gzip, deflate, br\r\nAccept-Language: en-US,en;q=0.5\r\nDNT: 1\r\nConnection: keep-alive\r\nUpgrade-Insecure-Requests: 1\r\nSec-Fetch-Dest: document\r\nSec-Fetch-Mode: navigate\r\nSec-Fetch-Site: cross-site\r\n\r\n",
        "deviation_count": 0,
        "uri": "https://marketingplatform.google.com/about/enterprise/",
        "request_length": 495,
        "Response_Time": 0.04821515083312988,
        "status_code": 200,
        "reason_phrase": "OK",
        "error_message": [
            ""
        ],
        "response_header_count": 17,
        "response_header_length": 17,
        "response_body_length": 474,
        "response_header_fields": {
            "accept-ranges": "bytes",
            "vary": "Accept-Encoding",
            "content-encoding": "br",
            "content-type": "text/html",
            "content-security-policy-report-only": "require-trusted-types-for 'script'; report-uri https://csp.withgoogle.com/csp/uxe-owners-acl/marketing_platform",
            "cross-origin-resource-policy": "cross-origin",
            "cross-origin-opener-policy-report-only": "same-origin; report-to=\"uxe-owners-acl/marketing_platform\"",
            "report-to": "{\"group\":\"uxe-owners-acl/marketing_platform\",\"max_age\":2592000,\"endpoints\":[{\"url\":\"https://csp.withgoogle.com/csp/report-to/uxe-owners-acl/marketing_platform\"}]}",
            "content-length": "18738",
            "date": "Wed, 25 Oct 2023 12:34:43 GMT",
            "expires": "Wed, 25 Oct 2023 12:34:43 GMT",
            "cache-control": "private, max-age=3000",
            "last-modified": "Tue, 26 Sep 2023 07:08:00 GMT",
            "x-content-type-options": "nosniff",
            "server": "sffe",
            "x-xss-protection": "0",
            "alt-svc": "h3=\":443\"; ma=2592000,h3-29=\":443\"; ma=2592000"
        }
    }
]