,Attempt No.,uri,Deviation Count,Status Code,Response_Time,response_header_count,response_header_length,response_body_length,response_header_fields
0,0,https://www.paypal.com/de/home,0,200,0.8814773559570312,5,5,0,"{'connection': 'keep-alive', 'accept-ch': 'sec-ch-ua-full, sec-ch-ua-arch, sec-ch-ua-model, sec-ch-ua-platform-version, sec-ch-ua-full-version, sec-ch-ua-full-version-list, sec-ch-ua-bitness, sec-ch-ua-wow64', 'cache-control': 'max-age=0, no-cache, no-store, must-revalidate', 'content-encoding': 'gzip', 'content-security-policy': ""default-src 'self' https://*.paypal.com https://*.paypalobjects.com; frame-src 'self' https://*.paypal.com https://*.paypalobjects.com https://www.youtube-nocookie.com https://www.xoom.com https://*.paypal-mktg.com https://*.qualtrics.com https://6386697.fls.doubleclick.net; script-src 'nonce-GcFrsNOSsscmj3dQeQ9QdPu8GVXkw0L/UCW6XJQ5sL3YG2Qy' 'self' https://*.paypal.com https://*.paypalobjects.com https://assets-cdn.s-xoom.com https://pypd.paypal-mktg.com 'unsafe-inline'; connect-src 'self' https://nominatim.openstreetmap.org https://*.paypal.com https://*.paypalobjects.com https://www.google-analytics.com https://www.analytics.google.com https://region1.google-analytics.com https://region1.analytics.google.com https://*.salesforce.com https://*.force.com https://nexus.ensighten.com https://api.paypal-retaillocator.com https://paypal.us-4.evergage.com https://*.qualtrics.com; style-src 'self' https://*.paypal.com https://*.paypalobjects.com https://assets-cdn.s-xoom.com 'unsafe-inline'; font-src 'self' https://*.paypal.com https://*.""}"
1,1,https://www.paypal.com/de/home,0,200,0.9452664852142334,5,5,0,"{'connection': 'keep-alive', 'accept-ch': 'sec-ch-ua-full, sec-ch-ua-arch, sec-ch-ua-model, sec-ch-ua-platform-version, sec-ch-ua-full-version, sec-ch-ua-full-version-list, sec-ch-ua-bitness, sec-ch-ua-wow64', 'cache-control': 'max-age=0, no-cache, no-store, must-revalidate', 'content-encoding': 'gzip', 'content-security-policy': ""default-src 'self' https://*.paypal.com https://*.paypalobjects.com; frame-src 'self' https://*.paypal.com https://*.paypalobjects.com https://www.youtube-nocookie.com https://www.xoom.com https://*.paypal-mktg.com https://*.qualtrics.com https://6386697.fls.doubleclick.net; script-src 'nonce-mqa7MaabaFuy2eXV0dyeBZvFCp9ubAq1qJ46Ei4CogxL7rfY' 'self' https://*.paypal.com https://*.paypalobjects.com https://assets-cdn.s-xoom.com https://pypd.paypal-mktg.com 'unsafe-inline'; connect-src 'self' https://nominatim.openstreetmap.org https://*.paypal.com https://*.paypalobjects.com https://www.google-analytics.com https://www.analytics.google.com https://region1.google-analytics.com https://region1.analytics.google.com https://*.salesforce.com https://*.force.com https://nexus.ensighten.com https://api.paypal-retaillocator.com https://paypal.us-4.evergage.com https://*.qualtrics.com; style-src 'self' https://*.paypal.com https://*.paypalobjects.com https://assets-cdn.s-xoom.com 'unsafe-inline'; font-src 'self' https://*.paypal.com https://*.""}"
2,2,https://www.paypal.com/de/home,0,200,1.3390626907348633,5,5,0,"{'connection': 'keep-alive', 'accept-ch': 'sec-ch-ua-full, sec-ch-ua-arch, sec-ch-ua-model, sec-ch-ua-platform-version, sec-ch-ua-full-version, sec-ch-ua-full-version-list, sec-ch-ua-bitness, sec-ch-ua-wow64', 'cache-control': 'max-age=0, no-cache, no-store, must-revalidate', 'content-encoding': 'gzip', 'content-security-policy': ""default-src 'self' https://*.paypal.com https://*.paypalobjects.com; frame-src 'self' https://*.paypal.com https://*.paypalobjects.com https://www.youtube-nocookie.com https://www.xoom.com https://*.paypal-mktg.com https://*.qualtrics.com https://6386697.fls.doubleclick.net; script-src 'nonce-lpjvV1AJEWm3V6E+aga2c5EdxSSfAOemfCGbUXwV3xAHslZt' 'self' https://*.paypal.com https://*.paypalobjects.com https://assets-cdn.s-xoom.com https://pypd.paypal-mktg.com 'unsafe-inline'; connect-src 'self' https://nominatim.openstreetmap.org https://*.paypal.com https://*.paypalobjects.com https://www.google-analytics.com https://www.analytics.google.com https://region1.google-analytics.com https://region1.analytics.google.com https://*.salesforce.com https://*.force.com https://nexus.ensighten.com https://api.paypal-retaillocator.com https://paypal.us-4.evergage.com https://*.qualtrics.com; style-src 'self' https://*.paypal.com https://*.paypalobjects.com https://assets-cdn.s-xoom.com 'unsafe-inline'; font-src 'self' https://*.paypal.com https://*.""}"
3,3,https://www.paypal.com/de/home,0,200,1.0176446437835693,5,5,0,"{'connection': 'keep-alive', 'accept-ch': 'sec-ch-ua-full, sec-ch-ua-arch, sec-ch-ua-model, sec-ch-ua-platform-version, sec-ch-ua-full-version, sec-ch-ua-full-version-list, sec-ch-ua-bitness, sec-ch-ua-wow64', 'cache-control': 'max-age=0, no-cache, no-store, must-revalidate', 'content-encoding': 'gzip', 'content-security-policy': ""default-src 'self' https://*.paypal.com https://*.paypalobjects.com; frame-src 'self' https://*.paypal.com https://*.paypalobjects.com https://www.youtube-nocookie.com https://www.xoom.com https://*.paypal-mktg.com https://*.qualtrics.com https://6386697.fls.doubleclick.net; script-src 'nonce-W67E0dC91wWpAz7V4JhImKOkfUla0uYyDXecgy+0q9kAgrZI' 'self' https://*.paypal.com https://*.paypalobjects.com https://assets-cdn.s-xoom.com https://pypd.paypal-mktg.com 'unsafe-inline'; connect-src 'self' https://nominatim.openstreetmap.org https://*.paypal.com https://*.paypalobjects.com https://www.google-analytics.com https://www.analytics.google.com https://region1.google-analytics.com https://region1.analytics.google.com https://*.salesforce.com https://*.force.com https://nexus.ensighten.com https://api.paypal-retaillocator.com https://paypal.us-4.evergage.com https://*.qualtrics.com; style-src 'self' https://*.paypal.com https://*.paypalobjects.com https://assets-cdn.s-xoom.com 'unsafe-inline'; font-src 'self' https://*.paypal.com https://*.""}"
4,4,https://www.paypal.com/de/home,0,200,0.9370501041412354,5,5,0,"{'connection': 'keep-alive', 'accept-ch': 'sec-ch-ua-full, sec-ch-ua-arch, sec-ch-ua-model, sec-ch-ua-platform-version, sec-ch-ua-full-version, sec-ch-ua-full-version-list, sec-ch-ua-bitness, sec-ch-ua-wow64', 'cache-control': 'max-age=0, no-cache, no-store, must-revalidate', 'content-encoding': 'gzip', 'content-security-policy': ""default-src 'self' https://*.paypal.com https://*.paypalobjects.com; frame-src 'self' https://*.paypal.com https://*.paypalobjects.com https://www.youtube-nocookie.com https://www.xoom.com https://*.paypal-mktg.com https://*.qualtrics.com https://6386697.fls.doubleclick.net; script-src 'nonce-bsQL+im3MtTlKdsRvzH/FvMPGXjgTgnG7oxQRgnmKJTeuW6x' 'self' https://*.paypal.com https://*.paypalobjects.com https://assets-cdn.s-xoom.com https://pypd.paypal-mktg.com 'unsafe-inline'; connect-src 'self' https://nominatim.openstreetmap.org https://*.paypal.com https://*.paypalobjects.com https://www.google-analytics.com https://www.analytics.google.com https://region1.google-analytics.com https://region1.analytics.google.com https://*.salesforce.com https://*.force.com https://nexus.ensighten.com https://api.paypal-retaillocator.com https://paypal.us-4.evergage.com https://*.qualtrics.com; style-src 'self' https://*.paypal.com https://*.paypalobjects.com https://assets-cdn.s-xoom.com 'unsafe-inline'; font-src 'self' https://*.paypal.com https://*.""}"
5,5,https://www.paypal.com/de/home,0,200,1.100665807723999,5,5,0,"{'connection': 'keep-alive', 'accept-ch': 'sec-ch-ua-full, sec-ch-ua-arch, sec-ch-ua-model, sec-ch-ua-platform-version, sec-ch-ua-full-version, sec-ch-ua-full-version-list, sec-ch-ua-bitness, sec-ch-ua-wow64', 'cache-control': 'max-age=0, no-cache, no-store, must-revalidate', 'content-encoding': 'gzip', 'content-security-policy': ""default-src 'self' https://*.paypal.com https://*.paypalobjects.com; frame-src 'self' https://*.paypal.com https://*.paypalobjects.com https://www.youtube-nocookie.com https://www.xoom.com https://*.paypal-mktg.com https://*.qualtrics.com https://6386697.fls.doubleclick.net; script-src 'nonce-oBrFf1TLdYJabE/DT9nJnbal9tVNWpiobZvHNfGFsfwbi+ar' 'self' https://*.paypal.com https://*.paypalobjects.com https://assets-cdn.s-xoom.com https://pypd.paypal-mktg.com 'unsafe-inline'; connect-src 'self' https://nominatim.openstreetmap.org https://*.paypal.com https://*.paypalobjects.com https://www.google-analytics.com https://www.analytics.google.com https://region1.google-analytics.com https://region1.analytics.google.com https://*.salesforce.com https://*.force.com https://nexus.ensighten.com https://api.paypal-retaillocator.com https://paypal.us-4.evergage.com https://*.qualtrics.com; style-src 'self' https://*.paypal.com https://*.paypalobjects.com https://assets-cdn.s-xoom.com 'unsafe-inline'; font-src 'self' https://*.paypal.com https://*.""}"
6,6,https://www.paypal.com/de/home,0,200,0.8819441795349121,5,5,0,"{'connection': 'keep-alive', 'accept-ch': 'sec-ch-ua-full, sec-ch-ua-arch, sec-ch-ua-model, sec-ch-ua-platform-version, sec-ch-ua-full-version, sec-ch-ua-full-version-list, sec-ch-ua-bitness, sec-ch-ua-wow64', 'cache-control': 'max-age=0, no-cache, no-store, must-revalidate', 'content-encoding': 'gzip', 'content-security-policy': ""default-src 'self' https://*.paypal.com https://*.paypalobjects.com; frame-src 'self' https://*.paypal.com https://*.paypalobjects.com https://www.youtube-nocookie.com https://www.xoom.com https://*.paypal-mktg.com https://*.qualtrics.com https://6386697.fls.doubleclick.net; script-src 'nonce-ME6v8ROvrJprcBhup0OK2ZN0mY3WtvZW3IRY0fP1nU6oM6mk' 'self' https://*.paypal.com https://*.paypalobjects.com https://assets-cdn.s-xoom.com https://pypd.paypal-mktg.com 'unsafe-inline'; connect-src 'self' https://nominatim.openstreetmap.org https://*.paypal.com https://*.paypalobjects.com https://www.google-analytics.com https://www.analytics.google.com https://region1.google-analytics.com https://region1.analytics.google.com https://*.salesforce.com https://*.force.com https://nexus.ensighten.com https://api.paypal-retaillocator.com https://paypal.us-4.evergage.com https://*.qualtrics.com; style-src 'self' https://*.paypal.com https://*.paypalobjects.com https://assets-cdn.s-xoom.com 'unsafe-inline'; font-src 'self' https://*.paypal.com https://*.""}"
7,7,https://www.paypal.com/de/home,0,200,0.8576529026031494,5,5,0,"{'connection': 'keep-alive', 'accept-ch': 'sec-ch-ua-full, sec-ch-ua-arch, sec-ch-ua-model, sec-ch-ua-platform-version, sec-ch-ua-full-version, sec-ch-ua-full-version-list, sec-ch-ua-bitness, sec-ch-ua-wow64', 'cache-control': 'max-age=0, no-cache, no-store, must-revalidate', 'content-encoding': 'gzip', 'content-security-policy': ""default-src 'self' https://*.paypal.com https://*.paypalobjects.com; frame-src 'self' https://*.paypal.com https://*.paypalobjects.com https://www.youtube-nocookie.com https://www.xoom.com https://*.paypal-mktg.com https://*.qualtrics.com https://6386697.fls.doubleclick.net; script-src 'nonce-YZKL5YKBzlY/6HTokYPrD3DCqywarR0GRDNeIpGMiqvec092' 'self' https://*.paypal.com https://*.paypalobjects.com https://assets-cdn.s-xoom.com https://pypd.paypal-mktg.com 'unsafe-inline'; connect-src 'self' https://nominatim.openstreetmap.org https://*.paypal.com https://*.paypalobjects.com https://www.google-analytics.com https://www.analytics.google.com https://region1.google-analytics.com https://region1.analytics.google.com https://*.salesforce.com https://*.force.com https://nexus.ensighten.com https://api.paypal-retaillocator.com https://paypal.us-4.evergage.com https://*.qualtrics.com; style-src 'self' https://*.paypal.com https://*.paypalobjects.com https://assets-cdn.s-xoom.com 'unsafe-inline'; font-src 'self' https://*.paypal.com https://*.""}"
8,8,https://www.paypal.com/de/home,0,200,1.0731501579284668,5,5,0,"{'connection': 'keep-alive', 'accept-ch': 'sec-ch-ua-full, sec-ch-ua-arch, sec-ch-ua-model, sec-ch-ua-platform-version, sec-ch-ua-full-version, sec-ch-ua-full-version-list, sec-ch-ua-bitness, sec-ch-ua-wow64', 'cache-control': 'max-age=0, no-cache, no-store, must-revalidate', 'content-encoding': 'gzip', 'content-security-policy': ""default-src 'self' https://*.paypal.com https://*.paypalobjects.com; frame-src 'self' https://*.paypal.com https://*.paypalobjects.com https://www.youtube-nocookie.com https://www.xoom.com https://*.paypal-mktg.com https://*.qualtrics.com https://6386697.fls.doubleclick.net; script-src 'nonce-5CB83+ch7LuLZE9sfRYeY3Mn3KM+hwI467PxX+8h8LxldlxL' 'self' https://*.paypal.com https://*.paypalobjects.com https://assets-cdn.s-xoom.com https://pypd.paypal-mktg.com 'unsafe-inline'; connect-src 'self' https://nominatim.openstreetmap.org https://*.paypal.com https://*.paypalobjects.com https://www.google-analytics.com https://www.analytics.google.com https://region1.google-analytics.com https://region1.analytics.google.com https://*.salesforce.com https://*.force.com https://nexus.ensighten.com https://api.paypal-retaillocator.com https://paypal.us-4.evergage.com https://*.qualtrics.com; style-src 'self' https://*.paypal.com https://*.paypalobjects.com https://assets-cdn.s-xoom.com 'unsafe-inline'; font-src 'self' https://*.paypal.com https://*.""}"
9,9,https://www.paypal.com/de/home,0,200,1.0159621238708496,5,5,0,"{'connection': 'keep-alive', 'accept-ch': 'sec-ch-ua-full, sec-ch-ua-arch, sec-ch-ua-model, sec-ch-ua-platform-version, sec-ch-ua-full-version, sec-ch-ua-full-version-list, sec-ch-ua-bitness, sec-ch-ua-wow64', 'cache-control': 'max-age=0, no-cache, no-store, must-revalidate', 'content-encoding': 'gzip', 'content-security-policy': ""default-src 'self' https://*.paypal.com https://*.paypalobjects.com; frame-src 'self' https://*.paypal.com https://*.paypalobjects.com https://www.youtube-nocookie.com https://www.xoom.com https://*.paypal-mktg.com https://*.qualtrics.com https://6386697.fls.doubleclick.net; script-src 'nonce-V3G7I0+9WrFQMplWQ4paif8hJN2ETEMscoopaKhV4HFXwRpz' 'self' https://*.paypal.com https://*.paypalobjects.com https://assets-cdn.s-xoom.com https://pypd.paypal-mktg.com 'unsafe-inline'; connect-src 'self' https://nominatim.openstreetmap.org https://*.paypal.com https://*.paypalobjects.com https://www.google-analytics.com https://www.analytics.google.com https://region1.google-analytics.com https://region1.analytics.google.com https://*.salesforce.com https://*.force.com https://nexus.ensighten.com https://api.paypal-retaillocator.com https://paypal.us-4.evergage.com https://*.qualtrics.com; style-src 'self' https://*.paypal.com https://*.paypalobjects.com https://assets-cdn.s-xoom.com 'unsafe-inline'; font-src 'self' https://*.paypal.com https://*.""}"
