number,request,deviation_count,uri,request_length,http_version,Socket_Connect_Time,Socket_Close_Time,Response_Time,status_code,reason_phrase,error_message,response_header_count,response_header_length,response_body_length,response_header_fields
0,"GET https://www.paypal.com/de/home HTTP/1.1
Host: www.paypal.com
User-Agent: Mozilla/5.0 (Windows NT 10.0; rv:102.0) Gecko/20100101 Firefox/102.0
Accept: text/html,application/xhtml+xml,application/xml;q=0.9,image/avif,image/webp,*/*;q=0.8
Accept-Encoding: gzip, deflate, br
Accept-Language: en-US,en;q=0.5
DNT: 1
Connection: keep-alive
Upgrade-Insecure-Requests: 1
Sec-Fetch-Dest: document
Sec-Fetch-Mode: navigate
Sec-Fetch-Site: cross-site

",0,https://www.paypal.com/de/home,457,HTTP/1.1,0.14859437942504883,0.10504460334777832,0.8814773559570312,200,OK,[''],5,5,0,"{""connection"": ""keep-alive"", ""accept-ch"": ""sec-ch-ua-full, sec-ch-ua-arch, sec-ch-ua-model, sec-ch-ua-platform-version, sec-ch-ua-full-version, sec-ch-ua-full-version-list, sec-ch-ua-bitness, sec-ch-ua-wow64"", ""cache-control"": ""max-age=0, no-cache, no-store, must-revalidate"", ""content-encoding"": ""gzip"", ""content-security-policy"": ""default-src 'self' https://*.paypal.com https://*.paypalobjects.com; frame-src 'self' https://*.paypal.com https://*.paypalobjects.com https://www.youtube-nocookie.com https://www.xoom.com https://*.paypal-mktg.com https://*.qualtrics.com https://6386697.fls.doubleclick.net; script-src 'nonce-GcFrsNOSsscmj3dQeQ9QdPu8GVXkw0L/UCW6XJQ5sL3YG2Qy' 'self' https://*.paypal.com https://*.paypalobjects.com https://assets-cdn.s-xoom.com https://pypd.paypal-mktg.com 'unsafe-inline'; connect-src 'self' https://nominatim.openstreetmap.org https://*.paypal.com https://*.paypalobjects.com https://www.google-analytics.com https://www.analytics.google.com https://region1.google-analytics.com https://region1.analytics.google.com https://*.salesforce.com https://*.force.com https://nexus.ensighten.com https://api.paypal-retaillocator.com https://paypal.us-4.evergage.com https://*.qualtrics.com; style-src 'self' https://*.paypal.com https://*.paypalobjects.com https://assets-cdn.s-xoom.com 'unsafe-inline'; font-src 'self' https://*.paypal.com https://*.""}"
1,"GET https://www.paypal.com/de/home HTTP/1.1
Host: www.paypal.com
User-Agent: Mozilla/5.0 (Windows NT 10.0; rv:102.0) Gecko/20100101 Firefox/102.0
Accept: text/html,application/xhtml+xml,application/xml;q=0.9,image/avif,image/webp,*/*;q=0.8
Accept-Encoding: gzip, deflate, br
Accept-Language: en-US,en;q=0.5
DNT: 1
Connection: keep-alive
Upgrade-Insecure-Requests: 1
Sec-Fetch-Dest: document
Sec-Fetch-Mode: navigate
Sec-Fetch-Site: cross-site

",0,https://www.paypal.com/de/home,457,HTTP/1.1,0.17224645614624023,0.1101980209350586,0.9452664852142334,200,OK,[''],5,5,0,"{""connection"": ""keep-alive"", ""accept-ch"": ""sec-ch-ua-full, sec-ch-ua-arch, sec-ch-ua-model, sec-ch-ua-platform-version, sec-ch-ua-full-version, sec-ch-ua-full-version-list, sec-ch-ua-bitness, sec-ch-ua-wow64"", ""cache-control"": ""max-age=0, no-cache, no-store, must-revalidate"", ""content-encoding"": ""gzip"", ""content-security-policy"": ""default-src 'self' https://*.paypal.com https://*.paypalobjects.com; frame-src 'self' https://*.paypal.com https://*.paypalobjects.com https://www.youtube-nocookie.com https://www.xoom.com https://*.paypal-mktg.com https://*.qualtrics.com https://6386697.fls.doubleclick.net; script-src 'nonce-mqa7MaabaFuy2eXV0dyeBZvFCp9ubAq1qJ46Ei4CogxL7rfY' 'self' https://*.paypal.com https://*.paypalobjects.com https://assets-cdn.s-xoom.com https://pypd.paypal-mktg.com 'unsafe-inline'; connect-src 'self' https://nominatim.openstreetmap.org https://*.paypal.com https://*.paypalobjects.com https://www.google-analytics.com https://www.analytics.google.com https://region1.google-analytics.com https://region1.analytics.google.com https://*.salesforce.com https://*.force.com https://nexus.ensighten.com https://api.paypal-retaillocator.com https://paypal.us-4.evergage.com https://*.qualtrics.com; style-src 'self' https://*.paypal.com https://*.paypalobjects.com https://assets-cdn.s-xoom.com 'unsafe-inline'; font-src 'self' https://*.paypal.com https://*.""}"
2,"GET https://www.paypal.com/de/home HTTP/1.1
Host: www.paypal.com
User-Agent: Mozilla/5.0 (Windows NT 10.0; rv:102.0) Gecko/20100101 Firefox/102.0
Accept: text/html,application/xhtml+xml,application/xml;q=0.9,image/avif,image/webp,*/*;q=0.8
Accept-Encoding: gzip, deflate, br
Accept-Language: en-US,en;q=0.5
DNT: 1
Connection: keep-alive
Upgrade-Insecure-Requests: 1
Sec-Fetch-Dest: document
Sec-Fetch-Mode: navigate
Sec-Fetch-Site: cross-site

",0,https://www.paypal.com/de/home,457,HTTP/1.1,0.162675142288208,0.11780571937561035,1.3390626907348633,200,OK,[''],5,5,0,"{""connection"": ""keep-alive"", ""accept-ch"": ""sec-ch-ua-full, sec-ch-ua-arch, sec-ch-ua-model, sec-ch-ua-platform-version, sec-ch-ua-full-version, sec-ch-ua-full-version-list, sec-ch-ua-bitness, sec-ch-ua-wow64"", ""cache-control"": ""max-age=0, no-cache, no-store, must-revalidate"", ""content-encoding"": ""gzip"", ""content-security-policy"": ""default-src 'self' https://*.paypal.com https://*.paypalobjects.com; frame-src 'self' https://*.paypal.com https://*.paypalobjects.com https://www.youtube-nocookie.com https://www.xoom.com https://*.paypal-mktg.com https://*.qualtrics.com https://6386697.fls.doubleclick.net; script-src 'nonce-lpjvV1AJEWm3V6E+aga2c5EdxSSfAOemfCGbUXwV3xAHslZt' 'self' https://*.paypal.com https://*.paypalobjects.com https://assets-cdn.s-xoom.com https://pypd.paypal-mktg.com 'unsafe-inline'; connect-src 'self' https://nominatim.openstreetmap.org https://*.paypal.com https://*.paypalobjects.com https://www.google-analytics.com https://www.analytics.google.com https://region1.google-analytics.com https://region1.analytics.google.com https://*.salesforce.com https://*.force.com https://nexus.ensighten.com https://api.paypal-retaillocator.com https://paypal.us-4.evergage.com https://*.qualtrics.com; style-src 'self' https://*.paypal.com https://*.paypalobjects.com https://assets-cdn.s-xoom.com 'unsafe-inline'; font-src 'self' https://*.paypal.com https://*.""}"
3,"GET https://www.paypal.com/de/home HTTP/1.1
Host: www.paypal.com
User-Agent: Mozilla/5.0 (Windows NT 10.0; rv:102.0) Gecko/20100101 Firefox/102.0
Accept: text/html,application/xhtml+xml,application/xml;q=0.9,image/avif,image/webp,*/*;q=0.8
Accept-Encoding: gzip, deflate, br
Accept-Language: en-US,en;q=0.5
DNT: 1
Connection: keep-alive
Upgrade-Insecure-Requests: 1
Sec-Fetch-Dest: document
Sec-Fetch-Mode: navigate
Sec-Fetch-Site: cross-site

",0,https://www.paypal.com/de/home,457,HTTP/1.1,0.1330883502960205,0.12543010711669922,1.0176446437835693,200,OK,[''],5,5,0,"{""connection"": ""keep-alive"", ""accept-ch"": ""sec-ch-ua-full, sec-ch-ua-arch, sec-ch-ua-model, sec-ch-ua-platform-version, sec-ch-ua-full-version, sec-ch-ua-full-version-list, sec-ch-ua-bitness, sec-ch-ua-wow64"", ""cache-control"": ""max-age=0, no-cache, no-store, must-revalidate"", ""content-encoding"": ""gzip"", ""content-security-policy"": ""default-src 'self' https://*.paypal.com https://*.paypalobjects.com; frame-src 'self' https://*.paypal.com https://*.paypalobjects.com https://www.youtube-nocookie.com https://www.xoom.com https://*.paypal-mktg.com https://*.qualtrics.com https://6386697.fls.doubleclick.net; script-src 'nonce-W67E0dC91wWpAz7V4JhImKOkfUla0uYyDXecgy+0q9kAgrZI' 'self' https://*.paypal.com https://*.paypalobjects.com https://assets-cdn.s-xoom.com https://pypd.paypal-mktg.com 'unsafe-inline'; connect-src 'self' https://nominatim.openstreetmap.org https://*.paypal.com https://*.paypalobjects.com https://www.google-analytics.com https://www.analytics.google.com https://region1.google-analytics.com https://region1.analytics.google.com https://*.salesforce.com https://*.force.com https://nexus.ensighten.com https://api.paypal-retaillocator.com https://paypal.us-4.evergage.com https://*.qualtrics.com; style-src 'self' https://*.paypal.com https://*.paypalobjects.com https://assets-cdn.s-xoom.com 'unsafe-inline'; font-src 'self' https://*.paypal.com https://*.""}"
4,"GET https://www.paypal.com/de/home HTTP/1.1
Host: www.paypal.com
User-Agent: Mozilla/5.0 (Windows NT 10.0; rv:102.0) Gecko/20100101 Firefox/102.0
Accept: text/html,application/xhtml+xml,application/xml;q=0.9,image/avif,image/webp,*/*;q=0.8
Accept-Encoding: gzip, deflate, br
Accept-Language: en-US,en;q=0.5
DNT: 1
Connection: keep-alive
Upgrade-Insecure-Requests: 1
Sec-Fetch-Dest: document
Sec-Fetch-Mode: navigate
Sec-Fetch-Site: cross-site

",0,https://www.paypal.com/de/home,457,HTTP/1.1,0.335557222366333,0.1041254997253418,0.9370501041412354,200,OK,[''],5,5,0,"{""connection"": ""keep-alive"", ""accept-ch"": ""sec-ch-ua-full, sec-ch-ua-arch, sec-ch-ua-model, sec-ch-ua-platform-version, sec-ch-ua-full-version, sec-ch-ua-full-version-list, sec-ch-ua-bitness, sec-ch-ua-wow64"", ""cache-control"": ""max-age=0, no-cache, no-store, must-revalidate"", ""content-encoding"": ""gzip"", ""content-security-policy"": ""default-src 'self' https://*.paypal.com https://*.paypalobjects.com; frame-src 'self' https://*.paypal.com https://*.paypalobjects.com https://www.youtube-nocookie.com https://www.xoom.com https://*.paypal-mktg.com https://*.qualtrics.com https://6386697.fls.doubleclick.net; script-src 'nonce-bsQL+im3MtTlKdsRvzH/FvMPGXjgTgnG7oxQRgnmKJTeuW6x' 'self' https://*.paypal.com https://*.paypalobjects.com https://assets-cdn.s-xoom.com https://pypd.paypal-mktg.com 'unsafe-inline'; connect-src 'self' https://nominatim.openstreetmap.org https://*.paypal.com https://*.paypalobjects.com https://www.google-analytics.com https://www.analytics.google.com https://region1.google-analytics.com https://region1.analytics.google.com https://*.salesforce.com https://*.force.com https://nexus.ensighten.com https://api.paypal-retaillocator.com https://paypal.us-4.evergage.com https://*.qualtrics.com; style-src 'self' https://*.paypal.com https://*.paypalobjects.com https://assets-cdn.s-xoom.com 'unsafe-inline'; font-src 'self' https://*.paypal.com https://*.""}"
5,"GET https://www.paypal.com/de/home HTTP/1.1
Host: www.paypal.com
User-Agent: Mozilla/5.0 (Windows NT 10.0; rv:102.0) Gecko/20100101 Firefox/102.0
Accept: text/html,application/xhtml+xml,application/xml;q=0.9,image/avif,image/webp,*/*;q=0.8
Accept-Encoding: gzip, deflate, br
Accept-Language: en-US,en;q=0.5
DNT: 1
Connection: keep-alive
Upgrade-Insecure-Requests: 1
Sec-Fetch-Dest: document
Sec-Fetch-Mode: navigate
Sec-Fetch-Site: cross-site

",0,https://www.paypal.com/de/home,457,HTTP/1.1,0.1566324234008789,0.12786197662353516,1.100665807723999,200,OK,[''],5,5,0,"{""connection"": ""keep-alive"", ""accept-ch"": ""sec-ch-ua-full, sec-ch-ua-arch, sec-ch-ua-model, sec-ch-ua-platform-version, sec-ch-ua-full-version, sec-ch-ua-full-version-list, sec-ch-ua-bitness, sec-ch-ua-wow64"", ""cache-control"": ""max-age=0, no-cache, no-store, must-revalidate"", ""content-encoding"": ""gzip"", ""content-security-policy"": ""default-src 'self' https://*.paypal.com https://*.paypalobjects.com; frame-src 'self' https://*.paypal.com https://*.paypalobjects.com https://www.youtube-nocookie.com https://www.xoom.com https://*.paypal-mktg.com https://*.qualtrics.com https://6386697.fls.doubleclick.net; script-src 'nonce-oBrFf1TLdYJabE/DT9nJnbal9tVNWpiobZvHNfGFsfwbi+ar' 'self' https://*.paypal.com https://*.paypalobjects.com https://assets-cdn.s-xoom.com https://pypd.paypal-mktg.com 'unsafe-inline'; connect-src 'self' https://nominatim.openstreetmap.org https://*.paypal.com https://*.paypalobjects.com https://www.google-analytics.com https://www.analytics.google.com https://region1.google-analytics.com https://region1.analytics.google.com https://*.salesforce.com https://*.force.com https://nexus.ensighten.com https://api.paypal-retaillocator.com https://paypal.us-4.evergage.com https://*.qualtrics.com; style-src 'self' https://*.paypal.com https://*.paypalobjects.com https://assets-cdn.s-xoom.com 'unsafe-inline'; font-src 'self' https://*.paypal.com https://*.""}"
6,"GET https://www.paypal.com/de/home HTTP/1.1
Host: www.paypal.com
User-Agent: Mozilla/5.0 (Windows NT 10.0; rv:102.0) Gecko/20100101 Firefox/102.0
Accept: text/html,application/xhtml+xml,application/xml;q=0.9,image/avif,image/webp,*/*;q=0.8
Accept-Encoding: gzip, deflate, br
Accept-Language: en-US,en;q=0.5
DNT: 1
Connection: keep-alive
Upgrade-Insecure-Requests: 1
Sec-Fetch-Dest: document
Sec-Fetch-Mode: navigate
Sec-Fetch-Site: cross-site

",0,https://www.paypal.com/de/home,457,HTTP/1.1,0.3112964630126953,0.11153388023376465,0.8819441795349121,200,OK,[''],5,5,0,"{""connection"": ""keep-alive"", ""accept-ch"": ""sec-ch-ua-full, sec-ch-ua-arch, sec-ch-ua-model, sec-ch-ua-platform-version, sec-ch-ua-full-version, sec-ch-ua-full-version-list, sec-ch-ua-bitness, sec-ch-ua-wow64"", ""cache-control"": ""max-age=0, no-cache, no-store, must-revalidate"", ""content-encoding"": ""gzip"", ""content-security-policy"": ""default-src 'self' https://*.paypal.com https://*.paypalobjects.com; frame-src 'self' https://*.paypal.com https://*.paypalobjects.com https://www.youtube-nocookie.com https://www.xoom.com https://*.paypal-mktg.com https://*.qualtrics.com https://6386697.fls.doubleclick.net; script-src 'nonce-ME6v8ROvrJprcBhup0OK2ZN0mY3WtvZW3IRY0fP1nU6oM6mk' 'self' https://*.paypal.com https://*.paypalobjects.com https://assets-cdn.s-xoom.com https://pypd.paypal-mktg.com 'unsafe-inline'; connect-src 'self' https://nominatim.openstreetmap.org https://*.paypal.com https://*.paypalobjects.com https://www.google-analytics.com https://www.analytics.google.com https://region1.google-analytics.com https://region1.analytics.google.com https://*.salesforce.com https://*.force.com https://nexus.ensighten.com https://api.paypal-retaillocator.com https://paypal.us-4.evergage.com https://*.qualtrics.com; style-src 'self' https://*.paypal.com https://*.paypalobjects.com https://assets-cdn.s-xoom.com 'unsafe-inline'; font-src 'self' https://*.paypal.com https://*.""}"
7,"GET https://www.paypal.com/de/home HTTP/1.1
Host: www.paypal.com
User-Agent: Mozilla/5.0 (Windows NT 10.0; rv:102.0) Gecko/20100101 Firefox/102.0
Accept: text/html,application/xhtml+xml,application/xml;q=0.9,image/avif,image/webp,*/*;q=0.8
Accept-Encoding: gzip, deflate, br
Accept-Language: en-US,en;q=0.5
DNT: 1
Connection: keep-alive
Upgrade-Insecure-Requests: 1
Sec-Fetch-Dest: document
Sec-Fetch-Mode: navigate
Sec-Fetch-Site: cross-site

",0,https://www.paypal.com/de/home,457,HTTP/1.1,0.16604256629943848,0.10709977149963379,0.8576529026031494,200,OK,[''],5,5,0,"{""connection"": ""keep-alive"", ""accept-ch"": ""sec-ch-ua-full, sec-ch-ua-arch, sec-ch-ua-model, sec-ch-ua-platform-version, sec-ch-ua-full-version, sec-ch-ua-full-version-list, sec-ch-ua-bitness, sec-ch-ua-wow64"", ""cache-control"": ""max-age=0, no-cache, no-store, must-revalidate"", ""content-encoding"": ""gzip"", ""content-security-policy"": ""default-src 'self' https://*.paypal.com https://*.paypalobjects.com; frame-src 'self' https://*.paypal.com https://*.paypalobjects.com https://www.youtube-nocookie.com https://www.xoom.com https://*.paypal-mktg.com https://*.qualtrics.com https://6386697.fls.doubleclick.net; script-src 'nonce-YZKL5YKBzlY/6HTokYPrD3DCqywarR0GRDNeIpGMiqvec092' 'self' https://*.paypal.com https://*.paypalobjects.com https://assets-cdn.s-xoom.com https://pypd.paypal-mktg.com 'unsafe-inline'; connect-src 'self' https://nominatim.openstreetmap.org https://*.paypal.com https://*.paypalobjects.com https://www.google-analytics.com https://www.analytics.google.com https://region1.google-analytics.com https://region1.analytics.google.com https://*.salesforce.com https://*.force.com https://nexus.ensighten.com https://api.paypal-retaillocator.com https://paypal.us-4.evergage.com https://*.qualtrics.com; style-src 'self' https://*.paypal.com https://*.paypalobjects.com https://assets-cdn.s-xoom.com 'unsafe-inline'; font-src 'self' https://*.paypal.com https://*.""}"
8,"GET https://www.paypal.com/de/home HTTP/1.1
Host: www.paypal.com
User-Agent: Mozilla/5.0 (Windows NT 10.0; rv:102.0) Gecko/20100101 Firefox/102.0
Accept: text/html,application/xhtml+xml,application/xml;q=0.9,image/avif,image/webp,*/*;q=0.8
Accept-Encoding: gzip, deflate, br
Accept-Language: en-US,en;q=0.5
DNT: 1
Connection: keep-alive
Upgrade-Insecure-Requests: 1
Sec-Fetch-Dest: document
Sec-Fetch-Mode: navigate
Sec-Fetch-Site: cross-site

",0,https://www.paypal.com/de/home,457,HTTP/1.1,0.14299583435058594,0.11429166793823242,1.0731501579284668,200,OK,[''],5,5,0,"{""connection"": ""keep-alive"", ""accept-ch"": ""sec-ch-ua-full, sec-ch-ua-arch, sec-ch-ua-model, sec-ch-ua-platform-version, sec-ch-ua-full-version, sec-ch-ua-full-version-list, sec-ch-ua-bitness, sec-ch-ua-wow64"", ""cache-control"": ""max-age=0, no-cache, no-store, must-revalidate"", ""content-encoding"": ""gzip"", ""content-security-policy"": ""default-src 'self' https://*.paypal.com https://*.paypalobjects.com; frame-src 'self' https://*.paypal.com https://*.paypalobjects.com https://www.youtube-nocookie.com https://www.xoom.com https://*.paypal-mktg.com https://*.qualtrics.com https://6386697.fls.doubleclick.net; script-src 'nonce-5CB83+ch7LuLZE9sfRYeY3Mn3KM+hwI467PxX+8h8LxldlxL' 'self' https://*.paypal.com https://*.paypalobjects.com https://assets-cdn.s-xoom.com https://pypd.paypal-mktg.com 'unsafe-inline'; connect-src 'self' https://nominatim.openstreetmap.org https://*.paypal.com https://*.paypalobjects.com https://www.google-analytics.com https://www.analytics.google.com https://region1.google-analytics.com https://region1.analytics.google.com https://*.salesforce.com https://*.force.com https://nexus.ensighten.com https://api.paypal-retaillocator.com https://paypal.us-4.evergage.com https://*.qualtrics.com; style-src 'self' https://*.paypal.com https://*.paypalobjects.com https://assets-cdn.s-xoom.com 'unsafe-inline'; font-src 'self' https://*.paypal.com https://*.""}"
9,"GET https://www.paypal.com/de/home HTTP/1.1
Host: www.paypal.com
User-Agent: Mozilla/5.0 (Windows NT 10.0; rv:102.0) Gecko/20100101 Firefox/102.0
Accept: text/html,application/xhtml+xml,application/xml;q=0.9,image/avif,image/webp,*/*;q=0.8
Accept-Encoding: gzip, deflate, br
Accept-Language: en-US,en;q=0.5
DNT: 1
Connection: keep-alive
Upgrade-Insecure-Requests: 1
Sec-Fetch-Dest: document
Sec-Fetch-Mode: navigate
Sec-Fetch-Site: cross-site

",0,https://www.paypal.com/de/home,457,HTTP/1.1,0.2513742446899414,0.11113214492797852,1.0159621238708496,200,OK,[''],5,5,0,"{""connection"": ""keep-alive"", ""accept-ch"": ""sec-ch-ua-full, sec-ch-ua-arch, sec-ch-ua-model, sec-ch-ua-platform-version, sec-ch-ua-full-version, sec-ch-ua-full-version-list, sec-ch-ua-bitness, sec-ch-ua-wow64"", ""cache-control"": ""max-age=0, no-cache, no-store, must-revalidate"", ""content-encoding"": ""gzip"", ""content-security-policy"": ""default-src 'self' https://*.paypal.com https://*.paypalobjects.com; frame-src 'self' https://*.paypal.com https://*.paypalobjects.com https://www.youtube-nocookie.com https://www.xoom.com https://*.paypal-mktg.com https://*.qualtrics.com https://6386697.fls.doubleclick.net; script-src 'nonce-V3G7I0+9WrFQMplWQ4paif8hJN2ETEMscoopaKhV4HFXwRpz' 'self' https://*.paypal.com https://*.paypalobjects.com https://assets-cdn.s-xoom.com https://pypd.paypal-mktg.com 'unsafe-inline'; connect-src 'self' https://nominatim.openstreetmap.org https://*.paypal.com https://*.paypalobjects.com https://www.google-analytics.com https://www.analytics.google.com https://region1.google-analytics.com https://region1.analytics.google.com https://*.salesforce.com https://*.force.com https://nexus.ensighten.com https://api.paypal-retaillocator.com https://paypal.us-4.evergage.com https://*.qualtrics.com; style-src 'self' https://*.paypal.com https://*.paypalobjects.com https://assets-cdn.s-xoom.com 'unsafe-inline'; font-src 'self' https://*.paypal.com https://*.""}"
