[
    {
        "number": 0,
        "request": "GET https://www.paypal.com/de/home HTTP/1.1\r\nHost: www.paypal.com\r\nUser-Agent: Mozilla/5.0 (Windows NT 10.0; rv:102.0) Gecko/20100101 Firefox/102.0\r\nAccept: text/html,application/xhtml+xml,application/xml;q=0.9,image/avif,image/webp,*/*;q=0.8\r\nAccept-Encoding: gzip, deflate, br\r\nAccept-Language: en-US,en;q=0.5\r\nDNT: 1\r\nConnection: keep-alive\r\nUpgrade-Insecure-Requests: 1\r\nSec-Fetch-Dest: document\r\nSec-Fetch-Mode: navigate\r\nSec-Fetch-Site: cross-site\r\n\r\n",
        "deviation_count": 0,
        "uri": "https://www.paypal.com/de/home",
        "request_length": 457,
        "Response_Time": 0.8814773559570312,
        "status_code": 200,
        "reason_phrase": "OK",
        "error_message": [
            ""
        ],
        "response_header_count": 5,
        "response_header_length": 5,
        "response_body_length": 0,
        "response_header_fields": {
            "connection": "keep-alive",
            "accept-ch": "sec-ch-ua-full, sec-ch-ua-arch, sec-ch-ua-model, sec-ch-ua-platform-version, sec-ch-ua-full-version, sec-ch-ua-full-version-list, sec-ch-ua-bitness, sec-ch-ua-wow64",
            "cache-control": "max-age=0, no-cache, no-store, must-revalidate",
            "content-encoding": "gzip",
            "content-security-policy": "default-src 'self' https://*.paypal.com https://*.paypalobjects.com; frame-src 'self' https://*.paypal.com https://*.paypalobjects.com https://www.youtube-nocookie.com https://www.xoom.com https://*.paypal-mktg.com https://*.qualtrics.com https://6386697.fls.doubleclick.net; script-src 'nonce-GcFrsNOSsscmj3dQeQ9QdPu8GVXkw0L/UCW6XJQ5sL3YG2Qy' 'self' https://*.paypal.com https://*.paypalobjects.com https://assets-cdn.s-xoom.com https://pypd.paypal-mktg.com 'unsafe-inline'; connect-src 'self' https://nominatim.openstreetmap.org https://*.paypal.com https://*.paypalobjects.com https://www.google-analytics.com https://www.analytics.google.com https://region1.google-analytics.com https://region1.analytics.google.com https://*.salesforce.com https://*.force.com https://nexus.ensighten.com https://api.paypal-retaillocator.com https://paypal.us-4.evergage.com https://*.qualtrics.com; style-src 'self' https://*.paypal.com https://*.paypalobjects.com https://assets-cdn.s-xoom.com 'unsafe-inline'; font-src 'self' https://*.paypal.com https://*."
        }
    },
    {
        "number": 1,
        "request": "GET https://www.paypal.com/de/home HTTP/1.1\r\nHost: www.paypal.com\r\nUser-Agent: Mozilla/5.0 (Windows NT 10.0; rv:102.0) Gecko/20100101 Firefox/102.0\r\nAccept: text/html,application/xhtml+xml,application/xml;q=0.9,image/avif,image/webp,*/*;q=0.8\r\nAccept-Encoding: gzip, deflate, br\r\nAccept-Language: en-US,en;q=0.5\r\nDNT: 1\r\nConnection: keep-alive\r\nUpgrade-Insecure-Requests: 1\r\nSec-Fetch-Dest: document\r\nSec-Fetch-Mode: navigate\r\nSec-Fetch-Site: cross-site\r\n\r\n",
        "deviation_count": 0,
        "uri": "https://www.paypal.com/de/home",
        "request_length": 457,
        "Response_Time": 0.9452664852142334,
        "status_code": 200,
        "reason_phrase": "OK",
        "error_message": [
            ""
        ],
        "response_header_count": 5,
        "response_header_length": 5,
        "response_body_length": 0,
        "response_header_fields": {
            "connection": "keep-alive",
            "accept-ch": "sec-ch-ua-full, sec-ch-ua-arch, sec-ch-ua-model, sec-ch-ua-platform-version, sec-ch-ua-full-version, sec-ch-ua-full-version-list, sec-ch-ua-bitness, sec-ch-ua-wow64",
            "cache-control": "max-age=0, no-cache, no-store, must-revalidate",
            "content-encoding": "gzip",
            "content-security-policy": "default-src 'self' https://*.paypal.com https://*.paypalobjects.com; frame-src 'self' https://*.paypal.com https://*.paypalobjects.com https://www.youtube-nocookie.com https://www.xoom.com https://*.paypal-mktg.com https://*.qualtrics.com https://6386697.fls.doubleclick.net; script-src 'nonce-mqa7MaabaFuy2eXV0dyeBZvFCp9ubAq1qJ46Ei4CogxL7rfY' 'self' https://*.paypal.com https://*.paypalobjects.com https://assets-cdn.s-xoom.com https://pypd.paypal-mktg.com 'unsafe-inline'; connect-src 'self' https://nominatim.openstreetmap.org https://*.paypal.com https://*.paypalobjects.com https://www.google-analytics.com https://www.analytics.google.com https://region1.google-analytics.com https://region1.analytics.google.com https://*.salesforce.com https://*.force.com https://nexus.ensighten.com https://api.paypal-retaillocator.com https://paypal.us-4.evergage.com https://*.qualtrics.com; style-src 'self' https://*.paypal.com https://*.paypalobjects.com https://assets-cdn.s-xoom.com 'unsafe-inline'; font-src 'self' https://*.paypal.com https://*."
        }
    },
    {
        "number": 2,
        "request": "GET https://www.paypal.com/de/home HTTP/1.1\r\nHost: www.paypal.com\r\nUser-Agent: Mozilla/5.0 (Windows NT 10.0; rv:102.0) Gecko/20100101 Firefox/102.0\r\nAccept: text/html,application/xhtml+xml,application/xml;q=0.9,image/avif,image/webp,*/*;q=0.8\r\nAccept-Encoding: gzip, deflate, br\r\nAccept-Language: en-US,en;q=0.5\r\nDNT: 1\r\nConnection: keep-alive\r\nUpgrade-Insecure-Requests: 1\r\nSec-Fetch-Dest: document\r\nSec-Fetch-Mode: navigate\r\nSec-Fetch-Site: cross-site\r\n\r\n",
        "deviation_count": 0,
        "uri": "https://www.paypal.com/de/home",
        "request_length": 457,
        "Response_Time": 1.3390626907348633,
        "status_code": 200,
        "reason_phrase": "OK",
        "error_message": [
            ""
        ],
        "response_header_count": 5,
        "response_header_length": 5,
        "response_body_length": 0,
        "response_header_fields": {
            "connection": "keep-alive",
            "accept-ch": "sec-ch-ua-full, sec-ch-ua-arch, sec-ch-ua-model, sec-ch-ua-platform-version, sec-ch-ua-full-version, sec-ch-ua-full-version-list, sec-ch-ua-bitness, sec-ch-ua-wow64",
            "cache-control": "max-age=0, no-cache, no-store, must-revalidate",
            "content-encoding": "gzip",
            "content-security-policy": "default-src 'self' https://*.paypal.com https://*.paypalobjects.com; frame-src 'self' https://*.paypal.com https://*.paypalobjects.com https://www.youtube-nocookie.com https://www.xoom.com https://*.paypal-mktg.com https://*.qualtrics.com https://6386697.fls.doubleclick.net; script-src 'nonce-lpjvV1AJEWm3V6E+aga2c5EdxSSfAOemfCGbUXwV3xAHslZt' 'self' https://*.paypal.com https://*.paypalobjects.com https://assets-cdn.s-xoom.com https://pypd.paypal-mktg.com 'unsafe-inline'; connect-src 'self' https://nominatim.openstreetmap.org https://*.paypal.com https://*.paypalobjects.com https://www.google-analytics.com https://www.analytics.google.com https://region1.google-analytics.com https://region1.analytics.google.com https://*.salesforce.com https://*.force.com https://nexus.ensighten.com https://api.paypal-retaillocator.com https://paypal.us-4.evergage.com https://*.qualtrics.com; style-src 'self' https://*.paypal.com https://*.paypalobjects.com https://assets-cdn.s-xoom.com 'unsafe-inline'; font-src 'self' https://*.paypal.com https://*."
        }
    },
    {
        "number": 3,
        "request": "GET https://www.paypal.com/de/home HTTP/1.1\r\nHost: www.paypal.com\r\nUser-Agent: Mozilla/5.0 (Windows NT 10.0; rv:102.0) Gecko/20100101 Firefox/102.0\r\nAccept: text/html,application/xhtml+xml,application/xml;q=0.9,image/avif,image/webp,*/*;q=0.8\r\nAccept-Encoding: gzip, deflate, br\r\nAccept-Language: en-US,en;q=0.5\r\nDNT: 1\r\nConnection: keep-alive\r\nUpgrade-Insecure-Requests: 1\r\nSec-Fetch-Dest: document\r\nSec-Fetch-Mode: navigate\r\nSec-Fetch-Site: cross-site\r\n\r\n",
        "deviation_count": 0,
        "uri": "https://www.paypal.com/de/home",
        "request_length": 457,
        "Response_Time": 1.0176446437835693,
        "status_code": 200,
        "reason_phrase": "OK",
        "error_message": [
            ""
        ],
        "response_header_count": 5,
        "response_header_length": 5,
        "response_body_length": 0,
        "response_header_fields": {
            "connection": "keep-alive",
            "accept-ch": "sec-ch-ua-full, sec-ch-ua-arch, sec-ch-ua-model, sec-ch-ua-platform-version, sec-ch-ua-full-version, sec-ch-ua-full-version-list, sec-ch-ua-bitness, sec-ch-ua-wow64",
            "cache-control": "max-age=0, no-cache, no-store, must-revalidate",
            "content-encoding": "gzip",
            "content-security-policy": "default-src 'self' https://*.paypal.com https://*.paypalobjects.com; frame-src 'self' https://*.paypal.com https://*.paypalobjects.com https://www.youtube-nocookie.com https://www.xoom.com https://*.paypal-mktg.com https://*.qualtrics.com https://6386697.fls.doubleclick.net; script-src 'nonce-W67E0dC91wWpAz7V4JhImKOkfUla0uYyDXecgy+0q9kAgrZI' 'self' https://*.paypal.com https://*.paypalobjects.com https://assets-cdn.s-xoom.com https://pypd.paypal-mktg.com 'unsafe-inline'; connect-src 'self' https://nominatim.openstreetmap.org https://*.paypal.com https://*.paypalobjects.com https://www.google-analytics.com https://www.analytics.google.com https://region1.google-analytics.com https://region1.analytics.google.com https://*.salesforce.com https://*.force.com https://nexus.ensighten.com https://api.paypal-retaillocator.com https://paypal.us-4.evergage.com https://*.qualtrics.com; style-src 'self' https://*.paypal.com https://*.paypalobjects.com https://assets-cdn.s-xoom.com 'unsafe-inline'; font-src 'self' https://*.paypal.com https://*."
        }
    },
    {
        "number": 4,
        "request": "GET https://www.paypal.com/de/home HTTP/1.1\r\nHost: www.paypal.com\r\nUser-Agent: Mozilla/5.0 (Windows NT 10.0; rv:102.0) Gecko/20100101 Firefox/102.0\r\nAccept: text/html,application/xhtml+xml,application/xml;q=0.9,image/avif,image/webp,*/*;q=0.8\r\nAccept-Encoding: gzip, deflate, br\r\nAccept-Language: en-US,en;q=0.5\r\nDNT: 1\r\nConnection: keep-alive\r\nUpgrade-Insecure-Requests: 1\r\nSec-Fetch-Dest: document\r\nSec-Fetch-Mode: navigate\r\nSec-Fetch-Site: cross-site\r\n\r\n",
        "deviation_count": 0,
        "uri": "https://www.paypal.com/de/home",
        "request_length": 457,
        "Response_Time": 0.9370501041412354,
        "status_code": 200,
        "reason_phrase": "OK",
        "error_message": [
            ""
        ],
        "response_header_count": 5,
        "response_header_length": 5,
        "response_body_length": 0,
        "response_header_fields": {
            "connection": "keep-alive",
            "accept-ch": "sec-ch-ua-full, sec-ch-ua-arch, sec-ch-ua-model, sec-ch-ua-platform-version, sec-ch-ua-full-version, sec-ch-ua-full-version-list, sec-ch-ua-bitness, sec-ch-ua-wow64",
            "cache-control": "max-age=0, no-cache, no-store, must-revalidate",
            "content-encoding": "gzip",
            "content-security-policy": "default-src 'self' https://*.paypal.com https://*.paypalobjects.com; frame-src 'self' https://*.paypal.com https://*.paypalobjects.com https://www.youtube-nocookie.com https://www.xoom.com https://*.paypal-mktg.com https://*.qualtrics.com https://6386697.fls.doubleclick.net; script-src 'nonce-bsQL+im3MtTlKdsRvzH/FvMPGXjgTgnG7oxQRgnmKJTeuW6x' 'self' https://*.paypal.com https://*.paypalobjects.com https://assets-cdn.s-xoom.com https://pypd.paypal-mktg.com 'unsafe-inline'; connect-src 'self' https://nominatim.openstreetmap.org https://*.paypal.com https://*.paypalobjects.com https://www.google-analytics.com https://www.analytics.google.com https://region1.google-analytics.com https://region1.analytics.google.com https://*.salesforce.com https://*.force.com https://nexus.ensighten.com https://api.paypal-retaillocator.com https://paypal.us-4.evergage.com https://*.qualtrics.com; style-src 'self' https://*.paypal.com https://*.paypalobjects.com https://assets-cdn.s-xoom.com 'unsafe-inline'; font-src 'self' https://*.paypal.com https://*."
        }
    },
    {
        "number": 5,
        "request": "GET https://www.paypal.com/de/home HTTP/1.1\r\nHost: www.paypal.com\r\nUser-Agent: Mozilla/5.0 (Windows NT 10.0; rv:102.0) Gecko/20100101 Firefox/102.0\r\nAccept: text/html,application/xhtml+xml,application/xml;q=0.9,image/avif,image/webp,*/*;q=0.8\r\nAccept-Encoding: gzip, deflate, br\r\nAccept-Language: en-US,en;q=0.5\r\nDNT: 1\r\nConnection: keep-alive\r\nUpgrade-Insecure-Requests: 1\r\nSec-Fetch-Dest: document\r\nSec-Fetch-Mode: navigate\r\nSec-Fetch-Site: cross-site\r\n\r\n",
        "deviation_count": 0,
        "uri": "https://www.paypal.com/de/home",
        "request_length": 457,
        "Response_Time": 1.100665807723999,
        "status_code": 200,
        "reason_phrase": "OK",
        "error_message": [
            ""
        ],
        "response_header_count": 5,
        "response_header_length": 5,
        "response_body_length": 0,
        "response_header_fields": {
            "connection": "keep-alive",
            "accept-ch": "sec-ch-ua-full, sec-ch-ua-arch, sec-ch-ua-model, sec-ch-ua-platform-version, sec-ch-ua-full-version, sec-ch-ua-full-version-list, sec-ch-ua-bitness, sec-ch-ua-wow64",
            "cache-control": "max-age=0, no-cache, no-store, must-revalidate",
            "content-encoding": "gzip",
            "content-security-policy": "default-src 'self' https://*.paypal.com https://*.paypalobjects.com; frame-src 'self' https://*.paypal.com https://*.paypalobjects.com https://www.youtube-nocookie.com https://www.xoom.com https://*.paypal-mktg.com https://*.qualtrics.com https://6386697.fls.doubleclick.net; script-src 'nonce-oBrFf1TLdYJabE/DT9nJnbal9tVNWpiobZvHNfGFsfwbi+ar' 'self' https://*.paypal.com https://*.paypalobjects.com https://assets-cdn.s-xoom.com https://pypd.paypal-mktg.com 'unsafe-inline'; connect-src 'self' https://nominatim.openstreetmap.org https://*.paypal.com https://*.paypalobjects.com https://www.google-analytics.com https://www.analytics.google.com https://region1.google-analytics.com https://region1.analytics.google.com https://*.salesforce.com https://*.force.com https://nexus.ensighten.com https://api.paypal-retaillocator.com https://paypal.us-4.evergage.com https://*.qualtrics.com; style-src 'self' https://*.paypal.com https://*.paypalobjects.com https://assets-cdn.s-xoom.com 'unsafe-inline'; font-src 'self' https://*.paypal.com https://*."
        }
    },
    {
        "number": 6,
        "request": "GET https://www.paypal.com/de/home HTTP/1.1\r\nHost: www.paypal.com\r\nUser-Agent: Mozilla/5.0 (Windows NT 10.0; rv:102.0) Gecko/20100101 Firefox/102.0\r\nAccept: text/html,application/xhtml+xml,application/xml;q=0.9,image/avif,image/webp,*/*;q=0.8\r\nAccept-Encoding: gzip, deflate, br\r\nAccept-Language: en-US,en;q=0.5\r\nDNT: 1\r\nConnection: keep-alive\r\nUpgrade-Insecure-Requests: 1\r\nSec-Fetch-Dest: document\r\nSec-Fetch-Mode: navigate\r\nSec-Fetch-Site: cross-site\r\n\r\n",
        "deviation_count": 0,
        "uri": "https://www.paypal.com/de/home",
        "request_length": 457,
        "Response_Time": 0.8819441795349121,
        "status_code": 200,
        "reason_phrase": "OK",
        "error_message": [
            ""
        ],
        "response_header_count": 5,
        "response_header_length": 5,
        "response_body_length": 0,
        "response_header_fields": {
            "connection": "keep-alive",
            "accept-ch": "sec-ch-ua-full, sec-ch-ua-arch, sec-ch-ua-model, sec-ch-ua-platform-version, sec-ch-ua-full-version, sec-ch-ua-full-version-list, sec-ch-ua-bitness, sec-ch-ua-wow64",
            "cache-control": "max-age=0, no-cache, no-store, must-revalidate",
            "content-encoding": "gzip",
            "content-security-policy": "default-src 'self' https://*.paypal.com https://*.paypalobjects.com; frame-src 'self' https://*.paypal.com https://*.paypalobjects.com https://www.youtube-nocookie.com https://www.xoom.com https://*.paypal-mktg.com https://*.qualtrics.com https://6386697.fls.doubleclick.net; script-src 'nonce-ME6v8ROvrJprcBhup0OK2ZN0mY3WtvZW3IRY0fP1nU6oM6mk' 'self' https://*.paypal.com https://*.paypalobjects.com https://assets-cdn.s-xoom.com https://pypd.paypal-mktg.com 'unsafe-inline'; connect-src 'self' https://nominatim.openstreetmap.org https://*.paypal.com https://*.paypalobjects.com https://www.google-analytics.com https://www.analytics.google.com https://region1.google-analytics.com https://region1.analytics.google.com https://*.salesforce.com https://*.force.com https://nexus.ensighten.com https://api.paypal-retaillocator.com https://paypal.us-4.evergage.com https://*.qualtrics.com; style-src 'self' https://*.paypal.com https://*.paypalobjects.com https://assets-cdn.s-xoom.com 'unsafe-inline'; font-src 'self' https://*.paypal.com https://*."
        }
    },
    {
        "number": 7,
        "request": "GET https://www.paypal.com/de/home HTTP/1.1\r\nHost: www.paypal.com\r\nUser-Agent: Mozilla/5.0 (Windows NT 10.0; rv:102.0) Gecko/20100101 Firefox/102.0\r\nAccept: text/html,application/xhtml+xml,application/xml;q=0.9,image/avif,image/webp,*/*;q=0.8\r\nAccept-Encoding: gzip, deflate, br\r\nAccept-Language: en-US,en;q=0.5\r\nDNT: 1\r\nConnection: keep-alive\r\nUpgrade-Insecure-Requests: 1\r\nSec-Fetch-Dest: document\r\nSec-Fetch-Mode: navigate\r\nSec-Fetch-Site: cross-site\r\n\r\n",
        "deviation_count": 0,
        "uri": "https://www.paypal.com/de/home",
        "request_length": 457,
        "Response_Time": 0.8576529026031494,
        "status_code": 200,
        "reason_phrase": "OK",
        "error_message": [
            ""
        ],
        "response_header_count": 5,
        "response_header_length": 5,
        "response_body_length": 0,
        "response_header_fields": {
            "connection": "keep-alive",
            "accept-ch": "sec-ch-ua-full, sec-ch-ua-arch, sec-ch-ua-model, sec-ch-ua-platform-version, sec-ch-ua-full-version, sec-ch-ua-full-version-list, sec-ch-ua-bitness, sec-ch-ua-wow64",
            "cache-control": "max-age=0, no-cache, no-store, must-revalidate",
            "content-encoding": "gzip",
            "content-security-policy": "default-src 'self' https://*.paypal.com https://*.paypalobjects.com; frame-src 'self' https://*.paypal.com https://*.paypalobjects.com https://www.youtube-nocookie.com https://www.xoom.com https://*.paypal-mktg.com https://*.qualtrics.com https://6386697.fls.doubleclick.net; script-src 'nonce-YZKL5YKBzlY/6HTokYPrD3DCqywarR0GRDNeIpGMiqvec092' 'self' https://*.paypal.com https://*.paypalobjects.com https://assets-cdn.s-xoom.com https://pypd.paypal-mktg.com 'unsafe-inline'; connect-src 'self' https://nominatim.openstreetmap.org https://*.paypal.com https://*.paypalobjects.com https://www.google-analytics.com https://www.analytics.google.com https://region1.google-analytics.com https://region1.analytics.google.com https://*.salesforce.com https://*.force.com https://nexus.ensighten.com https://api.paypal-retaillocator.com https://paypal.us-4.evergage.com https://*.qualtrics.com; style-src 'self' https://*.paypal.com https://*.paypalobjects.com https://assets-cdn.s-xoom.com 'unsafe-inline'; font-src 'self' https://*.paypal.com https://*."
        }
    },
    {
        "number": 8,
        "request": "GET https://www.paypal.com/de/home HTTP/1.1\r\nHost: www.paypal.com\r\nUser-Agent: Mozilla/5.0 (Windows NT 10.0; rv:102.0) Gecko/20100101 Firefox/102.0\r\nAccept: text/html,application/xhtml+xml,application/xml;q=0.9,image/avif,image/webp,*/*;q=0.8\r\nAccept-Encoding: gzip, deflate, br\r\nAccept-Language: en-US,en;q=0.5\r\nDNT: 1\r\nConnection: keep-alive\r\nUpgrade-Insecure-Requests: 1\r\nSec-Fetch-Dest: document\r\nSec-Fetch-Mode: navigate\r\nSec-Fetch-Site: cross-site\r\n\r\n",
        "deviation_count": 0,
        "uri": "https://www.paypal.com/de/home",
        "request_length": 457,
        "Response_Time": 1.0731501579284668,
        "status_code": 200,
        "reason_phrase": "OK",
        "error_message": [
            ""
        ],
        "response_header_count": 5,
        "response_header_length": 5,
        "response_body_length": 0,
        "response_header_fields": {
            "connection": "keep-alive",
            "accept-ch": "sec-ch-ua-full, sec-ch-ua-arch, sec-ch-ua-model, sec-ch-ua-platform-version, sec-ch-ua-full-version, sec-ch-ua-full-version-list, sec-ch-ua-bitness, sec-ch-ua-wow64",
            "cache-control": "max-age=0, no-cache, no-store, must-revalidate",
            "content-encoding": "gzip",
            "content-security-policy": "default-src 'self' https://*.paypal.com https://*.paypalobjects.com; frame-src 'self' https://*.paypal.com https://*.paypalobjects.com https://www.youtube-nocookie.com https://www.xoom.com https://*.paypal-mktg.com https://*.qualtrics.com https://6386697.fls.doubleclick.net; script-src 'nonce-5CB83+ch7LuLZE9sfRYeY3Mn3KM+hwI467PxX+8h8LxldlxL' 'self' https://*.paypal.com https://*.paypalobjects.com https://assets-cdn.s-xoom.com https://pypd.paypal-mktg.com 'unsafe-inline'; connect-src 'self' https://nominatim.openstreetmap.org https://*.paypal.com https://*.paypalobjects.com https://www.google-analytics.com https://www.analytics.google.com https://region1.google-analytics.com https://region1.analytics.google.com https://*.salesforce.com https://*.force.com https://nexus.ensighten.com https://api.paypal-retaillocator.com https://paypal.us-4.evergage.com https://*.qualtrics.com; style-src 'self' https://*.paypal.com https://*.paypalobjects.com https://assets-cdn.s-xoom.com 'unsafe-inline'; font-src 'self' https://*.paypal.com https://*."
        }
    },
    {
        "number": 9,
        "request": "GET https://www.paypal.com/de/home HTTP/1.1\r\nHost: www.paypal.com\r\nUser-Agent: Mozilla/5.0 (Windows NT 10.0; rv:102.0) Gecko/20100101 Firefox/102.0\r\nAccept: text/html,application/xhtml+xml,application/xml;q=0.9,image/avif,image/webp,*/*;q=0.8\r\nAccept-Encoding: gzip, deflate, br\r\nAccept-Language: en-US,en;q=0.5\r\nDNT: 1\r\nConnection: keep-alive\r\nUpgrade-Insecure-Requests: 1\r\nSec-Fetch-Dest: document\r\nSec-Fetch-Mode: navigate\r\nSec-Fetch-Site: cross-site\r\n\r\n",
        "deviation_count": 0,
        "uri": "https://www.paypal.com/de/home",
        "request_length": 457,
        "Response_Time": 1.0159621238708496,
        "status_code": 200,
        "reason_phrase": "OK",
        "error_message": [
            ""
        ],
        "response_header_count": 5,
        "response_header_length": 5,
        "response_body_length": 0,
        "response_header_fields": {
            "connection": "keep-alive",
            "accept-ch": "sec-ch-ua-full, sec-ch-ua-arch, sec-ch-ua-model, sec-ch-ua-platform-version, sec-ch-ua-full-version, sec-ch-ua-full-version-list, sec-ch-ua-bitness, sec-ch-ua-wow64",
            "cache-control": "max-age=0, no-cache, no-store, must-revalidate",
            "content-encoding": "gzip",
            "content-security-policy": "default-src 'self' https://*.paypal.com https://*.paypalobjects.com; frame-src 'self' https://*.paypal.com https://*.paypalobjects.com https://www.youtube-nocookie.com https://www.xoom.com https://*.paypal-mktg.com https://*.qualtrics.com https://6386697.fls.doubleclick.net; script-src 'nonce-V3G7I0+9WrFQMplWQ4paif8hJN2ETEMscoopaKhV4HFXwRpz' 'self' https://*.paypal.com https://*.paypalobjects.com https://assets-cdn.s-xoom.com https://pypd.paypal-mktg.com 'unsafe-inline'; connect-src 'self' https://nominatim.openstreetmap.org https://*.paypal.com https://*.paypalobjects.com https://www.google-analytics.com https://www.analytics.google.com https://region1.google-analytics.com https://region1.analytics.google.com https://*.salesforce.com https://*.force.com https://nexus.ensighten.com https://api.paypal-retaillocator.com https://paypal.us-4.evergage.com https://*.qualtrics.com; style-src 'self' https://*.paypal.com https://*.paypalobjects.com https://assets-cdn.s-xoom.com 'unsafe-inline'; font-src 'self' https://*.paypal.com https://*."
        }
    }
]