number,request,deviation_count,uri,request_length,http_version,Socket_Connect_Time,Socket_Close_Time,Response_Time,status_code,reason_phrase,error_message,response_header_count,response_header_length,response_body_length,response_header_fields
0,"GET https://pages.github.com/?(null) HTTP/1.1
Host: pages.github.com
User-Agent: Mozilla/5.0 (Windows NT 10.0; rv:102.0) Gecko/20100101 Firefox/102.0
Accept: text/html,application/xhtml+xml,application/xml;q=0.9,image/avif,image/webp,*/*;q=0.8
Accept-Encoding: gzip, deflate, br
Accept-Language: en-US,en;q=0.5
DNT: 1
Connection: keep-alive
Upgrade-Insecure-Requests: 1
Sec-Fetch-Dest: document
Sec-Fetch-Mode: navigate
Sec-Fetch-Site: cross-site

",0,https://pages.github.com/?(null),461,HTTP/1.1,0.11316871643066406,0.11318206787109375,0.027275800704956055,200,OK,[''],23,23,0,"{""connection"": ""keep-alive"", ""content-length"": ""3822"", ""server"": ""GitHub.com"", ""content-type"": ""text/html; charset=utf-8"", ""x-origin-cache"": ""HIT"", ""last-modified"": ""Wed, 25 Oct 2023 12:03:31 GMT"", ""access-control-allow-origin"": ""*"", ""etag"": ""W/\""65390413-381c\"""", ""expires"": ""Wed, 25 Oct 2023 12:27:29 GMT"", ""cache-control"": ""max-age=600"", ""content-encoding"": ""gzip"", ""x-proxy-cache"": ""MISS"", ""x-github-request-id"": ""1F80:9F9B:15270B7:15759F9:65390758"", ""accept-ranges"": ""bytes"", ""date"": ""Wed, 25 Oct 2023 12:33:12 GMT"", ""via"": ""1.1 varnish"", ""age"": ""314"", ""x-served-by"": ""cache-fra-eddf8230123-FRA"", ""x-cache"": ""HIT"", ""x-cache-hits"": ""5"", ""x-timer"": ""S1698237193.969822,VS0,VE0"", ""vary"": ""Accept-Encoding"", ""x-fastly-request-id"": ""d03b7e444d94343e65101e5ed66558e0984d7f08""}"
1,"GET https://pages.github.com/?(null) HTTP/1.1
Host: pages.github.com
User-Agent: Mozilla/5.0 (Windows NT 10.0; rv:102.0) Gecko/20100101 Firefox/102.0
Accept: text/html,application/xhtml+xml,application/xml;q=0.9,image/avif,image/webp,*/*;q=0.8
Accept-Encoding: gzip, deflate, br
Accept-Language: en-US,en;q=0.5
DNT: 1
Connection: keep-alive
Upgrade-Insecure-Requests: 1
Sec-Fetch-Dest: document
Sec-Fetch-Mode: navigate
Sec-Fetch-Site: cross-site

",0,https://pages.github.com/?(null),461,HTTP/1.1,0.16427135467529297,0.11272501945495605,0.022538423538208008,200,OK,[''],23,23,0,"{""connection"": ""keep-alive"", ""content-length"": ""3822"", ""server"": ""GitHub.com"", ""content-type"": ""text/html; charset=utf-8"", ""x-origin-cache"": ""HIT"", ""last-modified"": ""Wed, 25 Oct 2023 12:03:31 GMT"", ""access-control-allow-origin"": ""*"", ""etag"": ""W/\""65390413-381c\"""", ""expires"": ""Wed, 25 Oct 2023 12:27:29 GMT"", ""cache-control"": ""max-age=600"", ""content-encoding"": ""gzip"", ""x-proxy-cache"": ""MISS"", ""x-github-request-id"": ""1F80:9F9B:15270B7:15759F9:65390758"", ""accept-ranges"": ""bytes"", ""date"": ""Wed, 25 Oct 2023 12:33:23 GMT"", ""via"": ""1.1 varnish"", ""age"": ""324"", ""x-served-by"": ""cache-fra-eddf8230094-FRA"", ""x-cache"": ""HIT"", ""x-cache-hits"": ""9"", ""x-timer"": ""S1698237204.629523,VS0,VE0"", ""vary"": ""Accept-Encoding"", ""x-fastly-request-id"": ""8adb72c41858893a16f415c6d8b3b6cfadc1c91d""}"
2,"GET https://pages.github.com/?(null) HTTP/1.1
Host: pages.github.com
User-Agent: Mozilla/5.0 (Windows NT 10.0; rv:102.0) Gecko/20100101 Firefox/102.0
Accept: text/html,application/xhtml+xml,application/xml;q=0.9,image/avif,image/webp,*/*;q=0.8
Accept-Encoding: gzip, deflate, br
Accept-Language: en-US,en;q=0.5
DNT: 1
Connection: keep-alive
Upgrade-Insecure-Requests: 1
Sec-Fetch-Dest: document
Sec-Fetch-Mode: navigate
Sec-Fetch-Site: cross-site

",0,https://pages.github.com/?(null),461,HTTP/1.1,0.23714947700500488,0.12006044387817383,0.04008936882019043,200,OK,[''],23,23,0,"{""connection"": ""keep-alive"", ""content-length"": ""3822"", ""server"": ""GitHub.com"", ""content-type"": ""text/html; charset=utf-8"", ""x-origin-cache"": ""HIT"", ""last-modified"": ""Wed, 25 Oct 2023 12:03:31 GMT"", ""access-control-allow-origin"": ""*"", ""etag"": ""W/\""65390413-381c\"""", ""expires"": ""Wed, 25 Oct 2023 12:27:29 GMT"", ""cache-control"": ""max-age=600"", ""content-encoding"": ""gzip"", ""x-proxy-cache"": ""MISS"", ""x-github-request-id"": ""1F80:9F9B:15270B7:15759F9:65390758"", ""accept-ranges"": ""bytes"", ""date"": ""Wed, 25 Oct 2023 12:33:34 GMT"", ""via"": ""1.1 varnish"", ""age"": ""335"", ""x-served-by"": ""cache-fra-eddf8230122-FRA"", ""x-cache"": ""HIT"", ""x-cache-hits"": ""6"", ""x-timer"": ""S1698237215.504360,VS0,VE0"", ""vary"": ""Accept-Encoding"", ""x-fastly-request-id"": ""a4b8195b9236bd08909f0e125eba813ad2e521d6""}"
3,"GET https://pages.github.com/?(null) HTTP/1.1
Host: pages.github.com
User-Agent: Mozilla/5.0 (Windows NT 10.0; rv:102.0) Gecko/20100101 Firefox/102.0
Accept: text/html,application/xhtml+xml,application/xml;q=0.9,image/avif,image/webp,*/*;q=0.8
Accept-Encoding: gzip, deflate, br
Accept-Language: en-US,en;q=0.5
DNT: 1
Connection: keep-alive
Upgrade-Insecure-Requests: 1
Sec-Fetch-Dest: document
Sec-Fetch-Mode: navigate
Sec-Fetch-Site: cross-site

",0,https://pages.github.com/?(null),461,HTTP/1.1,0.16790032386779785,0.10361528396606445,0.017661333084106445,200,OK,[''],23,23,0,"{""connection"": ""keep-alive"", ""content-length"": ""3822"", ""server"": ""GitHub.com"", ""content-type"": ""text/html; charset=utf-8"", ""x-origin-cache"": ""HIT"", ""last-modified"": ""Wed, 25 Oct 2023 12:03:31 GMT"", ""access-control-allow-origin"": ""*"", ""etag"": ""W/\""65390413-381c\"""", ""expires"": ""Wed, 25 Oct 2023 12:27:29 GMT"", ""cache-control"": ""max-age=600"", ""content-encoding"": ""gzip"", ""x-proxy-cache"": ""MISS"", ""x-github-request-id"": ""1F80:9F9B:15270B7:15759F9:65390758"", ""accept-ranges"": ""bytes"", ""date"": ""Wed, 25 Oct 2023 12:33:44 GMT"", ""via"": ""1.1 varnish"", ""age"": ""345"", ""x-served-by"": ""cache-fra-eddf8230034-FRA"", ""x-cache"": ""HIT"", ""x-cache-hits"": ""4"", ""x-timer"": ""S1698237225.948939,VS0,VE1"", ""vary"": ""Accept-Encoding"", ""x-fastly-request-id"": ""d9a51960a2691e91b9cdf1a6a8e25022871fe14b""}"
4,"GET https://pages.github.com/?(null) HTTP/1.1
Host: pages.github.com
User-Agent: Mozilla/5.0 (Windows NT 10.0; rv:102.0) Gecko/20100101 Firefox/102.0
Accept: text/html,application/xhtml+xml,application/xml;q=0.9,image/avif,image/webp,*/*;q=0.8
Accept-Encoding: gzip, deflate, br
Accept-Language: en-US,en;q=0.5
DNT: 1
Connection: keep-alive
Upgrade-Insecure-Requests: 1
Sec-Fetch-Dest: document
Sec-Fetch-Mode: navigate
Sec-Fetch-Site: cross-site

",0,https://pages.github.com/?(null),461,HTTP/1.1,0.1250753402709961,0.1329963207244873,0.03207230567932129,200,OK,[''],23,23,0,"{""connection"": ""keep-alive"", ""content-length"": ""3822"", ""server"": ""GitHub.com"", ""content-type"": ""text/html; charset=utf-8"", ""x-origin-cache"": ""HIT"", ""last-modified"": ""Wed, 25 Oct 2023 12:03:31 GMT"", ""access-control-allow-origin"": ""*"", ""etag"": ""W/\""65390413-381c\"""", ""expires"": ""Wed, 25 Oct 2023 12:27:29 GMT"", ""cache-control"": ""max-age=600"", ""content-encoding"": ""gzip"", ""x-proxy-cache"": ""MISS"", ""x-github-request-id"": ""1F80:9F9B:15270B7:15759F9:65390758"", ""accept-ranges"": ""bytes"", ""date"": ""Wed, 25 Oct 2023 12:33:55 GMT"", ""via"": ""1.1 varnish"", ""age"": ""355"", ""x-served-by"": ""cache-fra-eddf8230076-FRA"", ""x-cache"": ""HIT"", ""x-cache-hits"": ""4"", ""x-timer"": ""S1698237235.280782,VS0,VE0"", ""vary"": ""Accept-Encoding"", ""x-fastly-request-id"": ""35875b853b4c58464dd191f8454a813f0f1d8e9e""}"
5,"GET https://pages.github.com/?(null) HTTP/1.1
Host: pages.github.com
User-Agent: Mozilla/5.0 (Windows NT 10.0; rv:102.0) Gecko/20100101 Firefox/102.0
Accept: text/html,application/xhtml+xml,application/xml;q=0.9,image/avif,image/webp,*/*;q=0.8
Accept-Encoding: gzip, deflate, br
Accept-Language: en-US,en;q=0.5
DNT: 1
Connection: keep-alive
Upgrade-Insecure-Requests: 1
Sec-Fetch-Dest: document
Sec-Fetch-Mode: navigate
Sec-Fetch-Site: cross-site

",0,https://pages.github.com/?(null),461,HTTP/1.1,0.173814058303833,0.11141133308410645,0.02994370460510254,200,OK,[''],23,23,0,"{""connection"": ""keep-alive"", ""content-length"": ""3822"", ""server"": ""GitHub.com"", ""content-type"": ""text/html; charset=utf-8"", ""x-origin-cache"": ""HIT"", ""last-modified"": ""Wed, 25 Oct 2023 12:03:31 GMT"", ""access-control-allow-origin"": ""*"", ""etag"": ""W/\""65390413-381c\"""", ""expires"": ""Wed, 25 Oct 2023 12:27:29 GMT"", ""cache-control"": ""max-age=600"", ""content-encoding"": ""gzip"", ""x-proxy-cache"": ""MISS"", ""x-github-request-id"": ""1F80:9F9B:15270B7:15759F9:65390758"", ""accept-ranges"": ""bytes"", ""date"": ""Wed, 25 Oct 2023 12:34:05 GMT"", ""via"": ""1.1 varnish"", ""age"": ""367"", ""x-served-by"": ""cache-fra-eddf8230070-FRA"", ""x-cache"": ""HIT"", ""x-cache-hits"": ""7"", ""x-timer"": ""S1698237246.842950,VS0,VE0"", ""vary"": ""Accept-Encoding"", ""x-fastly-request-id"": ""a24f2d017136c082368a29363fa64a155d1de544""}"
6,"GET https://pages.github.com/?(null) HTTP/1.1
Host: pages.github.com
User-Agent: Mozilla/5.0 (Windows NT 10.0; rv:102.0) Gecko/20100101 Firefox/102.0
Accept: text/html,application/xhtml+xml,application/xml;q=0.9,image/avif,image/webp,*/*;q=0.8
Accept-Encoding: gzip, deflate, br
Accept-Language: en-US,en;q=0.5
DNT: 1
Connection: keep-alive
Upgrade-Insecure-Requests: 1
Sec-Fetch-Dest: document
Sec-Fetch-Mode: navigate
Sec-Fetch-Site: cross-site

",0,https://pages.github.com/?(null),461,HTTP/1.1,0.28839802742004395,0.10375499725341797,0.017302513122558594,200,OK,[''],23,23,0,"{""connection"": ""keep-alive"", ""content-length"": ""3822"", ""server"": ""GitHub.com"", ""content-type"": ""text/html; charset=utf-8"", ""x-origin-cache"": ""HIT"", ""last-modified"": ""Wed, 25 Oct 2023 12:03:31 GMT"", ""access-control-allow-origin"": ""*"", ""etag"": ""W/\""65390413-381c\"""", ""expires"": ""Wed, 25 Oct 2023 12:27:29 GMT"", ""cache-control"": ""max-age=600"", ""content-encoding"": ""gzip"", ""x-proxy-cache"": ""MISS"", ""x-github-request-id"": ""1F80:9F9B:15270B7:15759F9:65390758"", ""accept-ranges"": ""bytes"", ""date"": ""Wed, 25 Oct 2023 12:34:15 GMT"", ""via"": ""1.1 varnish"", ""age"": ""377"", ""x-served-by"": ""cache-fra-eddf8230116-FRA"", ""x-cache"": ""HIT"", ""x-cache-hits"": ""7"", ""x-timer"": ""S1698237256.965460,VS0,VE0"", ""vary"": ""Accept-Encoding"", ""x-fastly-request-id"": ""22720c5c111ac5b83d973b0e006a67859b294f08""}"
7,"GET https://pages.github.com/?(null) HTTP/1.1
Host: pages.github.com
User-Agent: Mozilla/5.0 (Windows NT 10.0; rv:102.0) Gecko/20100101 Firefox/102.0
Accept: text/html,application/xhtml+xml,application/xml;q=0.9,image/avif,image/webp,*/*;q=0.8
Accept-Encoding: gzip, deflate, br
Accept-Language: en-US,en;q=0.5
DNT: 1
Connection: keep-alive
Upgrade-Insecure-Requests: 1
Sec-Fetch-Dest: document
Sec-Fetch-Mode: navigate
Sec-Fetch-Site: cross-site

",0,https://pages.github.com/?(null),461,HTTP/1.1,0.12923526763916016,0.10831689834594727,0.03316140174865723,200,OK,[''],23,23,0,"{""connection"": ""keep-alive"", ""content-length"": ""3822"", ""server"": ""GitHub.com"", ""content-type"": ""text/html; charset=utf-8"", ""x-origin-cache"": ""HIT"", ""last-modified"": ""Wed, 25 Oct 2023 12:03:31 GMT"", ""access-control-allow-origin"": ""*"", ""etag"": ""W/\""65390413-381c\"""", ""expires"": ""Wed, 25 Oct 2023 12:27:29 GMT"", ""cache-control"": ""max-age=600"", ""content-encoding"": ""gzip"", ""x-proxy-cache"": ""MISS"", ""x-github-request-id"": ""1F80:9F9B:15270B7:15759F9:65390758"", ""accept-ranges"": ""bytes"", ""date"": ""Wed, 25 Oct 2023 12:34:26 GMT"", ""via"": ""1.1 varnish"", ""age"": ""387"", ""x-served-by"": ""cache-fra-eddf8230138-FRA"", ""x-cache"": ""HIT"", ""x-cache-hits"": ""6"", ""x-timer"": ""S1698237266.319546,VS0,VE1"", ""vary"": ""Accept-Encoding"", ""x-fastly-request-id"": ""ebd4073e078a41c2cf25f1617c7d2713b52dcaf3""}"
8,"GET https://pages.github.com/?(null) HTTP/1.1
Host: pages.github.com
User-Agent: Mozilla/5.0 (Windows NT 10.0; rv:102.0) Gecko/20100101 Firefox/102.0
Accept: text/html,application/xhtml+xml,application/xml;q=0.9,image/avif,image/webp,*/*;q=0.8
Accept-Encoding: gzip, deflate, br
Accept-Language: en-US,en;q=0.5
DNT: 1
Connection: keep-alive
Upgrade-Insecure-Requests: 1
Sec-Fetch-Dest: document
Sec-Fetch-Mode: navigate
Sec-Fetch-Site: cross-site

",0,https://pages.github.com/?(null),461,HTTP/1.1,0.06448960304260254,0.1128380298614502,0.022185564041137695,200,OK,[''],23,23,0,"{""connection"": ""keep-alive"", ""content-length"": ""3822"", ""server"": ""GitHub.com"", ""content-type"": ""text/html; charset=utf-8"", ""x-origin-cache"": ""HIT"", ""last-modified"": ""Wed, 25 Oct 2023 12:03:31 GMT"", ""access-control-allow-origin"": ""*"", ""etag"": ""W/\""65390413-381c\"""", ""expires"": ""Wed, 25 Oct 2023 12:27:29 GMT"", ""cache-control"": ""max-age=600"", ""content-encoding"": ""gzip"", ""x-proxy-cache"": ""MISS"", ""x-github-request-id"": ""1F80:9F9B:15270B7:15759F9:65390758"", ""accept-ranges"": ""bytes"", ""date"": ""Wed, 25 Oct 2023 12:34:36 GMT"", ""via"": ""1.1 varnish"", ""age"": ""397"", ""x-served-by"": ""cache-fra-eddf8230064-FRA"", ""x-cache"": ""HIT"", ""x-cache-hits"": ""7"", ""x-timer"": ""S1698237277.576547,VS0,VE0"", ""vary"": ""Accept-Encoding"", ""x-fastly-request-id"": ""e668b1abea9a3a7e6429879f3e32ce461e6c8ae8""}"
9,"GET https://pages.github.com/?(null) HTTP/1.1
Host: pages.github.com
User-Agent: Mozilla/5.0 (Windows NT 10.0; rv:102.0) Gecko/20100101 Firefox/102.0
Accept: text/html,application/xhtml+xml,application/xml;q=0.9,image/avif,image/webp,*/*;q=0.8
Accept-Encoding: gzip, deflate, br
Accept-Language: en-US,en;q=0.5
DNT: 1
Connection: keep-alive
Upgrade-Insecure-Requests: 1
Sec-Fetch-Dest: document
Sec-Fetch-Mode: navigate
Sec-Fetch-Site: cross-site

",0,https://pages.github.com/?(null),461,HTTP/1.1,0.1582627296447754,0.11420774459838867,0.03258705139160156,200,OK,[''],23,23,0,"{""connection"": ""keep-alive"", ""content-length"": ""3822"", ""server"": ""GitHub.com"", ""content-type"": ""text/html; charset=utf-8"", ""x-origin-cache"": ""HIT"", ""last-modified"": ""Wed, 25 Oct 2023 12:03:31 GMT"", ""access-control-allow-origin"": ""*"", ""etag"": ""W/\""65390413-381c\"""", ""expires"": ""Wed, 25 Oct 2023 12:27:29 GMT"", ""cache-control"": ""max-age=600"", ""content-encoding"": ""gzip"", ""x-proxy-cache"": ""MISS"", ""x-github-request-id"": ""1F80:9F9B:15270B7:15759F9:65390758"", ""accept-ranges"": ""bytes"", ""date"": ""Wed, 25 Oct 2023 12:34:46 GMT"", ""via"": ""1.1 varnish"", ""age"": ""407"", ""x-served-by"": ""cache-fra-eddf8230030-FRA"", ""x-cache"": ""HIT"", ""x-cache-hits"": ""8"", ""x-timer"": ""S1698237286.330854,VS0,VE0"", ""vary"": ""Accept-Encoding"", ""x-fastly-request-id"": ""2e5d4fa86a9f89949f0ab8c05d12a5a3c708ea95""}"
