,Attempt No.,uri,Deviation Count,Status Code,Response_Time,response_header_count,response_header_length,response_body_length,response_header_fields
0,0,https://www.microsoft.com/en-us/microsoft-365/outlook/email-and-calendar-software-microsoft-outlook?deeplink=%2fowa%2f&sdf=0,0,200,0.4846041202545166,21,21,14880,"{'content-type': 'text/html;charset=utf-8', 'set-cookie': 'AEMDC=westeurope; path=/; secure; SameSite=None', 'x-dispatcher': 'dispatcher2westeurope', 'x-rtag': 'AEM_PROD_Marketing', 'ms-cv-esi': 'CASMicrosoftCV695246f8.0', 'ms-cv': 'CASMicrosoftCV695246f8.0', 'strict-transport-security': 'max-age=31536000', 'tls_version': 'tls1.3', 'vary': 'Accept-Encoding', 'x-edgeconnect-origin-mex-latency': '10', 'x-edgeconnect-midmile-rtt': '0', 'x-frame-options': 'SAMEORIGIN', 'etag': '""1c143-60884d217f227-gzip""', 'ms-commit-id': 'b1244c2', 'x-content-type-options': 'nosniff', 'x-vhost': 'publish_microsoft_s', 'cache-control': 'max-age=0,s-maxage=28800', 'content-encoding': 'gzip', 'date': 'Wed, 25 Oct 2023 12:33:20 GMT', 'content-length': '25014', 'connection': 'keep-alive'}"
1,1,https://www.microsoft.com/en-us/microsoft-365/outlook/email-and-calendar-software-microsoft-outlook?deeplink=%2fowa%2f&sdf=0,0,200,0.6417396068572998,21,21,14868,"{'content-type': 'text/html;charset=utf-8', 'set-cookie': 'AEMDC=westeurope; path=/; secure; SameSite=None', 'x-dispatcher': 'dispatcher2westeurope', 'x-rtag': 'AEM_PROD_Marketing', 'ms-cv-esi': 'CASMicrosoftCVe3488a7b.0', 'ms-cv': 'CASMicrosoftCVe3488a7b.0', 'strict-transport-security': 'max-age=31536000', 'tls_version': 'tls1.3', 'vary': 'Accept-Encoding', 'x-edgeconnect-origin-mex-latency': '10', 'x-edgeconnect-midmile-rtt': '0', 'x-frame-options': 'SAMEORIGIN', 'etag': '""1c143-60884d217f227-gzip""', 'ms-commit-id': 'b1244c2', 'x-content-type-options': 'nosniff', 'x-vhost': 'publish_microsoft_s', 'cache-control': 'max-age=0,s-maxage=28800', 'content-encoding': 'gzip', 'date': 'Wed, 25 Oct 2023 12:33:31 GMT', 'content-length': '25014', 'connection': 'keep-alive'}"
2,2,https://www.microsoft.com/en-us/microsoft-365/outlook/email-and-calendar-software-microsoft-outlook?deeplink=%2fowa%2f&sdf=0,0,200,0.8653867244720459,19,19,14908,"{'content-type': 'text/html;charset=utf-8', 'set-cookie': 'AEMDC=westeurope; path=/; secure; SameSite=None', 'x-dispatcher': 'dispatcher2westeurope', 'x-rtag': 'AEM_PROD_Marketing', 'ms-cv-esi': 'CASMicrosoftCV5713babe.0', 'ms-cv': 'CASMicrosoftCV5713babe.0', 'strict-transport-security': 'max-age=31536000', 'tls_version': 'tls1.3', 'vary': 'Accept-Encoding', 'x-frame-options': 'SAMEORIGIN', 'etag': '""1c143-60884d217f227-gzip""', 'ms-commit-id': 'b1244c2', 'x-content-type-options': 'nosniff', 'x-vhost': 'publish_microsoft_s', 'cache-control': 'max-age=0,s-maxage=28800', 'content-encoding': 'gzip', 'date': 'Wed, 25 Oct 2023 12:33:43 GMT', 'content-length': '25016', 'connection': 'keep-alive'}"
3,3,https://www.microsoft.com/en-us/microsoft-365/outlook/email-and-calendar-software-microsoft-outlook?deeplink=%2fowa%2f&sdf=0,0,200,0.7859866619110107,21,21,14875,"{'content-type': 'text/html;charset=utf-8', 'set-cookie': 'AEMDC=westeurope; path=/; secure; SameSite=None', 'x-dispatcher': 'dispatcher2westeurope', 'x-rtag': 'AEM_PROD_Marketing', 'ms-cv-esi': 'CASMicrosoftCVe35b57db.0', 'ms-cv': 'CASMicrosoftCVe35b57db.0', 'strict-transport-security': 'max-age=31536000', 'tls_version': 'tls1.3', 'vary': 'Accept-Encoding', 'x-edgeconnect-origin-mex-latency': '10', 'x-edgeconnect-midmile-rtt': '0', 'x-frame-options': 'SAMEORIGIN', 'etag': '""1c143-60884d217f227-gzip""', 'ms-commit-id': 'b1244c2', 'x-content-type-options': 'nosniff', 'x-vhost': 'publish_microsoft_s', 'cache-control': 'max-age=0,s-maxage=28800', 'content-encoding': 'gzip', 'date': 'Wed, 25 Oct 2023 12:33:54 GMT', 'content-length': '25013', 'connection': 'keep-alive'}"
4,4,https://www.microsoft.com/en-us/microsoft-365/outlook/email-and-calendar-software-microsoft-outlook?deeplink=%2fowa%2f&sdf=0,0,200,0.38011765480041504,21,21,14883,"{'content-type': 'text/html;charset=utf-8', 'set-cookie': 'AEMDC=westeurope; path=/; secure; SameSite=None', 'x-dispatcher': 'dispatcher2westeurope', 'x-rtag': 'AEM_PROD_Marketing', 'ms-cv-esi': 'CASMicrosoftCV1477a8f4.0', 'ms-cv': 'CASMicrosoftCV1477a8f4.0', 'strict-transport-security': 'max-age=31536000', 'tls_version': 'tls1.3', 'vary': 'Accept-Encoding', 'x-edgeconnect-origin-mex-latency': '10', 'x-edgeconnect-midmile-rtt': '0', 'x-frame-options': 'SAMEORIGIN', 'etag': '""1c143-60884d217f227-gzip""', 'ms-commit-id': 'b1244c2', 'x-content-type-options': 'nosniff', 'x-vhost': 'publish_microsoft_s', 'cache-control': 'max-age=0,s-maxage=28800', 'content-encoding': 'gzip', 'date': 'Wed, 25 Oct 2023 12:34:04 GMT', 'content-length': '25014', 'connection': 'keep-alive'}"
5,5,https://www.microsoft.com/en-us/microsoft-365/outlook/email-and-calendar-software-microsoft-outlook?deeplink=%2fowa%2f&sdf=0,0,200,1.7958664894104004,21,21,14874,"{'content-type': 'text/html;charset=utf-8', 'set-cookie': 'AEMDC=westeurope; path=/; secure; SameSite=None', 'x-dispatcher': 'dispatcher2westeurope', 'x-rtag': 'AEM_PROD_Marketing', 'ms-cv-esi': 'CASMicrosoftCV51ad7b6f.0', 'ms-cv': 'CASMicrosoftCV51ad7b6f.0', 'strict-transport-security': 'max-age=31536000', 'tls_version': 'tls1.3', 'vary': 'Accept-Encoding', 'x-edgeconnect-origin-mex-latency': '10', 'x-edgeconnect-midmile-rtt': '0', 'x-frame-options': 'SAMEORIGIN', 'etag': '""1c143-60884d217f227-gzip""', 'ms-commit-id': 'b1244c2', 'x-content-type-options': 'nosniff', 'x-vhost': 'publish_microsoft_s', 'cache-control': 'max-age=0,s-maxage=28800', 'content-encoding': 'gzip', 'date': 'Wed, 25 Oct 2023 12:34:15 GMT', 'content-length': '25014', 'connection': 'keep-alive'}"
6,6,https://www.microsoft.com/en-us/microsoft-365/outlook/email-and-calendar-software-microsoft-outlook?deeplink=%2fowa%2f&sdf=0,0,200,1.070432186126709,19,19,14941,"{'content-type': 'text/html;charset=utf-8', 'set-cookie': 'AEMDC=westeurope; path=/; secure; SameSite=None', 'x-dispatcher': 'dispatcher2westeurope', 'x-rtag': 'AEM_PROD_Marketing', 'ms-cv-esi': 'CASMicrosoftCV15ca4428.0', 'ms-cv': 'CASMicrosoftCV15ca4428.0', 'strict-transport-security': 'max-age=31536000', 'tls_version': 'tls1.3', 'vary': 'Accept-Encoding', 'x-frame-options': 'SAMEORIGIN', 'etag': '""1c143-60884d217f227-gzip""', 'ms-commit-id': 'b1244c2', 'x-content-type-options': 'nosniff', 'x-vhost': 'publish_microsoft_s', 'cache-control': 'max-age=0,s-maxage=28800', 'content-encoding': 'gzip', 'date': 'Wed, 25 Oct 2023 12:34:27 GMT', 'content-length': '25013', 'connection': 'keep-alive'}"
7,7,https://www.microsoft.com/en-us/microsoft-365/outlook/email-and-calendar-software-microsoft-outlook?deeplink=%2fowa%2f&sdf=0,0,200,0.44496631622314453,21,21,14871,"{'content-type': 'text/html;charset=utf-8', 'set-cookie': 'AEMDC=westeurope; path=/; secure; SameSite=None', 'x-dispatcher': 'dispatcher2westeurope', 'x-rtag': 'AEM_PROD_Marketing', 'ms-cv-esi': 'CASMicrosoftCV169f1612.0', 'ms-cv': 'CASMicrosoftCV169f1612.0', 'strict-transport-security': 'max-age=31536000', 'tls_version': 'tls1.3', 'vary': 'Accept-Encoding', 'x-edgeconnect-origin-mex-latency': '10', 'x-edgeconnect-midmile-rtt': '0', 'x-frame-options': 'SAMEORIGIN', 'etag': '""1c143-60884d217f227-gzip""', 'ms-commit-id': 'b1244c2', 'x-content-type-options': 'nosniff', 'x-vhost': 'publish_microsoft_s', 'cache-control': 'max-age=0,s-maxage=28800', 'content-encoding': 'gzip', 'date': 'Wed, 25 Oct 2023 12:34:38 GMT', 'content-length': '25014', 'connection': 'keep-alive'}"
8,8,https://www.microsoft.com/en-us/microsoft-365/outlook/email-and-calendar-software-microsoft-outlook?deeplink=%2fowa%2f&sdf=0,0,200,0.9659852981567383,21,21,14869,"{'content-type': 'text/html;charset=utf-8', 'set-cookie': 'AEMDC=westeurope; path=/; secure; SameSite=None', 'x-dispatcher': 'dispatcher2westeurope', 'x-rtag': 'AEM_PROD_Marketing', 'ms-cv-esi': 'CASMicrosoftCV147a5a6b.0', 'ms-cv': 'CASMicrosoftCV147a5a6b.0', 'strict-transport-security': 'max-age=31536000', 'tls_version': 'tls1.3', 'vary': 'Accept-Encoding', 'x-edgeconnect-origin-mex-latency': '10', 'x-edgeconnect-midmile-rtt': '0', 'x-frame-options': 'SAMEORIGIN', 'etag': '""1c143-60884d217f227-gzip""', 'ms-commit-id': 'b1244c2', 'x-content-type-options': 'nosniff', 'x-vhost': 'publish_microsoft_s', 'cache-control': 'max-age=0,s-maxage=28800', 'content-encoding': 'gzip', 'date': 'Wed, 25 Oct 2023 12:34:48 GMT', 'content-length': '25014', 'connection': 'keep-alive'}"
9,9,https://www.microsoft.com/en-us/microsoft-365/outlook/email-and-calendar-software-microsoft-outlook?deeplink=%2fowa%2f&sdf=0,0,200,0.44658565521240234,21,21,14877,"{'content-type': 'text/html;charset=utf-8', 'set-cookie': 'AEMDC=westeurope; path=/; secure; SameSite=None', 'x-dispatcher': 'dispatcher2westeurope', 'x-rtag': 'AEM_PROD_Marketing', 'ms-cv-esi': 'CASMicrosoftCV51af26b1.0', 'ms-cv': 'CASMicrosoftCV51af26b1.0', 'strict-transport-security': 'max-age=31536000', 'tls_version': 'tls1.3', 'vary': 'Accept-Encoding', 'x-edgeconnect-origin-mex-latency': '10', 'x-edgeconnect-midmile-rtt': '0', 'x-frame-options': 'SAMEORIGIN', 'etag': '""1c143-60884d217f227-gzip""', 'ms-commit-id': 'b1244c2', 'x-content-type-options': 'nosniff', 'x-vhost': 'publish_microsoft_s', 'cache-control': 'max-age=0,s-maxage=28800', 'content-encoding': 'gzip', 'date': 'Wed, 25 Oct 2023 12:34:59 GMT', 'content-length': '25013', 'connection': 'keep-alive'}"
