number,request,deviation_count,uri,request_length,http_version,Socket_Connect_Time,Socket_Close_Time,Response_Time,status_code,reason_phrase,error_message,response_header_count,response_header_length,response_body_length,response_header_fields
0,"GET https://www.microsoft.com/en-us/microsoft-365/outlook/email-and-calendar-software-microsoft-outlook?deeplink=%2fowa%2f&sdf=0 HTTP/1.1
Host: www.microsoft.com
User-Agent: Mozilla/5.0 (Windows NT 10.0; rv:102.0) Gecko/20100101 Firefox/102.0
Accept: text/html,application/xhtml+xml,application/xml;q=0.9,image/avif,image/webp,*/*;q=0.8
Accept-Encoding: gzip, deflate, br
Accept-Language: en-US,en;q=0.5
DNT: 1
Connection: keep-alive
Upgrade-Insecure-Requests: 1
Sec-Fetch-Dest: document
Sec-Fetch-Mode: navigate
Sec-Fetch-Site: cross-site

",0,https://www.microsoft.com/en-us/microsoft-365/outlook/email-and-calendar-software-microsoft-outlook?deeplink=%2fowa%2f&sdf=0,554,HTTP/1.1,0.20619416236877441,0.10244512557983398,0.4846041202545166,200,OK,[''],21,21,14880,"{""content-type"": ""text/html;charset=utf-8"", ""set-cookie"": ""AEMDC=westeurope; path=/; secure; SameSite=None"", ""x-dispatcher"": ""dispatcher2westeurope"", ""x-rtag"": ""AEM_PROD_Marketing"", ""ms-cv-esi"": ""CASMicrosoftCV695246f8.0"", ""ms-cv"": ""CASMicrosoftCV695246f8.0"", ""strict-transport-security"": ""max-age=31536000"", ""tls_version"": ""tls1.3"", ""vary"": ""Accept-Encoding"", ""x-edgeconnect-origin-mex-latency"": ""10"", ""x-edgeconnect-midmile-rtt"": ""0"", ""x-frame-options"": ""SAMEORIGIN"", ""etag"": ""\""1c143-60884d217f227-gzip\"""", ""ms-commit-id"": ""b1244c2"", ""x-content-type-options"": ""nosniff"", ""x-vhost"": ""publish_microsoft_s"", ""cache-control"": ""max-age=0,s-maxage=28800"", ""content-encoding"": ""gzip"", ""date"": ""Wed, 25 Oct 2023 12:33:20 GMT"", ""content-length"": ""25014"", ""connection"": ""keep-alive""}"
1,"GET https://www.microsoft.com/en-us/microsoft-365/outlook/email-and-calendar-software-microsoft-outlook?deeplink=%2fowa%2f&sdf=0 HTTP/1.1
Host: www.microsoft.com
User-Agent: Mozilla/5.0 (Windows NT 10.0; rv:102.0) Gecko/20100101 Firefox/102.0
Accept: text/html,application/xhtml+xml,application/xml;q=0.9,image/avif,image/webp,*/*;q=0.8
Accept-Encoding: gzip, deflate, br
Accept-Language: en-US,en;q=0.5
DNT: 1
Connection: keep-alive
Upgrade-Insecure-Requests: 1
Sec-Fetch-Dest: document
Sec-Fetch-Mode: navigate
Sec-Fetch-Site: cross-site

",0,https://www.microsoft.com/en-us/microsoft-365/outlook/email-and-calendar-software-microsoft-outlook?deeplink=%2fowa%2f&sdf=0,554,HTTP/1.1,0.10851550102233887,0.11233377456665039,0.6417396068572998,200,OK,[''],21,21,14868,"{""content-type"": ""text/html;charset=utf-8"", ""set-cookie"": ""AEMDC=westeurope; path=/; secure; SameSite=None"", ""x-dispatcher"": ""dispatcher2westeurope"", ""x-rtag"": ""AEM_PROD_Marketing"", ""ms-cv-esi"": ""CASMicrosoftCVe3488a7b.0"", ""ms-cv"": ""CASMicrosoftCVe3488a7b.0"", ""strict-transport-security"": ""max-age=31536000"", ""tls_version"": ""tls1.3"", ""vary"": ""Accept-Encoding"", ""x-edgeconnect-origin-mex-latency"": ""10"", ""x-edgeconnect-midmile-rtt"": ""0"", ""x-frame-options"": ""SAMEORIGIN"", ""etag"": ""\""1c143-60884d217f227-gzip\"""", ""ms-commit-id"": ""b1244c2"", ""x-content-type-options"": ""nosniff"", ""x-vhost"": ""publish_microsoft_s"", ""cache-control"": ""max-age=0,s-maxage=28800"", ""content-encoding"": ""gzip"", ""date"": ""Wed, 25 Oct 2023 12:33:31 GMT"", ""content-length"": ""25014"", ""connection"": ""keep-alive""}"
2,"GET https://www.microsoft.com/en-us/microsoft-365/outlook/email-and-calendar-software-microsoft-outlook?deeplink=%2fowa%2f&sdf=0 HTTP/1.1
Host: www.microsoft.com
User-Agent: Mozilla/5.0 (Windows NT 10.0; rv:102.0) Gecko/20100101 Firefox/102.0
Accept: text/html,application/xhtml+xml,application/xml;q=0.9,image/avif,image/webp,*/*;q=0.8
Accept-Encoding: gzip, deflate, br
Accept-Language: en-US,en;q=0.5
DNT: 1
Connection: keep-alive
Upgrade-Insecure-Requests: 1
Sec-Fetch-Dest: document
Sec-Fetch-Mode: navigate
Sec-Fetch-Site: cross-site

",0,https://www.microsoft.com/en-us/microsoft-365/outlook/email-and-calendar-software-microsoft-outlook?deeplink=%2fowa%2f&sdf=0,554,HTTP/1.1,0.15054941177368164,0.1219794750213623,0.8653867244720459,200,OK,[''],19,19,14908,"{""content-type"": ""text/html;charset=utf-8"", ""set-cookie"": ""AEMDC=westeurope; path=/; secure; SameSite=None"", ""x-dispatcher"": ""dispatcher2westeurope"", ""x-rtag"": ""AEM_PROD_Marketing"", ""ms-cv-esi"": ""CASMicrosoftCV5713babe.0"", ""ms-cv"": ""CASMicrosoftCV5713babe.0"", ""strict-transport-security"": ""max-age=31536000"", ""tls_version"": ""tls1.3"", ""vary"": ""Accept-Encoding"", ""x-frame-options"": ""SAMEORIGIN"", ""etag"": ""\""1c143-60884d217f227-gzip\"""", ""ms-commit-id"": ""b1244c2"", ""x-content-type-options"": ""nosniff"", ""x-vhost"": ""publish_microsoft_s"", ""cache-control"": ""max-age=0,s-maxage=28800"", ""content-encoding"": ""gzip"", ""date"": ""Wed, 25 Oct 2023 12:33:43 GMT"", ""content-length"": ""25016"", ""connection"": ""keep-alive""}"
3,"GET https://www.microsoft.com/en-us/microsoft-365/outlook/email-and-calendar-software-microsoft-outlook?deeplink=%2fowa%2f&sdf=0 HTTP/1.1
Host: www.microsoft.com
User-Agent: Mozilla/5.0 (Windows NT 10.0; rv:102.0) Gecko/20100101 Firefox/102.0
Accept: text/html,application/xhtml+xml,application/xml;q=0.9,image/avif,image/webp,*/*;q=0.8
Accept-Encoding: gzip, deflate, br
Accept-Language: en-US,en;q=0.5
DNT: 1
Connection: keep-alive
Upgrade-Insecure-Requests: 1
Sec-Fetch-Dest: document
Sec-Fetch-Mode: navigate
Sec-Fetch-Site: cross-site

",0,https://www.microsoft.com/en-us/microsoft-365/outlook/email-and-calendar-software-microsoft-outlook?deeplink=%2fowa%2f&sdf=0,554,HTTP/1.1,0.08857560157775879,0.12251615524291992,0.7859866619110107,200,OK,[''],21,21,14875,"{""content-type"": ""text/html;charset=utf-8"", ""set-cookie"": ""AEMDC=westeurope; path=/; secure; SameSite=None"", ""x-dispatcher"": ""dispatcher2westeurope"", ""x-rtag"": ""AEM_PROD_Marketing"", ""ms-cv-esi"": ""CASMicrosoftCVe35b57db.0"", ""ms-cv"": ""CASMicrosoftCVe35b57db.0"", ""strict-transport-security"": ""max-age=31536000"", ""tls_version"": ""tls1.3"", ""vary"": ""Accept-Encoding"", ""x-edgeconnect-origin-mex-latency"": ""10"", ""x-edgeconnect-midmile-rtt"": ""0"", ""x-frame-options"": ""SAMEORIGIN"", ""etag"": ""\""1c143-60884d217f227-gzip\"""", ""ms-commit-id"": ""b1244c2"", ""x-content-type-options"": ""nosniff"", ""x-vhost"": ""publish_microsoft_s"", ""cache-control"": ""max-age=0,s-maxage=28800"", ""content-encoding"": ""gzip"", ""date"": ""Wed, 25 Oct 2023 12:33:54 GMT"", ""content-length"": ""25013"", ""connection"": ""keep-alive""}"
4,"GET https://www.microsoft.com/en-us/microsoft-365/outlook/email-and-calendar-software-microsoft-outlook?deeplink=%2fowa%2f&sdf=0 HTTP/1.1
Host: www.microsoft.com
User-Agent: Mozilla/5.0 (Windows NT 10.0; rv:102.0) Gecko/20100101 Firefox/102.0
Accept: text/html,application/xhtml+xml,application/xml;q=0.9,image/avif,image/webp,*/*;q=0.8
Accept-Encoding: gzip, deflate, br
Accept-Language: en-US,en;q=0.5
DNT: 1
Connection: keep-alive
Upgrade-Insecure-Requests: 1
Sec-Fetch-Dest: document
Sec-Fetch-Mode: navigate
Sec-Fetch-Site: cross-site

",0,https://www.microsoft.com/en-us/microsoft-365/outlook/email-and-calendar-software-microsoft-outlook?deeplink=%2fowa%2f&sdf=0,554,HTTP/1.1,0.08585596084594727,0.13189172744750977,0.38011765480041504,200,OK,[''],21,21,14883,"{""content-type"": ""text/html;charset=utf-8"", ""set-cookie"": ""AEMDC=westeurope; path=/; secure; SameSite=None"", ""x-dispatcher"": ""dispatcher2westeurope"", ""x-rtag"": ""AEM_PROD_Marketing"", ""ms-cv-esi"": ""CASMicrosoftCV1477a8f4.0"", ""ms-cv"": ""CASMicrosoftCV1477a8f4.0"", ""strict-transport-security"": ""max-age=31536000"", ""tls_version"": ""tls1.3"", ""vary"": ""Accept-Encoding"", ""x-edgeconnect-origin-mex-latency"": ""10"", ""x-edgeconnect-midmile-rtt"": ""0"", ""x-frame-options"": ""SAMEORIGIN"", ""etag"": ""\""1c143-60884d217f227-gzip\"""", ""ms-commit-id"": ""b1244c2"", ""x-content-type-options"": ""nosniff"", ""x-vhost"": ""publish_microsoft_s"", ""cache-control"": ""max-age=0,s-maxage=28800"", ""content-encoding"": ""gzip"", ""date"": ""Wed, 25 Oct 2023 12:34:04 GMT"", ""content-length"": ""25014"", ""connection"": ""keep-alive""}"
5,"GET https://www.microsoft.com/en-us/microsoft-365/outlook/email-and-calendar-software-microsoft-outlook?deeplink=%2fowa%2f&sdf=0 HTTP/1.1
Host: www.microsoft.com
User-Agent: Mozilla/5.0 (Windows NT 10.0; rv:102.0) Gecko/20100101 Firefox/102.0
Accept: text/html,application/xhtml+xml,application/xml;q=0.9,image/avif,image/webp,*/*;q=0.8
Accept-Encoding: gzip, deflate, br
Accept-Language: en-US,en;q=0.5
DNT: 1
Connection: keep-alive
Upgrade-Insecure-Requests: 1
Sec-Fetch-Dest: document
Sec-Fetch-Mode: navigate
Sec-Fetch-Site: cross-site

",0,https://www.microsoft.com/en-us/microsoft-365/outlook/email-and-calendar-software-microsoft-outlook?deeplink=%2fowa%2f&sdf=0,554,HTTP/1.1,0.1260240077972412,0.12610983848571777,1.7958664894104004,200,OK,[''],21,21,14874,"{""content-type"": ""text/html;charset=utf-8"", ""set-cookie"": ""AEMDC=westeurope; path=/; secure; SameSite=None"", ""x-dispatcher"": ""dispatcher2westeurope"", ""x-rtag"": ""AEM_PROD_Marketing"", ""ms-cv-esi"": ""CASMicrosoftCV51ad7b6f.0"", ""ms-cv"": ""CASMicrosoftCV51ad7b6f.0"", ""strict-transport-security"": ""max-age=31536000"", ""tls_version"": ""tls1.3"", ""vary"": ""Accept-Encoding"", ""x-edgeconnect-origin-mex-latency"": ""10"", ""x-edgeconnect-midmile-rtt"": ""0"", ""x-frame-options"": ""SAMEORIGIN"", ""etag"": ""\""1c143-60884d217f227-gzip\"""", ""ms-commit-id"": ""b1244c2"", ""x-content-type-options"": ""nosniff"", ""x-vhost"": ""publish_microsoft_s"", ""cache-control"": ""max-age=0,s-maxage=28800"", ""content-encoding"": ""gzip"", ""date"": ""Wed, 25 Oct 2023 12:34:15 GMT"", ""content-length"": ""25014"", ""connection"": ""keep-alive""}"
6,"GET https://www.microsoft.com/en-us/microsoft-365/outlook/email-and-calendar-software-microsoft-outlook?deeplink=%2fowa%2f&sdf=0 HTTP/1.1
Host: www.microsoft.com
User-Agent: Mozilla/5.0 (Windows NT 10.0; rv:102.0) Gecko/20100101 Firefox/102.0
Accept: text/html,application/xhtml+xml,application/xml;q=0.9,image/avif,image/webp,*/*;q=0.8
Accept-Encoding: gzip, deflate, br
Accept-Language: en-US,en;q=0.5
DNT: 1
Connection: keep-alive
Upgrade-Insecure-Requests: 1
Sec-Fetch-Dest: document
Sec-Fetch-Mode: navigate
Sec-Fetch-Site: cross-site

",0,https://www.microsoft.com/en-us/microsoft-365/outlook/email-and-calendar-software-microsoft-outlook?deeplink=%2fowa%2f&sdf=0,554,HTTP/1.1,0.07303166389465332,0.12361288070678711,1.070432186126709,200,OK,[''],19,19,14941,"{""content-type"": ""text/html;charset=utf-8"", ""set-cookie"": ""AEMDC=westeurope; path=/; secure; SameSite=None"", ""x-dispatcher"": ""dispatcher2westeurope"", ""x-rtag"": ""AEM_PROD_Marketing"", ""ms-cv-esi"": ""CASMicrosoftCV15ca4428.0"", ""ms-cv"": ""CASMicrosoftCV15ca4428.0"", ""strict-transport-security"": ""max-age=31536000"", ""tls_version"": ""tls1.3"", ""vary"": ""Accept-Encoding"", ""x-frame-options"": ""SAMEORIGIN"", ""etag"": ""\""1c143-60884d217f227-gzip\"""", ""ms-commit-id"": ""b1244c2"", ""x-content-type-options"": ""nosniff"", ""x-vhost"": ""publish_microsoft_s"", ""cache-control"": ""max-age=0,s-maxage=28800"", ""content-encoding"": ""gzip"", ""date"": ""Wed, 25 Oct 2023 12:34:27 GMT"", ""content-length"": ""25013"", ""connection"": ""keep-alive""}"
7,"GET https://www.microsoft.com/en-us/microsoft-365/outlook/email-and-calendar-software-microsoft-outlook?deeplink=%2fowa%2f&sdf=0 HTTP/1.1
Host: www.microsoft.com
User-Agent: Mozilla/5.0 (Windows NT 10.0; rv:102.0) Gecko/20100101 Firefox/102.0
Accept: text/html,application/xhtml+xml,application/xml;q=0.9,image/avif,image/webp,*/*;q=0.8
Accept-Encoding: gzip, deflate, br
Accept-Language: en-US,en;q=0.5
DNT: 1
Connection: keep-alive
Upgrade-Insecure-Requests: 1
Sec-Fetch-Dest: document
Sec-Fetch-Mode: navigate
Sec-Fetch-Site: cross-site

",0,https://www.microsoft.com/en-us/microsoft-365/outlook/email-and-calendar-software-microsoft-outlook?deeplink=%2fowa%2f&sdf=0,554,HTTP/1.1,0.15573763847351074,0.10152363777160645,0.44496631622314453,200,OK,[''],21,21,14871,"{""content-type"": ""text/html;charset=utf-8"", ""set-cookie"": ""AEMDC=westeurope; path=/; secure; SameSite=None"", ""x-dispatcher"": ""dispatcher2westeurope"", ""x-rtag"": ""AEM_PROD_Marketing"", ""ms-cv-esi"": ""CASMicrosoftCV169f1612.0"", ""ms-cv"": ""CASMicrosoftCV169f1612.0"", ""strict-transport-security"": ""max-age=31536000"", ""tls_version"": ""tls1.3"", ""vary"": ""Accept-Encoding"", ""x-edgeconnect-origin-mex-latency"": ""10"", ""x-edgeconnect-midmile-rtt"": ""0"", ""x-frame-options"": ""SAMEORIGIN"", ""etag"": ""\""1c143-60884d217f227-gzip\"""", ""ms-commit-id"": ""b1244c2"", ""x-content-type-options"": ""nosniff"", ""x-vhost"": ""publish_microsoft_s"", ""cache-control"": ""max-age=0,s-maxage=28800"", ""content-encoding"": ""gzip"", ""date"": ""Wed, 25 Oct 2023 12:34:38 GMT"", ""content-length"": ""25014"", ""connection"": ""keep-alive""}"
8,"GET https://www.microsoft.com/en-us/microsoft-365/outlook/email-and-calendar-software-microsoft-outlook?deeplink=%2fowa%2f&sdf=0 HTTP/1.1
Host: www.microsoft.com
User-Agent: Mozilla/5.0 (Windows NT 10.0; rv:102.0) Gecko/20100101 Firefox/102.0
Accept: text/html,application/xhtml+xml,application/xml;q=0.9,image/avif,image/webp,*/*;q=0.8
Accept-Encoding: gzip, deflate, br
Accept-Language: en-US,en;q=0.5
DNT: 1
Connection: keep-alive
Upgrade-Insecure-Requests: 1
Sec-Fetch-Dest: document
Sec-Fetch-Mode: navigate
Sec-Fetch-Site: cross-site

",0,https://www.microsoft.com/en-us/microsoft-365/outlook/email-and-calendar-software-microsoft-outlook?deeplink=%2fowa%2f&sdf=0,554,HTTP/1.1,0.1567065715789795,0.1177830696105957,0.9659852981567383,200,OK,[''],21,21,14869,"{""content-type"": ""text/html;charset=utf-8"", ""set-cookie"": ""AEMDC=westeurope; path=/; secure; SameSite=None"", ""x-dispatcher"": ""dispatcher2westeurope"", ""x-rtag"": ""AEM_PROD_Marketing"", ""ms-cv-esi"": ""CASMicrosoftCV147a5a6b.0"", ""ms-cv"": ""CASMicrosoftCV147a5a6b.0"", ""strict-transport-security"": ""max-age=31536000"", ""tls_version"": ""tls1.3"", ""vary"": ""Accept-Encoding"", ""x-edgeconnect-origin-mex-latency"": ""10"", ""x-edgeconnect-midmile-rtt"": ""0"", ""x-frame-options"": ""SAMEORIGIN"", ""etag"": ""\""1c143-60884d217f227-gzip\"""", ""ms-commit-id"": ""b1244c2"", ""x-content-type-options"": ""nosniff"", ""x-vhost"": ""publish_microsoft_s"", ""cache-control"": ""max-age=0,s-maxage=28800"", ""content-encoding"": ""gzip"", ""date"": ""Wed, 25 Oct 2023 12:34:48 GMT"", ""content-length"": ""25014"", ""connection"": ""keep-alive""}"
9,"GET https://www.microsoft.com/en-us/microsoft-365/outlook/email-and-calendar-software-microsoft-outlook?deeplink=%2fowa%2f&sdf=0 HTTP/1.1
Host: www.microsoft.com
User-Agent: Mozilla/5.0 (Windows NT 10.0; rv:102.0) Gecko/20100101 Firefox/102.0
Accept: text/html,application/xhtml+xml,application/xml;q=0.9,image/avif,image/webp,*/*;q=0.8
Accept-Encoding: gzip, deflate, br
Accept-Language: en-US,en;q=0.5
DNT: 1
Connection: keep-alive
Upgrade-Insecure-Requests: 1
Sec-Fetch-Dest: document
Sec-Fetch-Mode: navigate
Sec-Fetch-Site: cross-site

",0,https://www.microsoft.com/en-us/microsoft-365/outlook/email-and-calendar-software-microsoft-outlook?deeplink=%2fowa%2f&sdf=0,554,HTTP/1.1,0.10725188255310059,0.11987519264221191,0.44658565521240234,200,OK,[''],21,21,14877,"{""content-type"": ""text/html;charset=utf-8"", ""set-cookie"": ""AEMDC=westeurope; path=/; secure; SameSite=None"", ""x-dispatcher"": ""dispatcher2westeurope"", ""x-rtag"": ""AEM_PROD_Marketing"", ""ms-cv-esi"": ""CASMicrosoftCV51af26b1.0"", ""ms-cv"": ""CASMicrosoftCV51af26b1.0"", ""strict-transport-security"": ""max-age=31536000"", ""tls_version"": ""tls1.3"", ""vary"": ""Accept-Encoding"", ""x-edgeconnect-origin-mex-latency"": ""10"", ""x-edgeconnect-midmile-rtt"": ""0"", ""x-frame-options"": ""SAMEORIGIN"", ""etag"": ""\""1c143-60884d217f227-gzip\"""", ""ms-commit-id"": ""b1244c2"", ""x-content-type-options"": ""nosniff"", ""x-vhost"": ""publish_microsoft_s"", ""cache-control"": ""max-age=0,s-maxage=28800"", ""content-encoding"": ""gzip"", ""date"": ""Wed, 25 Oct 2023 12:34:59 GMT"", ""content-length"": ""25013"", ""connection"": ""keep-alive""}"
