[
    {
        "number": 0,
        "request": "GET https://www.microsoft.com/en-us/microsoft-365/outlook/email-and-calendar-software-microsoft-outlook?deeplink=%2fowa%2f&sdf=0 HTTP/1.1\r\nHost: www.microsoft.com\r\nUser-Agent: Mozilla/5.0 (Windows NT 10.0; rv:102.0) Gecko/20100101 Firefox/102.0\r\nAccept: text/html,application/xhtml+xml,application/xml;q=0.9,image/avif,image/webp,*/*;q=0.8\r\nAccept-Encoding: gzip, deflate, br\r\nAccept-Language: en-US,en;q=0.5\r\nDNT: 1\r\nConnection: keep-alive\r\nUpgrade-Insecure-Requests: 1\r\nSec-Fetch-Dest: document\r\nSec-Fetch-Mode: navigate\r\nSec-Fetch-Site: cross-site\r\n\r\n",
        "deviation_count": 0,
        "uri": "https://www.microsoft.com/en-us/microsoft-365/outlook/email-and-calendar-software-microsoft-outlook?deeplink=%2fowa%2f&sdf=0",
        "request_length": 554,
        "Response_Time": 0.4846041202545166,
        "status_code": 200,
        "reason_phrase": "OK",
        "error_message": [
            ""
        ],
        "response_header_count": 21,
        "response_header_length": 21,
        "response_body_length": 14880,
        "response_header_fields": {
            "content-type": "text/html;charset=utf-8",
            "set-cookie": "AEMDC=westeurope; path=/; secure; SameSite=None",
            "x-dispatcher": "dispatcher2westeurope",
            "x-rtag": "AEM_PROD_Marketing",
            "ms-cv-esi": "CASMicrosoftCV695246f8.0",
            "ms-cv": "CASMicrosoftCV695246f8.0",
            "strict-transport-security": "max-age=31536000",
            "tls_version": "tls1.3",
            "vary": "Accept-Encoding",
            "x-edgeconnect-origin-mex-latency": "10",
            "x-edgeconnect-midmile-rtt": "0",
            "x-frame-options": "SAMEORIGIN",
            "etag": "\"1c143-60884d217f227-gzip\"",
            "ms-commit-id": "b1244c2",
            "x-content-type-options": "nosniff",
            "x-vhost": "publish_microsoft_s",
            "cache-control": "max-age=0,s-maxage=28800",
            "content-encoding": "gzip",
            "date": "Wed, 25 Oct 2023 12:33:20 GMT",
            "content-length": "25014",
            "connection": "keep-alive"
        }
    },
    {
        "number": 1,
        "request": "GET https://www.microsoft.com/en-us/microsoft-365/outlook/email-and-calendar-software-microsoft-outlook?deeplink=%2fowa%2f&sdf=0 HTTP/1.1\r\nHost: www.microsoft.com\r\nUser-Agent: Mozilla/5.0 (Windows NT 10.0; rv:102.0) Gecko/20100101 Firefox/102.0\r\nAccept: text/html,application/xhtml+xml,application/xml;q=0.9,image/avif,image/webp,*/*;q=0.8\r\nAccept-Encoding: gzip, deflate, br\r\nAccept-Language: en-US,en;q=0.5\r\nDNT: 1\r\nConnection: keep-alive\r\nUpgrade-Insecure-Requests: 1\r\nSec-Fetch-Dest: document\r\nSec-Fetch-Mode: navigate\r\nSec-Fetch-Site: cross-site\r\n\r\n",
        "deviation_count": 0,
        "uri": "https://www.microsoft.com/en-us/microsoft-365/outlook/email-and-calendar-software-microsoft-outlook?deeplink=%2fowa%2f&sdf=0",
        "request_length": 554,
        "Response_Time": 0.6417396068572998,
        "status_code": 200,
        "reason_phrase": "OK",
        "error_message": [
            ""
        ],
        "response_header_count": 21,
        "response_header_length": 21,
        "response_body_length": 14868,
        "response_header_fields": {
            "content-type": "text/html;charset=utf-8",
            "set-cookie": "AEMDC=westeurope; path=/; secure; SameSite=None",
            "x-dispatcher": "dispatcher2westeurope",
            "x-rtag": "AEM_PROD_Marketing",
            "ms-cv-esi": "CASMicrosoftCVe3488a7b.0",
            "ms-cv": "CASMicrosoftCVe3488a7b.0",
            "strict-transport-security": "max-age=31536000",
            "tls_version": "tls1.3",
            "vary": "Accept-Encoding",
            "x-edgeconnect-origin-mex-latency": "10",
            "x-edgeconnect-midmile-rtt": "0",
            "x-frame-options": "SAMEORIGIN",
            "etag": "\"1c143-60884d217f227-gzip\"",
            "ms-commit-id": "b1244c2",
            "x-content-type-options": "nosniff",
            "x-vhost": "publish_microsoft_s",
            "cache-control": "max-age=0,s-maxage=28800",
            "content-encoding": "gzip",
            "date": "Wed, 25 Oct 2023 12:33:31 GMT",
            "content-length": "25014",
            "connection": "keep-alive"
        }
    },
    {
        "number": 2,
        "request": "GET https://www.microsoft.com/en-us/microsoft-365/outlook/email-and-calendar-software-microsoft-outlook?deeplink=%2fowa%2f&sdf=0 HTTP/1.1\r\nHost: www.microsoft.com\r\nUser-Agent: Mozilla/5.0 (Windows NT 10.0; rv:102.0) Gecko/20100101 Firefox/102.0\r\nAccept: text/html,application/xhtml+xml,application/xml;q=0.9,image/avif,image/webp,*/*;q=0.8\r\nAccept-Encoding: gzip, deflate, br\r\nAccept-Language: en-US,en;q=0.5\r\nDNT: 1\r\nConnection: keep-alive\r\nUpgrade-Insecure-Requests: 1\r\nSec-Fetch-Dest: document\r\nSec-Fetch-Mode: navigate\r\nSec-Fetch-Site: cross-site\r\n\r\n",
        "deviation_count": 0,
        "uri": "https://www.microsoft.com/en-us/microsoft-365/outlook/email-and-calendar-software-microsoft-outlook?deeplink=%2fowa%2f&sdf=0",
        "request_length": 554,
        "Response_Time": 0.8653867244720459,
        "status_code": 200,
        "reason_phrase": "OK",
        "error_message": [
            ""
        ],
        "response_header_count": 19,
        "response_header_length": 19,
        "response_body_length": 14908,
        "response_header_fields": {
            "content-type": "text/html;charset=utf-8",
            "set-cookie": "AEMDC=westeurope; path=/; secure; SameSite=None",
            "x-dispatcher": "dispatcher2westeurope",
            "x-rtag": "AEM_PROD_Marketing",
            "ms-cv-esi": "CASMicrosoftCV5713babe.0",
            "ms-cv": "CASMicrosoftCV5713babe.0",
            "strict-transport-security": "max-age=31536000",
            "tls_version": "tls1.3",
            "vary": "Accept-Encoding",
            "x-frame-options": "SAMEORIGIN",
            "etag": "\"1c143-60884d217f227-gzip\"",
            "ms-commit-id": "b1244c2",
            "x-content-type-options": "nosniff",
            "x-vhost": "publish_microsoft_s",
            "cache-control": "max-age=0,s-maxage=28800",
            "content-encoding": "gzip",
            "date": "Wed, 25 Oct 2023 12:33:43 GMT",
            "content-length": "25016",
            "connection": "keep-alive"
        }
    },
    {
        "number": 3,
        "request": "GET https://www.microsoft.com/en-us/microsoft-365/outlook/email-and-calendar-software-microsoft-outlook?deeplink=%2fowa%2f&sdf=0 HTTP/1.1\r\nHost: www.microsoft.com\r\nUser-Agent: Mozilla/5.0 (Windows NT 10.0; rv:102.0) Gecko/20100101 Firefox/102.0\r\nAccept: text/html,application/xhtml+xml,application/xml;q=0.9,image/avif,image/webp,*/*;q=0.8\r\nAccept-Encoding: gzip, deflate, br\r\nAccept-Language: en-US,en;q=0.5\r\nDNT: 1\r\nConnection: keep-alive\r\nUpgrade-Insecure-Requests: 1\r\nSec-Fetch-Dest: document\r\nSec-Fetch-Mode: navigate\r\nSec-Fetch-Site: cross-site\r\n\r\n",
        "deviation_count": 0,
        "uri": "https://www.microsoft.com/en-us/microsoft-365/outlook/email-and-calendar-software-microsoft-outlook?deeplink=%2fowa%2f&sdf=0",
        "request_length": 554,
        "Response_Time": 0.7859866619110107,
        "status_code": 200,
        "reason_phrase": "OK",
        "error_message": [
            ""
        ],
        "response_header_count": 21,
        "response_header_length": 21,
        "response_body_length": 14875,
        "response_header_fields": {
            "content-type": "text/html;charset=utf-8",
            "set-cookie": "AEMDC=westeurope; path=/; secure; SameSite=None",
            "x-dispatcher": "dispatcher2westeurope",
            "x-rtag": "AEM_PROD_Marketing",
            "ms-cv-esi": "CASMicrosoftCVe35b57db.0",
            "ms-cv": "CASMicrosoftCVe35b57db.0",
            "strict-transport-security": "max-age=31536000",
            "tls_version": "tls1.3",
            "vary": "Accept-Encoding",
            "x-edgeconnect-origin-mex-latency": "10",
            "x-edgeconnect-midmile-rtt": "0",
            "x-frame-options": "SAMEORIGIN",
            "etag": "\"1c143-60884d217f227-gzip\"",
            "ms-commit-id": "b1244c2",
            "x-content-type-options": "nosniff",
            "x-vhost": "publish_microsoft_s",
            "cache-control": "max-age=0,s-maxage=28800",
            "content-encoding": "gzip",
            "date": "Wed, 25 Oct 2023 12:33:54 GMT",
            "content-length": "25013",
            "connection": "keep-alive"
        }
    },
    {
        "number": 4,
        "request": "GET https://www.microsoft.com/en-us/microsoft-365/outlook/email-and-calendar-software-microsoft-outlook?deeplink=%2fowa%2f&sdf=0 HTTP/1.1\r\nHost: www.microsoft.com\r\nUser-Agent: Mozilla/5.0 (Windows NT 10.0; rv:102.0) Gecko/20100101 Firefox/102.0\r\nAccept: text/html,application/xhtml+xml,application/xml;q=0.9,image/avif,image/webp,*/*;q=0.8\r\nAccept-Encoding: gzip, deflate, br\r\nAccept-Language: en-US,en;q=0.5\r\nDNT: 1\r\nConnection: keep-alive\r\nUpgrade-Insecure-Requests: 1\r\nSec-Fetch-Dest: document\r\nSec-Fetch-Mode: navigate\r\nSec-Fetch-Site: cross-site\r\n\r\n",
        "deviation_count": 0,
        "uri": "https://www.microsoft.com/en-us/microsoft-365/outlook/email-and-calendar-software-microsoft-outlook?deeplink=%2fowa%2f&sdf=0",
        "request_length": 554,
        "Response_Time": 0.38011765480041504,
        "status_code": 200,
        "reason_phrase": "OK",
        "error_message": [
            ""
        ],
        "response_header_count": 21,
        "response_header_length": 21,
        "response_body_length": 14883,
        "response_header_fields": {
            "content-type": "text/html;charset=utf-8",
            "set-cookie": "AEMDC=westeurope; path=/; secure; SameSite=None",
            "x-dispatcher": "dispatcher2westeurope",
            "x-rtag": "AEM_PROD_Marketing",
            "ms-cv-esi": "CASMicrosoftCV1477a8f4.0",
            "ms-cv": "CASMicrosoftCV1477a8f4.0",
            "strict-transport-security": "max-age=31536000",
            "tls_version": "tls1.3",
            "vary": "Accept-Encoding",
            "x-edgeconnect-origin-mex-latency": "10",
            "x-edgeconnect-midmile-rtt": "0",
            "x-frame-options": "SAMEORIGIN",
            "etag": "\"1c143-60884d217f227-gzip\"",
            "ms-commit-id": "b1244c2",
            "x-content-type-options": "nosniff",
            "x-vhost": "publish_microsoft_s",
            "cache-control": "max-age=0,s-maxage=28800",
            "content-encoding": "gzip",
            "date": "Wed, 25 Oct 2023 12:34:04 GMT",
            "content-length": "25014",
            "connection": "keep-alive"
        }
    },
    {
        "number": 5,
        "request": "GET https://www.microsoft.com/en-us/microsoft-365/outlook/email-and-calendar-software-microsoft-outlook?deeplink=%2fowa%2f&sdf=0 HTTP/1.1\r\nHost: www.microsoft.com\r\nUser-Agent: Mozilla/5.0 (Windows NT 10.0; rv:102.0) Gecko/20100101 Firefox/102.0\r\nAccept: text/html,application/xhtml+xml,application/xml;q=0.9,image/avif,image/webp,*/*;q=0.8\r\nAccept-Encoding: gzip, deflate, br\r\nAccept-Language: en-US,en;q=0.5\r\nDNT: 1\r\nConnection: keep-alive\r\nUpgrade-Insecure-Requests: 1\r\nSec-Fetch-Dest: document\r\nSec-Fetch-Mode: navigate\r\nSec-Fetch-Site: cross-site\r\n\r\n",
        "deviation_count": 0,
        "uri": "https://www.microsoft.com/en-us/microsoft-365/outlook/email-and-calendar-software-microsoft-outlook?deeplink=%2fowa%2f&sdf=0",
        "request_length": 554,
        "Response_Time": 1.7958664894104004,
        "status_code": 200,
        "reason_phrase": "OK",
        "error_message": [
            ""
        ],
        "response_header_count": 21,
        "response_header_length": 21,
        "response_body_length": 14874,
        "response_header_fields": {
            "content-type": "text/html;charset=utf-8",
            "set-cookie": "AEMDC=westeurope; path=/; secure; SameSite=None",
            "x-dispatcher": "dispatcher2westeurope",
            "x-rtag": "AEM_PROD_Marketing",
            "ms-cv-esi": "CASMicrosoftCV51ad7b6f.0",
            "ms-cv": "CASMicrosoftCV51ad7b6f.0",
            "strict-transport-security": "max-age=31536000",
            "tls_version": "tls1.3",
            "vary": "Accept-Encoding",
            "x-edgeconnect-origin-mex-latency": "10",
            "x-edgeconnect-midmile-rtt": "0",
            "x-frame-options": "SAMEORIGIN",
            "etag": "\"1c143-60884d217f227-gzip\"",
            "ms-commit-id": "b1244c2",
            "x-content-type-options": "nosniff",
            "x-vhost": "publish_microsoft_s",
            "cache-control": "max-age=0,s-maxage=28800",
            "content-encoding": "gzip",
            "date": "Wed, 25 Oct 2023 12:34:15 GMT",
            "content-length": "25014",
            "connection": "keep-alive"
        }
    },
    {
        "number": 6,
        "request": "GET https://www.microsoft.com/en-us/microsoft-365/outlook/email-and-calendar-software-microsoft-outlook?deeplink=%2fowa%2f&sdf=0 HTTP/1.1\r\nHost: www.microsoft.com\r\nUser-Agent: Mozilla/5.0 (Windows NT 10.0; rv:102.0) Gecko/20100101 Firefox/102.0\r\nAccept: text/html,application/xhtml+xml,application/xml;q=0.9,image/avif,image/webp,*/*;q=0.8\r\nAccept-Encoding: gzip, deflate, br\r\nAccept-Language: en-US,en;q=0.5\r\nDNT: 1\r\nConnection: keep-alive\r\nUpgrade-Insecure-Requests: 1\r\nSec-Fetch-Dest: document\r\nSec-Fetch-Mode: navigate\r\nSec-Fetch-Site: cross-site\r\n\r\n",
        "deviation_count": 0,
        "uri": "https://www.microsoft.com/en-us/microsoft-365/outlook/email-and-calendar-software-microsoft-outlook?deeplink=%2fowa%2f&sdf=0",
        "request_length": 554,
        "Response_Time": 1.070432186126709,
        "status_code": 200,
        "reason_phrase": "OK",
        "error_message": [
            ""
        ],
        "response_header_count": 19,
        "response_header_length": 19,
        "response_body_length": 14941,
        "response_header_fields": {
            "content-type": "text/html;charset=utf-8",
            "set-cookie": "AEMDC=westeurope; path=/; secure; SameSite=None",
            "x-dispatcher": "dispatcher2westeurope",
            "x-rtag": "AEM_PROD_Marketing",
            "ms-cv-esi": "CASMicrosoftCV15ca4428.0",
            "ms-cv": "CASMicrosoftCV15ca4428.0",
            "strict-transport-security": "max-age=31536000",
            "tls_version": "tls1.3",
            "vary": "Accept-Encoding",
            "x-frame-options": "SAMEORIGIN",
            "etag": "\"1c143-60884d217f227-gzip\"",
            "ms-commit-id": "b1244c2",
            "x-content-type-options": "nosniff",
            "x-vhost": "publish_microsoft_s",
            "cache-control": "max-age=0,s-maxage=28800",
            "content-encoding": "gzip",
            "date": "Wed, 25 Oct 2023 12:34:27 GMT",
            "content-length": "25013",
            "connection": "keep-alive"
        }
    },
    {
        "number": 7,
        "request": "GET https://www.microsoft.com/en-us/microsoft-365/outlook/email-and-calendar-software-microsoft-outlook?deeplink=%2fowa%2f&sdf=0 HTTP/1.1\r\nHost: www.microsoft.com\r\nUser-Agent: Mozilla/5.0 (Windows NT 10.0; rv:102.0) Gecko/20100101 Firefox/102.0\r\nAccept: text/html,application/xhtml+xml,application/xml;q=0.9,image/avif,image/webp,*/*;q=0.8\r\nAccept-Encoding: gzip, deflate, br\r\nAccept-Language: en-US,en;q=0.5\r\nDNT: 1\r\nConnection: keep-alive\r\nUpgrade-Insecure-Requests: 1\r\nSec-Fetch-Dest: document\r\nSec-Fetch-Mode: navigate\r\nSec-Fetch-Site: cross-site\r\n\r\n",
        "deviation_count": 0,
        "uri": "https://www.microsoft.com/en-us/microsoft-365/outlook/email-and-calendar-software-microsoft-outlook?deeplink=%2fowa%2f&sdf=0",
        "request_length": 554,
        "Response_Time": 0.44496631622314453,
        "status_code": 200,
        "reason_phrase": "OK",
        "error_message": [
            ""
        ],
        "response_header_count": 21,
        "response_header_length": 21,
        "response_body_length": 14871,
        "response_header_fields": {
            "content-type": "text/html;charset=utf-8",
            "set-cookie": "AEMDC=westeurope; path=/; secure; SameSite=None",
            "x-dispatcher": "dispatcher2westeurope",
            "x-rtag": "AEM_PROD_Marketing",
            "ms-cv-esi": "CASMicrosoftCV169f1612.0",
            "ms-cv": "CASMicrosoftCV169f1612.0",
            "strict-transport-security": "max-age=31536000",
            "tls_version": "tls1.3",
            "vary": "Accept-Encoding",
            "x-edgeconnect-origin-mex-latency": "10",
            "x-edgeconnect-midmile-rtt": "0",
            "x-frame-options": "SAMEORIGIN",
            "etag": "\"1c143-60884d217f227-gzip\"",
            "ms-commit-id": "b1244c2",
            "x-content-type-options": "nosniff",
            "x-vhost": "publish_microsoft_s",
            "cache-control": "max-age=0,s-maxage=28800",
            "content-encoding": "gzip",
            "date": "Wed, 25 Oct 2023 12:34:38 GMT",
            "content-length": "25014",
            "connection": "keep-alive"
        }
    },
    {
        "number": 8,
        "request": "GET https://www.microsoft.com/en-us/microsoft-365/outlook/email-and-calendar-software-microsoft-outlook?deeplink=%2fowa%2f&sdf=0 HTTP/1.1\r\nHost: www.microsoft.com\r\nUser-Agent: Mozilla/5.0 (Windows NT 10.0; rv:102.0) Gecko/20100101 Firefox/102.0\r\nAccept: text/html,application/xhtml+xml,application/xml;q=0.9,image/avif,image/webp,*/*;q=0.8\r\nAccept-Encoding: gzip, deflate, br\r\nAccept-Language: en-US,en;q=0.5\r\nDNT: 1\r\nConnection: keep-alive\r\nUpgrade-Insecure-Requests: 1\r\nSec-Fetch-Dest: document\r\nSec-Fetch-Mode: navigate\r\nSec-Fetch-Site: cross-site\r\n\r\n",
        "deviation_count": 0,
        "uri": "https://www.microsoft.com/en-us/microsoft-365/outlook/email-and-calendar-software-microsoft-outlook?deeplink=%2fowa%2f&sdf=0",
        "request_length": 554,
        "Response_Time": 0.9659852981567383,
        "status_code": 200,
        "reason_phrase": "OK",
        "error_message": [
            ""
        ],
        "response_header_count": 21,
        "response_header_length": 21,
        "response_body_length": 14869,
        "response_header_fields": {
            "content-type": "text/html;charset=utf-8",
            "set-cookie": "AEMDC=westeurope; path=/; secure; SameSite=None",
            "x-dispatcher": "dispatcher2westeurope",
            "x-rtag": "AEM_PROD_Marketing",
            "ms-cv-esi": "CASMicrosoftCV147a5a6b.0",
            "ms-cv": "CASMicrosoftCV147a5a6b.0",
            "strict-transport-security": "max-age=31536000",
            "tls_version": "tls1.3",
            "vary": "Accept-Encoding",
            "x-edgeconnect-origin-mex-latency": "10",
            "x-edgeconnect-midmile-rtt": "0",
            "x-frame-options": "SAMEORIGIN",
            "etag": "\"1c143-60884d217f227-gzip\"",
            "ms-commit-id": "b1244c2",
            "x-content-type-options": "nosniff",
            "x-vhost": "publish_microsoft_s",
            "cache-control": "max-age=0,s-maxage=28800",
            "content-encoding": "gzip",
            "date": "Wed, 25 Oct 2023 12:34:48 GMT",
            "content-length": "25014",
            "connection": "keep-alive"
        }
    },
    {
        "number": 9,
        "request": "GET https://www.microsoft.com/en-us/microsoft-365/outlook/email-and-calendar-software-microsoft-outlook?deeplink=%2fowa%2f&sdf=0 HTTP/1.1\r\nHost: www.microsoft.com\r\nUser-Agent: Mozilla/5.0 (Windows NT 10.0; rv:102.0) Gecko/20100101 Firefox/102.0\r\nAccept: text/html,application/xhtml+xml,application/xml;q=0.9,image/avif,image/webp,*/*;q=0.8\r\nAccept-Encoding: gzip, deflate, br\r\nAccept-Language: en-US,en;q=0.5\r\nDNT: 1\r\nConnection: keep-alive\r\nUpgrade-Insecure-Requests: 1\r\nSec-Fetch-Dest: document\r\nSec-Fetch-Mode: navigate\r\nSec-Fetch-Site: cross-site\r\n\r\n",
        "deviation_count": 0,
        "uri": "https://www.microsoft.com/en-us/microsoft-365/outlook/email-and-calendar-software-microsoft-outlook?deeplink=%2fowa%2f&sdf=0",
        "request_length": 554,
        "Response_Time": 0.44658565521240234,
        "status_code": 200,
        "reason_phrase": "OK",
        "error_message": [
            ""
        ],
        "response_header_count": 21,
        "response_header_length": 21,
        "response_body_length": 14877,
        "response_header_fields": {
            "content-type": "text/html;charset=utf-8",
            "set-cookie": "AEMDC=westeurope; path=/; secure; SameSite=None",
            "x-dispatcher": "dispatcher2westeurope",
            "x-rtag": "AEM_PROD_Marketing",
            "ms-cv-esi": "CASMicrosoftCV51af26b1.0",
            "ms-cv": "CASMicrosoftCV51af26b1.0",
            "strict-transport-security": "max-age=31536000",
            "tls_version": "tls1.3",
            "vary": "Accept-Encoding",
            "x-edgeconnect-origin-mex-latency": "10",
            "x-edgeconnect-midmile-rtt": "0",
            "x-frame-options": "SAMEORIGIN",
            "etag": "\"1c143-60884d217f227-gzip\"",
            "ms-commit-id": "b1244c2",
            "x-content-type-options": "nosniff",
            "x-vhost": "publish_microsoft_s",
            "cache-control": "max-age=0,s-maxage=28800",
            "content-encoding": "gzip",
            "date": "Wed, 25 Oct 2023 12:34:59 GMT",
            "content-length": "25013",
            "connection": "keep-alive"
        }
    }
]