number,request,deviation_count,uri,request_length,http_version,Socket_Connect_Time,Socket_Close_Time,Response_Time,status_code,reason_phrase,error_message,response_header_count,response_header_length,response_body_length,response_header_fields
0,"GET https://play.google.com/store/games?device=windows HTTP/1.1
Host: play.google.com
User-Agent: Mozilla/5.0 (Windows NT 10.0; rv:102.0) Gecko/20100101 Firefox/102.0
Accept: text/html,application/xhtml+xml,application/xml;q=0.9,image/avif,image/webp,*/*;q=0.8
Accept-Encoding: gzip, deflate, br
Accept-Language: en-US,en;q=0.5
DNT: 1
Connection: keep-alive
Upgrade-Insecure-Requests: 1
Sec-Fetch-Dest: document
Sec-Fetch-Mode: navigate
Sec-Fetch-Site: cross-site

",0,https://play.google.com/store/games?device=windows,478,HTTP/1.1,0.14227819442749023,0.12200307846069336,0.1493394374847412,200,OK,[''],22,22,0,"{""content-type"": ""text/html; charset=utf-8"", ""vary"": ""Sec-Fetch-Dest, Sec-Fetch-Mode, Sec-Fetch-Site"", ""x-ua-compatible"": ""IE=edge"", ""cache-control"": ""no-cache, no-store, max-age=0, must-revalidate"", ""pragma"": ""no-cache"", ""expires"": ""Mon, 01 Jan 1990 00:00:00 GMT"", ""date"": ""Wed, 25 Oct 2023 12:33:12 GMT"", ""p3p"": ""CP=\""This is not a P3P policy! See g.co/p3phelp for more info.\"""", ""strict-transport-security"": ""max-age=31536000"", ""cross-origin-opener-policy"": ""same-origin-allow-popups"", ""cross-origin-resource-policy"": ""same-site"", ""content-security-policy"": ""require-trusted-types-for 'script';report-uri /_/PlayStoreUi/cspreport"", ""accept-ch"": ""Sec-CH-UA-Arch, Sec-CH-UA-Bitness, Sec-CH-UA-Full-Version, Sec-CH-UA-Full-Version-List, Sec-CH-UA-Model, Sec-CH-UA-WoW64, Sec-CH-UA-Form-Factor, Sec-CH-UA-Platform, Sec-CH-UA-Platform-Version"", ""permissions-policy"": ""ch-ua-arch=*, ch-ua-bitness=*, ch-ua-full-version=*, ch-ua-full-version-list=*, ch-ua-model=*, ch-ua-wow64=*, ch-ua-form-factor=*, ch-ua-platform=*, ch-ua-platform-version=*"", ""content-encoding"": ""gzip"", ""server"": ""ESF"", ""x-xss-protection"": ""0"", ""x-frame-options"": ""SAMEORIGIN"", ""x-content-type-options"": ""nosniff"", ""set-cookie"": ""NID=511=BnqMWMEvN9WO9_Xdub6u8aXSU3PPmg9sMKStCZJEY2bgcvjh6VQ25ELBPJd55UW37YufjuglV_j2kR2VHwJi7jrwRf1A4L0QR5sJHPizRL-Qlr5M9Uk6AV90lQ082MNVIB4fnVBoBSOktVx8v0J-pyeMASuSo4HZ8qDQl-YXBcY; expires=Thu, 25-Apr-2024 12:33:11 GMT; path=/; domain=.google.com; Secure; HttpOnly; SameSite=none"", ""alt-svc"": ""h3=\"":443\""; ma=2592000,h3-29=\"":443\""; ma=2592000"", ""transfer-encoding"": ""chunked""}"
1,"GET https://play.google.com/store/games?device=windows HTTP/1.1
Host: play.google.com
User-Agent: Mozilla/5.0 (Windows NT 10.0; rv:102.0) Gecko/20100101 Firefox/102.0
Accept: text/html,application/xhtml+xml,application/xml;q=0.9,image/avif,image/webp,*/*;q=0.8
Accept-Encoding: gzip, deflate, br
Accept-Language: en-US,en;q=0.5
DNT: 1
Connection: keep-alive
Upgrade-Insecure-Requests: 1
Sec-Fetch-Dest: document
Sec-Fetch-Mode: navigate
Sec-Fetch-Site: cross-site

",0,https://play.google.com/store/games?device=windows,478,HTTP/1.1,0.21300053596496582,0.1062312126159668,0.10786032676696777,200,OK,[''],22,22,0,"{""content-type"": ""text/html; charset=utf-8"", ""vary"": ""Sec-Fetch-Dest, Sec-Fetch-Mode, Sec-Fetch-Site"", ""x-ua-compatible"": ""IE=edge"", ""cache-control"": ""no-cache, no-store, max-age=0, must-revalidate"", ""pragma"": ""no-cache"", ""expires"": ""Mon, 01 Jan 1990 00:00:00 GMT"", ""date"": ""Wed, 25 Oct 2023 12:33:22 GMT"", ""p3p"": ""CP=\""This is not a P3P policy! See g.co/p3phelp for more info.\"""", ""strict-transport-security"": ""max-age=31536000"", ""cross-origin-resource-policy"": ""same-site"", ""content-security-policy"": ""require-trusted-types-for 'script';report-uri /_/PlayStoreUi/cspreport"", ""permissions-policy"": ""ch-ua-arch=*, ch-ua-bitness=*, ch-ua-full-version=*, ch-ua-full-version-list=*, ch-ua-model=*, ch-ua-wow64=*, ch-ua-form-factor=*, ch-ua-platform=*, ch-ua-platform-version=*"", ""cross-origin-opener-policy"": ""same-origin-allow-popups"", ""accept-ch"": ""Sec-CH-UA-Arch, Sec-CH-UA-Bitness, Sec-CH-UA-Full-Version, Sec-CH-UA-Full-Version-List, Sec-CH-UA-Model, Sec-CH-UA-WoW64, Sec-CH-UA-Form-Factor, Sec-CH-UA-Platform, Sec-CH-UA-Platform-Version"", ""content-encoding"": ""gzip"", ""server"": ""ESF"", ""x-xss-protection"": ""0"", ""x-frame-options"": ""SAMEORIGIN"", ""x-content-type-options"": ""nosniff"", ""set-cookie"": ""NID=511=bVtx1ae7G_3fehxQyIexD2tR7L5JwRsUG7ua7u549fM2TkaC-YF8C0IV1fmVCza3v8xnXct2H7fj8H5Q65mfUoROQacOBExEQC0K87GfO_UDYnWAvGzZLw_Fc2Wtv0NLFj5bAF_JYobft4vXTY2rX_ELq6s9tIXIoFfXL6NbNIM; expires=Thu, 25-Apr-2024 12:33:22 GMT; path=/; domain=.google.com; Secure; HttpOnly; SameSite=none"", ""alt-svc"": ""h3=\"":443\""; ma=2592000,h3-29=\"":443\""; ma=2592000"", ""transfer-encoding"": ""chunked""}"
2,"GET https://play.google.com/store/games?device=windows HTTP/1.1
Host: play.google.com
User-Agent: Mozilla/5.0 (Windows NT 10.0; rv:102.0) Gecko/20100101 Firefox/102.0
Accept: text/html,application/xhtml+xml,application/xml;q=0.9,image/avif,image/webp,*/*;q=0.8
Accept-Encoding: gzip, deflate, br
Accept-Language: en-US,en;q=0.5
DNT: 1
Connection: keep-alive
Upgrade-Insecure-Requests: 1
Sec-Fetch-Dest: document
Sec-Fetch-Mode: navigate
Sec-Fetch-Site: cross-site

",0,https://play.google.com/store/games?device=windows,478,HTTP/1.1,0.11908149719238281,0.11124753952026367,0.13039851188659668,200,OK,[''],22,22,0,"{""content-type"": ""text/html; charset=utf-8"", ""vary"": ""Sec-Fetch-Dest, Sec-Fetch-Mode, Sec-Fetch-Site"", ""x-ua-compatible"": ""IE=edge"", ""cache-control"": ""no-cache, no-store, max-age=0, must-revalidate"", ""pragma"": ""no-cache"", ""expires"": ""Mon, 01 Jan 1990 00:00:00 GMT"", ""date"": ""Wed, 25 Oct 2023 12:33:31 GMT"", ""p3p"": ""CP=\""This is not a P3P policy! See g.co/p3phelp for more info.\"""", ""strict-transport-security"": ""max-age=31536000"", ""cross-origin-resource-policy"": ""same-site"", ""content-security-policy"": ""script-src 'unsafe-inline' 'unsafe-eval' 'self' https://apis.google.com https://ssl.gstatic.com https://www.google.com https://www.googletagmanager.com https://www.gstatic.com https://www.google-analytics.com https://market.android.com https://clients2.google.com https://payments.sandbox.google.com https://payments.google.com https://maps.googleapis.com https://translate.googleapis.com https://translate.google.com https://support.google.com https://www.gstatic.cn https://families.google.com https://clients1.google.com https://myaccount.google.com https://accounts.google.com https://www.googleapis.com/appsmarket/v2/installedApps/;report-uri /_/PlayStoreUi/cspreport/allowlist"", ""accept-ch"": ""Sec-CH-UA-Arch, Sec-CH-UA-Bitness, Sec-CH-UA-Full-Version, Sec-CH-UA-Full-Version-List, Sec-CH-UA-Model, Sec-CH-UA-WoW64, Sec-CH-UA-Form-Factor, Sec-CH-UA-Platform, Sec-CH-UA-Platform-Version"", ""cross-origin-opener-policy"": ""same-origin-allow-popups"", ""permissions-policy"": ""ch-ua-arch=*, ch-ua-bitness=*, ch-ua-full-version=*, ch-ua-full-version-list=*, ch-ua-model=*, ch-ua-wow64=*, ch-ua-form-factor=*, ch-ua-platform=*, ch-ua-platform-version=*"", ""content-encoding"": ""gzip"", ""server"": ""ESF"", ""x-xss-protection"": ""0"", ""x-frame-options"": ""SAMEORIGIN"", ""x-content-type-options"": ""nosniff"", ""set-cookie"": ""NID=511=Ox4tZ6r2EvDwDLCPwe4s-TZWxC617POqR0lFuzB-Dicn2uKMYbwx2_UBb8T4RL4yWCdbvRCMETvvCMNUvOxP4ScIaZ8pxiC0Sn82PaYAPmviS1dzKPB_uUOpM5F-bTOISLCjeojdqfQuOXQezuDXHg8Hjepow6nQD17XXC-FGe8; expires=Thu, 25-Apr-2024 12:33:31 GMT; path=/; domain=.google.com; Secure; HttpOnly; SameSite=none"", ""alt-svc"": ""h3=\"":443\""; ma=2592000,h3-29=\"":443\""; ma=2592000"", ""transfer-encoding"": ""chunked""}"
3,"GET https://play.google.com/store/games?device=windows HTTP/1.1
Host: play.google.com
User-Agent: Mozilla/5.0 (Windows NT 10.0; rv:102.0) Gecko/20100101 Firefox/102.0
Accept: text/html,application/xhtml+xml,application/xml;q=0.9,image/avif,image/webp,*/*;q=0.8
Accept-Encoding: gzip, deflate, br
Accept-Language: en-US,en;q=0.5
DNT: 1
Connection: keep-alive
Upgrade-Insecure-Requests: 1
Sec-Fetch-Dest: document
Sec-Fetch-Mode: navigate
Sec-Fetch-Site: cross-site

",0,https://play.google.com/store/games?device=windows,478,HTTP/1.1,0.1865229606628418,0.11601662635803223,0.11674094200134277,200,OK,[''],22,22,0,"{""content-type"": ""text/html; charset=utf-8"", ""vary"": ""Sec-Fetch-Dest, Sec-Fetch-Mode, Sec-Fetch-Site"", ""x-ua-compatible"": ""IE=edge"", ""cache-control"": ""no-cache, no-store, max-age=0, must-revalidate"", ""pragma"": ""no-cache"", ""expires"": ""Mon, 01 Jan 1990 00:00:00 GMT"", ""date"": ""Wed, 25 Oct 2023 12:33:41 GMT"", ""p3p"": ""CP=\""This is not a P3P policy! See g.co/p3phelp for more info.\"""", ""strict-transport-security"": ""max-age=31536000"", ""content-security-policy"": ""require-trusted-types-for 'script';report-uri /_/PlayStoreUi/cspreport"", ""permissions-policy"": ""ch-ua-arch=*, ch-ua-bitness=*, ch-ua-full-version=*, ch-ua-full-version-list=*, ch-ua-model=*, ch-ua-wow64=*, ch-ua-form-factor=*, ch-ua-platform=*, ch-ua-platform-version=*"", ""cross-origin-resource-policy"": ""same-site"", ""accept-ch"": ""Sec-CH-UA-Arch, Sec-CH-UA-Bitness, Sec-CH-UA-Full-Version, Sec-CH-UA-Full-Version-List, Sec-CH-UA-Model, Sec-CH-UA-WoW64, Sec-CH-UA-Form-Factor, Sec-CH-UA-Platform, Sec-CH-UA-Platform-Version"", ""cross-origin-opener-policy"": ""same-origin-allow-popups"", ""content-encoding"": ""gzip"", ""server"": ""ESF"", ""x-xss-protection"": ""0"", ""x-frame-options"": ""SAMEORIGIN"", ""x-content-type-options"": ""nosniff"", ""set-cookie"": ""NID=511=Akz3FcPviVyMSk45MBxh_HdZcKn6WTkKaLj31ZB5dO2VU9Sz3f8XPLrdb-q7dgrglE0RpkZgWkXBlzw7ysJ8coQ6leDAplvwueaXlRg6mVUREJ-zQvLI7kD1NsdsQCFY9pihWGcVP9H9mG8YL7R4_qiaG1WpH9AC9r02Pp3rAYM; expires=Thu, 25-Apr-2024 12:33:41 GMT; path=/; domain=.google.com; Secure; HttpOnly; SameSite=none"", ""alt-svc"": ""h3=\"":443\""; ma=2592000,h3-29=\"":443\""; ma=2592000"", ""transfer-encoding"": ""chunked""}"
4,"GET https://play.google.com/store/games?device=windows HTTP/1.1
Host: play.google.com
User-Agent: Mozilla/5.0 (Windows NT 10.0; rv:102.0) Gecko/20100101 Firefox/102.0
Accept: text/html,application/xhtml+xml,application/xml;q=0.9,image/avif,image/webp,*/*;q=0.8
Accept-Encoding: gzip, deflate, br
Accept-Language: en-US,en;q=0.5
DNT: 1
Connection: keep-alive
Upgrade-Insecure-Requests: 1
Sec-Fetch-Dest: document
Sec-Fetch-Mode: navigate
Sec-Fetch-Site: cross-site

",0,https://play.google.com/store/games?device=windows,478,HTTP/1.1,0.20009899139404297,0.12375211715698242,0.09960508346557617,200,OK,[''],22,22,0,"{""content-type"": ""text/html; charset=utf-8"", ""vary"": ""Sec-Fetch-Dest, Sec-Fetch-Mode, Sec-Fetch-Site"", ""x-ua-compatible"": ""IE=edge"", ""cache-control"": ""no-cache, no-store, max-age=0, must-revalidate"", ""pragma"": ""no-cache"", ""expires"": ""Mon, 01 Jan 1990 00:00:00 GMT"", ""date"": ""Wed, 25 Oct 2023 12:33:50 GMT"", ""p3p"": ""CP=\""This is not a P3P policy! See g.co/p3phelp for more info.\"""", ""strict-transport-security"": ""max-age=31536000"", ""permissions-policy"": ""ch-ua-arch=*, ch-ua-bitness=*, ch-ua-full-version=*, ch-ua-full-version-list=*, ch-ua-model=*, ch-ua-wow64=*, ch-ua-form-factor=*, ch-ua-platform=*, ch-ua-platform-version=*"", ""accept-ch"": ""Sec-CH-UA-Arch, Sec-CH-UA-Bitness, Sec-CH-UA-Full-Version, Sec-CH-UA-Full-Version-List, Sec-CH-UA-Model, Sec-CH-UA-WoW64, Sec-CH-UA-Form-Factor, Sec-CH-UA-Platform, Sec-CH-UA-Platform-Version"", ""content-security-policy"": ""script-src 'unsafe-inline' 'unsafe-eval' 'self' https://apis.google.com https://ssl.gstatic.com https://www.google.com https://www.googletagmanager.com https://www.gstatic.com https://www.google-analytics.com https://market.android.com https://clients2.google.com https://payments.sandbox.google.com https://payments.google.com https://maps.googleapis.com https://translate.googleapis.com https://translate.google.com https://support.google.com https://www.gstatic.cn https://families.google.com https://clients1.google.com https://myaccount.google.com https://accounts.google.com https://www.googleapis.com/appsmarket/v2/installedApps/;report-uri /_/PlayStoreUi/cspreport/allowlist"", ""cross-origin-opener-policy"": ""same-origin-allow-popups"", ""cross-origin-resource-policy"": ""same-site"", ""content-encoding"": ""gzip"", ""server"": ""ESF"", ""x-xss-protection"": ""0"", ""x-frame-options"": ""SAMEORIGIN"", ""x-content-type-options"": ""nosniff"", ""set-cookie"": ""NID=511=ioebHUejv9ulOPVaJgL0zVGbIWR4LPaW1B-7U8fceBX8acUa-jAowc92mhs4ZbxHgUnP_CagORrycH9MsDZzjbwR1VhzsDxIYxiQQ78aLw5BRM5QlKrKw2ZlG27pIpn7nIITJ3vdlrS_XVCdHvLJMkLuGlVkJzY8jUMcib8yl8c; expires=Thu, 25-Apr-2024 12:33:50 GMT; path=/; domain=.google.com; Secure; HttpOnly; SameSite=none"", ""alt-svc"": ""h3=\"":443\""; ma=2592000,h3-29=\"":443\""; ma=2592000"", ""transfer-encoding"": ""chunked""}"
5,"GET https://play.google.com/store/games?device=windows HTTP/1.1
Host: play.google.com
User-Agent: Mozilla/5.0 (Windows NT 10.0; rv:102.0) Gecko/20100101 Firefox/102.0
Accept: text/html,application/xhtml+xml,application/xml;q=0.9,image/avif,image/webp,*/*;q=0.8
Accept-Encoding: gzip, deflate, br
Accept-Language: en-US,en;q=0.5
DNT: 1
Connection: keep-alive
Upgrade-Insecure-Requests: 1
Sec-Fetch-Dest: document
Sec-Fetch-Mode: navigate
Sec-Fetch-Site: cross-site

",0,https://play.google.com/store/games?device=windows,478,HTTP/1.1,0.18766283988952637,0.1391620635986328,0.13097453117370605,200,OK,[''],22,22,0,"{""content-type"": ""text/html; charset=utf-8"", ""vary"": ""Sec-Fetch-Dest, Sec-Fetch-Mode, Sec-Fetch-Site"", ""x-ua-compatible"": ""IE=edge"", ""cache-control"": ""no-cache, no-store, max-age=0, must-revalidate"", ""pragma"": ""no-cache"", ""expires"": ""Mon, 01 Jan 1990 00:00:00 GMT"", ""date"": ""Wed, 25 Oct 2023 12:34:00 GMT"", ""p3p"": ""CP=\""This is not a P3P policy! See g.co/p3phelp for more info.\"""", ""strict-transport-security"": ""max-age=31536000"", ""cross-origin-resource-policy"": ""same-site"", ""accept-ch"": ""Sec-CH-UA-Arch, Sec-CH-UA-Bitness, Sec-CH-UA-Full-Version, Sec-CH-UA-Full-Version-List, Sec-CH-UA-Model, Sec-CH-UA-WoW64, Sec-CH-UA-Form-Factor, Sec-CH-UA-Platform, Sec-CH-UA-Platform-Version"", ""content-security-policy"": ""script-src 'unsafe-inline' 'unsafe-eval' 'self' https://apis.google.com https://ssl.gstatic.com https://www.google.com https://www.googletagmanager.com https://www.gstatic.com https://www.google-analytics.com https://market.android.com https://clients2.google.com https://payments.sandbox.google.com https://payments.google.com https://maps.googleapis.com https://translate.googleapis.com https://translate.google.com https://support.google.com https://www.gstatic.cn https://families.google.com https://clients1.google.com https://myaccount.google.com https://accounts.google.com https://www.googleapis.com/appsmarket/v2/installedApps/;report-uri /_/PlayStoreUi/cspreport/allowlist"", ""permissions-policy"": ""ch-ua-arch=*, ch-ua-bitness=*, ch-ua-full-version=*, ch-ua-full-version-list=*, ch-ua-model=*, ch-ua-wow64=*, ch-ua-form-factor=*, ch-ua-platform=*, ch-ua-platform-version=*"", ""cross-origin-opener-policy"": ""same-origin-allow-popups"", ""content-encoding"": ""gzip"", ""server"": ""ESF"", ""x-xss-protection"": ""0"", ""x-frame-options"": ""SAMEORIGIN"", ""x-content-type-options"": ""nosniff"", ""set-cookie"": ""NID=511=JvQvGwSK3pOeXPv4XlJ9A1MxXZOcAvBvJFs6-_e_ViDw5MK251TZAt0_pRq_MNaVrd-aDz1WDBSETHycTz1sbS3awn1Z8hUAp1cBPUB3GQL0lY_yJFNTTV7pZwQ2qYJMhWT3hIIiSrz_GubEyT_fHL5ymrodiQZVerogQKXYPrs; expires=Thu, 25-Apr-2024 12:34:00 GMT; path=/; domain=.google.com; Secure; HttpOnly; SameSite=none"", ""alt-svc"": ""h3=\"":443\""; ma=2592000,h3-29=\"":443\""; ma=2592000"", ""transfer-encoding"": ""chunked""}"
6,"GET https://play.google.com/store/games?device=windows HTTP/1.1
Host: play.google.com
User-Agent: Mozilla/5.0 (Windows NT 10.0; rv:102.0) Gecko/20100101 Firefox/102.0
Accept: text/html,application/xhtml+xml,application/xml;q=0.9,image/avif,image/webp,*/*;q=0.8
Accept-Encoding: gzip, deflate, br
Accept-Language: en-US,en;q=0.5
DNT: 1
Connection: keep-alive
Upgrade-Insecure-Requests: 1
Sec-Fetch-Dest: document
Sec-Fetch-Mode: navigate
Sec-Fetch-Site: cross-site

",0,https://play.google.com/store/games?device=windows,478,HTTP/1.1,0.16343045234680176,0.10593414306640625,0.11078548431396484,200,OK,[''],22,22,0,"{""content-type"": ""text/html; charset=utf-8"", ""vary"": ""Sec-Fetch-Dest, Sec-Fetch-Mode, Sec-Fetch-Site"", ""x-ua-compatible"": ""IE=edge"", ""cache-control"": ""no-cache, no-store, max-age=0, must-revalidate"", ""pragma"": ""no-cache"", ""expires"": ""Mon, 01 Jan 1990 00:00:00 GMT"", ""date"": ""Wed, 25 Oct 2023 12:34:10 GMT"", ""p3p"": ""CP=\""This is not a P3P policy! See g.co/p3phelp for more info.\"""", ""strict-transport-security"": ""max-age=31536000"", ""accept-ch"": ""Sec-CH-UA-Arch, Sec-CH-UA-Bitness, Sec-CH-UA-Full-Version, Sec-CH-UA-Full-Version-List, Sec-CH-UA-Model, Sec-CH-UA-WoW64, Sec-CH-UA-Form-Factor, Sec-CH-UA-Platform, Sec-CH-UA-Platform-Version"", ""content-security-policy"": ""require-trusted-types-for 'script';report-uri /_/PlayStoreUi/cspreport"", ""cross-origin-resource-policy"": ""same-site"", ""permissions-policy"": ""ch-ua-arch=*, ch-ua-bitness=*, ch-ua-full-version=*, ch-ua-full-version-list=*, ch-ua-model=*, ch-ua-wow64=*, ch-ua-form-factor=*, ch-ua-platform=*, ch-ua-platform-version=*"", ""cross-origin-opener-policy"": ""same-origin-allow-popups"", ""content-encoding"": ""gzip"", ""server"": ""ESF"", ""x-xss-protection"": ""0"", ""x-frame-options"": ""SAMEORIGIN"", ""x-content-type-options"": ""nosniff"", ""set-cookie"": ""NID=511=Noow0jHD4hUzyNlfRfaJqagpaRT1TLf2QWD0a-360DJTvEsbvP16OxQ3amf0XByBe9-1fTm7AY1HpxTmrUm6NlWenwfMw6oQrkDe4gqxz-f_zthCFT-embjFn1eRq--DWtXl_5cX_dBopY_O-ZUIAkixk6pa5yNFeEBmvzmSLzU; expires=Thu, 25-Apr-2024 12:34:10 GMT; path=/; domain=.google.com; Secure; HttpOnly; SameSite=none"", ""alt-svc"": ""h3=\"":443\""; ma=2592000,h3-29=\"":443\""; ma=2592000"", ""transfer-encoding"": ""chunked""}"
7,"GET https://play.google.com/store/games?device=windows HTTP/1.1
Host: play.google.com
User-Agent: Mozilla/5.0 (Windows NT 10.0; rv:102.0) Gecko/20100101 Firefox/102.0
Accept: text/html,application/xhtml+xml,application/xml;q=0.9,image/avif,image/webp,*/*;q=0.8
Accept-Encoding: gzip, deflate, br
Accept-Language: en-US,en;q=0.5
DNT: 1
Connection: keep-alive
Upgrade-Insecure-Requests: 1
Sec-Fetch-Dest: document
Sec-Fetch-Mode: navigate
Sec-Fetch-Site: cross-site

",0,https://play.google.com/store/games?device=windows,478,HTTP/1.1,0.17459964752197266,0.1367642879486084,0.10533380508422852,200,OK,[''],22,22,0,"{""content-type"": ""text/html; charset=utf-8"", ""vary"": ""Sec-Fetch-Dest, Sec-Fetch-Mode, Sec-Fetch-Site"", ""x-ua-compatible"": ""IE=edge"", ""cache-control"": ""no-cache, no-store, max-age=0, must-revalidate"", ""pragma"": ""no-cache"", ""expires"": ""Mon, 01 Jan 1990 00:00:00 GMT"", ""date"": ""Wed, 25 Oct 2023 12:34:20 GMT"", ""p3p"": ""CP=\""This is not a P3P policy! See g.co/p3phelp for more info.\"""", ""strict-transport-security"": ""max-age=31536000"", ""permissions-policy"": ""ch-ua-arch=*, ch-ua-bitness=*, ch-ua-full-version=*, ch-ua-full-version-list=*, ch-ua-model=*, ch-ua-wow64=*, ch-ua-form-factor=*, ch-ua-platform=*, ch-ua-platform-version=*"", ""cross-origin-opener-policy"": ""same-origin-allow-popups"", ""content-security-policy"": ""require-trusted-types-for 'script';report-uri /_/PlayStoreUi/cspreport"", ""accept-ch"": ""Sec-CH-UA-Arch, Sec-CH-UA-Bitness, Sec-CH-UA-Full-Version, Sec-CH-UA-Full-Version-List, Sec-CH-UA-Model, Sec-CH-UA-WoW64, Sec-CH-UA-Form-Factor, Sec-CH-UA-Platform, Sec-CH-UA-Platform-Version"", ""cross-origin-resource-policy"": ""same-site"", ""content-encoding"": ""gzip"", ""server"": ""ESF"", ""x-xss-protection"": ""0"", ""x-frame-options"": ""SAMEORIGIN"", ""x-content-type-options"": ""nosniff"", ""set-cookie"": ""NID=511=DAYKpxoou935CDg947h-VKBOEjy2aSlr_4KsyKBXmV6W-NWdVbOMzWVO78TXGaFh9dp-BfnWaatR5YVFL9jntI92U9FkK8xNrJH1cV6YZ1fDx2a5zIQvUlCJEWU7XeUmfoVoHFs-M6884dKJveSzrbPRwunrrOmz8tCv_WeOjPY; expires=Thu, 25-Apr-2024 12:34:20 GMT; path=/; domain=.google.com; Secure; HttpOnly; SameSite=none"", ""alt-svc"": ""h3=\"":443\""; ma=2592000,h3-29=\"":443\""; ma=2592000"", ""transfer-encoding"": ""chunked""}"
8,"GET https://play.google.com/store/games?device=windows HTTP/1.1
Host: play.google.com
User-Agent: Mozilla/5.0 (Windows NT 10.0; rv:102.0) Gecko/20100101 Firefox/102.0
Accept: text/html,application/xhtml+xml,application/xml;q=0.9,image/avif,image/webp,*/*;q=0.8
Accept-Encoding: gzip, deflate, br
Accept-Language: en-US,en;q=0.5
DNT: 1
Connection: keep-alive
Upgrade-Insecure-Requests: 1
Sec-Fetch-Dest: document
Sec-Fetch-Mode: navigate
Sec-Fetch-Site: cross-site

",0,https://play.google.com/store/games?device=windows,478,HTTP/1.1,0.09341645240783691,0.10899996757507324,0.20603179931640625,200,OK,[''],22,22,0,"{""content-type"": ""text/html; charset=utf-8"", ""vary"": ""Sec-Fetch-Dest, Sec-Fetch-Mode, Sec-Fetch-Site"", ""x-ua-compatible"": ""IE=edge"", ""cache-control"": ""no-cache, no-store, max-age=0, must-revalidate"", ""pragma"": ""no-cache"", ""expires"": ""Mon, 01 Jan 1990 00:00:00 GMT"", ""date"": ""Wed, 25 Oct 2023 12:34:29 GMT"", ""p3p"": ""CP=\""This is not a P3P policy! See g.co/p3phelp for more info.\"""", ""strict-transport-security"": ""max-age=31536000"", ""content-security-policy"": ""require-trusted-types-for 'script';report-uri /_/PlayStoreUi/cspreport"", ""accept-ch"": ""Sec-CH-UA-Arch, Sec-CH-UA-Bitness, Sec-CH-UA-Full-Version, Sec-CH-UA-Full-Version-List, Sec-CH-UA-Model, Sec-CH-UA-WoW64, Sec-CH-UA-Form-Factor, Sec-CH-UA-Platform, Sec-CH-UA-Platform-Version"", ""permissions-policy"": ""ch-ua-arch=*, ch-ua-bitness=*, ch-ua-full-version=*, ch-ua-full-version-list=*, ch-ua-model=*, ch-ua-wow64=*, ch-ua-form-factor=*, ch-ua-platform=*, ch-ua-platform-version=*"", ""cross-origin-opener-policy"": ""same-origin-allow-popups"", ""cross-origin-resource-policy"": ""same-site"", ""content-encoding"": ""gzip"", ""server"": ""ESF"", ""x-xss-protection"": ""0"", ""x-frame-options"": ""SAMEORIGIN"", ""x-content-type-options"": ""nosniff"", ""set-cookie"": ""NID=511=U0CISSGabwgeF9s1pS5CycVhVGqzb0aJTyHyfmlHZA0bQI3ZPvsrfHOrHIB5rQeCjc613HircSEY2QmEP4nr4xSwIcJZTLzustcMFyP58g_zUZQD6JV1DlyNaac0nzKgaaE9Dj3sN5iEA8V8EOsYRSp8jG_zMskHFrad-BjgZlQ; expires=Thu, 25-Apr-2024 12:34:29 GMT; path=/; domain=.google.com; Secure; HttpOnly; SameSite=none"", ""alt-svc"": ""h3=\"":443\""; ma=2592000,h3-29=\"":443\""; ma=2592000"", ""transfer-encoding"": ""chunked""}"
9,"GET https://play.google.com/store/games?device=windows HTTP/1.1
Host: play.google.com
User-Agent: Mozilla/5.0 (Windows NT 10.0; rv:102.0) Gecko/20100101 Firefox/102.0
Accept: text/html,application/xhtml+xml,application/xml;q=0.9,image/avif,image/webp,*/*;q=0.8
Accept-Encoding: gzip, deflate, br
Accept-Language: en-US,en;q=0.5
DNT: 1
Connection: keep-alive
Upgrade-Insecure-Requests: 1
Sec-Fetch-Dest: document
Sec-Fetch-Mode: navigate
Sec-Fetch-Site: cross-site

",0,https://play.google.com/store/games?device=windows,478,HTTP/1.1,0.17872905731201172,0.10643553733825684,0.10201025009155273,200,OK,[''],22,22,0,"{""content-type"": ""text/html; charset=utf-8"", ""vary"": ""Sec-Fetch-Dest, Sec-Fetch-Mode, Sec-Fetch-Site"", ""x-ua-compatible"": ""IE=edge"", ""cache-control"": ""no-cache, no-store, max-age=0, must-revalidate"", ""pragma"": ""no-cache"", ""expires"": ""Mon, 01 Jan 1990 00:00:00 GMT"", ""date"": ""Wed, 25 Oct 2023 12:34:39 GMT"", ""p3p"": ""CP=\""This is not a P3P policy! See g.co/p3phelp for more info.\"""", ""strict-transport-security"": ""max-age=31536000"", ""cross-origin-resource-policy"": ""same-site"", ""content-security-policy"": ""script-src 'unsafe-inline' 'unsafe-eval' 'self' https://apis.google.com https://ssl.gstatic.com https://www.google.com https://www.googletagmanager.com https://www.gstatic.com https://www.google-analytics.com https://market.android.com https://clients2.google.com https://payments.sandbox.google.com https://payments.google.com https://maps.googleapis.com https://translate.googleapis.com https://translate.google.com https://support.google.com https://www.gstatic.cn https://families.google.com https://clients1.google.com https://myaccount.google.com https://accounts.google.com https://www.googleapis.com/appsmarket/v2/installedApps/;report-uri /_/PlayStoreUi/cspreport/allowlist"", ""cross-origin-opener-policy"": ""same-origin-allow-popups"", ""permissions-policy"": ""ch-ua-arch=*, ch-ua-bitness=*, ch-ua-full-version=*, ch-ua-full-version-list=*, ch-ua-model=*, ch-ua-wow64=*, ch-ua-form-factor=*, ch-ua-platform=*, ch-ua-platform-version=*"", ""accept-ch"": ""Sec-CH-UA-Arch, Sec-CH-UA-Bitness, Sec-CH-UA-Full-Version, Sec-CH-UA-Full-Version-List, Sec-CH-UA-Model, Sec-CH-UA-WoW64, Sec-CH-UA-Form-Factor, Sec-CH-UA-Platform, Sec-CH-UA-Platform-Version"", ""content-encoding"": ""gzip"", ""server"": ""ESF"", ""x-xss-protection"": ""0"", ""x-frame-options"": ""SAMEORIGIN"", ""x-content-type-options"": ""nosniff"", ""set-cookie"": ""NID=511=j1pQS7GNkfQjXmrJBP-7kc-3yFFk1oTBRVtzRTPc-595ntKbqSKEj6cmnP6KK7jGJ774L45VwAW8fdKs0lbInA7epkyv2ambxQmMlUBM4p8eRjVOZpyY2VCfR0pR3UnOzn6BixcmQh1ySSDnLsNA88rUJnvt9F5-7OEUBoeCsVo; expires=Thu, 25-Apr-2024 12:34:39 GMT; path=/; domain=.google.com; Secure; HttpOnly; SameSite=none"", ""alt-svc"": ""h3=\"":443\""; ma=2592000,h3-29=\"":443\""; ma=2592000"", ""transfer-encoding"": ""chunked""}"
