,Attempt No.,uri,Deviation Count,Status Code,Response_Time,response_header_count,response_header_length,response_body_length,response_header_fields
0,0,https://medium.com/,0,200,0.057596683502197266,25,25,52,"{'date': 'Wed, 25 Oct 2023 12:33:17 GMT', 'content-type': 'text/html; charset=utf-8', 'transfer-encoding': 'chunked', 'connection': 'keep-alive', 'cf-ray': '81ba7cb52df66652-AMS', 'cf-cache-status': 'HIT', 'age': '1147', 'cache-control': 'no-cache, no-store, max-age=0, must-revalidate', 'expires': 'Wed, 25 Oct 2023 14:33:17 GMT', 'link': '<https://glyph.medium.com/css/unbound.css>; as=""style""; rel=""preload""', 'set-cookie': '__cfruid=d942609b444db600e49cefc9649832b6a07db815-1698237197; path=/; domain=.medium.com; HttpOnly; Secure; SameSite=None', 'strict-transport-security': 'max-age=15552000; includeSubDomains; preload', 'vary': 'Accept-Encoding', 'content-security-policy': ""frame-ancestors 'self' https://medium.com"", 'medium-fulfilled-by': 'edgy/8.3.0, valencia/main-20231025-101913-e2a3bc0e5b, lite/main-20231025-101913-e2a3bc0e5b, rito/main-20231025-101913-e2a3bc0e5b, tutu/main-20231024-210738-58308102a5', 'medium-missing-time': '136', 'worker-cache-key': 'medium.com/?li=false', 'worker-cache-middleware': 'true', 'worker-missing-cookies': '1', 'x-content-type-options': 'nosniff', 'x-envoy-upstream-service-time': '484', 'x-request-received-at': '1698235198275', 'server': 'cloudflare', 'content-encoding': 'gzip', 'alt-svc': 'h3="":443""; ma=86400'}"
1,1,https://medium.com/,0,200,0.06464099884033203,25,25,53,"{'date': 'Wed, 25 Oct 2023 12:33:29 GMT', 'content-type': 'text/html; charset=utf-8', 'transfer-encoding': 'chunked', 'connection': 'keep-alive', 'cf-ray': '81ba7cff8da20e7e-AMS', 'cf-cache-status': 'HIT', 'age': '178', 'cache-control': 'no-cache, no-store, max-age=0, must-revalidate', 'expires': 'Wed, 25 Oct 2023 14:33:29 GMT', 'link': '<https://glyph.medium.com/css/unbound.css>; as=""style""; rel=""preload""', 'set-cookie': '__cfruid=f6a6cf8c67ecb7cfa527db0edb93beae28b00535-1698237209; path=/; domain=.medium.com; HttpOnly; Secure; SameSite=None', 'strict-transport-security': 'max-age=15552000; includeSubDomains; preload', 'vary': 'Accept-Encoding', 'content-security-policy': ""frame-ancestors 'self' https://medium.com"", 'medium-fulfilled-by': 'edgy/8.3.0, valencia/main-20231025-101913-e2a3bc0e5b, lite/main-20231025-101913-e2a3bc0e5b, rito/main-20231025-101913-e2a3bc0e5b, tutu/main-20231024-210738-58308102a5', 'medium-missing-time': '139', 'worker-cache-key': 'medium.com/?li=false', 'worker-cache-middleware': 'true', 'worker-missing-cookies': '1', 'x-content-type-options': 'nosniff', 'x-envoy-upstream-service-time': '307', 'x-request-received-at': '1698236405878', 'server': 'cloudflare', 'content-encoding': 'gzip', 'alt-svc': 'h3="":443""; ma=86400'}"
2,2,https://medium.com/,0,200,0.06102871894836426,25,25,53,"{'date': 'Wed, 25 Oct 2023 12:33:41 GMT', 'content-type': 'text/html; charset=utf-8', 'transfer-encoding': 'chunked', 'connection': 'keep-alive', 'cf-ray': '81ba7d4b9e851afd-AMS', 'cf-cache-status': 'HIT', 'age': '773', 'cache-control': 'no-cache, no-store, max-age=0, must-revalidate', 'expires': 'Wed, 25 Oct 2023 14:33:41 GMT', 'link': '<https://glyph.medium.com/css/unbound.css>; as=""style""; rel=""preload""', 'set-cookie': '__cfruid=68b5b9fa6531214e396ddd426f07270700438cdb-1698237221; path=/; domain=.medium.com; HttpOnly; Secure; SameSite=None', 'strict-transport-security': 'max-age=15552000; includeSubDomains; preload', 'vary': 'Accept-Encoding', 'content-security-policy': ""frame-ancestors 'self' https://medium.com"", 'medium-fulfilled-by': 'edgy/8.3.0, valencia/main-20231025-101913-e2a3bc0e5b, lite/main-20231025-101913-e2a3bc0e5b, rito/main-20231025-101913-e2a3bc0e5b, tutu/main-20231024-210738-58308102a5', 'medium-missing-time': '139', 'worker-cache-key': 'medium.com/?li=false', 'worker-cache-middleware': 'true', 'worker-missing-cookies': '1', 'x-content-type-options': 'nosniff', 'x-envoy-upstream-service-time': '307', 'x-request-received-at': '1698236405878', 'server': 'cloudflare', 'content-encoding': 'gzip', 'alt-svc': 'h3="":443""; ma=86400'}"
3,3,https://medium.com/,0,200,0.19089126586914062,25,25,53,"{'date': 'Wed, 25 Oct 2023 12:33:54 GMT', 'content-type': 'text/html; charset=utf-8', 'transfer-encoding': 'chunked', 'connection': 'keep-alive', 'cf-ray': '81ba7d9c2b15b710-AMS', 'cf-cache-status': 'HIT', 'age': '931', 'cache-control': 'no-cache, no-store, max-age=0, must-revalidate', 'expires': 'Wed, 25 Oct 2023 14:33:54 GMT', 'link': '<https://glyph.medium.com/css/unbound.css>; as=""style""; rel=""preload""', 'set-cookie': '__cfruid=3b368bf6d5b47105acfc2f33c806ae8f1593d21d-1698237234; path=/; domain=.medium.com; HttpOnly; Secure; SameSite=None', 'strict-transport-security': 'max-age=15552000; includeSubDomains; preload', 'vary': 'Accept-Encoding', 'content-security-policy': ""frame-ancestors 'self' https://medium.com"", 'medium-fulfilled-by': 'edgy/8.3.0, valencia/main-20231025-101913-e2a3bc0e5b, lite/main-20231025-101913-e2a3bc0e5b, rito/main-20231025-101913-e2a3bc0e5b, tutu/main-20231024-210738-58308102a5', 'medium-missing-time': '136', 'worker-cache-key': 'medium.com/?li=false', 'worker-cache-middleware': 'true', 'worker-missing-cookies': '1', 'x-content-type-options': 'nosniff', 'x-envoy-upstream-service-time': '484', 'x-request-received-at': '1698235198275', 'server': 'cloudflare', 'content-encoding': 'gzip', 'alt-svc': 'h3="":443""; ma=86400'}"
4,4,https://medium.com/,0,200,0.09474754333496094,25,25,52,"{'date': 'Wed, 25 Oct 2023 12:34:07 GMT', 'content-type': 'text/html; charset=utf-8', 'transfer-encoding': 'chunked', 'connection': 'keep-alive', 'cf-ray': '81ba7de9d96b6631-AMS', 'cf-cache-status': 'HIT', 'age': '1197', 'cache-control': 'no-cache, no-store, max-age=0, must-revalidate', 'expires': 'Wed, 25 Oct 2023 14:34:07 GMT', 'link': '<https://glyph.medium.com/css/unbound.css>; as=""style""; rel=""preload""', 'set-cookie': '__cfruid=d4f077600b72fd55cf212d1fffab245165b02599-1698237247; path=/; domain=.medium.com; HttpOnly; Secure; SameSite=None', 'strict-transport-security': 'max-age=15552000; includeSubDomains; preload', 'vary': 'Accept-Encoding', 'content-security-policy': ""frame-ancestors 'self' https://medium.com"", 'medium-fulfilled-by': 'edgy/8.3.0, valencia/main-20231025-101913-e2a3bc0e5b, lite/main-20231025-101913-e2a3bc0e5b, rito/main-20231025-101913-e2a3bc0e5b, tutu/main-20231024-210738-58308102a5', 'medium-missing-time': '136', 'worker-cache-key': 'medium.com/?li=false', 'worker-cache-middleware': 'true', 'worker-missing-cookies': '1', 'x-content-type-options': 'nosniff', 'x-envoy-upstream-service-time': '484', 'x-request-received-at': '1698235198275', 'server': 'cloudflare', 'content-encoding': 'gzip', 'alt-svc': 'h3="":443""; ma=86400'}"
5,5,https://medium.com/,0,200,0.06851506233215332,25,25,53,"{'date': 'Wed, 25 Oct 2023 12:34:19 GMT', 'content-type': 'text/html; charset=utf-8', 'transfer-encoding': 'chunked', 'connection': 'keep-alive', 'cf-ray': '81ba7e35beeb0ba8-AMS', 'cf-cache-status': 'HIT', 'age': '339', 'cache-control': 'no-cache, no-store, max-age=0, must-revalidate', 'expires': 'Wed, 25 Oct 2023 14:34:19 GMT', 'link': '<https://glyph.medium.com/css/unbound.css>; as=""style""; rel=""preload""', 'set-cookie': '__cfruid=1ba8052191bbde6499956089ef421512d499fea1-1698237259; path=/; domain=.medium.com; HttpOnly; Secure; SameSite=None', 'strict-transport-security': 'max-age=15552000; includeSubDomains; preload', 'vary': 'Accept-Encoding', 'content-security-policy': ""frame-ancestors 'self' https://medium.com"", 'medium-fulfilled-by': 'edgy/8.3.0, valencia/main-20231025-101913-e2a3bc0e5b, lite/main-20231025-101913-e2a3bc0e5b, rito/main-20231025-101913-e2a3bc0e5b, tutu/main-20231024-210738-58308102a5', 'medium-missing-time': '139', 'worker-cache-key': 'medium.com/?li=false', 'worker-cache-middleware': 'true', 'worker-missing-cookies': '1', 'x-content-type-options': 'nosniff', 'x-envoy-upstream-service-time': '307', 'x-request-received-at': '1698236405878', 'server': 'cloudflare', 'content-encoding': 'gzip', 'alt-svc': 'h3="":443""; ma=86400'}"
6,6,https://medium.com/,0,200,0.06680560111999512,25,25,53,"{'date': 'Wed, 25 Oct 2023 12:34:30 GMT', 'content-type': 'text/html; charset=utf-8', 'transfer-encoding': 'chunked', 'connection': 'keep-alive', 'cf-ray': '81ba7e7e4c8066ee-AMS', 'cf-cache-status': 'HIT', 'age': '822', 'cache-control': 'no-cache, no-store, max-age=0, must-revalidate', 'expires': 'Wed, 25 Oct 2023 14:34:30 GMT', 'link': '<https://glyph.medium.com/css/unbound.css>; as=""style""; rel=""preload""', 'set-cookie': '__cfruid=b3ae6b2d40e6ce0136992cc945837d46e2885466-1698237270; path=/; domain=.medium.com; HttpOnly; Secure; SameSite=None', 'strict-transport-security': 'max-age=15552000; includeSubDomains; preload', 'vary': 'Accept-Encoding', 'content-security-policy': ""frame-ancestors 'self' https://medium.com"", 'medium-fulfilled-by': 'edgy/8.3.0, valencia/main-20231025-101913-e2a3bc0e5b, lite/main-20231025-101913-e2a3bc0e5b, rito/main-20231025-101913-e2a3bc0e5b, tutu/main-20231024-210738-58308102a5', 'medium-missing-time': '139', 'worker-cache-key': 'medium.com/?li=false', 'worker-cache-middleware': 'true', 'worker-missing-cookies': '1', 'x-content-type-options': 'nosniff', 'x-envoy-upstream-service-time': '307', 'x-request-received-at': '1698236405878', 'server': 'cloudflare', 'content-encoding': 'gzip', 'alt-svc': 'h3="":443""; ma=86400'}"
7,7,https://medium.com/,0,200,0.07573533058166504,25,25,53,"{'date': 'Wed, 25 Oct 2023 12:34:42 GMT', 'content-type': 'text/html; charset=utf-8', 'transfer-encoding': 'chunked', 'connection': 'keep-alive', 'cf-ray': '81ba7ec8cdac6702-AMS', 'cf-cache-status': 'HIT', 'age': '834', 'cache-control': 'no-cache, no-store, max-age=0, must-revalidate', 'expires': 'Wed, 25 Oct 2023 14:34:42 GMT', 'link': '<https://glyph.medium.com/css/unbound.css>; as=""style""; rel=""preload""', 'set-cookie': '__cfruid=5bde9575d20f258fe962a454b316a6bcf01d6bb2-1698237282; path=/; domain=.medium.com; HttpOnly; Secure; SameSite=None', 'strict-transport-security': 'max-age=15552000; includeSubDomains; preload', 'vary': 'Accept-Encoding', 'content-security-policy': ""frame-ancestors 'self' https://medium.com"", 'medium-fulfilled-by': 'edgy/8.3.0, valencia/main-20231025-101913-e2a3bc0e5b, lite/main-20231025-101913-e2a3bc0e5b, rito/main-20231025-101913-e2a3bc0e5b, tutu/main-20231024-210738-58308102a5', 'medium-missing-time': '139', 'worker-cache-key': 'medium.com/?li=false', 'worker-cache-middleware': 'true', 'worker-missing-cookies': '1', 'x-content-type-options': 'nosniff', 'x-envoy-upstream-service-time': '307', 'x-request-received-at': '1698236405878', 'server': 'cloudflare', 'content-encoding': 'gzip', 'alt-svc': 'h3="":443""; ma=86400'}"
8,8,https://medium.com/,0,200,0.07350444793701172,25,25,53,"{'date': 'Wed, 25 Oct 2023 12:34:53 GMT', 'content-type': 'text/html; charset=utf-8', 'transfer-encoding': 'chunked', 'connection': 'keep-alive', 'cf-ray': '81ba7f0deea56576-AMS', 'cf-cache-status': 'HIT', 'age': '262', 'cache-control': 'no-cache, no-store, max-age=0, must-revalidate', 'expires': 'Wed, 25 Oct 2023 14:34:53 GMT', 'link': '<https://glyph.medium.com/css/unbound.css>; as=""style""; rel=""preload""', 'set-cookie': '__cfruid=8a57a3613316a69f170ae877b05196e7697e236d-1698237293; path=/; domain=.medium.com; HttpOnly; Secure; SameSite=None', 'strict-transport-security': 'max-age=15552000; includeSubDomains; preload', 'vary': 'Accept-Encoding', 'content-security-policy': ""frame-ancestors 'self' https://medium.com"", 'medium-fulfilled-by': 'edgy/8.3.0, valencia/main-20231025-101913-e2a3bc0e5b, lite/main-20231025-101913-e2a3bc0e5b, rito/main-20231025-101913-e2a3bc0e5b, tutu/main-20231024-210738-58308102a5', 'medium-missing-time': '139', 'worker-cache-key': 'medium.com/?li=false', 'worker-cache-middleware': 'true', 'worker-missing-cookies': '1', 'x-content-type-options': 'nosniff', 'x-envoy-upstream-service-time': '307', 'x-request-received-at': '1698236405878', 'server': 'cloudflare', 'content-encoding': 'gzip', 'alt-svc': 'h3="":443""; ma=86400'}"
9,9,https://medium.com/,0,200,0.10306215286254883,25,25,53,"{'date': 'Wed, 25 Oct 2023 12:35:05 GMT', 'content-type': 'text/html; charset=utf-8', 'transfer-encoding': 'chunked', 'connection': 'keep-alive', 'cf-ray': '81ba7f577f3566d9-AMS', 'cf-cache-status': 'HIT', 'age': '857', 'cache-control': 'no-cache, no-store, max-age=0, must-revalidate', 'expires': 'Wed, 25 Oct 2023 14:35:05 GMT', 'link': '<https://glyph.medium.com/css/unbound.css>; as=""style""; rel=""preload""', 'set-cookie': '__cfruid=0ae5c5a0cfe756dca15c26bfca8d3002eb64f423-1698237305; path=/; domain=.medium.com; HttpOnly; Secure; SameSite=None', 'strict-transport-security': 'max-age=15552000; includeSubDomains; preload', 'vary': 'Accept-Encoding', 'content-security-policy': ""frame-ancestors 'self' https://medium.com"", 'medium-fulfilled-by': 'edgy/8.3.0, valencia/main-20231025-101913-e2a3bc0e5b, lite/main-20231025-101913-e2a3bc0e5b, rito/main-20231025-101913-e2a3bc0e5b, tutu/main-20231024-210738-58308102a5', 'medium-missing-time': '139', 'worker-cache-key': 'medium.com/?li=false', 'worker-cache-middleware': 'true', 'worker-missing-cookies': '1', 'x-content-type-options': 'nosniff', 'x-envoy-upstream-service-time': '307', 'x-request-received-at': '1698236405878', 'server': 'cloudflare', 'content-encoding': 'gzip', 'alt-svc': 'h3="":443""; ma=86400'}"
