[
    {
        "number": 0,
        "request": "GET https://medium.com/  HTTP/1.1\r\nHost: medium.com\r\nUser-Agent: Mozilla/5.0 (Windows NT 10.0; rv:102.0) Gecko/20100101 Firefox/102.0\r\nAccept: text/html,application/xhtml+xml,application/xml;q=0.9,image/avif,image/webp,*/*;q=0.8\r\nAccept-Encoding: gzip, deflate, br\r\nAccept-Language: en-US,en;q=0.5\r\nDNT: 1\r\nConnection: keep-alive\r\nUpgrade-Insecure-Requests: 1\r\nSec-Fetch-Dest: document\r\nSec-Fetch-Mode: navigate\r\nSec-Fetch-Site: cross-site\r\n\r\n",
        "deviation_count": 0,
        "uri": "https://medium.com/",
        "request_length": 443,
        "Response_Time": 0.057596683502197266,
        "status_code": 200,
        "reason_phrase": "OK",
        "error_message": [
            ""
        ],
        "response_header_count": 25,
        "response_header_length": 25,
        "response_body_length": 52,
        "response_header_fields": {
            "date": "Wed, 25 Oct 2023 12:33:17 GMT",
            "content-type": "text/html; charset=utf-8",
            "transfer-encoding": "chunked",
            "connection": "keep-alive",
            "cf-ray": "81ba7cb52df66652-AMS",
            "cf-cache-status": "HIT",
            "age": "1147",
            "cache-control": "no-cache, no-store, max-age=0, must-revalidate",
            "expires": "Wed, 25 Oct 2023 14:33:17 GMT",
            "link": "<https://glyph.medium.com/css/unbound.css>; as=\"style\"; rel=\"preload\"",
            "set-cookie": "__cfruid=d942609b444db600e49cefc9649832b6a07db815-1698237197; path=/; domain=.medium.com; HttpOnly; Secure; SameSite=None",
            "strict-transport-security": "max-age=15552000; includeSubDomains; preload",
            "vary": "Accept-Encoding",
            "content-security-policy": "frame-ancestors 'self' https://medium.com",
            "medium-fulfilled-by": "edgy/8.3.0, valencia/main-20231025-101913-e2a3bc0e5b, lite/main-20231025-101913-e2a3bc0e5b, rito/main-20231025-101913-e2a3bc0e5b, tutu/main-20231024-210738-58308102a5",
            "medium-missing-time": "136",
            "worker-cache-key": "medium.com/?li=false",
            "worker-cache-middleware": "true",
            "worker-missing-cookies": "1",
            "x-content-type-options": "nosniff",
            "x-envoy-upstream-service-time": "484",
            "x-request-received-at": "1698235198275",
            "server": "cloudflare",
            "content-encoding": "gzip",
            "alt-svc": "h3=\":443\"; ma=86400"
        }
    },
    {
        "number": 1,
        "request": "GET https://medium.com/  HTTP/1.1\r\nHost: medium.com\r\nUser-Agent: Mozilla/5.0 (Windows NT 10.0; rv:102.0) Gecko/20100101 Firefox/102.0\r\nAccept: text/html,application/xhtml+xml,application/xml;q=0.9,image/avif,image/webp,*/*;q=0.8\r\nAccept-Encoding: gzip, deflate, br\r\nAccept-Language: en-US,en;q=0.5\r\nDNT: 1\r\nConnection: keep-alive\r\nUpgrade-Insecure-Requests: 1\r\nSec-Fetch-Dest: document\r\nSec-Fetch-Mode: navigate\r\nSec-Fetch-Site: cross-site\r\n\r\n",
        "deviation_count": 0,
        "uri": "https://medium.com/",
        "request_length": 443,
        "Response_Time": 0.06464099884033203,
        "status_code": 200,
        "reason_phrase": "OK",
        "error_message": [
            ""
        ],
        "response_header_count": 25,
        "response_header_length": 25,
        "response_body_length": 53,
        "response_header_fields": {
            "date": "Wed, 25 Oct 2023 12:33:29 GMT",
            "content-type": "text/html; charset=utf-8",
            "transfer-encoding": "chunked",
            "connection": "keep-alive",
            "cf-ray": "81ba7cff8da20e7e-AMS",
            "cf-cache-status": "HIT",
            "age": "178",
            "cache-control": "no-cache, no-store, max-age=0, must-revalidate",
            "expires": "Wed, 25 Oct 2023 14:33:29 GMT",
            "link": "<https://glyph.medium.com/css/unbound.css>; as=\"style\"; rel=\"preload\"",
            "set-cookie": "__cfruid=f6a6cf8c67ecb7cfa527db0edb93beae28b00535-1698237209; path=/; domain=.medium.com; HttpOnly; Secure; SameSite=None",
            "strict-transport-security": "max-age=15552000; includeSubDomains; preload",
            "vary": "Accept-Encoding",
            "content-security-policy": "frame-ancestors 'self' https://medium.com",
            "medium-fulfilled-by": "edgy/8.3.0, valencia/main-20231025-101913-e2a3bc0e5b, lite/main-20231025-101913-e2a3bc0e5b, rito/main-20231025-101913-e2a3bc0e5b, tutu/main-20231024-210738-58308102a5",
            "medium-missing-time": "139",
            "worker-cache-key": "medium.com/?li=false",
            "worker-cache-middleware": "true",
            "worker-missing-cookies": "1",
            "x-content-type-options": "nosniff",
            "x-envoy-upstream-service-time": "307",
            "x-request-received-at": "1698236405878",
            "server": "cloudflare",
            "content-encoding": "gzip",
            "alt-svc": "h3=\":443\"; ma=86400"
        }
    },
    {
        "number": 2,
        "request": "GET https://medium.com/  HTTP/1.1\r\nHost: medium.com\r\nUser-Agent: Mozilla/5.0 (Windows NT 10.0; rv:102.0) Gecko/20100101 Firefox/102.0\r\nAccept: text/html,application/xhtml+xml,application/xml;q=0.9,image/avif,image/webp,*/*;q=0.8\r\nAccept-Encoding: gzip, deflate, br\r\nAccept-Language: en-US,en;q=0.5\r\nDNT: 1\r\nConnection: keep-alive\r\nUpgrade-Insecure-Requests: 1\r\nSec-Fetch-Dest: document\r\nSec-Fetch-Mode: navigate\r\nSec-Fetch-Site: cross-site\r\n\r\n",
        "deviation_count": 0,
        "uri": "https://medium.com/",
        "request_length": 443,
        "Response_Time": 0.06102871894836426,
        "status_code": 200,
        "reason_phrase": "OK",
        "error_message": [
            ""
        ],
        "response_header_count": 25,
        "response_header_length": 25,
        "response_body_length": 53,
        "response_header_fields": {
            "date": "Wed, 25 Oct 2023 12:33:41 GMT",
            "content-type": "text/html; charset=utf-8",
            "transfer-encoding": "chunked",
            "connection": "keep-alive",
            "cf-ray": "81ba7d4b9e851afd-AMS",
            "cf-cache-status": "HIT",
            "age": "773",
            "cache-control": "no-cache, no-store, max-age=0, must-revalidate",
            "expires": "Wed, 25 Oct 2023 14:33:41 GMT",
            "link": "<https://glyph.medium.com/css/unbound.css>; as=\"style\"; rel=\"preload\"",
            "set-cookie": "__cfruid=68b5b9fa6531214e396ddd426f07270700438cdb-1698237221; path=/; domain=.medium.com; HttpOnly; Secure; SameSite=None",
            "strict-transport-security": "max-age=15552000; includeSubDomains; preload",
            "vary": "Accept-Encoding",
            "content-security-policy": "frame-ancestors 'self' https://medium.com",
            "medium-fulfilled-by": "edgy/8.3.0, valencia/main-20231025-101913-e2a3bc0e5b, lite/main-20231025-101913-e2a3bc0e5b, rito/main-20231025-101913-e2a3bc0e5b, tutu/main-20231024-210738-58308102a5",
            "medium-missing-time": "139",
            "worker-cache-key": "medium.com/?li=false",
            "worker-cache-middleware": "true",
            "worker-missing-cookies": "1",
            "x-content-type-options": "nosniff",
            "x-envoy-upstream-service-time": "307",
            "x-request-received-at": "1698236405878",
            "server": "cloudflare",
            "content-encoding": "gzip",
            "alt-svc": "h3=\":443\"; ma=86400"
        }
    },
    {
        "number": 3,
        "request": "GET https://medium.com/  HTTP/1.1\r\nHost: medium.com\r\nUser-Agent: Mozilla/5.0 (Windows NT 10.0; rv:102.0) Gecko/20100101 Firefox/102.0\r\nAccept: text/html,application/xhtml+xml,application/xml;q=0.9,image/avif,image/webp,*/*;q=0.8\r\nAccept-Encoding: gzip, deflate, br\r\nAccept-Language: en-US,en;q=0.5\r\nDNT: 1\r\nConnection: keep-alive\r\nUpgrade-Insecure-Requests: 1\r\nSec-Fetch-Dest: document\r\nSec-Fetch-Mode: navigate\r\nSec-Fetch-Site: cross-site\r\n\r\n",
        "deviation_count": 0,
        "uri": "https://medium.com/",
        "request_length": 443,
        "Response_Time": 0.19089126586914062,
        "status_code": 200,
        "reason_phrase": "OK",
        "error_message": [
            ""
        ],
        "response_header_count": 25,
        "response_header_length": 25,
        "response_body_length": 53,
        "response_header_fields": {
            "date": "Wed, 25 Oct 2023 12:33:54 GMT",
            "content-type": "text/html; charset=utf-8",
            "transfer-encoding": "chunked",
            "connection": "keep-alive",
            "cf-ray": "81ba7d9c2b15b710-AMS",
            "cf-cache-status": "HIT",
            "age": "931",
            "cache-control": "no-cache, no-store, max-age=0, must-revalidate",
            "expires": "Wed, 25 Oct 2023 14:33:54 GMT",
            "link": "<https://glyph.medium.com/css/unbound.css>; as=\"style\"; rel=\"preload\"",
            "set-cookie": "__cfruid=3b368bf6d5b47105acfc2f33c806ae8f1593d21d-1698237234; path=/; domain=.medium.com; HttpOnly; Secure; SameSite=None",
            "strict-transport-security": "max-age=15552000; includeSubDomains; preload",
            "vary": "Accept-Encoding",
            "content-security-policy": "frame-ancestors 'self' https://medium.com",
            "medium-fulfilled-by": "edgy/8.3.0, valencia/main-20231025-101913-e2a3bc0e5b, lite/main-20231025-101913-e2a3bc0e5b, rito/main-20231025-101913-e2a3bc0e5b, tutu/main-20231024-210738-58308102a5",
            "medium-missing-time": "136",
            "worker-cache-key": "medium.com/?li=false",
            "worker-cache-middleware": "true",
            "worker-missing-cookies": "1",
            "x-content-type-options": "nosniff",
            "x-envoy-upstream-service-time": "484",
            "x-request-received-at": "1698235198275",
            "server": "cloudflare",
            "content-encoding": "gzip",
            "alt-svc": "h3=\":443\"; ma=86400"
        }
    },
    {
        "number": 4,
        "request": "GET https://medium.com/  HTTP/1.1\r\nHost: medium.com\r\nUser-Agent: Mozilla/5.0 (Windows NT 10.0; rv:102.0) Gecko/20100101 Firefox/102.0\r\nAccept: text/html,application/xhtml+xml,application/xml;q=0.9,image/avif,image/webp,*/*;q=0.8\r\nAccept-Encoding: gzip, deflate, br\r\nAccept-Language: en-US,en;q=0.5\r\nDNT: 1\r\nConnection: keep-alive\r\nUpgrade-Insecure-Requests: 1\r\nSec-Fetch-Dest: document\r\nSec-Fetch-Mode: navigate\r\nSec-Fetch-Site: cross-site\r\n\r\n",
        "deviation_count": 0,
        "uri": "https://medium.com/",
        "request_length": 443,
        "Response_Time": 0.09474754333496094,
        "status_code": 200,
        "reason_phrase": "OK",
        "error_message": [
            ""
        ],
        "response_header_count": 25,
        "response_header_length": 25,
        "response_body_length": 52,
        "response_header_fields": {
            "date": "Wed, 25 Oct 2023 12:34:07 GMT",
            "content-type": "text/html; charset=utf-8",
            "transfer-encoding": "chunked",
            "connection": "keep-alive",
            "cf-ray": "81ba7de9d96b6631-AMS",
            "cf-cache-status": "HIT",
            "age": "1197",
            "cache-control": "no-cache, no-store, max-age=0, must-revalidate",
            "expires": "Wed, 25 Oct 2023 14:34:07 GMT",
            "link": "<https://glyph.medium.com/css/unbound.css>; as=\"style\"; rel=\"preload\"",
            "set-cookie": "__cfruid=d4f077600b72fd55cf212d1fffab245165b02599-1698237247; path=/; domain=.medium.com; HttpOnly; Secure; SameSite=None",
            "strict-transport-security": "max-age=15552000; includeSubDomains; preload",
            "vary": "Accept-Encoding",
            "content-security-policy": "frame-ancestors 'self' https://medium.com",
            "medium-fulfilled-by": "edgy/8.3.0, valencia/main-20231025-101913-e2a3bc0e5b, lite/main-20231025-101913-e2a3bc0e5b, rito/main-20231025-101913-e2a3bc0e5b, tutu/main-20231024-210738-58308102a5",
            "medium-missing-time": "136",
            "worker-cache-key": "medium.com/?li=false",
            "worker-cache-middleware": "true",
            "worker-missing-cookies": "1",
            "x-content-type-options": "nosniff",
            "x-envoy-upstream-service-time": "484",
            "x-request-received-at": "1698235198275",
            "server": "cloudflare",
            "content-encoding": "gzip",
            "alt-svc": "h3=\":443\"; ma=86400"
        }
    },
    {
        "number": 5,
        "request": "GET https://medium.com/  HTTP/1.1\r\nHost: medium.com\r\nUser-Agent: Mozilla/5.0 (Windows NT 10.0; rv:102.0) Gecko/20100101 Firefox/102.0\r\nAccept: text/html,application/xhtml+xml,application/xml;q=0.9,image/avif,image/webp,*/*;q=0.8\r\nAccept-Encoding: gzip, deflate, br\r\nAccept-Language: en-US,en;q=0.5\r\nDNT: 1\r\nConnection: keep-alive\r\nUpgrade-Insecure-Requests: 1\r\nSec-Fetch-Dest: document\r\nSec-Fetch-Mode: navigate\r\nSec-Fetch-Site: cross-site\r\n\r\n",
        "deviation_count": 0,
        "uri": "https://medium.com/",
        "request_length": 443,
        "Response_Time": 0.06851506233215332,
        "status_code": 200,
        "reason_phrase": "OK",
        "error_message": [
            ""
        ],
        "response_header_count": 25,
        "response_header_length": 25,
        "response_body_length": 53,
        "response_header_fields": {
            "date": "Wed, 25 Oct 2023 12:34:19 GMT",
            "content-type": "text/html; charset=utf-8",
            "transfer-encoding": "chunked",
            "connection": "keep-alive",
            "cf-ray": "81ba7e35beeb0ba8-AMS",
            "cf-cache-status": "HIT",
            "age": "339",
            "cache-control": "no-cache, no-store, max-age=0, must-revalidate",
            "expires": "Wed, 25 Oct 2023 14:34:19 GMT",
            "link": "<https://glyph.medium.com/css/unbound.css>; as=\"style\"; rel=\"preload\"",
            "set-cookie": "__cfruid=1ba8052191bbde6499956089ef421512d499fea1-1698237259; path=/; domain=.medium.com; HttpOnly; Secure; SameSite=None",
            "strict-transport-security": "max-age=15552000; includeSubDomains; preload",
            "vary": "Accept-Encoding",
            "content-security-policy": "frame-ancestors 'self' https://medium.com",
            "medium-fulfilled-by": "edgy/8.3.0, valencia/main-20231025-101913-e2a3bc0e5b, lite/main-20231025-101913-e2a3bc0e5b, rito/main-20231025-101913-e2a3bc0e5b, tutu/main-20231024-210738-58308102a5",
            "medium-missing-time": "139",
            "worker-cache-key": "medium.com/?li=false",
            "worker-cache-middleware": "true",
            "worker-missing-cookies": "1",
            "x-content-type-options": "nosniff",
            "x-envoy-upstream-service-time": "307",
            "x-request-received-at": "1698236405878",
            "server": "cloudflare",
            "content-encoding": "gzip",
            "alt-svc": "h3=\":443\"; ma=86400"
        }
    },
    {
        "number": 6,
        "request": "GET https://medium.com/  HTTP/1.1\r\nHost: medium.com\r\nUser-Agent: Mozilla/5.0 (Windows NT 10.0; rv:102.0) Gecko/20100101 Firefox/102.0\r\nAccept: text/html,application/xhtml+xml,application/xml;q=0.9,image/avif,image/webp,*/*;q=0.8\r\nAccept-Encoding: gzip, deflate, br\r\nAccept-Language: en-US,en;q=0.5\r\nDNT: 1\r\nConnection: keep-alive\r\nUpgrade-Insecure-Requests: 1\r\nSec-Fetch-Dest: document\r\nSec-Fetch-Mode: navigate\r\nSec-Fetch-Site: cross-site\r\n\r\n",
        "deviation_count": 0,
        "uri": "https://medium.com/",
        "request_length": 443,
        "Response_Time": 0.06680560111999512,
        "status_code": 200,
        "reason_phrase": "OK",
        "error_message": [
            ""
        ],
        "response_header_count": 25,
        "response_header_length": 25,
        "response_body_length": 53,
        "response_header_fields": {
            "date": "Wed, 25 Oct 2023 12:34:30 GMT",
            "content-type": "text/html; charset=utf-8",
            "transfer-encoding": "chunked",
            "connection": "keep-alive",
            "cf-ray": "81ba7e7e4c8066ee-AMS",
            "cf-cache-status": "HIT",
            "age": "822",
            "cache-control": "no-cache, no-store, max-age=0, must-revalidate",
            "expires": "Wed, 25 Oct 2023 14:34:30 GMT",
            "link": "<https://glyph.medium.com/css/unbound.css>; as=\"style\"; rel=\"preload\"",
            "set-cookie": "__cfruid=b3ae6b2d40e6ce0136992cc945837d46e2885466-1698237270; path=/; domain=.medium.com; HttpOnly; Secure; SameSite=None",
            "strict-transport-security": "max-age=15552000; includeSubDomains; preload",
            "vary": "Accept-Encoding",
            "content-security-policy": "frame-ancestors 'self' https://medium.com",
            "medium-fulfilled-by": "edgy/8.3.0, valencia/main-20231025-101913-e2a3bc0e5b, lite/main-20231025-101913-e2a3bc0e5b, rito/main-20231025-101913-e2a3bc0e5b, tutu/main-20231024-210738-58308102a5",
            "medium-missing-time": "139",
            "worker-cache-key": "medium.com/?li=false",
            "worker-cache-middleware": "true",
            "worker-missing-cookies": "1",
            "x-content-type-options": "nosniff",
            "x-envoy-upstream-service-time": "307",
            "x-request-received-at": "1698236405878",
            "server": "cloudflare",
            "content-encoding": "gzip",
            "alt-svc": "h3=\":443\"; ma=86400"
        }
    },
    {
        "number": 7,
        "request": "GET https://medium.com/  HTTP/1.1\r\nHost: medium.com\r\nUser-Agent: Mozilla/5.0 (Windows NT 10.0; rv:102.0) Gecko/20100101 Firefox/102.0\r\nAccept: text/html,application/xhtml+xml,application/xml;q=0.9,image/avif,image/webp,*/*;q=0.8\r\nAccept-Encoding: gzip, deflate, br\r\nAccept-Language: en-US,en;q=0.5\r\nDNT: 1\r\nConnection: keep-alive\r\nUpgrade-Insecure-Requests: 1\r\nSec-Fetch-Dest: document\r\nSec-Fetch-Mode: navigate\r\nSec-Fetch-Site: cross-site\r\n\r\n",
        "deviation_count": 0,
        "uri": "https://medium.com/",
        "request_length": 443,
        "Response_Time": 0.07573533058166504,
        "status_code": 200,
        "reason_phrase": "OK",
        "error_message": [
            ""
        ],
        "response_header_count": 25,
        "response_header_length": 25,
        "response_body_length": 53,
        "response_header_fields": {
            "date": "Wed, 25 Oct 2023 12:34:42 GMT",
            "content-type": "text/html; charset=utf-8",
            "transfer-encoding": "chunked",
            "connection": "keep-alive",
            "cf-ray": "81ba7ec8cdac6702-AMS",
            "cf-cache-status": "HIT",
            "age": "834",
            "cache-control": "no-cache, no-store, max-age=0, must-revalidate",
            "expires": "Wed, 25 Oct 2023 14:34:42 GMT",
            "link": "<https://glyph.medium.com/css/unbound.css>; as=\"style\"; rel=\"preload\"",
            "set-cookie": "__cfruid=5bde9575d20f258fe962a454b316a6bcf01d6bb2-1698237282; path=/; domain=.medium.com; HttpOnly; Secure; SameSite=None",
            "strict-transport-security": "max-age=15552000; includeSubDomains; preload",
            "vary": "Accept-Encoding",
            "content-security-policy": "frame-ancestors 'self' https://medium.com",
            "medium-fulfilled-by": "edgy/8.3.0, valencia/main-20231025-101913-e2a3bc0e5b, lite/main-20231025-101913-e2a3bc0e5b, rito/main-20231025-101913-e2a3bc0e5b, tutu/main-20231024-210738-58308102a5",
            "medium-missing-time": "139",
            "worker-cache-key": "medium.com/?li=false",
            "worker-cache-middleware": "true",
            "worker-missing-cookies": "1",
            "x-content-type-options": "nosniff",
            "x-envoy-upstream-service-time": "307",
            "x-request-received-at": "1698236405878",
            "server": "cloudflare",
            "content-encoding": "gzip",
            "alt-svc": "h3=\":443\"; ma=86400"
        }
    },
    {
        "number": 8,
        "request": "GET https://medium.com/  HTTP/1.1\r\nHost: medium.com\r\nUser-Agent: Mozilla/5.0 (Windows NT 10.0; rv:102.0) Gecko/20100101 Firefox/102.0\r\nAccept: text/html,application/xhtml+xml,application/xml;q=0.9,image/avif,image/webp,*/*;q=0.8\r\nAccept-Encoding: gzip, deflate, br\r\nAccept-Language: en-US,en;q=0.5\r\nDNT: 1\r\nConnection: keep-alive\r\nUpgrade-Insecure-Requests: 1\r\nSec-Fetch-Dest: document\r\nSec-Fetch-Mode: navigate\r\nSec-Fetch-Site: cross-site\r\n\r\n",
        "deviation_count": 0,
        "uri": "https://medium.com/",
        "request_length": 443,
        "Response_Time": 0.07350444793701172,
        "status_code": 200,
        "reason_phrase": "OK",
        "error_message": [
            ""
        ],
        "response_header_count": 25,
        "response_header_length": 25,
        "response_body_length": 53,
        "response_header_fields": {
            "date": "Wed, 25 Oct 2023 12:34:53 GMT",
            "content-type": "text/html; charset=utf-8",
            "transfer-encoding": "chunked",
            "connection": "keep-alive",
            "cf-ray": "81ba7f0deea56576-AMS",
            "cf-cache-status": "HIT",
            "age": "262",
            "cache-control": "no-cache, no-store, max-age=0, must-revalidate",
            "expires": "Wed, 25 Oct 2023 14:34:53 GMT",
            "link": "<https://glyph.medium.com/css/unbound.css>; as=\"style\"; rel=\"preload\"",
            "set-cookie": "__cfruid=8a57a3613316a69f170ae877b05196e7697e236d-1698237293; path=/; domain=.medium.com; HttpOnly; Secure; SameSite=None",
            "strict-transport-security": "max-age=15552000; includeSubDomains; preload",
            "vary": "Accept-Encoding",
            "content-security-policy": "frame-ancestors 'self' https://medium.com",
            "medium-fulfilled-by": "edgy/8.3.0, valencia/main-20231025-101913-e2a3bc0e5b, lite/main-20231025-101913-e2a3bc0e5b, rito/main-20231025-101913-e2a3bc0e5b, tutu/main-20231024-210738-58308102a5",
            "medium-missing-time": "139",
            "worker-cache-key": "medium.com/?li=false",
            "worker-cache-middleware": "true",
            "worker-missing-cookies": "1",
            "x-content-type-options": "nosniff",
            "x-envoy-upstream-service-time": "307",
            "x-request-received-at": "1698236405878",
            "server": "cloudflare",
            "content-encoding": "gzip",
            "alt-svc": "h3=\":443\"; ma=86400"
        }
    },
    {
        "number": 9,
        "request": "GET https://medium.com/  HTTP/1.1\r\nHost: medium.com\r\nUser-Agent: Mozilla/5.0 (Windows NT 10.0; rv:102.0) Gecko/20100101 Firefox/102.0\r\nAccept: text/html,application/xhtml+xml,application/xml;q=0.9,image/avif,image/webp,*/*;q=0.8\r\nAccept-Encoding: gzip, deflate, br\r\nAccept-Language: en-US,en;q=0.5\r\nDNT: 1\r\nConnection: keep-alive\r\nUpgrade-Insecure-Requests: 1\r\nSec-Fetch-Dest: document\r\nSec-Fetch-Mode: navigate\r\nSec-Fetch-Site: cross-site\r\n\r\n",
        "deviation_count": 0,
        "uri": "https://medium.com/",
        "request_length": 443,
        "Response_Time": 0.10306215286254883,
        "status_code": 200,
        "reason_phrase": "OK",
        "error_message": [
            ""
        ],
        "response_header_count": 25,
        "response_header_length": 25,
        "response_body_length": 53,
        "response_header_fields": {
            "date": "Wed, 25 Oct 2023 12:35:05 GMT",
            "content-type": "text/html; charset=utf-8",
            "transfer-encoding": "chunked",
            "connection": "keep-alive",
            "cf-ray": "81ba7f577f3566d9-AMS",
            "cf-cache-status": "HIT",
            "age": "857",
            "cache-control": "no-cache, no-store, max-age=0, must-revalidate",
            "expires": "Wed, 25 Oct 2023 14:35:05 GMT",
            "link": "<https://glyph.medium.com/css/unbound.css>; as=\"style\"; rel=\"preload\"",
            "set-cookie": "__cfruid=0ae5c5a0cfe756dca15c26bfca8d3002eb64f423-1698237305; path=/; domain=.medium.com; HttpOnly; Secure; SameSite=None",
            "strict-transport-security": "max-age=15552000; includeSubDomains; preload",
            "vary": "Accept-Encoding",
            "content-security-policy": "frame-ancestors 'self' https://medium.com",
            "medium-fulfilled-by": "edgy/8.3.0, valencia/main-20231025-101913-e2a3bc0e5b, lite/main-20231025-101913-e2a3bc0e5b, rito/main-20231025-101913-e2a3bc0e5b, tutu/main-20231024-210738-58308102a5",
            "medium-missing-time": "139",
            "worker-cache-key": "medium.com/?li=false",
            "worker-cache-middleware": "true",
            "worker-missing-cookies": "1",
            "x-content-type-options": "nosniff",
            "x-envoy-upstream-service-time": "307",
            "x-request-received-at": "1698236405878",
            "server": "cloudflare",
            "content-encoding": "gzip",
            "alt-svc": "h3=\":443\"; ma=86400"
        }
    }
]