number,request,deviation_count,uri,request_length,http_version,Socket_Connect_Time,Socket_Close_Time,Response_Time,status_code,reason_phrase,error_message,response_header_count,response_header_length,response_body_length,response_header_fields
0,"GET https://www.google.com/  HTTP/1.1
Host: www.google.com
User-Agent: Mozilla/5.0 (Windows NT 10.0; rv:102.0) Gecko/20100101 Firefox/102.0
Accept: text/html,application/xhtml+xml,application/xml;q=0.9,image/avif,image/webp,*/*;q=0.8
Accept-Encoding: gzip, deflate, br
Accept-Language: en-US,en;q=0.5
DNT: 1
Connection: keep-alive
Upgrade-Insecure-Requests: 1
Sec-Fetch-Dest: document
Sec-Fetch-Mode: navigate
Sec-Fetch-Site: cross-site

",0,https://www.google.com/,451,HTTP/1.1,0.24247002601623535,0.10511398315429688,0.13406991958618164,200,OK,[''],16,16,0,"{""date"": ""Wed, 25 Oct 2023 12:33:16 GMT"", ""expires"": ""-1"", ""cache-control"": ""private, max-age=0"", ""content-type"": ""text/html; charset=UTF-8"", ""strict-transport-security"": ""max-age=31536000"", ""content-security-policy-report-only"": ""object-src 'none';base-uri 'self';script-src 'nonce-JD77ne_CtGWJxPzpWW8jAQ' 'strict-dynamic' 'report-sample' 'unsafe-eval' 'unsafe-inline' https: http:;report-uri https://csp.withgoogle.com/csp/gws/other-hp"", ""cross-origin-opener-policy"": ""same-origin-allow-popups; report-to=\""gws\"""", ""report-to"": ""{\""group\"":\""gws\"",\""max_age\"":2592000,\""endpoints\"":[{\""url\"":\""https://csp.withgoogle.com/csp/report-to/gws/other\""}]}"", ""p3p"": ""CP=\""This is not a P3P policy! See g.co/p3phelp for more info.\"""", ""content-encoding"": ""br"", ""server"": ""gws"", ""content-length"": ""66385"", ""x-xss-protection"": ""0"", ""x-frame-options"": ""SAMEORIGIN"", ""set-cookie"": ""CONSENT=PENDING+901; expires=Fri, 24-Oct-2025 12:33:16 GMT; path=/; domain=.google.com; Secure"", ""alt-svc"": ""h3=\"":443\""; ma=2592000,h3-29=\"":443\""; ma=2592000""}"
1,"GET https://www.google.com/  HTTP/1.1
Host: www.google.com
User-Agent: Mozilla/5.0 (Windows NT 10.0; rv:102.0) Gecko/20100101 Firefox/102.0
Accept: text/html,application/xhtml+xml,application/xml;q=0.9,image/avif,image/webp,*/*;q=0.8
Accept-Encoding: gzip, deflate, br
Accept-Language: en-US,en;q=0.5
DNT: 1
Connection: keep-alive
Upgrade-Insecure-Requests: 1
Sec-Fetch-Dest: document
Sec-Fetch-Mode: navigate
Sec-Fetch-Site: cross-site

",0,https://www.google.com/,451,HTTP/1.1,0.13508820533752441,0.10519194602966309,0.1082310676574707,200,OK,[''],16,16,0,"{""date"": ""Wed, 25 Oct 2023 12:33:26 GMT"", ""expires"": ""-1"", ""cache-control"": ""private, max-age=0"", ""content-type"": ""text/html; charset=UTF-8"", ""strict-transport-security"": ""max-age=31536000"", ""content-security-policy-report-only"": ""object-src 'none';base-uri 'self';script-src 'nonce-Zf_fl53Wn-Kf3fVTMs4HcQ' 'strict-dynamic' 'report-sample' 'unsafe-eval' 'unsafe-inline' https: http:;report-uri https://csp.withgoogle.com/csp/gws/other-hp"", ""cross-origin-opener-policy"": ""same-origin-allow-popups; report-to=\""gws\"""", ""report-to"": ""{\""group\"":\""gws\"",\""max_age\"":2592000,\""endpoints\"":[{\""url\"":\""https://csp.withgoogle.com/csp/report-to/gws/other\""}]}"", ""p3p"": ""CP=\""This is not a P3P policy! See g.co/p3phelp for more info.\"""", ""content-encoding"": ""br"", ""server"": ""gws"", ""content-length"": ""66381"", ""x-xss-protection"": ""0"", ""x-frame-options"": ""SAMEORIGIN"", ""set-cookie"": ""CONSENT=PENDING+816; expires=Fri, 24-Oct-2025 12:33:26 GMT; path=/; domain=.google.com; Secure"", ""alt-svc"": ""h3=\"":443\""; ma=2592000,h3-29=\"":443\""; ma=2592000""}"
2,"GET https://www.google.com/  HTTP/1.1
Host: www.google.com
User-Agent: Mozilla/5.0 (Windows NT 10.0; rv:102.0) Gecko/20100101 Firefox/102.0
Accept: text/html,application/xhtml+xml,application/xml;q=0.9,image/avif,image/webp,*/*;q=0.8
Accept-Encoding: gzip, deflate, br
Accept-Language: en-US,en;q=0.5
DNT: 1
Connection: keep-alive
Upgrade-Insecure-Requests: 1
Sec-Fetch-Dest: document
Sec-Fetch-Mode: navigate
Sec-Fetch-Site: cross-site

",0,https://www.google.com/,451,HTTP/1.1,0.1277775764465332,0.11433696746826172,0.16120338439941406,200,OK,[''],16,16,0,"{""date"": ""Wed, 25 Oct 2023 12:33:35 GMT"", ""expires"": ""-1"", ""cache-control"": ""private, max-age=0"", ""content-type"": ""text/html; charset=UTF-8"", ""strict-transport-security"": ""max-age=31536000"", ""content-security-policy-report-only"": ""object-src 'none';base-uri 'self';script-src 'nonce-RqUP-gNiu32aOBf_dUsVIQ' 'strict-dynamic' 'report-sample' 'unsafe-eval' 'unsafe-inline' https: http:;report-uri https://csp.withgoogle.com/csp/gws/other-hp"", ""cross-origin-opener-policy"": ""same-origin-allow-popups; report-to=\""gws\"""", ""report-to"": ""{\""group\"":\""gws\"",\""max_age\"":2592000,\""endpoints\"":[{\""url\"":\""https://csp.withgoogle.com/csp/report-to/gws/other\""}]}"", ""p3p"": ""CP=\""This is not a P3P policy! See g.co/p3phelp for more info.\"""", ""content-encoding"": ""br"", ""server"": ""gws"", ""content-length"": ""66445"", ""x-xss-protection"": ""0"", ""x-frame-options"": ""SAMEORIGIN"", ""set-cookie"": ""CONSENT=PENDING+840; expires=Fri, 24-Oct-2025 12:33:35 GMT; path=/; domain=.google.com; Secure"", ""alt-svc"": ""h3=\"":443\""; ma=2592000,h3-29=\"":443\""; ma=2592000""}"
3,"GET https://www.google.com/  HTTP/1.1
Host: www.google.com
User-Agent: Mozilla/5.0 (Windows NT 10.0; rv:102.0) Gecko/20100101 Firefox/102.0
Accept: text/html,application/xhtml+xml,application/xml;q=0.9,image/avif,image/webp,*/*;q=0.8
Accept-Encoding: gzip, deflate, br
Accept-Language: en-US,en;q=0.5
DNT: 1
Connection: keep-alive
Upgrade-Insecure-Requests: 1
Sec-Fetch-Dest: document
Sec-Fetch-Mode: navigate
Sec-Fetch-Site: cross-site

",0,https://www.google.com/,451,HTTP/1.1,0.1685950756072998,0.11117196083068848,0.10768866539001465,200,OK,[''],16,16,0,"{""date"": ""Wed, 25 Oct 2023 12:33:44 GMT"", ""expires"": ""-1"", ""cache-control"": ""private, max-age=0"", ""content-type"": ""text/html; charset=UTF-8"", ""strict-transport-security"": ""max-age=31536000"", ""content-security-policy-report-only"": ""object-src 'none';base-uri 'self';script-src 'nonce-BJu9x15Rf3hQEomwCtLq3Q' 'strict-dynamic' 'report-sample' 'unsafe-eval' 'unsafe-inline' https: http:;report-uri https://csp.withgoogle.com/csp/gws/other-hp"", ""cross-origin-opener-policy"": ""same-origin-allow-popups; report-to=\""gws\"""", ""report-to"": ""{\""group\"":\""gws\"",\""max_age\"":2592000,\""endpoints\"":[{\""url\"":\""https://csp.withgoogle.com/csp/report-to/gws/other\""}]}"", ""p3p"": ""CP=\""This is not a P3P policy! See g.co/p3phelp for more info.\"""", ""content-encoding"": ""br"", ""server"": ""gws"", ""content-length"": ""66379"", ""x-xss-protection"": ""0"", ""x-frame-options"": ""SAMEORIGIN"", ""set-cookie"": ""CONSENT=PENDING+287; expires=Fri, 24-Oct-2025 12:33:44 GMT; path=/; domain=.google.com; Secure"", ""alt-svc"": ""h3=\"":443\""; ma=2592000,h3-29=\"":443\""; ma=2592000""}"
4,"GET https://www.google.com/  HTTP/1.1
Host: www.google.com
User-Agent: Mozilla/5.0 (Windows NT 10.0; rv:102.0) Gecko/20100101 Firefox/102.0
Accept: text/html,application/xhtml+xml,application/xml;q=0.9,image/avif,image/webp,*/*;q=0.8
Accept-Encoding: gzip, deflate, br
Accept-Language: en-US,en;q=0.5
DNT: 1
Connection: keep-alive
Upgrade-Insecure-Requests: 1
Sec-Fetch-Dest: document
Sec-Fetch-Mode: navigate
Sec-Fetch-Site: cross-site

",0,https://www.google.com/,451,HTTP/1.1,0.15763187408447266,0.15757989883422852,0.12290072441101074,200,OK,[''],16,16,0,"{""date"": ""Wed, 25 Oct 2023 12:33:54 GMT"", ""expires"": ""-1"", ""cache-control"": ""private, max-age=0"", ""content-type"": ""text/html; charset=UTF-8"", ""strict-transport-security"": ""max-age=31536000"", ""content-security-policy-report-only"": ""object-src 'none';base-uri 'self';script-src 'nonce-K8R2lFLdyXMlY8Qj6dv8og' 'strict-dynamic' 'report-sample' 'unsafe-eval' 'unsafe-inline' https: http:;report-uri https://csp.withgoogle.com/csp/gws/other-hp"", ""cross-origin-opener-policy"": ""same-origin-allow-popups; report-to=\""gws\"""", ""report-to"": ""{\""group\"":\""gws\"",\""max_age\"":2592000,\""endpoints\"":[{\""url\"":\""https://csp.withgoogle.com/csp/report-to/gws/other\""}]}"", ""p3p"": ""CP=\""This is not a P3P policy! See g.co/p3phelp for more info.\"""", ""content-encoding"": ""br"", ""server"": ""gws"", ""content-length"": ""66459"", ""x-xss-protection"": ""0"", ""x-frame-options"": ""SAMEORIGIN"", ""set-cookie"": ""CONSENT=PENDING+299; expires=Fri, 24-Oct-2025 12:33:54 GMT; path=/; domain=.google.com; Secure"", ""alt-svc"": ""h3=\"":443\""; ma=2592000,h3-29=\"":443\""; ma=2592000""}"
5,"GET https://www.google.com/  HTTP/1.1
Host: www.google.com
User-Agent: Mozilla/5.0 (Windows NT 10.0; rv:102.0) Gecko/20100101 Firefox/102.0
Accept: text/html,application/xhtml+xml,application/xml;q=0.9,image/avif,image/webp,*/*;q=0.8
Accept-Encoding: gzip, deflate, br
Accept-Language: en-US,en;q=0.5
DNT: 1
Connection: keep-alive
Upgrade-Insecure-Requests: 1
Sec-Fetch-Dest: document
Sec-Fetch-Mode: navigate
Sec-Fetch-Site: cross-site

",0,https://www.google.com/,451,HTTP/1.1,0.12230610847473145,0.10769796371459961,0.12379264831542969,200,OK,[''],16,16,0,"{""date"": ""Wed, 25 Oct 2023 12:34:04 GMT"", ""expires"": ""-1"", ""cache-control"": ""private, max-age=0"", ""content-type"": ""text/html; charset=UTF-8"", ""strict-transport-security"": ""max-age=31536000"", ""content-security-policy-report-only"": ""object-src 'none';base-uri 'self';script-src 'nonce-8zLalrpKk7CR1L_zvLRc7Q' 'strict-dynamic' 'report-sample' 'unsafe-eval' 'unsafe-inline' https: http:;report-uri https://csp.withgoogle.com/csp/gws/other-hp"", ""cross-origin-opener-policy"": ""same-origin-allow-popups; report-to=\""gws\"""", ""report-to"": ""{\""group\"":\""gws\"",\""max_age\"":2592000,\""endpoints\"":[{\""url\"":\""https://csp.withgoogle.com/csp/report-to/gws/other\""}]}"", ""p3p"": ""CP=\""This is not a P3P policy! See g.co/p3phelp for more info.\"""", ""content-encoding"": ""br"", ""server"": ""gws"", ""content-length"": ""66510"", ""x-xss-protection"": ""0"", ""x-frame-options"": ""SAMEORIGIN"", ""set-cookie"": ""CONSENT=PENDING+157; expires=Fri, 24-Oct-2025 12:34:04 GMT; path=/; domain=.google.com; Secure"", ""alt-svc"": ""h3=\"":443\""; ma=2592000,h3-29=\"":443\""; ma=2592000""}"
6,"GET https://www.google.com/  HTTP/1.1
Host: www.google.com
User-Agent: Mozilla/5.0 (Windows NT 10.0; rv:102.0) Gecko/20100101 Firefox/102.0
Accept: text/html,application/xhtml+xml,application/xml;q=0.9,image/avif,image/webp,*/*;q=0.8
Accept-Encoding: gzip, deflate, br
Accept-Language: en-US,en;q=0.5
DNT: 1
Connection: keep-alive
Upgrade-Insecure-Requests: 1
Sec-Fetch-Dest: document
Sec-Fetch-Mode: navigate
Sec-Fetch-Site: cross-site

",0,https://www.google.com/,451,HTTP/1.1,0.16945791244506836,0.10872530937194824,0.11768960952758789,200,OK,[''],16,16,0,"{""date"": ""Wed, 25 Oct 2023 12:34:14 GMT"", ""expires"": ""-1"", ""cache-control"": ""private, max-age=0"", ""content-type"": ""text/html; charset=UTF-8"", ""strict-transport-security"": ""max-age=31536000"", ""content-security-policy-report-only"": ""object-src 'none';base-uri 'self';script-src 'nonce-RBV9_wvh2UHAEKDRcWM9CA' 'strict-dynamic' 'report-sample' 'unsafe-eval' 'unsafe-inline' https: http:;report-uri https://csp.withgoogle.com/csp/gws/other-hp"", ""cross-origin-opener-policy"": ""same-origin-allow-popups; report-to=\""gws\"""", ""report-to"": ""{\""group\"":\""gws\"",\""max_age\"":2592000,\""endpoints\"":[{\""url\"":\""https://csp.withgoogle.com/csp/report-to/gws/other\""}]}"", ""p3p"": ""CP=\""This is not a P3P policy! See g.co/p3phelp for more info.\"""", ""content-encoding"": ""br"", ""server"": ""gws"", ""content-length"": ""66833"", ""x-xss-protection"": ""0"", ""x-frame-options"": ""SAMEORIGIN"", ""set-cookie"": ""CONSENT=PENDING+574; expires=Fri, 24-Oct-2025 12:34:13 GMT; path=/; domain=.google.com; Secure"", ""alt-svc"": ""h3=\"":443\""; ma=2592000,h3-29=\"":443\""; ma=2592000""}"
7,"GET https://www.google.com/  HTTP/1.1
Host: www.google.com
User-Agent: Mozilla/5.0 (Windows NT 10.0; rv:102.0) Gecko/20100101 Firefox/102.0
Accept: text/html,application/xhtml+xml,application/xml;q=0.9,image/avif,image/webp,*/*;q=0.8
Accept-Encoding: gzip, deflate, br
Accept-Language: en-US,en;q=0.5
DNT: 1
Connection: keep-alive
Upgrade-Insecure-Requests: 1
Sec-Fetch-Dest: document
Sec-Fetch-Mode: navigate
Sec-Fetch-Site: cross-site

",0,https://www.google.com/,451,HTTP/1.1,0.12891674041748047,0.10566592216491699,0.15763354301452637,200,OK,[''],16,16,0,"{""date"": ""Wed, 25 Oct 2023 12:34:23 GMT"", ""expires"": ""-1"", ""cache-control"": ""private, max-age=0"", ""content-type"": ""text/html; charset=UTF-8"", ""strict-transport-security"": ""max-age=31536000"", ""content-security-policy-report-only"": ""object-src 'none';base-uri 'self';script-src 'nonce-_NzhUHYrK7tk6HiG7bHu3w' 'strict-dynamic' 'report-sample' 'unsafe-eval' 'unsafe-inline' https: http:;report-uri https://csp.withgoogle.com/csp/gws/other-hp"", ""cross-origin-opener-policy"": ""same-origin-allow-popups; report-to=\""gws\"""", ""report-to"": ""{\""group\"":\""gws\"",\""max_age\"":2592000,\""endpoints\"":[{\""url\"":\""https://csp.withgoogle.com/csp/report-to/gws/other\""}]}"", ""p3p"": ""CP=\""This is not a P3P policy! See g.co/p3phelp for more info.\"""", ""content-encoding"": ""br"", ""server"": ""gws"", ""content-length"": ""66472"", ""x-xss-protection"": ""0"", ""x-frame-options"": ""SAMEORIGIN"", ""set-cookie"": ""CONSENT=PENDING+631; expires=Fri, 24-Oct-2025 12:34:23 GMT; path=/; domain=.google.com; Secure"", ""alt-svc"": ""h3=\"":443\""; ma=2592000,h3-29=\"":443\""; ma=2592000""}"
8,"GET https://www.google.com/  HTTP/1.1
Host: www.google.com
User-Agent: Mozilla/5.0 (Windows NT 10.0; rv:102.0) Gecko/20100101 Firefox/102.0
Accept: text/html,application/xhtml+xml,application/xml;q=0.9,image/avif,image/webp,*/*;q=0.8
Accept-Encoding: gzip, deflate, br
Accept-Language: en-US,en;q=0.5
DNT: 1
Connection: keep-alive
Upgrade-Insecure-Requests: 1
Sec-Fetch-Dest: document
Sec-Fetch-Mode: navigate
Sec-Fetch-Site: cross-site

",0,https://www.google.com/,451,HTTP/1.1,0.18561196327209473,0.1089024543762207,0.13629770278930664,200,OK,[''],16,16,0,"{""date"": ""Wed, 25 Oct 2023 12:34:33 GMT"", ""expires"": ""-1"", ""cache-control"": ""private, max-age=0"", ""content-type"": ""text/html; charset=UTF-8"", ""strict-transport-security"": ""max-age=31536000"", ""content-security-policy-report-only"": ""object-src 'none';base-uri 'self';script-src 'nonce-UC46GKKqPIUZ38LVnRge9w' 'strict-dynamic' 'report-sample' 'unsafe-eval' 'unsafe-inline' https: http:;report-uri https://csp.withgoogle.com/csp/gws/other-hp"", ""cross-origin-opener-policy"": ""same-origin-allow-popups; report-to=\""gws\"""", ""report-to"": ""{\""group\"":\""gws\"",\""max_age\"":2592000,\""endpoints\"":[{\""url\"":\""https://csp.withgoogle.com/csp/report-to/gws/other\""}]}"", ""p3p"": ""CP=\""This is not a P3P policy! See g.co/p3phelp for more info.\"""", ""content-encoding"": ""br"", ""server"": ""gws"", ""content-length"": ""66745"", ""x-xss-protection"": ""0"", ""x-frame-options"": ""SAMEORIGIN"", ""set-cookie"": ""CONSENT=PENDING+697; expires=Fri, 24-Oct-2025 12:34:33 GMT; path=/; domain=.google.com; Secure"", ""alt-svc"": ""h3=\"":443\""; ma=2592000,h3-29=\"":443\""; ma=2592000""}"
9,"GET https://www.google.com/  HTTP/1.1
Host: www.google.com
User-Agent: Mozilla/5.0 (Windows NT 10.0; rv:102.0) Gecko/20100101 Firefox/102.0
Accept: text/html,application/xhtml+xml,application/xml;q=0.9,image/avif,image/webp,*/*;q=0.8
Accept-Encoding: gzip, deflate, br
Accept-Language: en-US,en;q=0.5
DNT: 1
Connection: keep-alive
Upgrade-Insecure-Requests: 1
Sec-Fetch-Dest: document
Sec-Fetch-Mode: navigate
Sec-Fetch-Site: cross-site

",0,https://www.google.com/,451,HTTP/1.1,0.18460679054260254,0.12679338455200195,0.1289982795715332,200,OK,[''],16,16,0,"{""date"": ""Wed, 25 Oct 2023 12:34:43 GMT"", ""expires"": ""-1"", ""cache-control"": ""private, max-age=0"", ""content-type"": ""text/html; charset=UTF-8"", ""strict-transport-security"": ""max-age=31536000"", ""content-security-policy-report-only"": ""object-src 'none';base-uri 'self';script-src 'nonce-0p0LNNCfu2gyJYdbd86CoA' 'strict-dynamic' 'report-sample' 'unsafe-eval' 'unsafe-inline' https: http:;report-uri https://csp.withgoogle.com/csp/gws/other-hp"", ""cross-origin-opener-policy"": ""same-origin-allow-popups; report-to=\""gws\"""", ""report-to"": ""{\""group\"":\""gws\"",\""max_age\"":2592000,\""endpoints\"":[{\""url\"":\""https://csp.withgoogle.com/csp/report-to/gws/other\""}]}"", ""p3p"": ""CP=\""This is not a P3P policy! See g.co/p3phelp for more info.\"""", ""content-encoding"": ""br"", ""server"": ""gws"", ""content-length"": ""66450"", ""x-xss-protection"": ""0"", ""x-frame-options"": ""SAMEORIGIN"", ""set-cookie"": ""CONSENT=PENDING+815; expires=Fri, 24-Oct-2025 12:34:43 GMT; path=/; domain=.google.com; Secure"", ""alt-svc"": ""h3=\"":443\""; ma=2592000,h3-29=\"":443\""; ma=2592000""}"
