[
    {
        "number": 0,
        "request": "GET https://ui.com/  HTTP/1.1\r\nHost: ui.com\r\nUser-Agent: Mozilla/5.0 (Windows NT 10.0; rv:102.0) Gecko/20100101 Firefox/102.0\r\nAccept: text/html,application/xhtml+xml,application/xml;q=0.9,image/avif,image/webp,*/*;q=0.8\r\nAccept-Encoding: gzip, deflate, br\r\nAccept-Language: en-US,en;q=0.5\r\nDNT: 1\r\nConnection: keep-alive\r\nUpgrade-Insecure-Requests: 1\r\nSec-Fetch-Dest: document\r\nSec-Fetch-Mode: navigate\r\nSec-Fetch-Site: cross-site\r\n\r\n",
        "deviation_count": 0,
        "uri": "https://ui.com/",
        "request_length": 435,
        "Response_Time": 0.038654327392578125,
        "status_code": 200,
        "reason_phrase": "OK",
        "error_message": [
            ""
        ],
        "response_header_count": 23,
        "response_header_length": 23,
        "response_body_length": 0,
        "response_header_fields": {
            "content-type": "text/html",
            "transfer-encoding": "chunked",
            "connection": "keep-alive",
            "last-modified": "Fri, 20 Oct 2023 18:54:58 GMT",
            "x-amz-server-side-encryption": "AES256",
            "x-amz-version-id": "TjtstVH9EE_i8OdhLPXUwwWTR.8_tuqB",
            "server": "AmazonS3",
            "content-encoding": "br",
            "date": "Wed, 25 Oct 2023 12:33:10 GMT",
            "cache-control": "max-age=10",
            "etag": "W/\"6ab4659e9f5cd3343d7905cc49cd9eb6\"",
            "vary": "Origin",
            "x-cache": "Hit from cloudfront",
            "via": "1.1 cfd67353680316557643ad146b46d046.cloudfront.net (CloudFront)",
            "x-amz-cf-pop": "HAM50-C1",
            "alt-svc": "h3=\":443\"; ma=86400",
            "x-amz-cf-id": "Ce_dQMeTyeBJmGjsJZLEkmXGhgeLE82vmqJR7EM5nbJnE63McUhU3Q==",
            "age": "5",
            "x-xss-protection": "1; mode=block",
            "x-frame-options": "SAMEORIGIN",
            "referrer-policy": "same-origin",
            "x-content-type-options": "nosniff",
            "strict-transport-security": "max-age=31536000; includeSubDomains; preload"
        }
    },
    {
        "number": 1,
        "request": "GET https://ui.com/  HTTP/1.1\r\nHost: ui.com\r\nUser-Agent: Mozilla/5.0 (Windows NT 10.0; rv:102.0) Gecko/20100101 Firefox/102.0\r\nAccept: text/html,application/xhtml+xml,application/xml;q=0.9,image/avif,image/webp,*/*;q=0.8\r\nAccept-Encoding: gzip, deflate, br\r\nAccept-Language: en-US,en;q=0.5\r\nDNT: 1\r\nConnection: keep-alive\r\nUpgrade-Insecure-Requests: 1\r\nSec-Fetch-Dest: document\r\nSec-Fetch-Mode: navigate\r\nSec-Fetch-Site: cross-site\r\n\r\n",
        "deviation_count": 0,
        "uri": "https://ui.com/",
        "request_length": 435,
        "Response_Time": 0.03154325485229492,
        "status_code": 200,
        "reason_phrase": "OK",
        "error_message": [
            ""
        ],
        "response_header_count": 23,
        "response_header_length": 23,
        "response_body_length": 0,
        "response_header_fields": {
            "content-type": "text/html",
            "transfer-encoding": "chunked",
            "connection": "keep-alive",
            "last-modified": "Fri, 20 Oct 2023 18:54:58 GMT",
            "x-amz-server-side-encryption": "AES256",
            "x-amz-version-id": "TjtstVH9EE_i8OdhLPXUwwWTR.8_tuqB",
            "server": "AmazonS3",
            "content-encoding": "br",
            "date": "Wed, 25 Oct 2023 12:33:25 GMT",
            "cache-control": "max-age=10",
            "etag": "W/\"6ab4659e9f5cd3343d7905cc49cd9eb6\"",
            "vary": "Origin",
            "x-cache": "Hit from cloudfront",
            "via": "1.1 b601b11612dbb318dc18b8b7062715de.cloudfront.net (CloudFront)",
            "x-amz-cf-pop": "HAM50-C1",
            "alt-svc": "h3=\":443\"; ma=86400",
            "x-amz-cf-id": "TyY2ctM1w3pDPdRLeKJqJd7VGytHxvSDyB4NY5RJ6JOjKKXtD3OMdQ==",
            "age": "6",
            "x-xss-protection": "1; mode=block",
            "x-frame-options": "SAMEORIGIN",
            "referrer-policy": "same-origin",
            "x-content-type-options": "nosniff",
            "strict-transport-security": "max-age=31536000; includeSubDomains; preload"
        }
    },
    {
        "number": 2,
        "request": "GET https://ui.com/  HTTP/1.1\r\nHost: ui.com\r\nUser-Agent: Mozilla/5.0 (Windows NT 10.0; rv:102.0) Gecko/20100101 Firefox/102.0\r\nAccept: text/html,application/xhtml+xml,application/xml;q=0.9,image/avif,image/webp,*/*;q=0.8\r\nAccept-Encoding: gzip, deflate, br\r\nAccept-Language: en-US,en;q=0.5\r\nDNT: 1\r\nConnection: keep-alive\r\nUpgrade-Insecure-Requests: 1\r\nSec-Fetch-Dest: document\r\nSec-Fetch-Mode: navigate\r\nSec-Fetch-Site: cross-site\r\n\r\n",
        "deviation_count": 0,
        "uri": "https://ui.com/",
        "request_length": 435,
        "Response_Time": 0.022322416305541992,
        "status_code": 200,
        "reason_phrase": "OK",
        "error_message": [
            ""
        ],
        "response_header_count": 23,
        "response_header_length": 23,
        "response_body_length": 0,
        "response_header_fields": {
            "content-type": "text/html",
            "transfer-encoding": "chunked",
            "connection": "keep-alive",
            "last-modified": "Fri, 20 Oct 2023 18:54:58 GMT",
            "x-amz-server-side-encryption": "AES256",
            "x-amz-version-id": "TjtstVH9EE_i8OdhLPXUwwWTR.8_tuqB",
            "server": "AmazonS3",
            "content-encoding": "br",
            "date": "Wed, 25 Oct 2023 12:33:29 GMT",
            "cache-control": "max-age=10",
            "etag": "W/\"6ab4659e9f5cd3343d7905cc49cd9eb6\"",
            "vary": "Origin",
            "x-cache": "Hit from cloudfront",
            "via": "1.1 6582c239f47eb90b881c158927e7aa18.cloudfront.net (CloudFront)",
            "x-amz-cf-pop": "HAM50-C1",
            "alt-svc": "h3=\":443\"; ma=86400",
            "x-amz-cf-id": "iVvf4kiLpO_N2LU-5RFR0w6ySAbGpfmdvdEQXs-ftiq9JYcd3a9uyQ==",
            "age": "6",
            "x-xss-protection": "1; mode=block",
            "x-frame-options": "SAMEORIGIN",
            "referrer-policy": "same-origin",
            "x-content-type-options": "nosniff",
            "strict-transport-security": "max-age=31536000; includeSubDomains; preload"
        }
    },
    {
        "number": 3,
        "request": "GET https://ui.com/  HTTP/1.1\r\nHost: ui.com\r\nUser-Agent: Mozilla/5.0 (Windows NT 10.0; rv:102.0) Gecko/20100101 Firefox/102.0\r\nAccept: text/html,application/xhtml+xml,application/xml;q=0.9,image/avif,image/webp,*/*;q=0.8\r\nAccept-Encoding: gzip, deflate, br\r\nAccept-Language: en-US,en;q=0.5\r\nDNT: 1\r\nConnection: keep-alive\r\nUpgrade-Insecure-Requests: 1\r\nSec-Fetch-Dest: document\r\nSec-Fetch-Mode: navigate\r\nSec-Fetch-Site: cross-site\r\n\r\n",
        "deviation_count": 0,
        "uri": "https://ui.com/",
        "request_length": 435,
        "Response_Time": 0.03347659111022949,
        "status_code": 200,
        "reason_phrase": "OK",
        "error_message": [
            ""
        ],
        "response_header_count": 23,
        "response_header_length": 23,
        "response_body_length": 10578,
        "response_header_fields": {
            "content-type": "text/html",
            "transfer-encoding": "chunked",
            "connection": "keep-alive",
            "last-modified": "Fri, 20 Oct 2023 18:54:58 GMT",
            "x-amz-server-side-encryption": "AES256",
            "x-amz-version-id": "TjtstVH9EE_i8OdhLPXUwwWTR.8_tuqB",
            "server": "AmazonS3",
            "content-encoding": "br",
            "date": "Wed, 25 Oct 2023 12:33:40 GMT",
            "cache-control": "max-age=10",
            "etag": "W/\"6ab4659e9f5cd3343d7905cc49cd9eb6\"",
            "vary": "Origin",
            "x-cache": "Hit from cloudfront",
            "via": "1.1 376388af58845ad0897ba599cce4d92e.cloudfront.net (CloudFront)",
            "x-amz-cf-pop": "HAM50-C1",
            "alt-svc": "h3=\":443\"; ma=86400",
            "x-amz-cf-id": "dBJZbDkG0dXfVRHgBXjp8Rg3CC7QagNhlfm9xbG2OXJXyfwqV1xNTg==",
            "age": "7",
            "x-xss-protection": "1; mode=block",
            "x-frame-options": "SAMEORIGIN",
            "referrer-policy": "same-origin",
            "x-content-type-options": "nosniff",
            "strict-transport-security": "max-age=31536000; includeSubDomains; preload"
        }
    },
    {
        "number": 4,
        "request": "GET https://ui.com/  HTTP/1.1\r\nHost: ui.com\r\nUser-Agent: Mozilla/5.0 (Windows NT 10.0; rv:102.0) Gecko/20100101 Firefox/102.0\r\nAccept: text/html,application/xhtml+xml,application/xml;q=0.9,image/avif,image/webp,*/*;q=0.8\r\nAccept-Encoding: gzip, deflate, br\r\nAccept-Language: en-US,en;q=0.5\r\nDNT: 1\r\nConnection: keep-alive\r\nUpgrade-Insecure-Requests: 1\r\nSec-Fetch-Dest: document\r\nSec-Fetch-Mode: navigate\r\nSec-Fetch-Site: cross-site\r\n\r\n",
        "deviation_count": 0,
        "uri": "https://ui.com/",
        "request_length": 435,
        "Response_Time": 0.022628307342529297,
        "status_code": 200,
        "reason_phrase": "OK",
        "error_message": [
            ""
        ],
        "response_header_count": 23,
        "response_header_length": 23,
        "response_body_length": 10578,
        "response_header_fields": {
            "content-type": "text/html",
            "transfer-encoding": "chunked",
            "connection": "keep-alive",
            "last-modified": "Fri, 20 Oct 2023 18:54:58 GMT",
            "x-amz-server-side-encryption": "AES256",
            "x-amz-version-id": "TjtstVH9EE_i8OdhLPXUwwWTR.8_tuqB",
            "server": "AmazonS3",
            "content-encoding": "br",
            "date": "Wed, 25 Oct 2023 12:33:50 GMT",
            "cache-control": "max-age=10",
            "etag": "W/\"6ab4659e9f5cd3343d7905cc49cd9eb6\"",
            "vary": "Origin",
            "x-cache": "Hit from cloudfront",
            "via": "1.1 fac4016d40efb9989ddc8d36322eeefc.cloudfront.net (CloudFront)",
            "x-amz-cf-pop": "HAM50-C1",
            "alt-svc": "h3=\":443\"; ma=86400",
            "x-amz-cf-id": "b20N6IhgDn2UqOmDw5lCC8X65Z2txbcTGrRPXJcgIb9L99RgWMhG6g==",
            "age": "7",
            "x-xss-protection": "1; mode=block",
            "x-frame-options": "SAMEORIGIN",
            "referrer-policy": "same-origin",
            "x-content-type-options": "nosniff",
            "strict-transport-security": "max-age=31536000; includeSubDomains; preload"
        }
    },
    {
        "number": 5,
        "request": "GET https://ui.com/  HTTP/1.1\r\nHost: ui.com\r\nUser-Agent: Mozilla/5.0 (Windows NT 10.0; rv:102.0) Gecko/20100101 Firefox/102.0\r\nAccept: text/html,application/xhtml+xml,application/xml;q=0.9,image/avif,image/webp,*/*;q=0.8\r\nAccept-Encoding: gzip, deflate, br\r\nAccept-Language: en-US,en;q=0.5\r\nDNT: 1\r\nConnection: keep-alive\r\nUpgrade-Insecure-Requests: 1\r\nSec-Fetch-Dest: document\r\nSec-Fetch-Mode: navigate\r\nSec-Fetch-Site: cross-site\r\n\r\n",
        "deviation_count": 0,
        "uri": "https://ui.com/",
        "request_length": 435,
        "Response_Time": 0.025604724884033203,
        "status_code": 200,
        "reason_phrase": "OK",
        "error_message": [
            ""
        ],
        "response_header_count": 23,
        "response_header_length": 23,
        "response_body_length": 10578,
        "response_header_fields": {
            "content-type": "text/html",
            "transfer-encoding": "chunked",
            "connection": "keep-alive",
            "last-modified": "Fri, 20 Oct 2023 18:54:58 GMT",
            "x-amz-server-side-encryption": "AES256",
            "x-amz-version-id": "TjtstVH9EE_i8OdhLPXUwwWTR.8_tuqB",
            "server": "AmazonS3",
            "content-encoding": "br",
            "date": "Wed, 25 Oct 2023 12:34:01 GMT",
            "cache-control": "max-age=10",
            "etag": "W/\"6ab4659e9f5cd3343d7905cc49cd9eb6\"",
            "vary": "Origin",
            "x-cache": "Hit from cloudfront",
            "via": "1.1 b098e9d1411007a68134dc4335cbb36e.cloudfront.net (CloudFront)",
            "x-amz-cf-pop": "HAM50-C1",
            "alt-svc": "h3=\":443\"; ma=86400",
            "x-amz-cf-id": "48bLXqe0ctAM7RFWoxzc8oqPrIsfFCQfeJaTzPshiwrIXkPiz1mdzw==",
            "age": "8",
            "x-xss-protection": "1; mode=block",
            "x-frame-options": "SAMEORIGIN",
            "referrer-policy": "same-origin",
            "x-content-type-options": "nosniff",
            "strict-transport-security": "max-age=31536000; includeSubDomains; preload"
        }
    },
    {
        "number": 6,
        "request": "GET https://ui.com/  HTTP/1.1\r\nHost: ui.com\r\nUser-Agent: Mozilla/5.0 (Windows NT 10.0; rv:102.0) Gecko/20100101 Firefox/102.0\r\nAccept: text/html,application/xhtml+xml,application/xml;q=0.9,image/avif,image/webp,*/*;q=0.8\r\nAccept-Encoding: gzip, deflate, br\r\nAccept-Language: en-US,en;q=0.5\r\nDNT: 1\r\nConnection: keep-alive\r\nUpgrade-Insecure-Requests: 1\r\nSec-Fetch-Dest: document\r\nSec-Fetch-Mode: navigate\r\nSec-Fetch-Site: cross-site\r\n\r\n",
        "deviation_count": 0,
        "uri": "https://ui.com/",
        "request_length": 435,
        "Response_Time": 0.029636144638061523,
        "status_code": 200,
        "reason_phrase": "OK",
        "error_message": [
            ""
        ],
        "response_header_count": 23,
        "response_header_length": 23,
        "response_body_length": 10578,
        "response_header_fields": {
            "content-type": "text/html",
            "transfer-encoding": "chunked",
            "connection": "keep-alive",
            "last-modified": "Fri, 20 Oct 2023 18:54:58 GMT",
            "x-amz-server-side-encryption": "AES256",
            "x-amz-version-id": "TjtstVH9EE_i8OdhLPXUwwWTR.8_tuqB",
            "server": "AmazonS3",
            "content-encoding": "br",
            "date": "Wed, 25 Oct 2023 12:34:10 GMT",
            "cache-control": "max-age=10",
            "etag": "W/\"6ab4659e9f5cd3343d7905cc49cd9eb6\"",
            "vary": "Origin",
            "x-cache": "Hit from cloudfront",
            "via": "1.1 e37f79ad8aac2f2f2e74a09fc473b7be.cloudfront.net (CloudFront)",
            "x-amz-cf-pop": "HAM50-C1",
            "alt-svc": "h3=\":443\"; ma=86400",
            "x-amz-cf-id": "pF3KXsxPMjXTFxrhIMIAjRdw7fptmiuDGOR_cWF4zt696NYaTr2OGw==",
            "age": "8",
            "x-xss-protection": "1; mode=block",
            "x-frame-options": "SAMEORIGIN",
            "referrer-policy": "same-origin",
            "x-content-type-options": "nosniff",
            "strict-transport-security": "max-age=31536000; includeSubDomains; preload"
        }
    },
    {
        "number": 7,
        "request": "GET https://ui.com/  HTTP/1.1\r\nHost: ui.com\r\nUser-Agent: Mozilla/5.0 (Windows NT 10.0; rv:102.0) Gecko/20100101 Firefox/102.0\r\nAccept: text/html,application/xhtml+xml,application/xml;q=0.9,image/avif,image/webp,*/*;q=0.8\r\nAccept-Encoding: gzip, deflate, br\r\nAccept-Language: en-US,en;q=0.5\r\nDNT: 1\r\nConnection: keep-alive\r\nUpgrade-Insecure-Requests: 1\r\nSec-Fetch-Dest: document\r\nSec-Fetch-Mode: navigate\r\nSec-Fetch-Site: cross-site\r\n\r\n",
        "deviation_count": 0,
        "uri": "https://ui.com/",
        "request_length": 435,
        "Response_Time": 0.013351202011108398,
        "status_code": 200,
        "reason_phrase": "OK",
        "error_message": [
            ""
        ],
        "response_header_count": 23,
        "response_header_length": 23,
        "response_body_length": 0,
        "response_header_fields": {
            "content-type": "text/html",
            "transfer-encoding": "chunked",
            "connection": "keep-alive",
            "last-modified": "Fri, 20 Oct 2023 18:54:58 GMT",
            "x-amz-server-side-encryption": "AES256",
            "x-amz-version-id": "TjtstVH9EE_i8OdhLPXUwwWTR.8_tuqB",
            "server": "AmazonS3",
            "content-encoding": "br",
            "date": "Wed, 25 Oct 2023 12:34:22 GMT",
            "cache-control": "max-age=10",
            "etag": "W/\"6ab4659e9f5cd3343d7905cc49cd9eb6\"",
            "vary": "Origin",
            "x-cache": "Hit from cloudfront",
            "via": "1.1 7b39f60eed6e589bf869ce2ecfe6ab8c.cloudfront.net (CloudFront)",
            "x-amz-cf-pop": "HAM50-C1",
            "alt-svc": "h3=\":443\"; ma=86400",
            "x-amz-cf-id": "lndcw3PrvPRPswzi2UtGDpivr9Cmd62YTE64vh0m7fS1FelmTluOWQ==",
            "age": "8",
            "x-xss-protection": "1; mode=block",
            "x-frame-options": "SAMEORIGIN",
            "referrer-policy": "same-origin",
            "x-content-type-options": "nosniff",
            "strict-transport-security": "max-age=31536000; includeSubDomains; preload"
        }
    },
    {
        "number": 8,
        "request": "GET https://ui.com/  HTTP/1.1\r\nHost: ui.com\r\nUser-Agent: Mozilla/5.0 (Windows NT 10.0; rv:102.0) Gecko/20100101 Firefox/102.0\r\nAccept: text/html,application/xhtml+xml,application/xml;q=0.9,image/avif,image/webp,*/*;q=0.8\r\nAccept-Encoding: gzip, deflate, br\r\nAccept-Language: en-US,en;q=0.5\r\nDNT: 1\r\nConnection: keep-alive\r\nUpgrade-Insecure-Requests: 1\r\nSec-Fetch-Dest: document\r\nSec-Fetch-Mode: navigate\r\nSec-Fetch-Site: cross-site\r\n\r\n",
        "deviation_count": 0,
        "uri": "https://ui.com/",
        "request_length": 435,
        "Response_Time": 0.011310338973999023,
        "status_code": 200,
        "reason_phrase": "OK",
        "error_message": [
            ""
        ],
        "response_header_count": 23,
        "response_header_length": 23,
        "response_body_length": 0,
        "response_header_fields": {
            "content-type": "text/html",
            "transfer-encoding": "chunked",
            "connection": "keep-alive",
            "last-modified": "Fri, 20 Oct 2023 18:54:58 GMT",
            "x-amz-server-side-encryption": "AES256",
            "x-amz-version-id": "TjtstVH9EE_i8OdhLPXUwwWTR.8_tuqB",
            "server": "AmazonS3",
            "content-encoding": "br",
            "date": "Wed, 25 Oct 2023 12:34:35 GMT",
            "cache-control": "max-age=10",
            "etag": "W/\"6ab4659e9f5cd3343d7905cc49cd9eb6\"",
            "vary": "Origin",
            "x-cache": "Hit from cloudfront",
            "via": "1.1 c47c25ef93083c096cbff8a42ea330d8.cloudfront.net (CloudFront)",
            "x-amz-cf-pop": "HAM50-C1",
            "alt-svc": "h3=\":443\"; ma=86400",
            "x-amz-cf-id": "m-kIKa1onA4N7RJ1ra2mgvMVTGr4yidvTFm-E0abqBlrCWS5cjeAlw==",
            "age": "9",
            "x-xss-protection": "1; mode=block",
            "x-frame-options": "SAMEORIGIN",
            "referrer-policy": "same-origin",
            "x-content-type-options": "nosniff",
            "strict-transport-security": "max-age=31536000; includeSubDomains; preload"
        }
    },
    {
        "number": 9,
        "request": "GET https://ui.com/  HTTP/1.1\r\nHost: ui.com\r\nUser-Agent: Mozilla/5.0 (Windows NT 10.0; rv:102.0) Gecko/20100101 Firefox/102.0\r\nAccept: text/html,application/xhtml+xml,application/xml;q=0.9,image/avif,image/webp,*/*;q=0.8\r\nAccept-Encoding: gzip, deflate, br\r\nAccept-Language: en-US,en;q=0.5\r\nDNT: 1\r\nConnection: keep-alive\r\nUpgrade-Insecure-Requests: 1\r\nSec-Fetch-Dest: document\r\nSec-Fetch-Mode: navigate\r\nSec-Fetch-Site: cross-site\r\n\r\n",
        "deviation_count": 0,
        "uri": "https://ui.com/",
        "request_length": 435,
        "Response_Time": 0.03499579429626465,
        "status_code": 200,
        "reason_phrase": "OK",
        "error_message": [
            ""
        ],
        "response_header_count": 23,
        "response_header_length": 23,
        "response_body_length": 0,
        "response_header_fields": {
            "content-type": "text/html",
            "transfer-encoding": "chunked",
            "connection": "keep-alive",
            "last-modified": "Fri, 20 Oct 2023 18:54:58 GMT",
            "x-amz-server-side-encryption": "AES256",
            "x-amz-version-id": "TjtstVH9EE_i8OdhLPXUwwWTR.8_tuqB",
            "server": "AmazonS3",
            "content-encoding": "br",
            "date": "Wed, 25 Oct 2023 12:34:41 GMT",
            "cache-control": "max-age=10",
            "etag": "W/\"6ab4659e9f5cd3343d7905cc49cd9eb6\"",
            "vary": "Origin",
            "x-cache": "Hit from cloudfront",
            "via": "1.1 d050e2738eeca6f287a6d79edd9743de.cloudfront.net (CloudFront)",
            "x-amz-cf-pop": "HAM50-C1",
            "alt-svc": "h3=\":443\"; ma=86400",
            "x-amz-cf-id": "yIgV_cuugfuUPO1cNhsVFnUSBe2-8HzFyukx-bMLbwBKJQjxxCzwJA==",
            "age": "9",
            "x-xss-protection": "1; mode=block",
            "x-frame-options": "SAMEORIGIN",
            "referrer-policy": "same-origin",
            "x-content-type-options": "nosniff",
            "strict-transport-security": "max-age=31536000; includeSubDomains; preload"
        }
    }
]