number,request,deviation_count,uri,request_length,http_version,Socket_Connect_Time,Socket_Close_Time,Response_Time,status_code,reason_phrase,error_message,response_header_count,response_header_length,response_body_length,response_header_fields
0,"GET https://www.skype.com/en/ HTTP/1.1
Host: www.skype.com
User-Agent: Mozilla/5.0 (Windows NT 10.0; rv:102.0) Gecko/20100101 Firefox/102.0
Accept: text/html,application/xhtml+xml,application/xml;q=0.9,image/avif,image/webp,*/*;q=0.8
Accept-Encoding: gzip, deflate, br
Accept-Language: en-US,en;q=0.5
DNT: 1
Connection: keep-alive
Upgrade-Insecure-Requests: 1
Sec-Fetch-Dest: document
Sec-Fetch-Mode: navigate
Sec-Fetch-Site: cross-site

",0,https://www.skype.com/en/,451,HTTP/1.1,0.18468451499938965,0.13705086708068848,0.22298359870910645,200,OK,[''],17,17,7785,"{""cache-control"": ""max-age=3600"", ""content-length"": ""22478"", ""content-type"": ""text/html"", ""content-encoding"": ""gzip"", ""content-md5"": ""VD0uOEL70C4hlJJHfi5oXA=="", ""expires"": ""Wed, 25 Oct 2023 13:33:14 GMT"", ""last-modified"": ""Wed, 25 Oct 2023 12:02:58 GMT"", ""age"": ""1632"", ""etag"": ""0x8DBD5525466FB55"", ""vary"": ""Accept-Encoding"", ""x-cache"": ""CONFIG_NOCACHE"", ""x-ms-blob-type"": ""BlockBlob"", ""x-ms-lease-status"": ""unlocked"", ""x-ms-request-id"": ""cf0560fc-c01e-000b-5c3b-07cdea000000"", ""x-ms-version"": ""2009-09-19"", ""x-msedge-ref"": ""Ref A: 8E1B930AFFA24A3397101164B2C74266 Ref B: FRA31EDGE0611 Ref C: 2023-10-25T12:33:14Z"", ""date"": ""Wed, 25 Oct 2023 12:33:13 GMT""}"
1,"GET https://www.skype.com/en/ HTTP/1.1
Host: www.skype.com
User-Agent: Mozilla/5.0 (Windows NT 10.0; rv:102.0) Gecko/20100101 Firefox/102.0
Accept: text/html,application/xhtml+xml,application/xml;q=0.9,image/avif,image/webp,*/*;q=0.8
Accept-Encoding: gzip, deflate, br
Accept-Language: en-US,en;q=0.5
DNT: 1
Connection: keep-alive
Upgrade-Insecure-Requests: 1
Sec-Fetch-Dest: document
Sec-Fetch-Mode: navigate
Sec-Fetch-Site: cross-site

",0,https://www.skype.com/en/,451,HTTP/1.1,0.14456701278686523,0.11229205131530762,0.08383512496948242,200,OK,[''],17,17,7785,"{""cache-control"": ""max-age=3600"", ""content-length"": ""22478"", ""content-type"": ""text/html"", ""content-encoding"": ""gzip"", ""content-md5"": ""VD0uOEL70C4hlJJHfi5oXA=="", ""expires"": ""Wed, 25 Oct 2023 13:33:25 GMT"", ""last-modified"": ""Wed, 25 Oct 2023 12:02:58 GMT"", ""age"": ""1643"", ""etag"": ""0x8DBD5525466FB55"", ""vary"": ""Accept-Encoding"", ""x-cache"": ""CONFIG_NOCACHE"", ""x-ms-blob-type"": ""BlockBlob"", ""x-ms-lease-status"": ""unlocked"", ""x-ms-request-id"": ""cf0560fc-c01e-000b-5c3b-07cdea000000"", ""x-ms-version"": ""2009-09-19"", ""x-msedge-ref"": ""Ref A: DB4C95BD9E414A5F9AA1D91E0469B98B Ref B: FRA31EDGE0110 Ref C: 2023-10-25T12:33:25Z"", ""date"": ""Wed, 25 Oct 2023 12:33:24 GMT""}"
2,"GET https://www.skype.com/en/ HTTP/1.1
Host: www.skype.com
User-Agent: Mozilla/5.0 (Windows NT 10.0; rv:102.0) Gecko/20100101 Firefox/102.0
Accept: text/html,application/xhtml+xml,application/xml;q=0.9,image/avif,image/webp,*/*;q=0.8
Accept-Encoding: gzip, deflate, br
Accept-Language: en-US,en;q=0.5
DNT: 1
Connection: keep-alive
Upgrade-Insecure-Requests: 1
Sec-Fetch-Dest: document
Sec-Fetch-Mode: navigate
Sec-Fetch-Site: cross-site

",0,https://www.skype.com/en/,451,HTTP/1.1,0.1233823299407959,0.11361932754516602,0.08061075210571289,200,OK,[''],17,17,7785,"{""cache-control"": ""max-age=3600"", ""content-length"": ""22478"", ""content-type"": ""text/html"", ""content-encoding"": ""gzip"", ""content-md5"": ""VD0uOEL70C4hlJJHfi5oXA=="", ""expires"": ""Wed, 25 Oct 2023 13:33:35 GMT"", ""last-modified"": ""Wed, 25 Oct 2023 12:02:58 GMT"", ""age"": ""1653"", ""etag"": ""0x8DBD5525466FB55"", ""vary"": ""Accept-Encoding"", ""x-cache"": ""CONFIG_NOCACHE"", ""x-ms-blob-type"": ""BlockBlob"", ""x-ms-lease-status"": ""unlocked"", ""x-ms-request-id"": ""cf0560fc-c01e-000b-5c3b-07cdea000000"", ""x-ms-version"": ""2009-09-19"", ""x-msedge-ref"": ""Ref A: 68B94A1286B44598B8F364D5C6E4275E Ref B: FRA31EDGE0508 Ref C: 2023-10-25T12:33:35Z"", ""date"": ""Wed, 25 Oct 2023 12:33:35 GMT""}"
3,"GET https://www.skype.com/en/ HTTP/1.1
Host: www.skype.com
User-Agent: Mozilla/5.0 (Windows NT 10.0; rv:102.0) Gecko/20100101 Firefox/102.0
Accept: text/html,application/xhtml+xml,application/xml;q=0.9,image/avif,image/webp,*/*;q=0.8
Accept-Encoding: gzip, deflate, br
Accept-Language: en-US,en;q=0.5
DNT: 1
Connection: keep-alive
Upgrade-Insecure-Requests: 1
Sec-Fetch-Dest: document
Sec-Fetch-Mode: navigate
Sec-Fetch-Site: cross-site

",0,https://www.skype.com/en/,451,HTTP/1.1,0.15206432342529297,0.15962767601013184,0.07947087287902832,200,OK,[''],17,17,7785,"{""cache-control"": ""max-age=3600"", ""content-length"": ""22478"", ""content-type"": ""text/html"", ""content-encoding"": ""gzip"", ""content-md5"": ""VD0uOEL70C4hlJJHfi5oXA=="", ""expires"": ""Wed, 25 Oct 2023 13:33:47 GMT"", ""last-modified"": ""Wed, 25 Oct 2023 12:02:58 GMT"", ""age"": ""1665"", ""etag"": ""0x8DBD5525466FB55"", ""vary"": ""Accept-Encoding"", ""x-cache"": ""CONFIG_NOCACHE"", ""x-ms-blob-type"": ""BlockBlob"", ""x-ms-lease-status"": ""unlocked"", ""x-ms-request-id"": ""cf0560fc-c01e-000b-5c3b-07cdea000000"", ""x-ms-version"": ""2009-09-19"", ""x-msedge-ref"": ""Ref A: 8B08933ABC724FC39A2775551EFC7FAD Ref B: FRA31EDGE0119 Ref C: 2023-10-25T12:33:47Z"", ""date"": ""Wed, 25 Oct 2023 12:33:46 GMT""}"
4,"GET https://www.skype.com/en/ HTTP/1.1
Host: www.skype.com
User-Agent: Mozilla/5.0 (Windows NT 10.0; rv:102.0) Gecko/20100101 Firefox/102.0
Accept: text/html,application/xhtml+xml,application/xml;q=0.9,image/avif,image/webp,*/*;q=0.8
Accept-Encoding: gzip, deflate, br
Accept-Language: en-US,en;q=0.5
DNT: 1
Connection: keep-alive
Upgrade-Insecure-Requests: 1
Sec-Fetch-Dest: document
Sec-Fetch-Mode: navigate
Sec-Fetch-Site: cross-site

",0,https://www.skype.com/en/,451,HTTP/1.1,0.11531352996826172,0.12829327583312988,0.08371233940124512,200,OK,[''],17,17,7785,"{""cache-control"": ""max-age=3600"", ""content-length"": ""22478"", ""content-type"": ""text/html"", ""content-encoding"": ""gzip"", ""content-md5"": ""VD0uOEL70C4hlJJHfi5oXA=="", ""expires"": ""Wed, 25 Oct 2023 13:33:57 GMT"", ""last-modified"": ""Wed, 25 Oct 2023 12:02:58 GMT"", ""age"": ""1675"", ""etag"": ""0x8DBD5525466FB55"", ""vary"": ""Accept-Encoding"", ""x-cache"": ""CONFIG_NOCACHE"", ""x-ms-blob-type"": ""BlockBlob"", ""x-ms-lease-status"": ""unlocked"", ""x-ms-request-id"": ""cf0560fc-c01e-000b-5c3b-07cdea000000"", ""x-ms-version"": ""2009-09-19"", ""x-msedge-ref"": ""Ref A: 54ECACF0E2AE41D8B2AA75EE6BAF9D69 Ref B: FRA31EDGE0705 Ref C: 2023-10-25T12:33:57Z"", ""date"": ""Wed, 25 Oct 2023 12:33:57 GMT""}"
5,"GET https://www.skype.com/en/ HTTP/1.1
Host: www.skype.com
User-Agent: Mozilla/5.0 (Windows NT 10.0; rv:102.0) Gecko/20100101 Firefox/102.0
Accept: text/html,application/xhtml+xml,application/xml;q=0.9,image/avif,image/webp,*/*;q=0.8
Accept-Encoding: gzip, deflate, br
Accept-Language: en-US,en;q=0.5
DNT: 1
Connection: keep-alive
Upgrade-Insecure-Requests: 1
Sec-Fetch-Dest: document
Sec-Fetch-Mode: navigate
Sec-Fetch-Site: cross-site

",0,https://www.skype.com/en/,451,HTTP/1.1,0.16928839683532715,0.1197202205657959,0.04664015769958496,200,OK,[''],17,17,7785,"{""cache-control"": ""max-age=3600"", ""content-length"": ""22478"", ""content-type"": ""text/html"", ""content-encoding"": ""gzip"", ""content-md5"": ""VD0uOEL70C4hlJJHfi5oXA=="", ""expires"": ""Wed, 25 Oct 2023 13:34:08 GMT"", ""last-modified"": ""Wed, 25 Oct 2023 12:02:58 GMT"", ""age"": ""1686"", ""etag"": ""0x8DBD5525466FB55"", ""vary"": ""Accept-Encoding"", ""x-cache"": ""CONFIG_NOCACHE"", ""x-ms-blob-type"": ""BlockBlob"", ""x-ms-lease-status"": ""unlocked"", ""x-ms-request-id"": ""cf0560fc-c01e-000b-5c3b-07cdea000000"", ""x-ms-version"": ""2009-09-19"", ""x-msedge-ref"": ""Ref A: FDFB39F4C017437092E14D1D34D6E1B6 Ref B: FRA31EDGE0720 Ref C: 2023-10-25T12:34:08Z"", ""date"": ""Wed, 25 Oct 2023 12:34:08 GMT""}"
6,"GET https://www.skype.com/en/ HTTP/1.1
Host: www.skype.com
User-Agent: Mozilla/5.0 (Windows NT 10.0; rv:102.0) Gecko/20100101 Firefox/102.0
Accept: text/html,application/xhtml+xml,application/xml;q=0.9,image/avif,image/webp,*/*;q=0.8
Accept-Encoding: gzip, deflate, br
Accept-Language: en-US,en;q=0.5
DNT: 1
Connection: keep-alive
Upgrade-Insecure-Requests: 1
Sec-Fetch-Dest: document
Sec-Fetch-Mode: navigate
Sec-Fetch-Site: cross-site

",0,https://www.skype.com/en/,451,HTTP/1.1,0.14826321601867676,0.10543680191040039,0.1260368824005127,200,OK,[''],17,17,7785,"{""cache-control"": ""max-age=3600"", ""content-length"": ""22478"", ""content-type"": ""text/html"", ""content-encoding"": ""gzip"", ""content-md5"": ""VD0uOEL70C4hlJJHfi5oXA=="", ""expires"": ""Wed, 25 Oct 2023 13:34:19 GMT"", ""last-modified"": ""Wed, 25 Oct 2023 12:02:58 GMT"", ""age"": ""1697"", ""etag"": ""0x8DBD5525466FB55"", ""vary"": ""Accept-Encoding"", ""x-cache"": ""CONFIG_NOCACHE"", ""x-ms-blob-type"": ""BlockBlob"", ""x-ms-lease-status"": ""unlocked"", ""x-ms-request-id"": ""cf0560fc-c01e-000b-5c3b-07cdea000000"", ""x-ms-version"": ""2009-09-19"", ""x-msedge-ref"": ""Ref A: 282CC9F0E5F041D8AA3D7653582ED04D Ref B: FRA31EDGE0213 Ref C: 2023-10-25T12:34:19Z"", ""date"": ""Wed, 25 Oct 2023 12:34:18 GMT""}"
7,"GET https://www.skype.com/en/ HTTP/1.1
Host: www.skype.com
User-Agent: Mozilla/5.0 (Windows NT 10.0; rv:102.0) Gecko/20100101 Firefox/102.0
Accept: text/html,application/xhtml+xml,application/xml;q=0.9,image/avif,image/webp,*/*;q=0.8
Accept-Encoding: gzip, deflate, br
Accept-Language: en-US,en;q=0.5
DNT: 1
Connection: keep-alive
Upgrade-Insecure-Requests: 1
Sec-Fetch-Dest: document
Sec-Fetch-Mode: navigate
Sec-Fetch-Site: cross-site

",0,https://www.skype.com/en/,451,HTTP/1.1,0.17649412155151367,0.13917994499206543,0.031087636947631836,200,OK,[''],17,17,7785,"{""cache-control"": ""max-age=3600"", ""content-length"": ""22478"", ""content-type"": ""text/html"", ""content-encoding"": ""gzip"", ""content-md5"": ""VD0uOEL70C4hlJJHfi5oXA=="", ""expires"": ""Wed, 25 Oct 2023 13:34:30 GMT"", ""last-modified"": ""Wed, 25 Oct 2023 12:02:58 GMT"", ""age"": ""1708"", ""etag"": ""0x8DBD5525466FB55"", ""vary"": ""Accept-Encoding"", ""x-cache"": ""CONFIG_NOCACHE"", ""x-ms-blob-type"": ""BlockBlob"", ""x-ms-lease-status"": ""unlocked"", ""x-ms-request-id"": ""cf0560fc-c01e-000b-5c3b-07cdea000000"", ""x-ms-version"": ""2009-09-19"", ""x-msedge-ref"": ""Ref A: 6BB7DE3040F24EF48F44071691821930 Ref B: FRA31EDGE0105 Ref C: 2023-10-25T12:34:30Z"", ""date"": ""Wed, 25 Oct 2023 12:34:30 GMT""}"
8,"GET https://www.skype.com/en/ HTTP/1.1
Host: www.skype.com
User-Agent: Mozilla/5.0 (Windows NT 10.0; rv:102.0) Gecko/20100101 Firefox/102.0
Accept: text/html,application/xhtml+xml,application/xml;q=0.9,image/avif,image/webp,*/*;q=0.8
Accept-Encoding: gzip, deflate, br
Accept-Language: en-US,en;q=0.5
DNT: 1
Connection: keep-alive
Upgrade-Insecure-Requests: 1
Sec-Fetch-Dest: document
Sec-Fetch-Mode: navigate
Sec-Fetch-Site: cross-site

",0,https://www.skype.com/en/,451,HTTP/1.1,0.12216472625732422,0.11116528511047363,0.08543848991394043,200,OK,[''],17,17,7785,"{""cache-control"": ""max-age=3600"", ""content-length"": ""22478"", ""content-type"": ""text/html"", ""content-encoding"": ""gzip"", ""content-md5"": ""VD0uOEL70C4hlJJHfi5oXA=="", ""expires"": ""Wed, 25 Oct 2023 13:34:41 GMT"", ""last-modified"": ""Wed, 25 Oct 2023 12:02:58 GMT"", ""age"": ""1719"", ""etag"": ""0x8DBD5525466FB55"", ""vary"": ""Accept-Encoding"", ""x-cache"": ""CONFIG_NOCACHE"", ""x-ms-blob-type"": ""BlockBlob"", ""x-ms-lease-status"": ""unlocked"", ""x-ms-request-id"": ""cf0560fc-c01e-000b-5c3b-07cdea000000"", ""x-ms-version"": ""2009-09-19"", ""x-msedge-ref"": ""Ref A: A993CF23AFD04B5BA20DBB92EFD5F9C6 Ref B: FRA31EDGE0622 Ref C: 2023-10-25T12:34:41Z"", ""date"": ""Wed, 25 Oct 2023 12:34:41 GMT""}"
9,"GET https://www.skype.com/en/ HTTP/1.1
Host: www.skype.com
User-Agent: Mozilla/5.0 (Windows NT 10.0; rv:102.0) Gecko/20100101 Firefox/102.0
Accept: text/html,application/xhtml+xml,application/xml;q=0.9,image/avif,image/webp,*/*;q=0.8
Accept-Encoding: gzip, deflate, br
Accept-Language: en-US,en;q=0.5
DNT: 1
Connection: keep-alive
Upgrade-Insecure-Requests: 1
Sec-Fetch-Dest: document
Sec-Fetch-Mode: navigate
Sec-Fetch-Site: cross-site

",0,https://www.skype.com/en/,451,HTTP/1.1,0.1366581916809082,0.11171102523803711,0.08461117744445801,200,OK,[''],17,17,7785,"{""cache-control"": ""max-age=3600"", ""content-length"": ""22478"", ""content-type"": ""text/html"", ""content-encoding"": ""gzip"", ""content-md5"": ""VD0uOEL70C4hlJJHfi5oXA=="", ""expires"": ""Wed, 25 Oct 2023 13:34:52 GMT"", ""last-modified"": ""Wed, 25 Oct 2023 12:02:58 GMT"", ""age"": ""1730"", ""etag"": ""0x8DBD5525466FB55"", ""vary"": ""Accept-Encoding"", ""x-cache"": ""CONFIG_NOCACHE"", ""x-ms-blob-type"": ""BlockBlob"", ""x-ms-lease-status"": ""unlocked"", ""x-ms-request-id"": ""cf0560fc-c01e-000b-5c3b-07cdea000000"", ""x-ms-version"": ""2009-09-19"", ""x-msedge-ref"": ""Ref A: E6C4980520554E1D9E9B93F2F823D3DB Ref B: FRA31EDGE0517 Ref C: 2023-10-25T12:34:52Z"", ""date"": ""Wed, 25 Oct 2023 12:34:52 GMT""}"
