[
    {
        "number": 0,
        "request": "GET https://www.skype.com/en/ HTTP/1.1\r\nHost: www.skype.com\r\nUser-Agent: Mozilla/5.0 (Windows NT 10.0; rv:102.0) Gecko/20100101 Firefox/102.0\r\nAccept: text/html,application/xhtml+xml,application/xml;q=0.9,image/avif,image/webp,*/*;q=0.8\r\nAccept-Encoding: gzip, deflate, br\r\nAccept-Language: en-US,en;q=0.5\r\nDNT: 1\r\nConnection: keep-alive\r\nUpgrade-Insecure-Requests: 1\r\nSec-Fetch-Dest: document\r\nSec-Fetch-Mode: navigate\r\nSec-Fetch-Site: cross-site\r\n\r\n",
        "deviation_count": 0,
        "uri": "https://www.skype.com/en/",
        "request_length": 451,
        "Response_Time": 0.22298359870910645,
        "status_code": 200,
        "reason_phrase": "OK",
        "error_message": [
            ""
        ],
        "response_header_count": 17,
        "response_header_length": 17,
        "response_body_length": 7785,
        "response_header_fields": {
            "cache-control": "max-age=3600",
            "content-length": "22478",
            "content-type": "text/html",
            "content-encoding": "gzip",
            "content-md5": "VD0uOEL70C4hlJJHfi5oXA==",
            "expires": "Wed, 25 Oct 2023 13:33:14 GMT",
            "last-modified": "Wed, 25 Oct 2023 12:02:58 GMT",
            "age": "1632",
            "etag": "0x8DBD5525466FB55",
            "vary": "Accept-Encoding",
            "x-cache": "CONFIG_NOCACHE",
            "x-ms-blob-type": "BlockBlob",
            "x-ms-lease-status": "unlocked",
            "x-ms-request-id": "cf0560fc-c01e-000b-5c3b-07cdea000000",
            "x-ms-version": "2009-09-19",
            "x-msedge-ref": "Ref A: 8E1B930AFFA24A3397101164B2C74266 Ref B: FRA31EDGE0611 Ref C: 2023-10-25T12:33:14Z",
            "date": "Wed, 25 Oct 2023 12:33:13 GMT"
        }
    },
    {
        "number": 1,
        "request": "GET https://www.skype.com/en/ HTTP/1.1\r\nHost: www.skype.com\r\nUser-Agent: Mozilla/5.0 (Windows NT 10.0; rv:102.0) Gecko/20100101 Firefox/102.0\r\nAccept: text/html,application/xhtml+xml,application/xml;q=0.9,image/avif,image/webp,*/*;q=0.8\r\nAccept-Encoding: gzip, deflate, br\r\nAccept-Language: en-US,en;q=0.5\r\nDNT: 1\r\nConnection: keep-alive\r\nUpgrade-Insecure-Requests: 1\r\nSec-Fetch-Dest: document\r\nSec-Fetch-Mode: navigate\r\nSec-Fetch-Site: cross-site\r\n\r\n",
        "deviation_count": 0,
        "uri": "https://www.skype.com/en/",
        "request_length": 451,
        "Response_Time": 0.08383512496948242,
        "status_code": 200,
        "reason_phrase": "OK",
        "error_message": [
            ""
        ],
        "response_header_count": 17,
        "response_header_length": 17,
        "response_body_length": 7785,
        "response_header_fields": {
            "cache-control": "max-age=3600",
            "content-length": "22478",
            "content-type": "text/html",
            "content-encoding": "gzip",
            "content-md5": "VD0uOEL70C4hlJJHfi5oXA==",
            "expires": "Wed, 25 Oct 2023 13:33:25 GMT",
            "last-modified": "Wed, 25 Oct 2023 12:02:58 GMT",
            "age": "1643",
            "etag": "0x8DBD5525466FB55",
            "vary": "Accept-Encoding",
            "x-cache": "CONFIG_NOCACHE",
            "x-ms-blob-type": "BlockBlob",
            "x-ms-lease-status": "unlocked",
            "x-ms-request-id": "cf0560fc-c01e-000b-5c3b-07cdea000000",
            "x-ms-version": "2009-09-19",
            "x-msedge-ref": "Ref A: DB4C95BD9E414A5F9AA1D91E0469B98B Ref B: FRA31EDGE0110 Ref C: 2023-10-25T12:33:25Z",
            "date": "Wed, 25 Oct 2023 12:33:24 GMT"
        }
    },
    {
        "number": 2,
        "request": "GET https://www.skype.com/en/ HTTP/1.1\r\nHost: www.skype.com\r\nUser-Agent: Mozilla/5.0 (Windows NT 10.0; rv:102.0) Gecko/20100101 Firefox/102.0\r\nAccept: text/html,application/xhtml+xml,application/xml;q=0.9,image/avif,image/webp,*/*;q=0.8\r\nAccept-Encoding: gzip, deflate, br\r\nAccept-Language: en-US,en;q=0.5\r\nDNT: 1\r\nConnection: keep-alive\r\nUpgrade-Insecure-Requests: 1\r\nSec-Fetch-Dest: document\r\nSec-Fetch-Mode: navigate\r\nSec-Fetch-Site: cross-site\r\n\r\n",
        "deviation_count": 0,
        "uri": "https://www.skype.com/en/",
        "request_length": 451,
        "Response_Time": 0.08061075210571289,
        "status_code": 200,
        "reason_phrase": "OK",
        "error_message": [
            ""
        ],
        "response_header_count": 17,
        "response_header_length": 17,
        "response_body_length": 7785,
        "response_header_fields": {
            "cache-control": "max-age=3600",
            "content-length": "22478",
            "content-type": "text/html",
            "content-encoding": "gzip",
            "content-md5": "VD0uOEL70C4hlJJHfi5oXA==",
            "expires": "Wed, 25 Oct 2023 13:33:35 GMT",
            "last-modified": "Wed, 25 Oct 2023 12:02:58 GMT",
            "age": "1653",
            "etag": "0x8DBD5525466FB55",
            "vary": "Accept-Encoding",
            "x-cache": "CONFIG_NOCACHE",
            "x-ms-blob-type": "BlockBlob",
            "x-ms-lease-status": "unlocked",
            "x-ms-request-id": "cf0560fc-c01e-000b-5c3b-07cdea000000",
            "x-ms-version": "2009-09-19",
            "x-msedge-ref": "Ref A: 68B94A1286B44598B8F364D5C6E4275E Ref B: FRA31EDGE0508 Ref C: 2023-10-25T12:33:35Z",
            "date": "Wed, 25 Oct 2023 12:33:35 GMT"
        }
    },
    {
        "number": 3,
        "request": "GET https://www.skype.com/en/ HTTP/1.1\r\nHost: www.skype.com\r\nUser-Agent: Mozilla/5.0 (Windows NT 10.0; rv:102.0) Gecko/20100101 Firefox/102.0\r\nAccept: text/html,application/xhtml+xml,application/xml;q=0.9,image/avif,image/webp,*/*;q=0.8\r\nAccept-Encoding: gzip, deflate, br\r\nAccept-Language: en-US,en;q=0.5\r\nDNT: 1\r\nConnection: keep-alive\r\nUpgrade-Insecure-Requests: 1\r\nSec-Fetch-Dest: document\r\nSec-Fetch-Mode: navigate\r\nSec-Fetch-Site: cross-site\r\n\r\n",
        "deviation_count": 0,
        "uri": "https://www.skype.com/en/",
        "request_length": 451,
        "Response_Time": 0.07947087287902832,
        "status_code": 200,
        "reason_phrase": "OK",
        "error_message": [
            ""
        ],
        "response_header_count": 17,
        "response_header_length": 17,
        "response_body_length": 7785,
        "response_header_fields": {
            "cache-control": "max-age=3600",
            "content-length": "22478",
            "content-type": "text/html",
            "content-encoding": "gzip",
            "content-md5": "VD0uOEL70C4hlJJHfi5oXA==",
            "expires": "Wed, 25 Oct 2023 13:33:47 GMT",
            "last-modified": "Wed, 25 Oct 2023 12:02:58 GMT",
            "age": "1665",
            "etag": "0x8DBD5525466FB55",
            "vary": "Accept-Encoding",
            "x-cache": "CONFIG_NOCACHE",
            "x-ms-blob-type": "BlockBlob",
            "x-ms-lease-status": "unlocked",
            "x-ms-request-id": "cf0560fc-c01e-000b-5c3b-07cdea000000",
            "x-ms-version": "2009-09-19",
            "x-msedge-ref": "Ref A: 8B08933ABC724FC39A2775551EFC7FAD Ref B: FRA31EDGE0119 Ref C: 2023-10-25T12:33:47Z",
            "date": "Wed, 25 Oct 2023 12:33:46 GMT"
        }
    },
    {
        "number": 4,
        "request": "GET https://www.skype.com/en/ HTTP/1.1\r\nHost: www.skype.com\r\nUser-Agent: Mozilla/5.0 (Windows NT 10.0; rv:102.0) Gecko/20100101 Firefox/102.0\r\nAccept: text/html,application/xhtml+xml,application/xml;q=0.9,image/avif,image/webp,*/*;q=0.8\r\nAccept-Encoding: gzip, deflate, br\r\nAccept-Language: en-US,en;q=0.5\r\nDNT: 1\r\nConnection: keep-alive\r\nUpgrade-Insecure-Requests: 1\r\nSec-Fetch-Dest: document\r\nSec-Fetch-Mode: navigate\r\nSec-Fetch-Site: cross-site\r\n\r\n",
        "deviation_count": 0,
        "uri": "https://www.skype.com/en/",
        "request_length": 451,
        "Response_Time": 0.08371233940124512,
        "status_code": 200,
        "reason_phrase": "OK",
        "error_message": [
            ""
        ],
        "response_header_count": 17,
        "response_header_length": 17,
        "response_body_length": 7785,
        "response_header_fields": {
            "cache-control": "max-age=3600",
            "content-length": "22478",
            "content-type": "text/html",
            "content-encoding": "gzip",
            "content-md5": "VD0uOEL70C4hlJJHfi5oXA==",
            "expires": "Wed, 25 Oct 2023 13:33:57 GMT",
            "last-modified": "Wed, 25 Oct 2023 12:02:58 GMT",
            "age": "1675",
            "etag": "0x8DBD5525466FB55",
            "vary": "Accept-Encoding",
            "x-cache": "CONFIG_NOCACHE",
            "x-ms-blob-type": "BlockBlob",
            "x-ms-lease-status": "unlocked",
            "x-ms-request-id": "cf0560fc-c01e-000b-5c3b-07cdea000000",
            "x-ms-version": "2009-09-19",
            "x-msedge-ref": "Ref A: 54ECACF0E2AE41D8B2AA75EE6BAF9D69 Ref B: FRA31EDGE0705 Ref C: 2023-10-25T12:33:57Z",
            "date": "Wed, 25 Oct 2023 12:33:57 GMT"
        }
    },
    {
        "number": 5,
        "request": "GET https://www.skype.com/en/ HTTP/1.1\r\nHost: www.skype.com\r\nUser-Agent: Mozilla/5.0 (Windows NT 10.0; rv:102.0) Gecko/20100101 Firefox/102.0\r\nAccept: text/html,application/xhtml+xml,application/xml;q=0.9,image/avif,image/webp,*/*;q=0.8\r\nAccept-Encoding: gzip, deflate, br\r\nAccept-Language: en-US,en;q=0.5\r\nDNT: 1\r\nConnection: keep-alive\r\nUpgrade-Insecure-Requests: 1\r\nSec-Fetch-Dest: document\r\nSec-Fetch-Mode: navigate\r\nSec-Fetch-Site: cross-site\r\n\r\n",
        "deviation_count": 0,
        "uri": "https://www.skype.com/en/",
        "request_length": 451,
        "Response_Time": 0.04664015769958496,
        "status_code": 200,
        "reason_phrase": "OK",
        "error_message": [
            ""
        ],
        "response_header_count": 17,
        "response_header_length": 17,
        "response_body_length": 7785,
        "response_header_fields": {
            "cache-control": "max-age=3600",
            "content-length": "22478",
            "content-type": "text/html",
            "content-encoding": "gzip",
            "content-md5": "VD0uOEL70C4hlJJHfi5oXA==",
            "expires": "Wed, 25 Oct 2023 13:34:08 GMT",
            "last-modified": "Wed, 25 Oct 2023 12:02:58 GMT",
            "age": "1686",
            "etag": "0x8DBD5525466FB55",
            "vary": "Accept-Encoding",
            "x-cache": "CONFIG_NOCACHE",
            "x-ms-blob-type": "BlockBlob",
            "x-ms-lease-status": "unlocked",
            "x-ms-request-id": "cf0560fc-c01e-000b-5c3b-07cdea000000",
            "x-ms-version": "2009-09-19",
            "x-msedge-ref": "Ref A: FDFB39F4C017437092E14D1D34D6E1B6 Ref B: FRA31EDGE0720 Ref C: 2023-10-25T12:34:08Z",
            "date": "Wed, 25 Oct 2023 12:34:08 GMT"
        }
    },
    {
        "number": 6,
        "request": "GET https://www.skype.com/en/ HTTP/1.1\r\nHost: www.skype.com\r\nUser-Agent: Mozilla/5.0 (Windows NT 10.0; rv:102.0) Gecko/20100101 Firefox/102.0\r\nAccept: text/html,application/xhtml+xml,application/xml;q=0.9,image/avif,image/webp,*/*;q=0.8\r\nAccept-Encoding: gzip, deflate, br\r\nAccept-Language: en-US,en;q=0.5\r\nDNT: 1\r\nConnection: keep-alive\r\nUpgrade-Insecure-Requests: 1\r\nSec-Fetch-Dest: document\r\nSec-Fetch-Mode: navigate\r\nSec-Fetch-Site: cross-site\r\n\r\n",
        "deviation_count": 0,
        "uri": "https://www.skype.com/en/",
        "request_length": 451,
        "Response_Time": 0.1260368824005127,
        "status_code": 200,
        "reason_phrase": "OK",
        "error_message": [
            ""
        ],
        "response_header_count": 17,
        "response_header_length": 17,
        "response_body_length": 7785,
        "response_header_fields": {
            "cache-control": "max-age=3600",
            "content-length": "22478",
            "content-type": "text/html",
            "content-encoding": "gzip",
            "content-md5": "VD0uOEL70C4hlJJHfi5oXA==",
            "expires": "Wed, 25 Oct 2023 13:34:19 GMT",
            "last-modified": "Wed, 25 Oct 2023 12:02:58 GMT",
            "age": "1697",
            "etag": "0x8DBD5525466FB55",
            "vary": "Accept-Encoding",
            "x-cache": "CONFIG_NOCACHE",
            "x-ms-blob-type": "BlockBlob",
            "x-ms-lease-status": "unlocked",
            "x-ms-request-id": "cf0560fc-c01e-000b-5c3b-07cdea000000",
            "x-ms-version": "2009-09-19",
            "x-msedge-ref": "Ref A: 282CC9F0E5F041D8AA3D7653582ED04D Ref B: FRA31EDGE0213 Ref C: 2023-10-25T12:34:19Z",
            "date": "Wed, 25 Oct 2023 12:34:18 GMT"
        }
    },
    {
        "number": 7,
        "request": "GET https://www.skype.com/en/ HTTP/1.1\r\nHost: www.skype.com\r\nUser-Agent: Mozilla/5.0 (Windows NT 10.0; rv:102.0) Gecko/20100101 Firefox/102.0\r\nAccept: text/html,application/xhtml+xml,application/xml;q=0.9,image/avif,image/webp,*/*;q=0.8\r\nAccept-Encoding: gzip, deflate, br\r\nAccept-Language: en-US,en;q=0.5\r\nDNT: 1\r\nConnection: keep-alive\r\nUpgrade-Insecure-Requests: 1\r\nSec-Fetch-Dest: document\r\nSec-Fetch-Mode: navigate\r\nSec-Fetch-Site: cross-site\r\n\r\n",
        "deviation_count": 0,
        "uri": "https://www.skype.com/en/",
        "request_length": 451,
        "Response_Time": 0.031087636947631836,
        "status_code": 200,
        "reason_phrase": "OK",
        "error_message": [
            ""
        ],
        "response_header_count": 17,
        "response_header_length": 17,
        "response_body_length": 7785,
        "response_header_fields": {
            "cache-control": "max-age=3600",
            "content-length": "22478",
            "content-type": "text/html",
            "content-encoding": "gzip",
            "content-md5": "VD0uOEL70C4hlJJHfi5oXA==",
            "expires": "Wed, 25 Oct 2023 13:34:30 GMT",
            "last-modified": "Wed, 25 Oct 2023 12:02:58 GMT",
            "age": "1708",
            "etag": "0x8DBD5525466FB55",
            "vary": "Accept-Encoding",
            "x-cache": "CONFIG_NOCACHE",
            "x-ms-blob-type": "BlockBlob",
            "x-ms-lease-status": "unlocked",
            "x-ms-request-id": "cf0560fc-c01e-000b-5c3b-07cdea000000",
            "x-ms-version": "2009-09-19",
            "x-msedge-ref": "Ref A: 6BB7DE3040F24EF48F44071691821930 Ref B: FRA31EDGE0105 Ref C: 2023-10-25T12:34:30Z",
            "date": "Wed, 25 Oct 2023 12:34:30 GMT"
        }
    },
    {
        "number": 8,
        "request": "GET https://www.skype.com/en/ HTTP/1.1\r\nHost: www.skype.com\r\nUser-Agent: Mozilla/5.0 (Windows NT 10.0; rv:102.0) Gecko/20100101 Firefox/102.0\r\nAccept: text/html,application/xhtml+xml,application/xml;q=0.9,image/avif,image/webp,*/*;q=0.8\r\nAccept-Encoding: gzip, deflate, br\r\nAccept-Language: en-US,en;q=0.5\r\nDNT: 1\r\nConnection: keep-alive\r\nUpgrade-Insecure-Requests: 1\r\nSec-Fetch-Dest: document\r\nSec-Fetch-Mode: navigate\r\nSec-Fetch-Site: cross-site\r\n\r\n",
        "deviation_count": 0,
        "uri": "https://www.skype.com/en/",
        "request_length": 451,
        "Response_Time": 0.08543848991394043,
        "status_code": 200,
        "reason_phrase": "OK",
        "error_message": [
            ""
        ],
        "response_header_count": 17,
        "response_header_length": 17,
        "response_body_length": 7785,
        "response_header_fields": {
            "cache-control": "max-age=3600",
            "content-length": "22478",
            "content-type": "text/html",
            "content-encoding": "gzip",
            "content-md5": "VD0uOEL70C4hlJJHfi5oXA==",
            "expires": "Wed, 25 Oct 2023 13:34:41 GMT",
            "last-modified": "Wed, 25 Oct 2023 12:02:58 GMT",
            "age": "1719",
            "etag": "0x8DBD5525466FB55",
            "vary": "Accept-Encoding",
            "x-cache": "CONFIG_NOCACHE",
            "x-ms-blob-type": "BlockBlob",
            "x-ms-lease-status": "unlocked",
            "x-ms-request-id": "cf0560fc-c01e-000b-5c3b-07cdea000000",
            "x-ms-version": "2009-09-19",
            "x-msedge-ref": "Ref A: A993CF23AFD04B5BA20DBB92EFD5F9C6 Ref B: FRA31EDGE0622 Ref C: 2023-10-25T12:34:41Z",
            "date": "Wed, 25 Oct 2023 12:34:41 GMT"
        }
    },
    {
        "number": 9,
        "request": "GET https://www.skype.com/en/ HTTP/1.1\r\nHost: www.skype.com\r\nUser-Agent: Mozilla/5.0 (Windows NT 10.0; rv:102.0) Gecko/20100101 Firefox/102.0\r\nAccept: text/html,application/xhtml+xml,application/xml;q=0.9,image/avif,image/webp,*/*;q=0.8\r\nAccept-Encoding: gzip, deflate, br\r\nAccept-Language: en-US,en;q=0.5\r\nDNT: 1\r\nConnection: keep-alive\r\nUpgrade-Insecure-Requests: 1\r\nSec-Fetch-Dest: document\r\nSec-Fetch-Mode: navigate\r\nSec-Fetch-Site: cross-site\r\n\r\n",
        "deviation_count": 0,
        "uri": "https://www.skype.com/en/",
        "request_length": 451,
        "Response_Time": 0.08461117744445801,
        "status_code": 200,
        "reason_phrase": "OK",
        "error_message": [
            ""
        ],
        "response_header_count": 17,
        "response_header_length": 17,
        "response_body_length": 7785,
        "response_header_fields": {
            "cache-control": "max-age=3600",
            "content-length": "22478",
            "content-type": "text/html",
            "content-encoding": "gzip",
            "content-md5": "VD0uOEL70C4hlJJHfi5oXA==",
            "expires": "Wed, 25 Oct 2023 13:34:52 GMT",
            "last-modified": "Wed, 25 Oct 2023 12:02:58 GMT",
            "age": "1730",
            "etag": "0x8DBD5525466FB55",
            "vary": "Accept-Encoding",
            "x-cache": "CONFIG_NOCACHE",
            "x-ms-blob-type": "BlockBlob",
            "x-ms-lease-status": "unlocked",
            "x-ms-request-id": "cf0560fc-c01e-000b-5c3b-07cdea000000",
            "x-ms-version": "2009-09-19",
            "x-msedge-ref": "Ref A: E6C4980520554E1D9E9B93F2F823D3DB Ref B: FRA31EDGE0517 Ref C: 2023-10-25T12:34:52Z",
            "date": "Wed, 25 Oct 2023 12:34:52 GMT"
        }
    }
]