,Attempt No.,uri,Deviation Count,Status Code,Response_Time,response_header_count,response_header_length,response_body_length,response_header_fields
0,0,https://wordpress.com/,0,200,0.16759419441223145,12,12,0,"{'server': 'nginx', 'date': 'Wed, 25 Oct 2023 12:33:13 GMT', 'content-type': 'text/html; charset=utf-8', 'transfer-encoding': 'chunked', 'connection': 'keep-alive', 'vary': 'Cookie', 'x-frame-options': 'SAMEORIGIN', 'x-content-type-options': 'nosniff', 'x-xss-protection': '1; mode=block', 'x-hacker': 'Want root?  Visit join.a8c.com/hacker and mention this header.', 'host-header': 'WordPress.com', 'set-cookie': 'tk_qs=_en%3Dwpcom_experiment_variation_assigned%26_ut%3Danon%26_ui%3Dj55tMa5aglQoF5JhWbrRv%252BaM%26_ts%3D1698237193652%26experiment_id%3D21468%26experiment_variation_id%3D3405%26reason%3Dset_by_ano'}"
1,1,https://wordpress.com/,0,200,0.16862845420837402,12,12,0,"{'server': 'nginx', 'date': 'Wed, 25 Oct 2023 12:33:24 GMT', 'content-type': 'text/html; charset=utf-8', 'transfer-encoding': 'chunked', 'connection': 'keep-alive', 'vary': 'Cookie', 'x-frame-options': 'SAMEORIGIN', 'x-content-type-options': 'nosniff', 'x-xss-protection': '1; mode=block', 'x-hacker': 'Want root?  Visit join.a8c.com/hacker and mention this header.', 'host-header': 'WordPress.com', 'set-cookie': 'tk_qs=_en%3Dwpcom_experiment_variation_assigned%26_ut%3Danon%26_ui%3DVEpPgLqrWeicj1WSOjvNUgu1%26_ts%3D1698237204725%26experiment_id%3D21468%26experiment_variation_id%3D3405%26reason%3Dset_by_anon_id%20_en%3'}"
2,2,https://wordpress.com/,0,200,0.16202902793884277,12,12,0,"{'server': 'nginx', 'date': 'Wed, 25 Oct 2023 12:33:35 GMT', 'content-type': 'text/html; charset=utf-8', 'transfer-encoding': 'chunked', 'connection': 'keep-alive', 'vary': 'Cookie', 'x-frame-options': 'SAMEORIGIN', 'x-content-type-options': 'nosniff', 'x-xss-protection': '1; mode=block', 'x-hacker': 'Want root?  Visit join.a8c.com/hacker and mention this header.', 'host-header': 'WordPress.com', 'set-cookie': 'tk_qs=_en%3Dwpcom_experiment_variation_assigned%26_ut%3Danon%26_ui%3Dn3SZfzJgMc8l9KE6UlBK3yDm%26_ts%3D1698237215329%26experiment_id%3D21468%26experiment_variation_id%3D3404%26reason%3Dset_by_anon_id%20_en%3Dw'}"
3,3,https://wordpress.com/,0,200,0.1601419448852539,12,12,0,"{'server': 'nginx', 'date': 'Wed, 25 Oct 2023 12:33:46 GMT', 'content-type': 'text/html; charset=utf-8', 'transfer-encoding': 'chunked', 'connection': 'keep-alive', 'vary': 'Cookie', 'x-frame-options': 'SAMEORIGIN', 'x-content-type-options': 'nosniff', 'x-xss-protection': '1; mode=block', 'x-hacker': 'Want root?  Visit join.a8c.com/hacker and mention this header.', 'host-header': 'WordPress.com', 'set-cookie': 'tk_qs=_en%3Dwpcom_experiment_variation_assigned%26_ut%3Danon%26_ui%3DOpniKFdREfXDZsFSXRMUtLC%252F%26_ts%3D1698237226812%26experiment_id%3D21468%26experiment_variation_id%3D3405%26reason%3Dset_by_ano'}"
4,4,https://wordpress.com/,0,200,0.16991114616394043,12,12,0,"{'server': 'nginx', 'date': 'Wed, 25 Oct 2023 12:33:57 GMT', 'content-type': 'text/html; charset=utf-8', 'transfer-encoding': 'chunked', 'connection': 'keep-alive', 'vary': 'Cookie', 'x-frame-options': 'SAMEORIGIN', 'x-content-type-options': 'nosniff', 'x-xss-protection': '1; mode=block', 'x-hacker': 'Want root?  Visit join.a8c.com/hacker and mention this header.', 'host-header': 'WordPress.com', 'set-cookie': 'tk_qs=_en%3Dwpcom_experiment_variation_assigned%26_ut%3Danon%26_ui%3DcmehcWlpTp7diEiyHEnNCZQB%26_ts%3D1698237237476%26experiment_id%3D21468%26experiment_variation_id%3D3405%26reason%3Dset_by_anon_id%20_en%3'}"
5,5,https://wordpress.com/,0,200,0.16957306861877441,12,12,0,"{'server': 'nginx', 'date': 'Wed, 25 Oct 2023 12:34:08 GMT', 'content-type': 'text/html; charset=utf-8', 'transfer-encoding': 'chunked', 'connection': 'keep-alive', 'vary': 'Cookie', 'x-frame-options': 'SAMEORIGIN', 'x-content-type-options': 'nosniff', 'x-xss-protection': '1; mode=block', 'x-hacker': 'Want root?  Visit join.a8c.com/hacker and mention this header.', 'host-header': 'WordPress.com', 'set-cookie': 'tk_qs=_en%3Dwpcom_experiment_variation_assigned%26_ut%3Danon%26_ui%3DZiba4NEbEtA0WvTYng6xczau%26_ts%3D1698237248359%26experiment_id%3D21468%26experiment_variation_id%3D3405%26reason%3Dset_by_anon_id%20_en%3'}"
6,6,https://wordpress.com/,0,200,0.20621609687805176,12,12,0,"{'server': 'nginx', 'date': 'Wed, 25 Oct 2023 12:34:19 GMT', 'content-type': 'text/html; charset=utf-8', 'transfer-encoding': 'chunked', 'connection': 'keep-alive', 'vary': 'Cookie', 'x-frame-options': 'SAMEORIGIN', 'x-content-type-options': 'nosniff', 'x-xss-protection': '1; mode=block', 'x-hacker': 'Want root?  Visit join.a8c.com/hacker and mention this header.', 'host-header': 'WordPress.com', 'set-cookie': 'tk_qs=_en%3Dwpcom_experiment_variation_assigned%26_ut%3Danon%26_ui%3Dj4Yr7o8eB6DivjDA1yKZm9eY%26_ts%3D1698237259355%26experiment_id%3D21468%26experiment_variation_id%3D3404%26reason%3Dset_by_anon_id%20_en%3Dw'}"
7,7,https://wordpress.com/,0,200,0.1574103832244873,12,12,0,"{'server': 'nginx', 'date': 'Wed, 25 Oct 2023 12:34:30 GMT', 'content-type': 'text/html; charset=utf-8', 'transfer-encoding': 'chunked', 'connection': 'keep-alive', 'vary': 'Cookie', 'x-frame-options': 'SAMEORIGIN', 'x-content-type-options': 'nosniff', 'x-xss-protection': '1; mode=block', 'x-hacker': 'Want root?  Visit join.a8c.com/hacker and mention this header.', 'host-header': 'WordPress.com', 'set-cookie': 'tk_qs=_en%3Dwpcom_experiment_variation_assigned%26_ut%3Danon%26_ui%3DGDgL%252FFpTKjXI2fD9N%252Flv6O1b%26_ts%3D1698237270525%26experiment_id%3D21468%26experiment_variation_id%3D3404%26reason%3D'}"
8,8,https://wordpress.com/,0,200,0.1594688892364502,12,12,0,"{'server': 'nginx', 'date': 'Wed, 25 Oct 2023 12:34:41 GMT', 'content-type': 'text/html; charset=utf-8', 'transfer-encoding': 'chunked', 'connection': 'keep-alive', 'vary': 'Cookie', 'x-frame-options': 'SAMEORIGIN', 'x-content-type-options': 'nosniff', 'x-xss-protection': '1; mode=block', 'x-hacker': 'Want root?  Visit join.a8c.com/hacker and mention this header.', 'host-header': 'WordPress.com', 'set-cookie': 'tk_qs=_en%3Dwpcom_experiment_variation_assigned%26_ut%3Danon%26_ui%3DOWJgStHs8OYL0QNPIopLA0jY%26_ts%3D1698237281454%26experiment_id%3D21468%26experiment_variation_id%3D3404%26reason%3Dset_by_anon_id%20_en%3Dw'}"
9,9,https://wordpress.com/,0,200,0.1811666488647461,12,12,0,"{'server': 'nginx', 'date': 'Wed, 25 Oct 2023 12:34:52 GMT', 'content-type': 'text/html; charset=utf-8', 'transfer-encoding': 'chunked', 'connection': 'keep-alive', 'vary': 'Cookie', 'x-frame-options': 'SAMEORIGIN', 'x-content-type-options': 'nosniff', 'x-xss-protection': '1; mode=block', 'x-hacker': 'Want root?  Visit join.a8c.com/hacker and mention this header.', 'host-header': 'WordPress.com', 'set-cookie': 'tk_qs=_en%3Dwpcom_experiment_variation_assigned%26_ut%3Danon%26_ui%3DGYXLZyNU%252FMdBCykEBfBw70z4%26_ts%3D1698237292127%26experiment_id%3D21468%26experiment_variation_id%3D3405%26reason%3Dset_by_ano'}"
