number,request,deviation_count,uri,request_length,http_version,Socket_Connect_Time,Socket_Close_Time,Response_Time,status_code,reason_phrase,error_message,response_header_count,response_header_length,response_body_length,response_header_fields
0,"GET https://wordpress.com/  HTTP/1.1
Host: wordpress.com
User-Agent: Mozilla/5.0 (Windows NT 10.0; rv:102.0) Gecko/20100101 Firefox/102.0
Accept: text/html,application/xhtml+xml,application/xml;q=0.9,image/avif,image/webp,*/*;q=0.8
Accept-Encoding: gzip, deflate, br
Accept-Language: en-US,en;q=0.5
DNT: 1
Connection: keep-alive
Upgrade-Insecure-Requests: 1
Sec-Fetch-Dest: document
Sec-Fetch-Mode: navigate
Sec-Fetch-Site: cross-site

",0,https://wordpress.com/,449,HTTP/1.1,0.2651035785675049,0.13037538528442383,0.16759419441223145,200,OK,[''],12,12,0,"{""server"": ""nginx"", ""date"": ""Wed, 25 Oct 2023 12:33:13 GMT"", ""content-type"": ""text/html; charset=utf-8"", ""transfer-encoding"": ""chunked"", ""connection"": ""keep-alive"", ""vary"": ""Cookie"", ""x-frame-options"": ""SAMEORIGIN"", ""x-content-type-options"": ""nosniff"", ""x-xss-protection"": ""1; mode=block"", ""x-hacker"": ""Want root?  Visit join.a8c.com/hacker and mention this header."", ""host-header"": ""WordPress.com"", ""set-cookie"": ""tk_qs=_en%3Dwpcom_experiment_variation_assigned%26_ut%3Danon%26_ui%3Dj55tMa5aglQoF5JhWbrRv%252BaM%26_ts%3D1698237193652%26experiment_id%3D21468%26experiment_variation_id%3D3405%26reason%3Dset_by_ano""}"
1,"GET https://wordpress.com/  HTTP/1.1
Host: wordpress.com
User-Agent: Mozilla/5.0 (Windows NT 10.0; rv:102.0) Gecko/20100101 Firefox/102.0
Accept: text/html,application/xhtml+xml,application/xml;q=0.9,image/avif,image/webp,*/*;q=0.8
Accept-Encoding: gzip, deflate, br
Accept-Language: en-US,en;q=0.5
DNT: 1
Connection: keep-alive
Upgrade-Insecure-Requests: 1
Sec-Fetch-Dest: document
Sec-Fetch-Mode: navigate
Sec-Fetch-Site: cross-site

",0,https://wordpress.com/,449,HTTP/1.1,0.2617945671081543,0.13004255294799805,0.16862845420837402,200,OK,[''],12,12,0,"{""server"": ""nginx"", ""date"": ""Wed, 25 Oct 2023 12:33:24 GMT"", ""content-type"": ""text/html; charset=utf-8"", ""transfer-encoding"": ""chunked"", ""connection"": ""keep-alive"", ""vary"": ""Cookie"", ""x-frame-options"": ""SAMEORIGIN"", ""x-content-type-options"": ""nosniff"", ""x-xss-protection"": ""1; mode=block"", ""x-hacker"": ""Want root?  Visit join.a8c.com/hacker and mention this header."", ""host-header"": ""WordPress.com"", ""set-cookie"": ""tk_qs=_en%3Dwpcom_experiment_variation_assigned%26_ut%3Danon%26_ui%3DVEpPgLqrWeicj1WSOjvNUgu1%26_ts%3D1698237204725%26experiment_id%3D21468%26experiment_variation_id%3D3405%26reason%3Dset_by_anon_id%20_en%3""}"
2,"GET https://wordpress.com/  HTTP/1.1
Host: wordpress.com
User-Agent: Mozilla/5.0 (Windows NT 10.0; rv:102.0) Gecko/20100101 Firefox/102.0
Accept: text/html,application/xhtml+xml,application/xml;q=0.9,image/avif,image/webp,*/*;q=0.8
Accept-Encoding: gzip, deflate, br
Accept-Language: en-US,en;q=0.5
DNT: 1
Connection: keep-alive
Upgrade-Insecure-Requests: 1
Sec-Fetch-Dest: document
Sec-Fetch-Mode: navigate
Sec-Fetch-Site: cross-site

",0,https://wordpress.com/,449,HTTP/1.1,0.12730979919433594,0.11303257942199707,0.16202902793884277,200,OK,[''],12,12,0,"{""server"": ""nginx"", ""date"": ""Wed, 25 Oct 2023 12:33:35 GMT"", ""content-type"": ""text/html; charset=utf-8"", ""transfer-encoding"": ""chunked"", ""connection"": ""keep-alive"", ""vary"": ""Cookie"", ""x-frame-options"": ""SAMEORIGIN"", ""x-content-type-options"": ""nosniff"", ""x-xss-protection"": ""1; mode=block"", ""x-hacker"": ""Want root?  Visit join.a8c.com/hacker and mention this header."", ""host-header"": ""WordPress.com"", ""set-cookie"": ""tk_qs=_en%3Dwpcom_experiment_variation_assigned%26_ut%3Danon%26_ui%3Dn3SZfzJgMc8l9KE6UlBK3yDm%26_ts%3D1698237215329%26experiment_id%3D21468%26experiment_variation_id%3D3404%26reason%3Dset_by_anon_id%20_en%3Dw""}"
3,"GET https://wordpress.com/  HTTP/1.1
Host: wordpress.com
User-Agent: Mozilla/5.0 (Windows NT 10.0; rv:102.0) Gecko/20100101 Firefox/102.0
Accept: text/html,application/xhtml+xml,application/xml;q=0.9,image/avif,image/webp,*/*;q=0.8
Accept-Encoding: gzip, deflate, br
Accept-Language: en-US,en;q=0.5
DNT: 1
Connection: keep-alive
Upgrade-Insecure-Requests: 1
Sec-Fetch-Dest: document
Sec-Fetch-Mode: navigate
Sec-Fetch-Site: cross-site

",0,https://wordpress.com/,449,HTTP/1.1,0.16400623321533203,0.12348556518554688,0.1601419448852539,200,OK,[''],12,12,0,"{""server"": ""nginx"", ""date"": ""Wed, 25 Oct 2023 12:33:46 GMT"", ""content-type"": ""text/html; charset=utf-8"", ""transfer-encoding"": ""chunked"", ""connection"": ""keep-alive"", ""vary"": ""Cookie"", ""x-frame-options"": ""SAMEORIGIN"", ""x-content-type-options"": ""nosniff"", ""x-xss-protection"": ""1; mode=block"", ""x-hacker"": ""Want root?  Visit join.a8c.com/hacker and mention this header."", ""host-header"": ""WordPress.com"", ""set-cookie"": ""tk_qs=_en%3Dwpcom_experiment_variation_assigned%26_ut%3Danon%26_ui%3DOpniKFdREfXDZsFSXRMUtLC%252F%26_ts%3D1698237226812%26experiment_id%3D21468%26experiment_variation_id%3D3405%26reason%3Dset_by_ano""}"
4,"GET https://wordpress.com/  HTTP/1.1
Host: wordpress.com
User-Agent: Mozilla/5.0 (Windows NT 10.0; rv:102.0) Gecko/20100101 Firefox/102.0
Accept: text/html,application/xhtml+xml,application/xml;q=0.9,image/avif,image/webp,*/*;q=0.8
Accept-Encoding: gzip, deflate, br
Accept-Language: en-US,en;q=0.5
DNT: 1
Connection: keep-alive
Upgrade-Insecure-Requests: 1
Sec-Fetch-Dest: document
Sec-Fetch-Mode: navigate
Sec-Fetch-Site: cross-site

",0,https://wordpress.com/,449,HTTP/1.1,0.1547236442565918,0.10967278480529785,0.16991114616394043,200,OK,[''],12,12,0,"{""server"": ""nginx"", ""date"": ""Wed, 25 Oct 2023 12:33:57 GMT"", ""content-type"": ""text/html; charset=utf-8"", ""transfer-encoding"": ""chunked"", ""connection"": ""keep-alive"", ""vary"": ""Cookie"", ""x-frame-options"": ""SAMEORIGIN"", ""x-content-type-options"": ""nosniff"", ""x-xss-protection"": ""1; mode=block"", ""x-hacker"": ""Want root?  Visit join.a8c.com/hacker and mention this header."", ""host-header"": ""WordPress.com"", ""set-cookie"": ""tk_qs=_en%3Dwpcom_experiment_variation_assigned%26_ut%3Danon%26_ui%3DcmehcWlpTp7diEiyHEnNCZQB%26_ts%3D1698237237476%26experiment_id%3D21468%26experiment_variation_id%3D3405%26reason%3Dset_by_anon_id%20_en%3""}"
5,"GET https://wordpress.com/  HTTP/1.1
Host: wordpress.com
User-Agent: Mozilla/5.0 (Windows NT 10.0; rv:102.0) Gecko/20100101 Firefox/102.0
Accept: text/html,application/xhtml+xml,application/xml;q=0.9,image/avif,image/webp,*/*;q=0.8
Accept-Encoding: gzip, deflate, br
Accept-Language: en-US,en;q=0.5
DNT: 1
Connection: keep-alive
Upgrade-Insecure-Requests: 1
Sec-Fetch-Dest: document
Sec-Fetch-Mode: navigate
Sec-Fetch-Site: cross-site

",0,https://wordpress.com/,449,HTTP/1.1,0.13203215599060059,0.10869503021240234,0.16957306861877441,200,OK,[''],12,12,0,"{""server"": ""nginx"", ""date"": ""Wed, 25 Oct 2023 12:34:08 GMT"", ""content-type"": ""text/html; charset=utf-8"", ""transfer-encoding"": ""chunked"", ""connection"": ""keep-alive"", ""vary"": ""Cookie"", ""x-frame-options"": ""SAMEORIGIN"", ""x-content-type-options"": ""nosniff"", ""x-xss-protection"": ""1; mode=block"", ""x-hacker"": ""Want root?  Visit join.a8c.com/hacker and mention this header."", ""host-header"": ""WordPress.com"", ""set-cookie"": ""tk_qs=_en%3Dwpcom_experiment_variation_assigned%26_ut%3Danon%26_ui%3DZiba4NEbEtA0WvTYng6xczau%26_ts%3D1698237248359%26experiment_id%3D21468%26experiment_variation_id%3D3405%26reason%3Dset_by_anon_id%20_en%3""}"
6,"GET https://wordpress.com/  HTTP/1.1
Host: wordpress.com
User-Agent: Mozilla/5.0 (Windows NT 10.0; rv:102.0) Gecko/20100101 Firefox/102.0
Accept: text/html,application/xhtml+xml,application/xml;q=0.9,image/avif,image/webp,*/*;q=0.8
Accept-Encoding: gzip, deflate, br
Accept-Language: en-US,en;q=0.5
DNT: 1
Connection: keep-alive
Upgrade-Insecure-Requests: 1
Sec-Fetch-Dest: document
Sec-Fetch-Mode: navigate
Sec-Fetch-Site: cross-site

",0,https://wordpress.com/,449,HTTP/1.1,0.1363523006439209,0.19661188125610352,0.20621609687805176,200,OK,[''],12,12,0,"{""server"": ""nginx"", ""date"": ""Wed, 25 Oct 2023 12:34:19 GMT"", ""content-type"": ""text/html; charset=utf-8"", ""transfer-encoding"": ""chunked"", ""connection"": ""keep-alive"", ""vary"": ""Cookie"", ""x-frame-options"": ""SAMEORIGIN"", ""x-content-type-options"": ""nosniff"", ""x-xss-protection"": ""1; mode=block"", ""x-hacker"": ""Want root?  Visit join.a8c.com/hacker and mention this header."", ""host-header"": ""WordPress.com"", ""set-cookie"": ""tk_qs=_en%3Dwpcom_experiment_variation_assigned%26_ut%3Danon%26_ui%3Dj4Yr7o8eB6DivjDA1yKZm9eY%26_ts%3D1698237259355%26experiment_id%3D21468%26experiment_variation_id%3D3404%26reason%3Dset_by_anon_id%20_en%3Dw""}"
7,"GET https://wordpress.com/  HTTP/1.1
Host: wordpress.com
User-Agent: Mozilla/5.0 (Windows NT 10.0; rv:102.0) Gecko/20100101 Firefox/102.0
Accept: text/html,application/xhtml+xml,application/xml;q=0.9,image/avif,image/webp,*/*;q=0.8
Accept-Encoding: gzip, deflate, br
Accept-Language: en-US,en;q=0.5
DNT: 1
Connection: keep-alive
Upgrade-Insecure-Requests: 1
Sec-Fetch-Dest: document
Sec-Fetch-Mode: navigate
Sec-Fetch-Site: cross-site

",0,https://wordpress.com/,449,HTTP/1.1,0.18895721435546875,0.10968947410583496,0.1574103832244873,200,OK,[''],12,12,0,"{""server"": ""nginx"", ""date"": ""Wed, 25 Oct 2023 12:34:30 GMT"", ""content-type"": ""text/html; charset=utf-8"", ""transfer-encoding"": ""chunked"", ""connection"": ""keep-alive"", ""vary"": ""Cookie"", ""x-frame-options"": ""SAMEORIGIN"", ""x-content-type-options"": ""nosniff"", ""x-xss-protection"": ""1; mode=block"", ""x-hacker"": ""Want root?  Visit join.a8c.com/hacker and mention this header."", ""host-header"": ""WordPress.com"", ""set-cookie"": ""tk_qs=_en%3Dwpcom_experiment_variation_assigned%26_ut%3Danon%26_ui%3DGDgL%252FFpTKjXI2fD9N%252Flv6O1b%26_ts%3D1698237270525%26experiment_id%3D21468%26experiment_variation_id%3D3404%26reason%3D""}"
8,"GET https://wordpress.com/  HTTP/1.1
Host: wordpress.com
User-Agent: Mozilla/5.0 (Windows NT 10.0; rv:102.0) Gecko/20100101 Firefox/102.0
Accept: text/html,application/xhtml+xml,application/xml;q=0.9,image/avif,image/webp,*/*;q=0.8
Accept-Encoding: gzip, deflate, br
Accept-Language: en-US,en;q=0.5
DNT: 1
Connection: keep-alive
Upgrade-Insecure-Requests: 1
Sec-Fetch-Dest: document
Sec-Fetch-Mode: navigate
Sec-Fetch-Site: cross-site

",0,https://wordpress.com/,449,HTTP/1.1,0.08847808837890625,0.11112380027770996,0.1594688892364502,200,OK,[''],12,12,0,"{""server"": ""nginx"", ""date"": ""Wed, 25 Oct 2023 12:34:41 GMT"", ""content-type"": ""text/html; charset=utf-8"", ""transfer-encoding"": ""chunked"", ""connection"": ""keep-alive"", ""vary"": ""Cookie"", ""x-frame-options"": ""SAMEORIGIN"", ""x-content-type-options"": ""nosniff"", ""x-xss-protection"": ""1; mode=block"", ""x-hacker"": ""Want root?  Visit join.a8c.com/hacker and mention this header."", ""host-header"": ""WordPress.com"", ""set-cookie"": ""tk_qs=_en%3Dwpcom_experiment_variation_assigned%26_ut%3Danon%26_ui%3DOWJgStHs8OYL0QNPIopLA0jY%26_ts%3D1698237281454%26experiment_id%3D21468%26experiment_variation_id%3D3404%26reason%3Dset_by_anon_id%20_en%3Dw""}"
9,"GET https://wordpress.com/  HTTP/1.1
Host: wordpress.com
User-Agent: Mozilla/5.0 (Windows NT 10.0; rv:102.0) Gecko/20100101 Firefox/102.0
Accept: text/html,application/xhtml+xml,application/xml;q=0.9,image/avif,image/webp,*/*;q=0.8
Accept-Encoding: gzip, deflate, br
Accept-Language: en-US,en;q=0.5
DNT: 1
Connection: keep-alive
Upgrade-Insecure-Requests: 1
Sec-Fetch-Dest: document
Sec-Fetch-Mode: navigate
Sec-Fetch-Site: cross-site

",0,https://wordpress.com/,449,HTTP/1.1,0.1491243839263916,0.11555027961730957,0.1811666488647461,200,OK,[''],12,12,0,"{""server"": ""nginx"", ""date"": ""Wed, 25 Oct 2023 12:34:52 GMT"", ""content-type"": ""text/html; charset=utf-8"", ""transfer-encoding"": ""chunked"", ""connection"": ""keep-alive"", ""vary"": ""Cookie"", ""x-frame-options"": ""SAMEORIGIN"", ""x-content-type-options"": ""nosniff"", ""x-xss-protection"": ""1; mode=block"", ""x-hacker"": ""Want root?  Visit join.a8c.com/hacker and mention this header."", ""host-header"": ""WordPress.com"", ""set-cookie"": ""tk_qs=_en%3Dwpcom_experiment_variation_assigned%26_ut%3Danon%26_ui%3DGYXLZyNU%252FMdBCykEBfBw70z4%26_ts%3D1698237292127%26experiment_id%3D21468%26experiment_variation_id%3D3405%26reason%3Dset_by_ano""}"
