[
    {
        "number": 0,
        "request": "GET https://wordpress.com/  HTTP/1.1\r\nHost: wordpress.com\r\nUser-Agent: Mozilla/5.0 (Windows NT 10.0; rv:102.0) Gecko/20100101 Firefox/102.0\r\nAccept: text/html,application/xhtml+xml,application/xml;q=0.9,image/avif,image/webp,*/*;q=0.8\r\nAccept-Encoding: gzip, deflate, br\r\nAccept-Language: en-US,en;q=0.5\r\nDNT: 1\r\nConnection: keep-alive\r\nUpgrade-Insecure-Requests: 1\r\nSec-Fetch-Dest: document\r\nSec-Fetch-Mode: navigate\r\nSec-Fetch-Site: cross-site\r\n\r\n",
        "deviation_count": 0,
        "uri": "https://wordpress.com/",
        "request_length": 449,
        "Response_Time": 0.16759419441223145,
        "status_code": 200,
        "reason_phrase": "OK",
        "error_message": [
            ""
        ],
        "response_header_count": 12,
        "response_header_length": 12,
        "response_body_length": 0,
        "response_header_fields": {
            "server": "nginx",
            "date": "Wed, 25 Oct 2023 12:33:13 GMT",
            "content-type": "text/html; charset=utf-8",
            "transfer-encoding": "chunked",
            "connection": "keep-alive",
            "vary": "Cookie",
            "x-frame-options": "SAMEORIGIN",
            "x-content-type-options": "nosniff",
            "x-xss-protection": "1; mode=block",
            "x-hacker": "Want root?  Visit join.a8c.com/hacker and mention this header.",
            "host-header": "WordPress.com",
            "set-cookie": "tk_qs=_en%3Dwpcom_experiment_variation_assigned%26_ut%3Danon%26_ui%3Dj55tMa5aglQoF5JhWbrRv%252BaM%26_ts%3D1698237193652%26experiment_id%3D21468%26experiment_variation_id%3D3405%26reason%3Dset_by_ano"
        }
    },
    {
        "number": 1,
        "request": "GET https://wordpress.com/  HTTP/1.1\r\nHost: wordpress.com\r\nUser-Agent: Mozilla/5.0 (Windows NT 10.0; rv:102.0) Gecko/20100101 Firefox/102.0\r\nAccept: text/html,application/xhtml+xml,application/xml;q=0.9,image/avif,image/webp,*/*;q=0.8\r\nAccept-Encoding: gzip, deflate, br\r\nAccept-Language: en-US,en;q=0.5\r\nDNT: 1\r\nConnection: keep-alive\r\nUpgrade-Insecure-Requests: 1\r\nSec-Fetch-Dest: document\r\nSec-Fetch-Mode: navigate\r\nSec-Fetch-Site: cross-site\r\n\r\n",
        "deviation_count": 0,
        "uri": "https://wordpress.com/",
        "request_length": 449,
        "Response_Time": 0.16862845420837402,
        "status_code": 200,
        "reason_phrase": "OK",
        "error_message": [
            ""
        ],
        "response_header_count": 12,
        "response_header_length": 12,
        "response_body_length": 0,
        "response_header_fields": {
            "server": "nginx",
            "date": "Wed, 25 Oct 2023 12:33:24 GMT",
            "content-type": "text/html; charset=utf-8",
            "transfer-encoding": "chunked",
            "connection": "keep-alive",
            "vary": "Cookie",
            "x-frame-options": "SAMEORIGIN",
            "x-content-type-options": "nosniff",
            "x-xss-protection": "1; mode=block",
            "x-hacker": "Want root?  Visit join.a8c.com/hacker and mention this header.",
            "host-header": "WordPress.com",
            "set-cookie": "tk_qs=_en%3Dwpcom_experiment_variation_assigned%26_ut%3Danon%26_ui%3DVEpPgLqrWeicj1WSOjvNUgu1%26_ts%3D1698237204725%26experiment_id%3D21468%26experiment_variation_id%3D3405%26reason%3Dset_by_anon_id%20_en%3"
        }
    },
    {
        "number": 2,
        "request": "GET https://wordpress.com/  HTTP/1.1\r\nHost: wordpress.com\r\nUser-Agent: Mozilla/5.0 (Windows NT 10.0; rv:102.0) Gecko/20100101 Firefox/102.0\r\nAccept: text/html,application/xhtml+xml,application/xml;q=0.9,image/avif,image/webp,*/*;q=0.8\r\nAccept-Encoding: gzip, deflate, br\r\nAccept-Language: en-US,en;q=0.5\r\nDNT: 1\r\nConnection: keep-alive\r\nUpgrade-Insecure-Requests: 1\r\nSec-Fetch-Dest: document\r\nSec-Fetch-Mode: navigate\r\nSec-Fetch-Site: cross-site\r\n\r\n",
        "deviation_count": 0,
        "uri": "https://wordpress.com/",
        "request_length": 449,
        "Response_Time": 0.16202902793884277,
        "status_code": 200,
        "reason_phrase": "OK",
        "error_message": [
            ""
        ],
        "response_header_count": 12,
        "response_header_length": 12,
        "response_body_length": 0,
        "response_header_fields": {
            "server": "nginx",
            "date": "Wed, 25 Oct 2023 12:33:35 GMT",
            "content-type": "text/html; charset=utf-8",
            "transfer-encoding": "chunked",
            "connection": "keep-alive",
            "vary": "Cookie",
            "x-frame-options": "SAMEORIGIN",
            "x-content-type-options": "nosniff",
            "x-xss-protection": "1; mode=block",
            "x-hacker": "Want root?  Visit join.a8c.com/hacker and mention this header.",
            "host-header": "WordPress.com",
            "set-cookie": "tk_qs=_en%3Dwpcom_experiment_variation_assigned%26_ut%3Danon%26_ui%3Dn3SZfzJgMc8l9KE6UlBK3yDm%26_ts%3D1698237215329%26experiment_id%3D21468%26experiment_variation_id%3D3404%26reason%3Dset_by_anon_id%20_en%3Dw"
        }
    },
    {
        "number": 3,
        "request": "GET https://wordpress.com/  HTTP/1.1\r\nHost: wordpress.com\r\nUser-Agent: Mozilla/5.0 (Windows NT 10.0; rv:102.0) Gecko/20100101 Firefox/102.0\r\nAccept: text/html,application/xhtml+xml,application/xml;q=0.9,image/avif,image/webp,*/*;q=0.8\r\nAccept-Encoding: gzip, deflate, br\r\nAccept-Language: en-US,en;q=0.5\r\nDNT: 1\r\nConnection: keep-alive\r\nUpgrade-Insecure-Requests: 1\r\nSec-Fetch-Dest: document\r\nSec-Fetch-Mode: navigate\r\nSec-Fetch-Site: cross-site\r\n\r\n",
        "deviation_count": 0,
        "uri": "https://wordpress.com/",
        "request_length": 449,
        "Response_Time": 0.1601419448852539,
        "status_code": 200,
        "reason_phrase": "OK",
        "error_message": [
            ""
        ],
        "response_header_count": 12,
        "response_header_length": 12,
        "response_body_length": 0,
        "response_header_fields": {
            "server": "nginx",
            "date": "Wed, 25 Oct 2023 12:33:46 GMT",
            "content-type": "text/html; charset=utf-8",
            "transfer-encoding": "chunked",
            "connection": "keep-alive",
            "vary": "Cookie",
            "x-frame-options": "SAMEORIGIN",
            "x-content-type-options": "nosniff",
            "x-xss-protection": "1; mode=block",
            "x-hacker": "Want root?  Visit join.a8c.com/hacker and mention this header.",
            "host-header": "WordPress.com",
            "set-cookie": "tk_qs=_en%3Dwpcom_experiment_variation_assigned%26_ut%3Danon%26_ui%3DOpniKFdREfXDZsFSXRMUtLC%252F%26_ts%3D1698237226812%26experiment_id%3D21468%26experiment_variation_id%3D3405%26reason%3Dset_by_ano"
        }
    },
    {
        "number": 4,
        "request": "GET https://wordpress.com/  HTTP/1.1\r\nHost: wordpress.com\r\nUser-Agent: Mozilla/5.0 (Windows NT 10.0; rv:102.0) Gecko/20100101 Firefox/102.0\r\nAccept: text/html,application/xhtml+xml,application/xml;q=0.9,image/avif,image/webp,*/*;q=0.8\r\nAccept-Encoding: gzip, deflate, br\r\nAccept-Language: en-US,en;q=0.5\r\nDNT: 1\r\nConnection: keep-alive\r\nUpgrade-Insecure-Requests: 1\r\nSec-Fetch-Dest: document\r\nSec-Fetch-Mode: navigate\r\nSec-Fetch-Site: cross-site\r\n\r\n",
        "deviation_count": 0,
        "uri": "https://wordpress.com/",
        "request_length": 449,
        "Response_Time": 0.16991114616394043,
        "status_code": 200,
        "reason_phrase": "OK",
        "error_message": [
            ""
        ],
        "response_header_count": 12,
        "response_header_length": 12,
        "response_body_length": 0,
        "response_header_fields": {
            "server": "nginx",
            "date": "Wed, 25 Oct 2023 12:33:57 GMT",
            "content-type": "text/html; charset=utf-8",
            "transfer-encoding": "chunked",
            "connection": "keep-alive",
            "vary": "Cookie",
            "x-frame-options": "SAMEORIGIN",
            "x-content-type-options": "nosniff",
            "x-xss-protection": "1; mode=block",
            "x-hacker": "Want root?  Visit join.a8c.com/hacker and mention this header.",
            "host-header": "WordPress.com",
            "set-cookie": "tk_qs=_en%3Dwpcom_experiment_variation_assigned%26_ut%3Danon%26_ui%3DcmehcWlpTp7diEiyHEnNCZQB%26_ts%3D1698237237476%26experiment_id%3D21468%26experiment_variation_id%3D3405%26reason%3Dset_by_anon_id%20_en%3"
        }
    },
    {
        "number": 5,
        "request": "GET https://wordpress.com/  HTTP/1.1\r\nHost: wordpress.com\r\nUser-Agent: Mozilla/5.0 (Windows NT 10.0; rv:102.0) Gecko/20100101 Firefox/102.0\r\nAccept: text/html,application/xhtml+xml,application/xml;q=0.9,image/avif,image/webp,*/*;q=0.8\r\nAccept-Encoding: gzip, deflate, br\r\nAccept-Language: en-US,en;q=0.5\r\nDNT: 1\r\nConnection: keep-alive\r\nUpgrade-Insecure-Requests: 1\r\nSec-Fetch-Dest: document\r\nSec-Fetch-Mode: navigate\r\nSec-Fetch-Site: cross-site\r\n\r\n",
        "deviation_count": 0,
        "uri": "https://wordpress.com/",
        "request_length": 449,
        "Response_Time": 0.16957306861877441,
        "status_code": 200,
        "reason_phrase": "OK",
        "error_message": [
            ""
        ],
        "response_header_count": 12,
        "response_header_length": 12,
        "response_body_length": 0,
        "response_header_fields": {
            "server": "nginx",
            "date": "Wed, 25 Oct 2023 12:34:08 GMT",
            "content-type": "text/html; charset=utf-8",
            "transfer-encoding": "chunked",
            "connection": "keep-alive",
            "vary": "Cookie",
            "x-frame-options": "SAMEORIGIN",
            "x-content-type-options": "nosniff",
            "x-xss-protection": "1; mode=block",
            "x-hacker": "Want root?  Visit join.a8c.com/hacker and mention this header.",
            "host-header": "WordPress.com",
            "set-cookie": "tk_qs=_en%3Dwpcom_experiment_variation_assigned%26_ut%3Danon%26_ui%3DZiba4NEbEtA0WvTYng6xczau%26_ts%3D1698237248359%26experiment_id%3D21468%26experiment_variation_id%3D3405%26reason%3Dset_by_anon_id%20_en%3"
        }
    },
    {
        "number": 6,
        "request": "GET https://wordpress.com/  HTTP/1.1\r\nHost: wordpress.com\r\nUser-Agent: Mozilla/5.0 (Windows NT 10.0; rv:102.0) Gecko/20100101 Firefox/102.0\r\nAccept: text/html,application/xhtml+xml,application/xml;q=0.9,image/avif,image/webp,*/*;q=0.8\r\nAccept-Encoding: gzip, deflate, br\r\nAccept-Language: en-US,en;q=0.5\r\nDNT: 1\r\nConnection: keep-alive\r\nUpgrade-Insecure-Requests: 1\r\nSec-Fetch-Dest: document\r\nSec-Fetch-Mode: navigate\r\nSec-Fetch-Site: cross-site\r\n\r\n",
        "deviation_count": 0,
        "uri": "https://wordpress.com/",
        "request_length": 449,
        "Response_Time": 0.20621609687805176,
        "status_code": 200,
        "reason_phrase": "OK",
        "error_message": [
            ""
        ],
        "response_header_count": 12,
        "response_header_length": 12,
        "response_body_length": 0,
        "response_header_fields": {
            "server": "nginx",
            "date": "Wed, 25 Oct 2023 12:34:19 GMT",
            "content-type": "text/html; charset=utf-8",
            "transfer-encoding": "chunked",
            "connection": "keep-alive",
            "vary": "Cookie",
            "x-frame-options": "SAMEORIGIN",
            "x-content-type-options": "nosniff",
            "x-xss-protection": "1; mode=block",
            "x-hacker": "Want root?  Visit join.a8c.com/hacker and mention this header.",
            "host-header": "WordPress.com",
            "set-cookie": "tk_qs=_en%3Dwpcom_experiment_variation_assigned%26_ut%3Danon%26_ui%3Dj4Yr7o8eB6DivjDA1yKZm9eY%26_ts%3D1698237259355%26experiment_id%3D21468%26experiment_variation_id%3D3404%26reason%3Dset_by_anon_id%20_en%3Dw"
        }
    },
    {
        "number": 7,
        "request": "GET https://wordpress.com/  HTTP/1.1\r\nHost: wordpress.com\r\nUser-Agent: Mozilla/5.0 (Windows NT 10.0; rv:102.0) Gecko/20100101 Firefox/102.0\r\nAccept: text/html,application/xhtml+xml,application/xml;q=0.9,image/avif,image/webp,*/*;q=0.8\r\nAccept-Encoding: gzip, deflate, br\r\nAccept-Language: en-US,en;q=0.5\r\nDNT: 1\r\nConnection: keep-alive\r\nUpgrade-Insecure-Requests: 1\r\nSec-Fetch-Dest: document\r\nSec-Fetch-Mode: navigate\r\nSec-Fetch-Site: cross-site\r\n\r\n",
        "deviation_count": 0,
        "uri": "https://wordpress.com/",
        "request_length": 449,
        "Response_Time": 0.1574103832244873,
        "status_code": 200,
        "reason_phrase": "OK",
        "error_message": [
            ""
        ],
        "response_header_count": 12,
        "response_header_length": 12,
        "response_body_length": 0,
        "response_header_fields": {
            "server": "nginx",
            "date": "Wed, 25 Oct 2023 12:34:30 GMT",
            "content-type": "text/html; charset=utf-8",
            "transfer-encoding": "chunked",
            "connection": "keep-alive",
            "vary": "Cookie",
            "x-frame-options": "SAMEORIGIN",
            "x-content-type-options": "nosniff",
            "x-xss-protection": "1; mode=block",
            "x-hacker": "Want root?  Visit join.a8c.com/hacker and mention this header.",
            "host-header": "WordPress.com",
            "set-cookie": "tk_qs=_en%3Dwpcom_experiment_variation_assigned%26_ut%3Danon%26_ui%3DGDgL%252FFpTKjXI2fD9N%252Flv6O1b%26_ts%3D1698237270525%26experiment_id%3D21468%26experiment_variation_id%3D3404%26reason%3D"
        }
    },
    {
        "number": 8,
        "request": "GET https://wordpress.com/  HTTP/1.1\r\nHost: wordpress.com\r\nUser-Agent: Mozilla/5.0 (Windows NT 10.0; rv:102.0) Gecko/20100101 Firefox/102.0\r\nAccept: text/html,application/xhtml+xml,application/xml;q=0.9,image/avif,image/webp,*/*;q=0.8\r\nAccept-Encoding: gzip, deflate, br\r\nAccept-Language: en-US,en;q=0.5\r\nDNT: 1\r\nConnection: keep-alive\r\nUpgrade-Insecure-Requests: 1\r\nSec-Fetch-Dest: document\r\nSec-Fetch-Mode: navigate\r\nSec-Fetch-Site: cross-site\r\n\r\n",
        "deviation_count": 0,
        "uri": "https://wordpress.com/",
        "request_length": 449,
        "Response_Time": 0.1594688892364502,
        "status_code": 200,
        "reason_phrase": "OK",
        "error_message": [
            ""
        ],
        "response_header_count": 12,
        "response_header_length": 12,
        "response_body_length": 0,
        "response_header_fields": {
            "server": "nginx",
            "date": "Wed, 25 Oct 2023 12:34:41 GMT",
            "content-type": "text/html; charset=utf-8",
            "transfer-encoding": "chunked",
            "connection": "keep-alive",
            "vary": "Cookie",
            "x-frame-options": "SAMEORIGIN",
            "x-content-type-options": "nosniff",
            "x-xss-protection": "1; mode=block",
            "x-hacker": "Want root?  Visit join.a8c.com/hacker and mention this header.",
            "host-header": "WordPress.com",
            "set-cookie": "tk_qs=_en%3Dwpcom_experiment_variation_assigned%26_ut%3Danon%26_ui%3DOWJgStHs8OYL0QNPIopLA0jY%26_ts%3D1698237281454%26experiment_id%3D21468%26experiment_variation_id%3D3404%26reason%3Dset_by_anon_id%20_en%3Dw"
        }
    },
    {
        "number": 9,
        "request": "GET https://wordpress.com/  HTTP/1.1\r\nHost: wordpress.com\r\nUser-Agent: Mozilla/5.0 (Windows NT 10.0; rv:102.0) Gecko/20100101 Firefox/102.0\r\nAccept: text/html,application/xhtml+xml,application/xml;q=0.9,image/avif,image/webp,*/*;q=0.8\r\nAccept-Encoding: gzip, deflate, br\r\nAccept-Language: en-US,en;q=0.5\r\nDNT: 1\r\nConnection: keep-alive\r\nUpgrade-Insecure-Requests: 1\r\nSec-Fetch-Dest: document\r\nSec-Fetch-Mode: navigate\r\nSec-Fetch-Site: cross-site\r\n\r\n",
        "deviation_count": 0,
        "uri": "https://wordpress.com/",
        "request_length": 449,
        "Response_Time": 0.1811666488647461,
        "status_code": 200,
        "reason_phrase": "OK",
        "error_message": [
            ""
        ],
        "response_header_count": 12,
        "response_header_length": 12,
        "response_body_length": 0,
        "response_header_fields": {
            "server": "nginx",
            "date": "Wed, 25 Oct 2023 12:34:52 GMT",
            "content-type": "text/html; charset=utf-8",
            "transfer-encoding": "chunked",
            "connection": "keep-alive",
            "vary": "Cookie",
            "x-frame-options": "SAMEORIGIN",
            "x-content-type-options": "nosniff",
            "x-xss-protection": "1; mode=block",
            "x-hacker": "Want root?  Visit join.a8c.com/hacker and mention this header.",
            "host-header": "WordPress.com",
            "set-cookie": "tk_qs=_en%3Dwpcom_experiment_variation_assigned%26_ut%3Danon%26_ui%3DGYXLZyNU%252FMdBCykEBfBw70z4%26_ts%3D1698237292127%26experiment_id%3D21468%26experiment_variation_id%3D3405%26reason%3Dset_by_ano"
        }
    }
]