[
    {
        "number": 0,
        "request": "GET https://vimeo.com/  HTTP/1.1\r\nHost: vimeo.com\r\nUser-Agent: Mozilla/5.0 (Windows NT 10.0; rv:102.0) Gecko/20100101 Firefox/102.0\r\nAccept: text/html,application/xhtml+xml,application/xml;q=0.9,image/avif,image/webp,*/*;q=0.8\r\nAccept-Encoding: gzip, deflate, br\r\nAccept-Language: en-US,en;q=0.5\r\nDNT: 1\r\nConnection: keep-alive\r\nUpgrade-Insecure-Requests: 1\r\nSec-Fetch-Dest: document\r\nSec-Fetch-Mode: navigate\r\nSec-Fetch-Site: cross-site\r\n\r\n",
        "deviation_count": 0,
        "uri": "https://vimeo.com/",
        "request_length": 441,
        "Response_Time": 0.3144080638885498,
        "status_code": 200,
        "reason_phrase": "OK",
        "error_message": [
            ""
        ],
        "response_header_count": 29,
        "response_header_length": 29,
        "response_body_length": 87,
        "response_header_fields": {
            "date": "Wed, 25 Oct 2023 12:33:15 GMT",
            "content-type": "text/html; charset=UTF-8",
            "transfer-encoding": "chunked",
            "connection": "keep-alive",
            "x-vimeo-device": "d",
            "x-cms-version": "4.1",
            "x-ua-compatible": "IE=edge",
            "x-xss-protection": "1; mode=block",
            "x-content-type-options": "nosniff",
            "x-frame-options": "sameorigin",
            "strict-transport-security": "max-age=31536000; includeSubDomains; preload",
            "content-security-policy-report-only": "default-src https: data: blob: wss: 'unsafe-inline' 'unsafe-eval'; report-uri /_csp",
            "x-bapp-server": "pweb-868487898-rx8jl",
            "age": "0",
            "via": "1.1 varnish (Varnish/6.0), 1.1 varnish, 1.1 varnish",
            "x-varnish-cache": "0",
            "x-vserver": "web-varnish-prod-varnish-7",
            "x-backend-proxy": "webproxy8",
            "x-served-by": "cache-iad-kiad7000165-IAD, cache-ams21061-AMS",
            "x-cache": "MISS, MISS",
            "x-cache-hits": "0, 0",
            "x-timer": "S1698237195.821188,VS0,VE258",
            "vary": "Accept-Encoding,x-http-method-override",
            "cache-control": "no-store, max-age=0",
            "cf-cache-status": "DYNAMIC",
            "set-cookie": "__cf_bm=7dgu0_n6mbiBoc3NEemDTbJKMcrQ841Omn3iCrMapkY-1698237195-0-AbadSDFv80YakYO1Y6aQlNdPho809cRDWzmoK87Tt34icvpMwaAis7d0M3waovdZ+ADCuUh9m4C/NOsEVcFAEI4=; path=/; expires=Wed, 25-Oct-23 13:03:15 GMT; domain=.vimeo.com; HttpOnly; Secure; SameSite=None",
            "server": "cloudflare",
            "cf-ray": "81ba7ca36fdc0eb4-AMS",
            "content-encoding": "gzip"
        }
    },
    {
        "number": 1,
        "request": "GET https://vimeo.com/  HTTP/1.1\r\nHost: vimeo.com\r\nUser-Agent: Mozilla/5.0 (Windows NT 10.0; rv:102.0) Gecko/20100101 Firefox/102.0\r\nAccept: text/html,application/xhtml+xml,application/xml;q=0.9,image/avif,image/webp,*/*;q=0.8\r\nAccept-Encoding: gzip, deflate, br\r\nAccept-Language: en-US,en;q=0.5\r\nDNT: 1\r\nConnection: keep-alive\r\nUpgrade-Insecure-Requests: 1\r\nSec-Fetch-Dest: document\r\nSec-Fetch-Mode: navigate\r\nSec-Fetch-Site: cross-site\r\n\r\n",
        "deviation_count": 0,
        "uri": "https://vimeo.com/",
        "request_length": 441,
        "Response_Time": 0.34155821800231934,
        "status_code": 200,
        "reason_phrase": "OK",
        "error_message": [
            ""
        ],
        "response_header_count": 29,
        "response_header_length": 29,
        "response_body_length": 85,
        "response_header_fields": {
            "date": "Wed, 25 Oct 2023 12:33:25 GMT",
            "content-type": "text/html; charset=UTF-8",
            "transfer-encoding": "chunked",
            "connection": "keep-alive",
            "x-vimeo-device": "d",
            "x-cms-version": "4.1",
            "x-ua-compatible": "IE=edge",
            "x-xss-protection": "1; mode=block",
            "x-content-type-options": "nosniff",
            "x-frame-options": "sameorigin",
            "strict-transport-security": "max-age=31536000; includeSubDomains; preload",
            "content-security-policy-report-only": "default-src https: data: blob: wss: 'unsafe-inline' 'unsafe-eval'; report-uri /_csp",
            "x-bapp-server": "pweb-868487898-qhknw",
            "age": "0",
            "via": "1.1 varnish (Varnish/6.0), 1.1 varnish, 1.1 varnish",
            "x-varnish-cache": "0",
            "x-vserver": "web-varnish-prod-varnish-2",
            "x-backend-proxy": "webproxy3",
            "x-served-by": "cache-iad-kjyo7100093-IAD, cache-ams21051-AMS",
            "x-cache": "MISS, MISS",
            "x-cache-hits": "0, 0",
            "x-timer": "S1698237205.884934,VS0,VE289",
            "vary": "Accept-Encoding,x-http-method-override",
            "cache-control": "no-store, max-age=0",
            "cf-cache-status": "DYNAMIC",
            "set-cookie": "__cf_bm=pI8SuxSBMq4n7TGAfpmJvn6VLjXtnOjWCG9T8tM5yQE-1698237205-0-AUfaQfr24XbjgXAskmuyJWZFN11WS+TDtdN22AXXgueiFa27YF0Ceydsb5dBT/34RGnVJHPAdhdePCxDs30sU5E=; path=/; expires=Wed, 25-Oct-23 13:03:25 GMT; domain=.vimeo.com; HttpOnly; Secure; SameSite=None",
            "server": "cloudflare",
            "cf-ray": "81ba7ce27b7866d5-AMS",
            "content-encoding": "gzip"
        }
    },
    {
        "number": 2,
        "request": "GET https://vimeo.com/  HTTP/1.1\r\nHost: vimeo.com\r\nUser-Agent: Mozilla/5.0 (Windows NT 10.0; rv:102.0) Gecko/20100101 Firefox/102.0\r\nAccept: text/html,application/xhtml+xml,application/xml;q=0.9,image/avif,image/webp,*/*;q=0.8\r\nAccept-Encoding: gzip, deflate, br\r\nAccept-Language: en-US,en;q=0.5\r\nDNT: 1\r\nConnection: keep-alive\r\nUpgrade-Insecure-Requests: 1\r\nSec-Fetch-Dest: document\r\nSec-Fetch-Mode: navigate\r\nSec-Fetch-Site: cross-site\r\n\r\n",
        "deviation_count": 0,
        "uri": "https://vimeo.com/",
        "request_length": 441,
        "Response_Time": 0.29556751251220703,
        "status_code": 200,
        "reason_phrase": "OK",
        "error_message": [
            ""
        ],
        "response_header_count": 29,
        "response_header_length": 29,
        "response_body_length": 87,
        "response_header_fields": {
            "date": "Wed, 25 Oct 2023 12:33:34 GMT",
            "content-type": "text/html; charset=UTF-8",
            "transfer-encoding": "chunked",
            "connection": "keep-alive",
            "x-vimeo-device": "d",
            "x-cms-version": "4.1",
            "x-ua-compatible": "IE=edge",
            "x-xss-protection": "1; mode=block",
            "x-content-type-options": "nosniff",
            "x-frame-options": "sameorigin",
            "strict-transport-security": "max-age=31536000; includeSubDomains; preload",
            "content-security-policy-report-only": "default-src https: data: blob: wss: 'unsafe-inline' 'unsafe-eval'; report-uri /_csp",
            "x-bapp-server": "pweb-868487898-nh69x",
            "age": "0",
            "via": "1.1 varnish (Varnish/6.0), 1.1 varnish, 1.1 varnish",
            "x-varnish-cache": "0",
            "x-vserver": "web-varnish-prod-varnish-11",
            "x-backend-proxy": "webproxy12",
            "x-served-by": "cache-iad-kiad7000099-IAD, cache-ams21062-AMS",
            "x-cache": "MISS, MISS",
            "x-cache-hits": "0, 0",
            "x-timer": "S1698237214.758650,VS0,VE246",
            "vary": "Accept-Encoding,x-http-method-override",
            "cache-control": "no-store, max-age=0",
            "cf-cache-status": "DYNAMIC",
            "set-cookie": "__cf_bm=iYjEZJ2gvyIr591IQqPDcWyUAdM7meUTRXNeyuDtqFg-1698237214-0-AWrDvUYbOZMIzxfgSsZUbezk88dJOEPS59lI2Pd+hglmEb6EZ+yBwF3yKlUXnyRVKPIlTG6tfxLbErpx1P4U3xg=; path=/; expires=Wed, 25-Oct-23 13:03:34 GMT; domain=.vimeo.com; HttpOnly; Secure; SameSite=None",
            "server": "cloudflare",
            "cf-ray": "81ba7d19ea081c81-AMS",
            "content-encoding": "gzip"
        }
    },
    {
        "number": 3,
        "request": "GET https://vimeo.com/  HTTP/1.1\r\nHost: vimeo.com\r\nUser-Agent: Mozilla/5.0 (Windows NT 10.0; rv:102.0) Gecko/20100101 Firefox/102.0\r\nAccept: text/html,application/xhtml+xml,application/xml;q=0.9,image/avif,image/webp,*/*;q=0.8\r\nAccept-Encoding: gzip, deflate, br\r\nAccept-Language: en-US,en;q=0.5\r\nDNT: 1\r\nConnection: keep-alive\r\nUpgrade-Insecure-Requests: 1\r\nSec-Fetch-Dest: document\r\nSec-Fetch-Mode: navigate\r\nSec-Fetch-Site: cross-site\r\n\r\n",
        "deviation_count": 0,
        "uri": "https://vimeo.com/",
        "request_length": 441,
        "Response_Time": 0.3773510456085205,
        "status_code": 200,
        "reason_phrase": "OK",
        "error_message": [
            ""
        ],
        "response_header_count": 29,
        "response_header_length": 29,
        "response_body_length": 87,
        "response_header_fields": {
            "date": "Wed, 25 Oct 2023 12:33:44 GMT",
            "content-type": "text/html; charset=UTF-8",
            "transfer-encoding": "chunked",
            "connection": "keep-alive",
            "x-vimeo-device": "d",
            "x-cms-version": "4.1",
            "x-ua-compatible": "IE=edge",
            "x-xss-protection": "1; mode=block",
            "x-content-type-options": "nosniff",
            "x-frame-options": "sameorigin",
            "strict-transport-security": "max-age=31536000; includeSubDomains; preload",
            "content-security-policy-report-only": "default-src https: data: blob: wss: 'unsafe-inline' 'unsafe-eval'; report-uri /_csp",
            "x-bapp-server": "pweb-868487898-2cc8h",
            "age": "0",
            "via": "1.1 varnish (Varnish/6.0), 1.1 varnish, 1.1 varnish",
            "x-varnish-cache": "0",
            "x-vserver": "web-varnish-prod-varnish-5",
            "x-backend-proxy": "webproxy6",
            "x-served-by": "cache-iad-kjyo7100125-IAD, cache-ams21053-AMS",
            "x-cache": "MISS, MISS",
            "x-cache-hits": "0, 0",
            "x-timer": "S1698237224.742991,VS0,VE338",
            "vary": "Accept-Encoding,x-http-method-override",
            "cache-control": "no-store, max-age=0",
            "cf-cache-status": "DYNAMIC",
            "set-cookie": "__cf_bm=_qY_.NPiNSx2cFELuJZdMNbnmsatgO0vY2yJaQBaPWU-1698237224-0-AYq5pLhu81DGjhXzSuOsg6g0GTlSUVtRBpvsg6JS7VwwfqGf3hyo5JMHSWgLtPdQvlo9bhWDH4HFJnIJuBRrFWs=; path=/; expires=Wed, 25-Oct-23 13:03:44 GMT; domain=.vimeo.com; HttpOnly; Secure; SameSite=None",
            "server": "cloudflare",
            "cf-ray": "81ba7d584f9165fe-AMS",
            "content-encoding": "gzip"
        }
    },
    {
        "number": 4,
        "request": "GET https://vimeo.com/  HTTP/1.1\r\nHost: vimeo.com\r\nUser-Agent: Mozilla/5.0 (Windows NT 10.0; rv:102.0) Gecko/20100101 Firefox/102.0\r\nAccept: text/html,application/xhtml+xml,application/xml;q=0.9,image/avif,image/webp,*/*;q=0.8\r\nAccept-Encoding: gzip, deflate, br\r\nAccept-Language: en-US,en;q=0.5\r\nDNT: 1\r\nConnection: keep-alive\r\nUpgrade-Insecure-Requests: 1\r\nSec-Fetch-Dest: document\r\nSec-Fetch-Mode: navigate\r\nSec-Fetch-Site: cross-site\r\n\r\n",
        "deviation_count": 0,
        "uri": "https://vimeo.com/",
        "request_length": 441,
        "Response_Time": 0.3511803150177002,
        "status_code": 200,
        "reason_phrase": "OK",
        "error_message": [
            ""
        ],
        "response_header_count": 29,
        "response_header_length": 29,
        "response_body_length": 82,
        "response_header_fields": {
            "date": "Wed, 25 Oct 2023 12:33:53 GMT",
            "content-type": "text/html; charset=UTF-8",
            "transfer-encoding": "chunked",
            "connection": "keep-alive",
            "x-vimeo-device": "d",
            "x-cms-version": "4.1",
            "x-ua-compatible": "IE=edge",
            "x-xss-protection": "1; mode=block",
            "x-content-type-options": "nosniff",
            "x-frame-options": "sameorigin",
            "strict-transport-security": "max-age=31536000; includeSubDomains; preload",
            "content-security-policy-report-only": "default-src https: data: blob: wss: 'unsafe-inline' 'unsafe-eval'; report-uri /_csp",
            "x-bapp-server": "pweb-868487898-zwl8s",
            "age": "0",
            "via": "1.1 varnish (Varnish/6.0), 1.1 varnish, 1.1 varnish",
            "x-varnish-cache": "0",
            "x-vserver": "web-varnish-prod-varnish-15",
            "x-backend-proxy": "webproxy16",
            "x-served-by": "cache-iad-kcgs7200123-IAD, cache-ams21040-AMS",
            "x-cache": "MISS, MISS",
            "x-cache-hits": "0, 0",
            "x-timer": "S1698237233.012253,VS0,VE310",
            "vary": "Accept-Encoding,x-http-method-override",
            "cache-control": "no-store, max-age=0",
            "cf-cache-status": "DYNAMIC",
            "set-cookie": "__cf_bm=xlPHdtnHb6fmRwimXVAjBINf7yj0Lj_BWzf6HZt8W3g-1698237233-0-AftSO68nWI4G5XwRA/E/LASaoUWmv6AkpcRBXWnfBbSvTubACwYI/sXQAUHAJuDlUvF9v2++xwRDgBPVyxkthek=; path=/; expires=Wed, 25-Oct-23 13:03:53 GMT; domain=.vimeo.com; HttpOnly; Secure; SameSite=None",
            "server": "cloudflare",
            "cf-ray": "81ba7d924f7a671f-AMS",
            "content-encoding": "gzip"
        }
    },
    {
        "number": 5,
        "request": "GET https://vimeo.com/  HTTP/1.1\r\nHost: vimeo.com\r\nUser-Agent: Mozilla/5.0 (Windows NT 10.0; rv:102.0) Gecko/20100101 Firefox/102.0\r\nAccept: text/html,application/xhtml+xml,application/xml;q=0.9,image/avif,image/webp,*/*;q=0.8\r\nAccept-Encoding: gzip, deflate, br\r\nAccept-Language: en-US,en;q=0.5\r\nDNT: 1\r\nConnection: keep-alive\r\nUpgrade-Insecure-Requests: 1\r\nSec-Fetch-Dest: document\r\nSec-Fetch-Mode: navigate\r\nSec-Fetch-Site: cross-site\r\n\r\n",
        "deviation_count": 0,
        "uri": "https://vimeo.com/",
        "request_length": 441,
        "Response_Time": 0.3865315914154053,
        "status_code": 200,
        "reason_phrase": "OK",
        "error_message": [
            ""
        ],
        "response_header_count": 29,
        "response_header_length": 29,
        "response_body_length": 83,
        "response_header_fields": {
            "date": "Wed, 25 Oct 2023 12:34:03 GMT",
            "content-type": "text/html; charset=UTF-8",
            "transfer-encoding": "chunked",
            "connection": "keep-alive",
            "x-vimeo-device": "d",
            "x-cms-version": "4.1",
            "x-ua-compatible": "IE=edge",
            "x-xss-protection": "1; mode=block",
            "x-content-type-options": "nosniff",
            "x-frame-options": "sameorigin",
            "strict-transport-security": "max-age=31536000; includeSubDomains; preload",
            "content-security-policy-report-only": "default-src https: data: blob: wss: 'unsafe-inline' 'unsafe-eval'; report-uri /_csp",
            "x-bapp-server": "pweb-868487898-w9vgh",
            "age": "0",
            "via": "1.1 varnish (Varnish/6.0), 1.1 varnish, 1.1 varnish",
            "x-varnish-cache": "0",
            "x-vserver": "web-varnish-prod-varnish-17",
            "x-backend-proxy": "webproxy18",
            "x-served-by": "cache-iad-kcgs7200072-IAD, cache-ams21030-AMS",
            "x-cache": "MISS, MISS",
            "x-cache-hits": "0, 0",
            "x-timer": "S1698237243.064656,VS0,VE316",
            "vary": "Accept-Encoding,x-http-method-override",
            "cache-control": "no-store, max-age=0",
            "cf-cache-status": "DYNAMIC",
            "set-cookie": "__cf_bm=cVqdbBAqx8q9x2rz3lf4zttRb6L7Dh_MuUEZ3qQ2cH4-1698237243-0-AcVYMyjLeSHut4B0lvjxvpkMIUHnW2pa/05F4py7c2h4zUQh+Vawes4w9UGl90Pwe7CrU7fLnH7mm7Oki05PClw=; path=/; expires=Wed, 25-Oct-23 13:04:03 GMT; domain=.vimeo.com; HttpOnly; Secure; SameSite=None",
            "server": "cloudflare",
            "cf-ray": "81ba7dd10a6a66a5-AMS",
            "content-encoding": "gzip"
        }
    },
    {
        "number": 6,
        "request": "GET https://vimeo.com/  HTTP/1.1\r\nHost: vimeo.com\r\nUser-Agent: Mozilla/5.0 (Windows NT 10.0; rv:102.0) Gecko/20100101 Firefox/102.0\r\nAccept: text/html,application/xhtml+xml,application/xml;q=0.9,image/avif,image/webp,*/*;q=0.8\r\nAccept-Encoding: gzip, deflate, br\r\nAccept-Language: en-US,en;q=0.5\r\nDNT: 1\r\nConnection: keep-alive\r\nUpgrade-Insecure-Requests: 1\r\nSec-Fetch-Dest: document\r\nSec-Fetch-Mode: navigate\r\nSec-Fetch-Site: cross-site\r\n\r\n",
        "deviation_count": 0,
        "uri": "https://vimeo.com/",
        "request_length": 441,
        "Response_Time": 0.32839274406433105,
        "status_code": 200,
        "reason_phrase": "OK",
        "error_message": [
            ""
        ],
        "response_header_count": 29,
        "response_header_length": 29,
        "response_body_length": 84,
        "response_header_fields": {
            "date": "Wed, 25 Oct 2023 12:34:13 GMT",
            "content-type": "text/html; charset=UTF-8",
            "transfer-encoding": "chunked",
            "connection": "keep-alive",
            "x-vimeo-device": "d",
            "x-cms-version": "4.1",
            "x-ua-compatible": "IE=edge",
            "x-xss-protection": "1; mode=block",
            "x-content-type-options": "nosniff",
            "x-frame-options": "sameorigin",
            "strict-transport-security": "max-age=31536000; includeSubDomains; preload",
            "content-security-policy-report-only": "default-src https: data: blob: wss: 'unsafe-inline' 'unsafe-eval'; report-uri /_csp",
            "x-bapp-server": "pweb-868487898-ntvdj",
            "age": "0",
            "via": "1.1 varnish (Varnish/6.0), 1.1 varnish, 1.1 varnish",
            "x-varnish-cache": "0",
            "x-vserver": "web-varnish-prod-varnish-17",
            "x-backend-proxy": "webproxy18",
            "x-served-by": "cache-iad-kcgs7200075-IAD, cache-ams21024-AMS",
            "x-cache": "MISS, MISS",
            "x-cache-hits": "0, 0",
            "x-timer": "S1698237253.946541,VS0,VE256",
            "vary": "Accept-Encoding,x-http-method-override",
            "cache-control": "no-store, max-age=0",
            "cf-cache-status": "DYNAMIC",
            "set-cookie": "__cf_bm=dYHDY_4YQ3AaAfmrnwn2XNMxMd4Zkt523d1kAU9lKVc-1698237253-0-AZYkGBhHUxRWLuL4XvE8BaSHnMVTlkhRzLLosBCX4oykE//Gx6YYpUj2PYKRS0wz/+jABiVt36CsJGp0/TYOQ8o=; path=/; expires=Wed, 25-Oct-23 13:04:13 GMT; domain=.vimeo.com; HttpOnly; Secure; SameSite=None",
            "server": "cloudflare",
            "cf-ray": "81ba7e0edead66dc-AMS",
            "content-encoding": "gzip"
        }
    },
    {
        "number": 7,
        "request": "GET https://vimeo.com/  HTTP/1.1\r\nHost: vimeo.com\r\nUser-Agent: Mozilla/5.0 (Windows NT 10.0; rv:102.0) Gecko/20100101 Firefox/102.0\r\nAccept: text/html,application/xhtml+xml,application/xml;q=0.9,image/avif,image/webp,*/*;q=0.8\r\nAccept-Encoding: gzip, deflate, br\r\nAccept-Language: en-US,en;q=0.5\r\nDNT: 1\r\nConnection: keep-alive\r\nUpgrade-Insecure-Requests: 1\r\nSec-Fetch-Dest: document\r\nSec-Fetch-Mode: navigate\r\nSec-Fetch-Site: cross-site\r\n\r\n",
        "deviation_count": 0,
        "uri": "https://vimeo.com/",
        "request_length": 441,
        "Response_Time": 0.3085012435913086,
        "status_code": 200,
        "reason_phrase": "OK",
        "error_message": [
            ""
        ],
        "response_header_count": 29,
        "response_header_length": 29,
        "response_body_length": 87,
        "response_header_fields": {
            "date": "Wed, 25 Oct 2023 12:34:23 GMT",
            "content-type": "text/html; charset=UTF-8",
            "transfer-encoding": "chunked",
            "connection": "keep-alive",
            "x-vimeo-device": "d",
            "x-cms-version": "4.1",
            "x-ua-compatible": "IE=edge",
            "x-xss-protection": "1; mode=block",
            "x-content-type-options": "nosniff",
            "x-frame-options": "sameorigin",
            "strict-transport-security": "max-age=31536000; includeSubDomains; preload",
            "content-security-policy-report-only": "default-src https: data: blob: wss: 'unsafe-inline' 'unsafe-eval'; report-uri /_csp",
            "x-bapp-server": "pweb-868487898-ntvdj",
            "age": "0",
            "via": "1.1 varnish (Varnish/6.0), 1.1 varnish, 1.1 varnish",
            "x-varnish-cache": "0",
            "x-vserver": "web-varnish-prod-varnish-13",
            "x-backend-proxy": "webproxy14",
            "x-served-by": "cache-iad-kiad7000062-IAD, cache-ams21057-AMS",
            "x-cache": "MISS, MISS",
            "x-cache-hits": "0, 0",
            "x-timer": "S1698237263.789999,VS0,VE252",
            "vary": "Accept-Encoding,x-http-method-override",
            "cache-control": "no-store, max-age=0",
            "cf-cache-status": "DYNAMIC",
            "set-cookie": "__cf_bm=ZBqRN17IbU96EQ7VEqpYey5v.QRUqw3ae2vYMmQUKOk-1698237263-0-Ab/Lc/GGdzEAgTexFP0hdELF6FMdr4U5/Od1KfO6nGOdHlSycTV3oLz8jlMqfB2KW/tiwaoJtdbo/Gkk8iB/DFE=; path=/; expires=Wed, 25-Oct-23 13:04:23 GMT; domain=.vimeo.com; HttpOnly; Secure; SameSite=None",
            "server": "cloudflare",
            "cf-ray": "81ba7e4c590e66e7-AMS",
            "content-encoding": "gzip"
        }
    },
    {
        "number": 8,
        "request": "GET https://vimeo.com/  HTTP/1.1\r\nHost: vimeo.com\r\nUser-Agent: Mozilla/5.0 (Windows NT 10.0; rv:102.0) Gecko/20100101 Firefox/102.0\r\nAccept: text/html,application/xhtml+xml,application/xml;q=0.9,image/avif,image/webp,*/*;q=0.8\r\nAccept-Encoding: gzip, deflate, br\r\nAccept-Language: en-US,en;q=0.5\r\nDNT: 1\r\nConnection: keep-alive\r\nUpgrade-Insecure-Requests: 1\r\nSec-Fetch-Dest: document\r\nSec-Fetch-Mode: navigate\r\nSec-Fetch-Site: cross-site\r\n\r\n",
        "deviation_count": 0,
        "uri": "https://vimeo.com/",
        "request_length": 441,
        "Response_Time": 0.48572564125061035,
        "status_code": 200,
        "reason_phrase": "OK",
        "error_message": [
            ""
        ],
        "response_header_count": 29,
        "response_header_length": 29,
        "response_body_length": 82,
        "response_header_fields": {
            "date": "Wed, 25 Oct 2023 12:34:32 GMT",
            "content-type": "text/html; charset=UTF-8",
            "transfer-encoding": "chunked",
            "connection": "keep-alive",
            "x-vimeo-device": "d",
            "x-cms-version": "4.1",
            "x-ua-compatible": "IE=edge",
            "x-xss-protection": "1; mode=block",
            "x-content-type-options": "nosniff",
            "x-frame-options": "sameorigin",
            "strict-transport-security": "max-age=31536000; includeSubDomains; preload",
            "content-security-policy-report-only": "default-src https: data: blob: wss: 'unsafe-inline' 'unsafe-eval'; report-uri /_csp",
            "x-bapp-server": "pweb-868487898-j9grm",
            "age": "0",
            "via": "1.1 varnish (Varnish/6.0), 1.1 varnish, 1.1 varnish",
            "x-varnish-cache": "0",
            "x-vserver": "web-varnish-prod-varnish-10",
            "x-backend-proxy": "webproxy11",
            "x-served-by": "cache-iad-kjyo7100120-IAD, cache-ams21061-AMS",
            "x-cache": "MISS, MISS",
            "x-cache-hits": "0, 0",
            "x-timer": "S1698237272.851180,VS0,VE426",
            "vary": "Accept-Encoding,x-http-method-override",
            "cache-control": "no-store, max-age=0",
            "cf-cache-status": "DYNAMIC",
            "set-cookie": "__cf_bm=SPALnkR9bVOWQSFRi2kXvKe24jyRWm5r_0U9dXWR4ns-1698237272-0-ATG3pOHGJ2g5LLVyteT9uIh2HhDzw+5iBMZ45YbUbmS/jM0T59Aga1tErXV9OQs9Hv1q64ied+/29xbCKTOwnKk=; path=/; expires=Wed, 25-Oct-23 13:04:32 GMT; domain=.vimeo.com; HttpOnly; Secure; SameSite=None",
            "server": "cloudflare",
            "cf-ray": "81ba7e84fc4b0c3b-AMS",
            "content-encoding": "gzip"
        }
    },
    {
        "number": 9,
        "request": "GET https://vimeo.com/  HTTP/1.1\r\nHost: vimeo.com\r\nUser-Agent: Mozilla/5.0 (Windows NT 10.0; rv:102.0) Gecko/20100101 Firefox/102.0\r\nAccept: text/html,application/xhtml+xml,application/xml;q=0.9,image/avif,image/webp,*/*;q=0.8\r\nAccept-Encoding: gzip, deflate, br\r\nAccept-Language: en-US,en;q=0.5\r\nDNT: 1\r\nConnection: keep-alive\r\nUpgrade-Insecure-Requests: 1\r\nSec-Fetch-Dest: document\r\nSec-Fetch-Mode: navigate\r\nSec-Fetch-Site: cross-site\r\n\r\n",
        "deviation_count": 0,
        "uri": "https://vimeo.com/",
        "request_length": 441,
        "Response_Time": 0.31601786613464355,
        "status_code": 200,
        "reason_phrase": "OK",
        "error_message": [
            ""
        ],
        "response_header_count": 29,
        "response_header_length": 29,
        "response_body_length": 82,
        "response_header_fields": {
            "date": "Wed, 25 Oct 2023 12:34:42 GMT",
            "content-type": "text/html; charset=UTF-8",
            "transfer-encoding": "chunked",
            "connection": "keep-alive",
            "x-vimeo-device": "d",
            "x-cms-version": "4.1",
            "x-ua-compatible": "IE=edge",
            "x-xss-protection": "1; mode=block",
            "x-content-type-options": "nosniff",
            "x-frame-options": "sameorigin",
            "strict-transport-security": "max-age=31536000; includeSubDomains; preload",
            "content-security-policy-report-only": "default-src https: data: blob: wss: 'unsafe-inline' 'unsafe-eval'; report-uri /_csp",
            "x-bapp-server": "pweb-868487898-d8ltk",
            "age": "0",
            "via": "1.1 varnish (Varnish/6.0), 1.1 varnish, 1.1 varnish",
            "x-varnish-cache": "0",
            "x-vserver": "web-varnish-prod-varnish-16",
            "x-backend-proxy": "webproxy17",
            "x-served-by": "cache-iad-kjyo7100121-IAD, cache-ams21071-AMS",
            "x-cache": "MISS, MISS",
            "x-cache-hits": "0, 0",
            "x-timer": "S1698237282.942010,VS0,VE277",
            "vary": "Accept-Encoding,x-http-method-override",
            "cache-control": "no-store, max-age=0",
            "cf-cache-status": "DYNAMIC",
            "set-cookie": "__cf_bm=XO.6zXqzHcPlfQsqZzWOYvFs02RMogJ.DlKTu9lkVEk-1698237282-0-Ab0ygEO/SovLZCD/SYvsHt3lj5I9vxaoDQaGUeg1PEwORORWm6OvCjQa2Co5iOaK+hxPyJrRkYGkyaYUR75hOX0=; path=/; expires=Wed, 25-Oct-23 13:04:42 GMT; domain=.vimeo.com; HttpOnly; Secure; SameSite=None",
            "server": "cloudflare",
            "cf-ray": "81ba7ec41d50671a-AMS",
            "content-encoding": "gzip"
        }
    }
]