,Attempt No.,uri,Deviation Count,Status Code,Response_Time,response_header_count,response_header_length,response_body_length,response_header_fields
0,0,https://www.amazon.com/,0,200,0.14065170288085938,14,14,6591,"{'content-type': 'text/html', 'transfer-encoding': 'chunked', 'connection': 'keep-alive', 'server': 'Server', 'date': 'Wed, 25 Oct 2023 12:33:15 GMT', 'x-amz-rid': 'NZD97Q412CV21E14F9RA', 'vary': 'Content-Type,Accept-Encoding,User-Agent', 'content-encoding': 'gzip', 'strict-transport-security': 'max-age=47474747; includeSubDomains; preload', 'x-cache': 'Miss from cloudfront', 'via': '1.1 2408979685aa1bdb752824d292e63bf6.cloudfront.net (CloudFront)', 'x-amz-cf-pop': 'HAM50-C2', 'alt-svc': 'h3="":443""; ma=86400', 'x-amz-cf-id': 'f-vs001gBt86BKSURozo7H4yVan3UzCverWs35EfOUEToGVSVckFCw=='}"
1,1,https://www.amazon.com/,0,200,0.15189123153686523,14,14,6591,"{'content-type': 'text/html', 'transfer-encoding': 'chunked', 'connection': 'keep-alive', 'server': 'Server', 'date': 'Wed, 25 Oct 2023 12:33:25 GMT', 'x-amz-rid': 'Z7MJNFJ2D0TWPFPGQSZA', 'vary': 'Content-Type,Accept-Encoding,User-Agent', 'content-encoding': 'gzip', 'strict-transport-security': 'max-age=47474747; includeSubDomains; preload', 'x-cache': 'Miss from cloudfront', 'via': '1.1 91f3147e9f66b9e5e2ff9fa00ee626c0.cloudfront.net (CloudFront)', 'x-amz-cf-pop': 'HAM50-C2', 'alt-svc': 'h3="":443""; ma=86400', 'x-amz-cf-id': 'ZCk-79wqxs-JX1Wf0WqNwziZos_qqpqE2kAkSKOilP817P3kxdehhQ=='}"
2,2,https://www.amazon.com/,0,200,0.12597227096557617,14,14,6591,"{'content-type': 'text/html', 'transfer-encoding': 'chunked', 'connection': 'keep-alive', 'server': 'Server', 'date': 'Wed, 25 Oct 2023 12:33:36 GMT', 'x-amz-rid': '2D982E1X3EY161NA47VG', 'vary': 'Content-Type,Accept-Encoding,User-Agent', 'content-encoding': 'gzip', 'strict-transport-security': 'max-age=47474747; includeSubDomains; preload', 'x-cache': 'Miss from cloudfront', 'via': '1.1 10f98dde1a7268d8ae3e667259705b8c.cloudfront.net (CloudFront)', 'x-amz-cf-pop': 'HAM50-C2', 'alt-svc': 'h3="":443""; ma=86400', 'x-amz-cf-id': 'QKmyzIHFEujRKyF1Vs24X0ki-nb0QLMEPMOVoIaA3NivOlFB7d_P5w=='}"
3,3,https://www.amazon.com/,0,200,0.1211857795715332,14,14,6591,"{'content-type': 'text/html', 'transfer-encoding': 'chunked', 'connection': 'keep-alive', 'server': 'Server', 'date': 'Wed, 25 Oct 2023 12:33:47 GMT', 'x-amz-rid': 'MZY296S7K9TR0W9PJ2CY', 'vary': 'Content-Type,Accept-Encoding,User-Agent', 'content-encoding': 'gzip', 'strict-transport-security': 'max-age=47474747; includeSubDomains; preload', 'x-cache': 'Miss from cloudfront', 'via': '1.1 26d7ab8ad101f56719c67579c002221c.cloudfront.net (CloudFront)', 'x-amz-cf-pop': 'HAM50-C2', 'alt-svc': 'h3="":443""; ma=86400', 'x-amz-cf-id': 'CAHITp0M7t27V8kMYoeKKuN9x5pial7FKs6W0s0rL8g9mSlC-n516g=='}"
4,4,https://www.amazon.com/,0,200,0.18394994735717773,14,14,6591,"{'content-type': 'text/html', 'transfer-encoding': 'chunked', 'connection': 'keep-alive', 'server': 'Server', 'date': 'Wed, 25 Oct 2023 12:33:58 GMT', 'x-amz-rid': 'CXVY21HZMYGCHK7HHK1M', 'vary': 'Content-Type,Accept-Encoding,User-Agent', 'content-encoding': 'gzip', 'strict-transport-security': 'max-age=47474747; includeSubDomains; preload', 'x-cache': 'Miss from cloudfront', 'via': '1.1 312b9f49a05a10af1e6462e1c59bae9a.cloudfront.net (CloudFront)', 'x-amz-cf-pop': 'HAM50-C2', 'alt-svc': 'h3="":443""; ma=86400', 'x-amz-cf-id': 'q2MBpLT62cf6v4MtYCxNyU8wgqRANkNyV5APptZflyPIOU1O3ZP-UA=='}"
5,5,https://www.amazon.com/,0,200,0.14301037788391113,14,14,6591,"{'content-type': 'text/html', 'transfer-encoding': 'chunked', 'connection': 'keep-alive', 'server': 'Server', 'date': 'Wed, 25 Oct 2023 12:34:09 GMT', 'x-amz-rid': 'RPGYH8H3QPE2APMP041S', 'vary': 'Content-Type,Accept-Encoding,User-Agent', 'content-encoding': 'gzip', 'strict-transport-security': 'max-age=47474747; includeSubDomains; preload', 'x-cache': 'Miss from cloudfront', 'via': '1.1 388cc0c5ce8a8fabd4c67331fde9504c.cloudfront.net (CloudFront)', 'x-amz-cf-pop': 'HAM50-C2', 'alt-svc': 'h3="":443""; ma=86400', 'x-amz-cf-id': 'kE0bqXHpnTPpMpFA7PEFKDJe_TB9BJ-ISzjfD1Vw1sD-xAx6DrHt6g=='}"
6,6,https://www.amazon.com/,0,200,0.12889623641967773,14,14,6591,"{'content-type': 'text/html', 'transfer-encoding': 'chunked', 'connection': 'keep-alive', 'server': 'Server', 'date': 'Wed, 25 Oct 2023 12:34:20 GMT', 'x-amz-rid': 'VA9D8KW2XPJR49RJZFFH', 'vary': 'Content-Type,Accept-Encoding,User-Agent', 'content-encoding': 'gzip', 'strict-transport-security': 'max-age=47474747; includeSubDomains; preload', 'x-cache': 'Miss from cloudfront', 'via': '1.1 91f3147e9f66b9e5e2ff9fa00ee626c0.cloudfront.net (CloudFront)', 'x-amz-cf-pop': 'HAM50-C2', 'alt-svc': 'h3="":443""; ma=86400', 'x-amz-cf-id': 'B0y6YtBzCQ9x_HfwlftAxJYP73qunKXONPQ8Jon2_JAUgGLt3iCXuQ=='}"
7,7,https://www.amazon.com/,0,200,0.1933298110961914,14,14,6591,"{'content-type': 'text/html', 'transfer-encoding': 'chunked', 'connection': 'keep-alive', 'server': 'Server', 'date': 'Wed, 25 Oct 2023 12:34:32 GMT', 'x-amz-rid': 'MZCZK5GC4595H9RC4ZZ4', 'vary': 'Content-Type,Accept-Encoding,User-Agent', 'content-encoding': 'gzip', 'strict-transport-security': 'max-age=47474747; includeSubDomains; preload', 'x-cache': 'Miss from cloudfront', 'via': '1.1 0e4b604319ca1dc81c333441f110c482.cloudfront.net (CloudFront)', 'x-amz-cf-pop': 'HAM50-C2', 'alt-svc': 'h3="":443""; ma=86400', 'x-amz-cf-id': 'wlW2nNpAlCpybicuYCPWcCcq-cc7ijfaSe9Q9rK3dyG2XYmCCFa4Kw=='}"
8,8,https://www.amazon.com/,0,200,0.4485437870025635,14,14,6591,"{'content-type': 'text/html', 'transfer-encoding': 'chunked', 'connection': 'keep-alive', 'server': 'Server', 'date': 'Wed, 25 Oct 2023 12:34:42 GMT', 'x-amz-rid': 'Z5J25EE805ZHHAQJ7PXH', 'vary': 'Content-Type,Accept-Encoding,User-Agent', 'content-encoding': 'gzip', 'strict-transport-security': 'max-age=47474747; includeSubDomains; preload', 'x-cache': 'Miss from cloudfront', 'via': '1.1 f2bfcb0e5eaa96cb4b9aaa38ccd55546.cloudfront.net (CloudFront)', 'x-amz-cf-pop': 'HAM50-C2', 'alt-svc': 'h3="":443""; ma=86400', 'x-amz-cf-id': 'YGOkZ_Fxgc07o_V8jSOl4ryj7C1gEGp0viRpnDgHsWZvKNZ0eK9Vng=='}"
9,9,https://www.amazon.com/,0,200,0.13479971885681152,14,14,6591,"{'content-type': 'text/html', 'transfer-encoding': 'chunked', 'connection': 'keep-alive', 'server': 'Server', 'date': 'Wed, 25 Oct 2023 12:34:53 GMT', 'x-amz-rid': 'PFM66CG4WQ4E35QPH9ED', 'vary': 'Content-Type,Accept-Encoding,User-Agent', 'content-encoding': 'gzip', 'strict-transport-security': 'max-age=47474747; includeSubDomains; preload', 'x-cache': 'Miss from cloudfront', 'via': '1.1 fac12edd3ea2d7d16f6e74eebe042dcc.cloudfront.net (CloudFront)', 'x-amz-cf-pop': 'HAM50-C2', 'alt-svc': 'h3="":443""; ma=86400', 'x-amz-cf-id': 'RVF6OXfaxQEZUoPSkzVaR7m99U6B8iIQR0FZU1BL0ym2Lalf7jKrkg=='}"
