[
    {
        "number": 0,
        "request": "GET https://www.amazon.com/  HTTP/1.1\r\nHost: www.amazon.com\r\nUser-Agent: Mozilla/5.0 (Windows NT 10.0; rv:102.0) Gecko/20100101 Firefox/102.0\r\nAccept: text/html,application/xhtml+xml,application/xml;q=0.9,image/avif,image/webp,*/*;q=0.8\r\nAccept-Encoding: gzip, deflate, br\r\nAccept-Language: en-US,en;q=0.5\r\nDNT: 1\r\nConnection: keep-alive\r\nUpgrade-Insecure-Requests: 1\r\nSec-Fetch-Dest: document\r\nSec-Fetch-Mode: navigate\r\nSec-Fetch-Site: cross-site\r\n\r\n",
        "deviation_count": 0,
        "uri": "https://www.amazon.com/",
        "request_length": 451,
        "Response_Time": 0.14065170288085938,
        "status_code": 200,
        "reason_phrase": "OK",
        "error_message": [
            ""
        ],
        "response_header_count": 14,
        "response_header_length": 14,
        "response_body_length": 6591,
        "response_header_fields": {
            "content-type": "text/html",
            "transfer-encoding": "chunked",
            "connection": "keep-alive",
            "server": "Server",
            "date": "Wed, 25 Oct 2023 12:33:15 GMT",
            "x-amz-rid": "NZD97Q412CV21E14F9RA",
            "vary": "Content-Type,Accept-Encoding,User-Agent",
            "content-encoding": "gzip",
            "strict-transport-security": "max-age=47474747; includeSubDomains; preload",
            "x-cache": "Miss from cloudfront",
            "via": "1.1 2408979685aa1bdb752824d292e63bf6.cloudfront.net (CloudFront)",
            "x-amz-cf-pop": "HAM50-C2",
            "alt-svc": "h3=\":443\"; ma=86400",
            "x-amz-cf-id": "f-vs001gBt86BKSURozo7H4yVan3UzCverWs35EfOUEToGVSVckFCw=="
        }
    },
    {
        "number": 1,
        "request": "GET https://www.amazon.com/  HTTP/1.1\r\nHost: www.amazon.com\r\nUser-Agent: Mozilla/5.0 (Windows NT 10.0; rv:102.0) Gecko/20100101 Firefox/102.0\r\nAccept: text/html,application/xhtml+xml,application/xml;q=0.9,image/avif,image/webp,*/*;q=0.8\r\nAccept-Encoding: gzip, deflate, br\r\nAccept-Language: en-US,en;q=0.5\r\nDNT: 1\r\nConnection: keep-alive\r\nUpgrade-Insecure-Requests: 1\r\nSec-Fetch-Dest: document\r\nSec-Fetch-Mode: navigate\r\nSec-Fetch-Site: cross-site\r\n\r\n",
        "deviation_count": 0,
        "uri": "https://www.amazon.com/",
        "request_length": 451,
        "Response_Time": 0.15189123153686523,
        "status_code": 200,
        "reason_phrase": "OK",
        "error_message": [
            ""
        ],
        "response_header_count": 14,
        "response_header_length": 14,
        "response_body_length": 6591,
        "response_header_fields": {
            "content-type": "text/html",
            "transfer-encoding": "chunked",
            "connection": "keep-alive",
            "server": "Server",
            "date": "Wed, 25 Oct 2023 12:33:25 GMT",
            "x-amz-rid": "Z7MJNFJ2D0TWPFPGQSZA",
            "vary": "Content-Type,Accept-Encoding,User-Agent",
            "content-encoding": "gzip",
            "strict-transport-security": "max-age=47474747; includeSubDomains; preload",
            "x-cache": "Miss from cloudfront",
            "via": "1.1 91f3147e9f66b9e5e2ff9fa00ee626c0.cloudfront.net (CloudFront)",
            "x-amz-cf-pop": "HAM50-C2",
            "alt-svc": "h3=\":443\"; ma=86400",
            "x-amz-cf-id": "ZCk-79wqxs-JX1Wf0WqNwziZos_qqpqE2kAkSKOilP817P3kxdehhQ=="
        }
    },
    {
        "number": 2,
        "request": "GET https://www.amazon.com/  HTTP/1.1\r\nHost: www.amazon.com\r\nUser-Agent: Mozilla/5.0 (Windows NT 10.0; rv:102.0) Gecko/20100101 Firefox/102.0\r\nAccept: text/html,application/xhtml+xml,application/xml;q=0.9,image/avif,image/webp,*/*;q=0.8\r\nAccept-Encoding: gzip, deflate, br\r\nAccept-Language: en-US,en;q=0.5\r\nDNT: 1\r\nConnection: keep-alive\r\nUpgrade-Insecure-Requests: 1\r\nSec-Fetch-Dest: document\r\nSec-Fetch-Mode: navigate\r\nSec-Fetch-Site: cross-site\r\n\r\n",
        "deviation_count": 0,
        "uri": "https://www.amazon.com/",
        "request_length": 451,
        "Response_Time": 0.12597227096557617,
        "status_code": 200,
        "reason_phrase": "OK",
        "error_message": [
            ""
        ],
        "response_header_count": 14,
        "response_header_length": 14,
        "response_body_length": 6591,
        "response_header_fields": {
            "content-type": "text/html",
            "transfer-encoding": "chunked",
            "connection": "keep-alive",
            "server": "Server",
            "date": "Wed, 25 Oct 2023 12:33:36 GMT",
            "x-amz-rid": "2D982E1X3EY161NA47VG",
            "vary": "Content-Type,Accept-Encoding,User-Agent",
            "content-encoding": "gzip",
            "strict-transport-security": "max-age=47474747; includeSubDomains; preload",
            "x-cache": "Miss from cloudfront",
            "via": "1.1 10f98dde1a7268d8ae3e667259705b8c.cloudfront.net (CloudFront)",
            "x-amz-cf-pop": "HAM50-C2",
            "alt-svc": "h3=\":443\"; ma=86400",
            "x-amz-cf-id": "QKmyzIHFEujRKyF1Vs24X0ki-nb0QLMEPMOVoIaA3NivOlFB7d_P5w=="
        }
    },
    {
        "number": 3,
        "request": "GET https://www.amazon.com/  HTTP/1.1\r\nHost: www.amazon.com\r\nUser-Agent: Mozilla/5.0 (Windows NT 10.0; rv:102.0) Gecko/20100101 Firefox/102.0\r\nAccept: text/html,application/xhtml+xml,application/xml;q=0.9,image/avif,image/webp,*/*;q=0.8\r\nAccept-Encoding: gzip, deflate, br\r\nAccept-Language: en-US,en;q=0.5\r\nDNT: 1\r\nConnection: keep-alive\r\nUpgrade-Insecure-Requests: 1\r\nSec-Fetch-Dest: document\r\nSec-Fetch-Mode: navigate\r\nSec-Fetch-Site: cross-site\r\n\r\n",
        "deviation_count": 0,
        "uri": "https://www.amazon.com/",
        "request_length": 451,
        "Response_Time": 0.1211857795715332,
        "status_code": 200,
        "reason_phrase": "OK",
        "error_message": [
            ""
        ],
        "response_header_count": 14,
        "response_header_length": 14,
        "response_body_length": 6591,
        "response_header_fields": {
            "content-type": "text/html",
            "transfer-encoding": "chunked",
            "connection": "keep-alive",
            "server": "Server",
            "date": "Wed, 25 Oct 2023 12:33:47 GMT",
            "x-amz-rid": "MZY296S7K9TR0W9PJ2CY",
            "vary": "Content-Type,Accept-Encoding,User-Agent",
            "content-encoding": "gzip",
            "strict-transport-security": "max-age=47474747; includeSubDomains; preload",
            "x-cache": "Miss from cloudfront",
            "via": "1.1 26d7ab8ad101f56719c67579c002221c.cloudfront.net (CloudFront)",
            "x-amz-cf-pop": "HAM50-C2",
            "alt-svc": "h3=\":443\"; ma=86400",
            "x-amz-cf-id": "CAHITp0M7t27V8kMYoeKKuN9x5pial7FKs6W0s0rL8g9mSlC-n516g=="
        }
    },
    {
        "number": 4,
        "request": "GET https://www.amazon.com/  HTTP/1.1\r\nHost: www.amazon.com\r\nUser-Agent: Mozilla/5.0 (Windows NT 10.0; rv:102.0) Gecko/20100101 Firefox/102.0\r\nAccept: text/html,application/xhtml+xml,application/xml;q=0.9,image/avif,image/webp,*/*;q=0.8\r\nAccept-Encoding: gzip, deflate, br\r\nAccept-Language: en-US,en;q=0.5\r\nDNT: 1\r\nConnection: keep-alive\r\nUpgrade-Insecure-Requests: 1\r\nSec-Fetch-Dest: document\r\nSec-Fetch-Mode: navigate\r\nSec-Fetch-Site: cross-site\r\n\r\n",
        "deviation_count": 0,
        "uri": "https://www.amazon.com/",
        "request_length": 451,
        "Response_Time": 0.18394994735717773,
        "status_code": 200,
        "reason_phrase": "OK",
        "error_message": [
            ""
        ],
        "response_header_count": 14,
        "response_header_length": 14,
        "response_body_length": 6591,
        "response_header_fields": {
            "content-type": "text/html",
            "transfer-encoding": "chunked",
            "connection": "keep-alive",
            "server": "Server",
            "date": "Wed, 25 Oct 2023 12:33:58 GMT",
            "x-amz-rid": "CXVY21HZMYGCHK7HHK1M",
            "vary": "Content-Type,Accept-Encoding,User-Agent",
            "content-encoding": "gzip",
            "strict-transport-security": "max-age=47474747; includeSubDomains; preload",
            "x-cache": "Miss from cloudfront",
            "via": "1.1 312b9f49a05a10af1e6462e1c59bae9a.cloudfront.net (CloudFront)",
            "x-amz-cf-pop": "HAM50-C2",
            "alt-svc": "h3=\":443\"; ma=86400",
            "x-amz-cf-id": "q2MBpLT62cf6v4MtYCxNyU8wgqRANkNyV5APptZflyPIOU1O3ZP-UA=="
        }
    },
    {
        "number": 5,
        "request": "GET https://www.amazon.com/  HTTP/1.1\r\nHost: www.amazon.com\r\nUser-Agent: Mozilla/5.0 (Windows NT 10.0; rv:102.0) Gecko/20100101 Firefox/102.0\r\nAccept: text/html,application/xhtml+xml,application/xml;q=0.9,image/avif,image/webp,*/*;q=0.8\r\nAccept-Encoding: gzip, deflate, br\r\nAccept-Language: en-US,en;q=0.5\r\nDNT: 1\r\nConnection: keep-alive\r\nUpgrade-Insecure-Requests: 1\r\nSec-Fetch-Dest: document\r\nSec-Fetch-Mode: navigate\r\nSec-Fetch-Site: cross-site\r\n\r\n",
        "deviation_count": 0,
        "uri": "https://www.amazon.com/",
        "request_length": 451,
        "Response_Time": 0.14301037788391113,
        "status_code": 200,
        "reason_phrase": "OK",
        "error_message": [
            ""
        ],
        "response_header_count": 14,
        "response_header_length": 14,
        "response_body_length": 6591,
        "response_header_fields": {
            "content-type": "text/html",
            "transfer-encoding": "chunked",
            "connection": "keep-alive",
            "server": "Server",
            "date": "Wed, 25 Oct 2023 12:34:09 GMT",
            "x-amz-rid": "RPGYH8H3QPE2APMP041S",
            "vary": "Content-Type,Accept-Encoding,User-Agent",
            "content-encoding": "gzip",
            "strict-transport-security": "max-age=47474747; includeSubDomains; preload",
            "x-cache": "Miss from cloudfront",
            "via": "1.1 388cc0c5ce8a8fabd4c67331fde9504c.cloudfront.net (CloudFront)",
            "x-amz-cf-pop": "HAM50-C2",
            "alt-svc": "h3=\":443\"; ma=86400",
            "x-amz-cf-id": "kE0bqXHpnTPpMpFA7PEFKDJe_TB9BJ-ISzjfD1Vw1sD-xAx6DrHt6g=="
        }
    },
    {
        "number": 6,
        "request": "GET https://www.amazon.com/  HTTP/1.1\r\nHost: www.amazon.com\r\nUser-Agent: Mozilla/5.0 (Windows NT 10.0; rv:102.0) Gecko/20100101 Firefox/102.0\r\nAccept: text/html,application/xhtml+xml,application/xml;q=0.9,image/avif,image/webp,*/*;q=0.8\r\nAccept-Encoding: gzip, deflate, br\r\nAccept-Language: en-US,en;q=0.5\r\nDNT: 1\r\nConnection: keep-alive\r\nUpgrade-Insecure-Requests: 1\r\nSec-Fetch-Dest: document\r\nSec-Fetch-Mode: navigate\r\nSec-Fetch-Site: cross-site\r\n\r\n",
        "deviation_count": 0,
        "uri": "https://www.amazon.com/",
        "request_length": 451,
        "Response_Time": 0.12889623641967773,
        "status_code": 200,
        "reason_phrase": "OK",
        "error_message": [
            ""
        ],
        "response_header_count": 14,
        "response_header_length": 14,
        "response_body_length": 6591,
        "response_header_fields": {
            "content-type": "text/html",
            "transfer-encoding": "chunked",
            "connection": "keep-alive",
            "server": "Server",
            "date": "Wed, 25 Oct 2023 12:34:20 GMT",
            "x-amz-rid": "VA9D8KW2XPJR49RJZFFH",
            "vary": "Content-Type,Accept-Encoding,User-Agent",
            "content-encoding": "gzip",
            "strict-transport-security": "max-age=47474747; includeSubDomains; preload",
            "x-cache": "Miss from cloudfront",
            "via": "1.1 91f3147e9f66b9e5e2ff9fa00ee626c0.cloudfront.net (CloudFront)",
            "x-amz-cf-pop": "HAM50-C2",
            "alt-svc": "h3=\":443\"; ma=86400",
            "x-amz-cf-id": "B0y6YtBzCQ9x_HfwlftAxJYP73qunKXONPQ8Jon2_JAUgGLt3iCXuQ=="
        }
    },
    {
        "number": 7,
        "request": "GET https://www.amazon.com/  HTTP/1.1\r\nHost: www.amazon.com\r\nUser-Agent: Mozilla/5.0 (Windows NT 10.0; rv:102.0) Gecko/20100101 Firefox/102.0\r\nAccept: text/html,application/xhtml+xml,application/xml;q=0.9,image/avif,image/webp,*/*;q=0.8\r\nAccept-Encoding: gzip, deflate, br\r\nAccept-Language: en-US,en;q=0.5\r\nDNT: 1\r\nConnection: keep-alive\r\nUpgrade-Insecure-Requests: 1\r\nSec-Fetch-Dest: document\r\nSec-Fetch-Mode: navigate\r\nSec-Fetch-Site: cross-site\r\n\r\n",
        "deviation_count": 0,
        "uri": "https://www.amazon.com/",
        "request_length": 451,
        "Response_Time": 0.1933298110961914,
        "status_code": 200,
        "reason_phrase": "OK",
        "error_message": [
            ""
        ],
        "response_header_count": 14,
        "response_header_length": 14,
        "response_body_length": 6591,
        "response_header_fields": {
            "content-type": "text/html",
            "transfer-encoding": "chunked",
            "connection": "keep-alive",
            "server": "Server",
            "date": "Wed, 25 Oct 2023 12:34:32 GMT",
            "x-amz-rid": "MZCZK5GC4595H9RC4ZZ4",
            "vary": "Content-Type,Accept-Encoding,User-Agent",
            "content-encoding": "gzip",
            "strict-transport-security": "max-age=47474747; includeSubDomains; preload",
            "x-cache": "Miss from cloudfront",
            "via": "1.1 0e4b604319ca1dc81c333441f110c482.cloudfront.net (CloudFront)",
            "x-amz-cf-pop": "HAM50-C2",
            "alt-svc": "h3=\":443\"; ma=86400",
            "x-amz-cf-id": "wlW2nNpAlCpybicuYCPWcCcq-cc7ijfaSe9Q9rK3dyG2XYmCCFa4Kw=="
        }
    },
    {
        "number": 8,
        "request": "GET https://www.amazon.com/  HTTP/1.1\r\nHost: www.amazon.com\r\nUser-Agent: Mozilla/5.0 (Windows NT 10.0; rv:102.0) Gecko/20100101 Firefox/102.0\r\nAccept: text/html,application/xhtml+xml,application/xml;q=0.9,image/avif,image/webp,*/*;q=0.8\r\nAccept-Encoding: gzip, deflate, br\r\nAccept-Language: en-US,en;q=0.5\r\nDNT: 1\r\nConnection: keep-alive\r\nUpgrade-Insecure-Requests: 1\r\nSec-Fetch-Dest: document\r\nSec-Fetch-Mode: navigate\r\nSec-Fetch-Site: cross-site\r\n\r\n",
        "deviation_count": 0,
        "uri": "https://www.amazon.com/",
        "request_length": 451,
        "Response_Time": 0.4485437870025635,
        "status_code": 200,
        "reason_phrase": "OK",
        "error_message": [
            ""
        ],
        "response_header_count": 14,
        "response_header_length": 14,
        "response_body_length": 6591,
        "response_header_fields": {
            "content-type": "text/html",
            "transfer-encoding": "chunked",
            "connection": "keep-alive",
            "server": "Server",
            "date": "Wed, 25 Oct 2023 12:34:42 GMT",
            "x-amz-rid": "Z5J25EE805ZHHAQJ7PXH",
            "vary": "Content-Type,Accept-Encoding,User-Agent",
            "content-encoding": "gzip",
            "strict-transport-security": "max-age=47474747; includeSubDomains; preload",
            "x-cache": "Miss from cloudfront",
            "via": "1.1 f2bfcb0e5eaa96cb4b9aaa38ccd55546.cloudfront.net (CloudFront)",
            "x-amz-cf-pop": "HAM50-C2",
            "alt-svc": "h3=\":443\"; ma=86400",
            "x-amz-cf-id": "YGOkZ_Fxgc07o_V8jSOl4ryj7C1gEGp0viRpnDgHsWZvKNZ0eK9Vng=="
        }
    },
    {
        "number": 9,
        "request": "GET https://www.amazon.com/  HTTP/1.1\r\nHost: www.amazon.com\r\nUser-Agent: Mozilla/5.0 (Windows NT 10.0; rv:102.0) Gecko/20100101 Firefox/102.0\r\nAccept: text/html,application/xhtml+xml,application/xml;q=0.9,image/avif,image/webp,*/*;q=0.8\r\nAccept-Encoding: gzip, deflate, br\r\nAccept-Language: en-US,en;q=0.5\r\nDNT: 1\r\nConnection: keep-alive\r\nUpgrade-Insecure-Requests: 1\r\nSec-Fetch-Dest: document\r\nSec-Fetch-Mode: navigate\r\nSec-Fetch-Site: cross-site\r\n\r\n",
        "deviation_count": 0,
        "uri": "https://www.amazon.com/",
        "request_length": 451,
        "Response_Time": 0.13479971885681152,
        "status_code": 200,
        "reason_phrase": "OK",
        "error_message": [
            ""
        ],
        "response_header_count": 14,
        "response_header_length": 14,
        "response_body_length": 6591,
        "response_header_fields": {
            "content-type": "text/html",
            "transfer-encoding": "chunked",
            "connection": "keep-alive",
            "server": "Server",
            "date": "Wed, 25 Oct 2023 12:34:53 GMT",
            "x-amz-rid": "PFM66CG4WQ4E35QPH9ED",
            "vary": "Content-Type,Accept-Encoding,User-Agent",
            "content-encoding": "gzip",
            "strict-transport-security": "max-age=47474747; includeSubDomains; preload",
            "x-cache": "Miss from cloudfront",
            "via": "1.1 fac12edd3ea2d7d16f6e74eebe042dcc.cloudfront.net (CloudFront)",
            "x-amz-cf-pop": "HAM50-C2",
            "alt-svc": "h3=\":443\"; ma=86400",
            "x-amz-cf-id": "RVF6OXfaxQEZUoPSkzVaR7m99U6B8iIQR0FZU1BL0ym2Lalf7jKrkg=="
        }
    }
]