,Attempt No.,uri,Deviation Count,Status Code,Response_Time,response_header_count,response_header_length,response_body_length,response_header_fields
0,0,https://www.google.com/,0,200,0.1134788990020752,16,16,0,"{'date': 'Wed, 25 Oct 2023 12:33:12 GMT', 'expires': '-1', 'cache-control': 'private, max-age=0', 'content-type': 'text/html; charset=UTF-8', 'strict-transport-security': 'max-age=31536000', 'content-security-policy-report-only': ""object-src 'none';base-uri 'self';script-src 'nonce-ao5DHFyX5AhQE02cccVvNQ' 'strict-dynamic' 'report-sample' 'unsafe-eval' 'unsafe-inline' https: http:;report-uri https://csp.withgoogle.com/csp/gws/other-hp"", 'cross-origin-opener-policy': 'same-origin-allow-popups; report-to=""gws""', 'report-to': '{""group"":""gws"",""max_age"":2592000,""endpoints"":[{""url"":""https://csp.withgoogle.com/csp/report-to/gws/other""}]}', 'p3p': 'CP=""This is not a P3P policy! See g.co/p3phelp for more info.""', 'content-encoding': 'br', 'server': 'gws', 'content-length': '66447', 'x-xss-protection': '0', 'x-frame-options': 'SAMEORIGIN', 'set-cookie': 'CONSENT=PENDING+058; expires=Fri, 24-Oct-2025 12:33:12 GMT; path=/; domain=.google.com; Secure', 'alt-svc': 'h3="":443""; ma=2592000,h3-29="":443""; ma=2592000'}"
1,1,https://www.google.com/,0,200,0.11786699295043945,16,16,0,"{'date': 'Wed, 25 Oct 2023 12:33:23 GMT', 'expires': '-1', 'cache-control': 'private, max-age=0', 'content-type': 'text/html; charset=UTF-8', 'strict-transport-security': 'max-age=31536000', 'content-security-policy-report-only': ""object-src 'none';base-uri 'self';script-src 'nonce-lA9vhOwfpGvQTZw4IqSRxw' 'strict-dynamic' 'report-sample' 'unsafe-eval' 'unsafe-inline' https: http:;report-uri https://csp.withgoogle.com/csp/gws/other-hp"", 'cross-origin-opener-policy': 'same-origin-allow-popups; report-to=""gws""', 'report-to': '{""group"":""gws"",""max_age"":2592000,""endpoints"":[{""url"":""https://csp.withgoogle.com/csp/report-to/gws/other""}]}', 'p3p': 'CP=""This is not a P3P policy! See g.co/p3phelp for more info.""', 'content-encoding': 'br', 'server': 'gws', 'content-length': '66357', 'x-xss-protection': '0', 'x-frame-options': 'SAMEORIGIN', 'set-cookie': 'CONSENT=PENDING+400; expires=Fri, 24-Oct-2025 12:33:23 GMT; path=/; domain=.google.com; Secure', 'alt-svc': 'h3="":443""; ma=2592000,h3-29="":443""; ma=2592000'}"
2,2,https://www.google.com/,0,200,0.1379530429840088,16,16,0,"{'date': 'Wed, 25 Oct 2023 12:33:32 GMT', 'expires': '-1', 'cache-control': 'private, max-age=0', 'content-type': 'text/html; charset=UTF-8', 'strict-transport-security': 'max-age=31536000', 'content-security-policy-report-only': ""object-src 'none';base-uri 'self';script-src 'nonce-xYiKF3lXDMLecIP4mEiRRQ' 'strict-dynamic' 'report-sample' 'unsafe-eval' 'unsafe-inline' https: http:;report-uri https://csp.withgoogle.com/csp/gws/other-hp"", 'cross-origin-opener-policy': 'same-origin-allow-popups; report-to=""gws""', 'report-to': '{""group"":""gws"",""max_age"":2592000,""endpoints"":[{""url"":""https://csp.withgoogle.com/csp/report-to/gws/other""}]}', 'p3p': 'CP=""This is not a P3P policy! See g.co/p3phelp for more info.""', 'content-encoding': 'br', 'server': 'gws', 'content-length': '66317', 'x-xss-protection': '0', 'x-frame-options': 'SAMEORIGIN', 'set-cookie': 'CONSENT=PENDING+610; expires=Fri, 24-Oct-2025 12:33:32 GMT; path=/; domain=.google.com; Secure', 'alt-svc': 'h3="":443""; ma=2592000,h3-29="":443""; ma=2592000'}"
3,3,https://www.google.com/,0,200,0.1259016990661621,16,16,0,"{'date': 'Wed, 25 Oct 2023 12:33:41 GMT', 'expires': '-1', 'cache-control': 'private, max-age=0', 'content-type': 'text/html; charset=UTF-8', 'strict-transport-security': 'max-age=31536000', 'content-security-policy-report-only': ""object-src 'none';base-uri 'self';script-src 'nonce-VFW1yO1Fjr-o9Z4AeYhrJg' 'strict-dynamic' 'report-sample' 'unsafe-eval' 'unsafe-inline' https: http:;report-uri https://csp.withgoogle.com/csp/gws/other-hp"", 'cross-origin-opener-policy': 'same-origin-allow-popups; report-to=""gws""', 'report-to': '{""group"":""gws"",""max_age"":2592000,""endpoints"":[{""url"":""https://csp.withgoogle.com/csp/report-to/gws/other""}]}', 'p3p': 'CP=""This is not a P3P policy! See g.co/p3phelp for more info.""', 'content-encoding': 'br', 'server': 'gws', 'content-length': '66373', 'x-xss-protection': '0', 'x-frame-options': 'SAMEORIGIN', 'set-cookie': 'CONSENT=PENDING+847; expires=Fri, 24-Oct-2025 12:33:41 GMT; path=/; domain=.google.com; Secure', 'alt-svc': 'h3="":443""; ma=2592000,h3-29="":443""; ma=2592000'}"
4,4,https://www.google.com/,0,200,0.11050295829772949,16,16,0,"{'date': 'Wed, 25 Oct 2023 12:33:51 GMT', 'expires': '-1', 'cache-control': 'private, max-age=0', 'content-type': 'text/html; charset=UTF-8', 'strict-transport-security': 'max-age=31536000', 'content-security-policy-report-only': ""object-src 'none';base-uri 'self';script-src 'nonce-aAregRgMFLEwoM6jtfqlbA' 'strict-dynamic' 'report-sample' 'unsafe-eval' 'unsafe-inline' https: http:;report-uri https://csp.withgoogle.com/csp/gws/other-hp"", 'cross-origin-opener-policy': 'same-origin-allow-popups; report-to=""gws""', 'report-to': '{""group"":""gws"",""max_age"":2592000,""endpoints"":[{""url"":""https://csp.withgoogle.com/csp/report-to/gws/other""}]}', 'p3p': 'CP=""This is not a P3P policy! See g.co/p3phelp for more info.""', 'content-encoding': 'br', 'server': 'gws', 'content-length': '66407', 'x-xss-protection': '0', 'x-frame-options': 'SAMEORIGIN', 'set-cookie': 'CONSENT=PENDING+843; expires=Fri, 24-Oct-2025 12:33:51 GMT; path=/; domain=.google.com; Secure', 'alt-svc': 'h3="":443""; ma=2592000,h3-29="":443""; ma=2592000'}"
5,5,https://www.google.com/,0,200,0.1258554458618164,16,16,0,"{'date': 'Wed, 25 Oct 2023 12:34:01 GMT', 'expires': '-1', 'cache-control': 'private, max-age=0', 'content-type': 'text/html; charset=UTF-8', 'strict-transport-security': 'max-age=31536000', 'content-security-policy-report-only': ""object-src 'none';base-uri 'self';script-src 'nonce-X_HleiFEIwXBsZHqUVbceg' 'strict-dynamic' 'report-sample' 'unsafe-eval' 'unsafe-inline' https: http:;report-uri https://csp.withgoogle.com/csp/gws/other-hp"", 'cross-origin-opener-policy': 'same-origin-allow-popups; report-to=""gws""', 'report-to': '{""group"":""gws"",""max_age"":2592000,""endpoints"":[{""url"":""https://csp.withgoogle.com/csp/report-to/gws/other""}]}', 'p3p': 'CP=""This is not a P3P policy! See g.co/p3phelp for more info.""', 'content-encoding': 'br', 'server': 'gws', 'content-length': '66386', 'x-xss-protection': '0', 'x-frame-options': 'SAMEORIGIN', 'set-cookie': 'CONSENT=PENDING+783; expires=Fri, 24-Oct-2025 12:34:01 GMT; path=/; domain=.google.com; Secure', 'alt-svc': 'h3="":443""; ma=2592000,h3-29="":443""; ma=2592000'}"
6,6,https://www.google.com/,0,200,0.1220998764038086,16,16,0,"{'date': 'Wed, 25 Oct 2023 12:34:11 GMT', 'expires': '-1', 'cache-control': 'private, max-age=0', 'content-type': 'text/html; charset=UTF-8', 'strict-transport-security': 'max-age=31536000', 'content-security-policy-report-only': ""object-src 'none';base-uri 'self';script-src 'nonce-fqiknK4ksgeGaBUKEqmSag' 'strict-dynamic' 'report-sample' 'unsafe-eval' 'unsafe-inline' https: http:;report-uri https://csp.withgoogle.com/csp/gws/other-hp"", 'cross-origin-opener-policy': 'same-origin-allow-popups; report-to=""gws""', 'report-to': '{""group"":""gws"",""max_age"":2592000,""endpoints"":[{""url"":""https://csp.withgoogle.com/csp/report-to/gws/other""}]}', 'p3p': 'CP=""This is not a P3P policy! See g.co/p3phelp for more info.""', 'content-encoding': 'br', 'server': 'gws', 'content-length': '66365', 'x-xss-protection': '0', 'x-frame-options': 'SAMEORIGIN', 'set-cookie': 'CONSENT=PENDING+480; expires=Fri, 24-Oct-2025 12:34:11 GMT; path=/; domain=.google.com; Secure', 'alt-svc': 'h3="":443""; ma=2592000,h3-29="":443""; ma=2592000'}"
7,7,https://www.google.com/,0,200,0.0999448299407959,16,16,0,"{'date': 'Wed, 25 Oct 2023 12:34:21 GMT', 'expires': '-1', 'cache-control': 'private, max-age=0', 'content-type': 'text/html; charset=UTF-8', 'strict-transport-security': 'max-age=31536000', 'content-security-policy-report-only': ""object-src 'none';base-uri 'self';script-src 'nonce-zY6HvX3TVlSHTfYlU_2sXA' 'strict-dynamic' 'report-sample' 'unsafe-eval' 'unsafe-inline' https: http:;report-uri https://csp.withgoogle.com/csp/gws/other-hp"", 'cross-origin-opener-policy': 'same-origin-allow-popups; report-to=""gws""', 'report-to': '{""group"":""gws"",""max_age"":2592000,""endpoints"":[{""url"":""https://csp.withgoogle.com/csp/report-to/gws/other""}]}', 'p3p': 'CP=""This is not a P3P policy! See g.co/p3phelp for more info.""', 'content-encoding': 'br', 'server': 'gws', 'content-length': '66715', 'x-xss-protection': '0', 'x-frame-options': 'SAMEORIGIN', 'set-cookie': 'CONSENT=PENDING+167; expires=Fri, 24-Oct-2025 12:34:21 GMT; path=/; domain=.google.com; Secure', 'alt-svc': 'h3="":443""; ma=2592000,h3-29="":443""; ma=2592000'}"
8,8,https://www.google.com/,0,200,0.11756753921508789,16,16,0,"{'date': 'Wed, 25 Oct 2023 12:34:30 GMT', 'expires': '-1', 'cache-control': 'private, max-age=0', 'content-type': 'text/html; charset=UTF-8', 'strict-transport-security': 'max-age=31536000', 'content-security-policy-report-only': ""object-src 'none';base-uri 'self';script-src 'nonce-W_LjKeUBjE08NZSAEjO1Gg' 'strict-dynamic' 'report-sample' 'unsafe-eval' 'unsafe-inline' https: http:;report-uri https://csp.withgoogle.com/csp/gws/other-hp"", 'cross-origin-opener-policy': 'same-origin-allow-popups; report-to=""gws""', 'report-to': '{""group"":""gws"",""max_age"":2592000,""endpoints"":[{""url"":""https://csp.withgoogle.com/csp/report-to/gws/other""}]}', 'p3p': 'CP=""This is not a P3P policy! See g.co/p3phelp for more info.""', 'content-encoding': 'br', 'server': 'gws', 'content-length': '66440', 'x-xss-protection': '0', 'x-frame-options': 'SAMEORIGIN', 'set-cookie': 'CONSENT=PENDING+049; expires=Fri, 24-Oct-2025 12:34:30 GMT; path=/; domain=.google.com; Secure', 'alt-svc': 'h3="":443""; ma=2592000,h3-29="":443""; ma=2592000'}"
9,9,https://www.google.com/,0,200,0.1522982120513916,16,16,0,"{'date': 'Wed, 25 Oct 2023 12:34:40 GMT', 'expires': '-1', 'cache-control': 'private, max-age=0', 'content-type': 'text/html; charset=UTF-8', 'strict-transport-security': 'max-age=31536000', 'content-security-policy-report-only': ""object-src 'none';base-uri 'self';script-src 'nonce-vwZVrtJs6mZHqYyvucQo8w' 'strict-dynamic' 'report-sample' 'unsafe-eval' 'unsafe-inline' https: http:;report-uri https://csp.withgoogle.com/csp/gws/other-hp"", 'cross-origin-opener-policy': 'same-origin-allow-popups; report-to=""gws""', 'report-to': '{""group"":""gws"",""max_age"":2592000,""endpoints"":[{""url"":""https://csp.withgoogle.com/csp/report-to/gws/other""}]}', 'p3p': 'CP=""This is not a P3P policy! See g.co/p3phelp for more info.""', 'content-encoding': 'br', 'server': 'gws', 'content-length': '66471', 'x-xss-protection': '0', 'x-frame-options': 'SAMEORIGIN', 'set-cookie': 'CONSENT=PENDING+617; expires=Fri, 24-Oct-2025 12:34:40 GMT; path=/; domain=.google.com; Secure', 'alt-svc': 'h3="":443""; ma=2592000,h3-29="":443""; ma=2592000'}"
