number,request,deviation_count,uri,request_length,http_version,Socket_Connect_Time,Socket_Close_Time,Response_Time,status_code,reason_phrase,error_message,response_header_count,response_header_length,response_body_length,response_header_fields
0,"GET https://www.google.com/  HTTP/1.1
Host: www.google.com
User-Agent: Mozilla/5.0 (Windows NT 10.0; rv:102.0) Gecko/20100101 Firefox/102.0
Accept: text/html,application/xhtml+xml,application/xml;q=0.9,image/avif,image/webp,*/*;q=0.8
Accept-Encoding: gzip, deflate, br
Accept-Language: en-US,en;q=0.5
DNT: 1
Connection: keep-alive
Upgrade-Insecure-Requests: 1
Sec-Fetch-Dest: document
Sec-Fetch-Mode: navigate
Sec-Fetch-Site: cross-site

",0,https://www.google.com/,451,HTTP/1.1,0.1352062225341797,0.10988783836364746,0.1134788990020752,200,OK,[''],16,16,0,"{""date"": ""Wed, 25 Oct 2023 12:33:12 GMT"", ""expires"": ""-1"", ""cache-control"": ""private, max-age=0"", ""content-type"": ""text/html; charset=UTF-8"", ""strict-transport-security"": ""max-age=31536000"", ""content-security-policy-report-only"": ""object-src 'none';base-uri 'self';script-src 'nonce-ao5DHFyX5AhQE02cccVvNQ' 'strict-dynamic' 'report-sample' 'unsafe-eval' 'unsafe-inline' https: http:;report-uri https://csp.withgoogle.com/csp/gws/other-hp"", ""cross-origin-opener-policy"": ""same-origin-allow-popups; report-to=\""gws\"""", ""report-to"": ""{\""group\"":\""gws\"",\""max_age\"":2592000,\""endpoints\"":[{\""url\"":\""https://csp.withgoogle.com/csp/report-to/gws/other\""}]}"", ""p3p"": ""CP=\""This is not a P3P policy! See g.co/p3phelp for more info.\"""", ""content-encoding"": ""br"", ""server"": ""gws"", ""content-length"": ""66447"", ""x-xss-protection"": ""0"", ""x-frame-options"": ""SAMEORIGIN"", ""set-cookie"": ""CONSENT=PENDING+058; expires=Fri, 24-Oct-2025 12:33:12 GMT; path=/; domain=.google.com; Secure"", ""alt-svc"": ""h3=\"":443\""; ma=2592000,h3-29=\"":443\""; ma=2592000""}"
1,"GET https://www.google.com/  HTTP/1.1
Host: www.google.com
User-Agent: Mozilla/5.0 (Windows NT 10.0; rv:102.0) Gecko/20100101 Firefox/102.0
Accept: text/html,application/xhtml+xml,application/xml;q=0.9,image/avif,image/webp,*/*;q=0.8
Accept-Encoding: gzip, deflate, br
Accept-Language: en-US,en;q=0.5
DNT: 1
Connection: keep-alive
Upgrade-Insecure-Requests: 1
Sec-Fetch-Dest: document
Sec-Fetch-Mode: navigate
Sec-Fetch-Site: cross-site

",0,https://www.google.com/,451,HTTP/1.1,0.37589311599731445,0.11002850532531738,0.11786699295043945,200,OK,[''],16,16,0,"{""date"": ""Wed, 25 Oct 2023 12:33:23 GMT"", ""expires"": ""-1"", ""cache-control"": ""private, max-age=0"", ""content-type"": ""text/html; charset=UTF-8"", ""strict-transport-security"": ""max-age=31536000"", ""content-security-policy-report-only"": ""object-src 'none';base-uri 'self';script-src 'nonce-lA9vhOwfpGvQTZw4IqSRxw' 'strict-dynamic' 'report-sample' 'unsafe-eval' 'unsafe-inline' https: http:;report-uri https://csp.withgoogle.com/csp/gws/other-hp"", ""cross-origin-opener-policy"": ""same-origin-allow-popups; report-to=\""gws\"""", ""report-to"": ""{\""group\"":\""gws\"",\""max_age\"":2592000,\""endpoints\"":[{\""url\"":\""https://csp.withgoogle.com/csp/report-to/gws/other\""}]}"", ""p3p"": ""CP=\""This is not a P3P policy! See g.co/p3phelp for more info.\"""", ""content-encoding"": ""br"", ""server"": ""gws"", ""content-length"": ""66357"", ""x-xss-protection"": ""0"", ""x-frame-options"": ""SAMEORIGIN"", ""set-cookie"": ""CONSENT=PENDING+400; expires=Fri, 24-Oct-2025 12:33:23 GMT; path=/; domain=.google.com; Secure"", ""alt-svc"": ""h3=\"":443\""; ma=2592000,h3-29=\"":443\""; ma=2592000""}"
2,"GET https://www.google.com/  HTTP/1.1
Host: www.google.com
User-Agent: Mozilla/5.0 (Windows NT 10.0; rv:102.0) Gecko/20100101 Firefox/102.0
Accept: text/html,application/xhtml+xml,application/xml;q=0.9,image/avif,image/webp,*/*;q=0.8
Accept-Encoding: gzip, deflate, br
Accept-Language: en-US,en;q=0.5
DNT: 1
Connection: keep-alive
Upgrade-Insecure-Requests: 1
Sec-Fetch-Dest: document
Sec-Fetch-Mode: navigate
Sec-Fetch-Site: cross-site

",0,https://www.google.com/,451,HTTP/1.1,0.20169496536254883,0.13974905014038086,0.1379530429840088,200,OK,[''],16,16,0,"{""date"": ""Wed, 25 Oct 2023 12:33:32 GMT"", ""expires"": ""-1"", ""cache-control"": ""private, max-age=0"", ""content-type"": ""text/html; charset=UTF-8"", ""strict-transport-security"": ""max-age=31536000"", ""content-security-policy-report-only"": ""object-src 'none';base-uri 'self';script-src 'nonce-xYiKF3lXDMLecIP4mEiRRQ' 'strict-dynamic' 'report-sample' 'unsafe-eval' 'unsafe-inline' https: http:;report-uri https://csp.withgoogle.com/csp/gws/other-hp"", ""cross-origin-opener-policy"": ""same-origin-allow-popups; report-to=\""gws\"""", ""report-to"": ""{\""group\"":\""gws\"",\""max_age\"":2592000,\""endpoints\"":[{\""url\"":\""https://csp.withgoogle.com/csp/report-to/gws/other\""}]}"", ""p3p"": ""CP=\""This is not a P3P policy! See g.co/p3phelp for more info.\"""", ""content-encoding"": ""br"", ""server"": ""gws"", ""content-length"": ""66317"", ""x-xss-protection"": ""0"", ""x-frame-options"": ""SAMEORIGIN"", ""set-cookie"": ""CONSENT=PENDING+610; expires=Fri, 24-Oct-2025 12:33:32 GMT; path=/; domain=.google.com; Secure"", ""alt-svc"": ""h3=\"":443\""; ma=2592000,h3-29=\"":443\""; ma=2592000""}"
3,"GET https://www.google.com/  HTTP/1.1
Host: www.google.com
User-Agent: Mozilla/5.0 (Windows NT 10.0; rv:102.0) Gecko/20100101 Firefox/102.0
Accept: text/html,application/xhtml+xml,application/xml;q=0.9,image/avif,image/webp,*/*;q=0.8
Accept-Encoding: gzip, deflate, br
Accept-Language: en-US,en;q=0.5
DNT: 1
Connection: keep-alive
Upgrade-Insecure-Requests: 1
Sec-Fetch-Dest: document
Sec-Fetch-Mode: navigate
Sec-Fetch-Site: cross-site

",0,https://www.google.com/,451,HTTP/1.1,0.10667085647583008,0.1281595230102539,0.1259016990661621,200,OK,[''],16,16,0,"{""date"": ""Wed, 25 Oct 2023 12:33:41 GMT"", ""expires"": ""-1"", ""cache-control"": ""private, max-age=0"", ""content-type"": ""text/html; charset=UTF-8"", ""strict-transport-security"": ""max-age=31536000"", ""content-security-policy-report-only"": ""object-src 'none';base-uri 'self';script-src 'nonce-VFW1yO1Fjr-o9Z4AeYhrJg' 'strict-dynamic' 'report-sample' 'unsafe-eval' 'unsafe-inline' https: http:;report-uri https://csp.withgoogle.com/csp/gws/other-hp"", ""cross-origin-opener-policy"": ""same-origin-allow-popups; report-to=\""gws\"""", ""report-to"": ""{\""group\"":\""gws\"",\""max_age\"":2592000,\""endpoints\"":[{\""url\"":\""https://csp.withgoogle.com/csp/report-to/gws/other\""}]}"", ""p3p"": ""CP=\""This is not a P3P policy! See g.co/p3phelp for more info.\"""", ""content-encoding"": ""br"", ""server"": ""gws"", ""content-length"": ""66373"", ""x-xss-protection"": ""0"", ""x-frame-options"": ""SAMEORIGIN"", ""set-cookie"": ""CONSENT=PENDING+847; expires=Fri, 24-Oct-2025 12:33:41 GMT; path=/; domain=.google.com; Secure"", ""alt-svc"": ""h3=\"":443\""; ma=2592000,h3-29=\"":443\""; ma=2592000""}"
4,"GET https://www.google.com/  HTTP/1.1
Host: www.google.com
User-Agent: Mozilla/5.0 (Windows NT 10.0; rv:102.0) Gecko/20100101 Firefox/102.0
Accept: text/html,application/xhtml+xml,application/xml;q=0.9,image/avif,image/webp,*/*;q=0.8
Accept-Encoding: gzip, deflate, br
Accept-Language: en-US,en;q=0.5
DNT: 1
Connection: keep-alive
Upgrade-Insecure-Requests: 1
Sec-Fetch-Dest: document
Sec-Fetch-Mode: navigate
Sec-Fetch-Site: cross-site

",0,https://www.google.com/,451,HTTP/1.1,0.12272977828979492,0.11129331588745117,0.11050295829772949,200,OK,[''],16,16,0,"{""date"": ""Wed, 25 Oct 2023 12:33:51 GMT"", ""expires"": ""-1"", ""cache-control"": ""private, max-age=0"", ""content-type"": ""text/html; charset=UTF-8"", ""strict-transport-security"": ""max-age=31536000"", ""content-security-policy-report-only"": ""object-src 'none';base-uri 'self';script-src 'nonce-aAregRgMFLEwoM6jtfqlbA' 'strict-dynamic' 'report-sample' 'unsafe-eval' 'unsafe-inline' https: http:;report-uri https://csp.withgoogle.com/csp/gws/other-hp"", ""cross-origin-opener-policy"": ""same-origin-allow-popups; report-to=\""gws\"""", ""report-to"": ""{\""group\"":\""gws\"",\""max_age\"":2592000,\""endpoints\"":[{\""url\"":\""https://csp.withgoogle.com/csp/report-to/gws/other\""}]}"", ""p3p"": ""CP=\""This is not a P3P policy! See g.co/p3phelp for more info.\"""", ""content-encoding"": ""br"", ""server"": ""gws"", ""content-length"": ""66407"", ""x-xss-protection"": ""0"", ""x-frame-options"": ""SAMEORIGIN"", ""set-cookie"": ""CONSENT=PENDING+843; expires=Fri, 24-Oct-2025 12:33:51 GMT; path=/; domain=.google.com; Secure"", ""alt-svc"": ""h3=\"":443\""; ma=2592000,h3-29=\"":443\""; ma=2592000""}"
5,"GET https://www.google.com/  HTTP/1.1
Host: www.google.com
User-Agent: Mozilla/5.0 (Windows NT 10.0; rv:102.0) Gecko/20100101 Firefox/102.0
Accept: text/html,application/xhtml+xml,application/xml;q=0.9,image/avif,image/webp,*/*;q=0.8
Accept-Encoding: gzip, deflate, br
Accept-Language: en-US,en;q=0.5
DNT: 1
Connection: keep-alive
Upgrade-Insecure-Requests: 1
Sec-Fetch-Dest: document
Sec-Fetch-Mode: navigate
Sec-Fetch-Site: cross-site

",0,https://www.google.com/,451,HTTP/1.1,0.21326351165771484,0.10084652900695801,0.1258554458618164,200,OK,[''],16,16,0,"{""date"": ""Wed, 25 Oct 2023 12:34:01 GMT"", ""expires"": ""-1"", ""cache-control"": ""private, max-age=0"", ""content-type"": ""text/html; charset=UTF-8"", ""strict-transport-security"": ""max-age=31536000"", ""content-security-policy-report-only"": ""object-src 'none';base-uri 'self';script-src 'nonce-X_HleiFEIwXBsZHqUVbceg' 'strict-dynamic' 'report-sample' 'unsafe-eval' 'unsafe-inline' https: http:;report-uri https://csp.withgoogle.com/csp/gws/other-hp"", ""cross-origin-opener-policy"": ""same-origin-allow-popups; report-to=\""gws\"""", ""report-to"": ""{\""group\"":\""gws\"",\""max_age\"":2592000,\""endpoints\"":[{\""url\"":\""https://csp.withgoogle.com/csp/report-to/gws/other\""}]}"", ""p3p"": ""CP=\""This is not a P3P policy! See g.co/p3phelp for more info.\"""", ""content-encoding"": ""br"", ""server"": ""gws"", ""content-length"": ""66386"", ""x-xss-protection"": ""0"", ""x-frame-options"": ""SAMEORIGIN"", ""set-cookie"": ""CONSENT=PENDING+783; expires=Fri, 24-Oct-2025 12:34:01 GMT; path=/; domain=.google.com; Secure"", ""alt-svc"": ""h3=\"":443\""; ma=2592000,h3-29=\"":443\""; ma=2592000""}"
6,"GET https://www.google.com/  HTTP/1.1
Host: www.google.com
User-Agent: Mozilla/5.0 (Windows NT 10.0; rv:102.0) Gecko/20100101 Firefox/102.0
Accept: text/html,application/xhtml+xml,application/xml;q=0.9,image/avif,image/webp,*/*;q=0.8
Accept-Encoding: gzip, deflate, br
Accept-Language: en-US,en;q=0.5
DNT: 1
Connection: keep-alive
Upgrade-Insecure-Requests: 1
Sec-Fetch-Dest: document
Sec-Fetch-Mode: navigate
Sec-Fetch-Site: cross-site

",0,https://www.google.com/,451,HTTP/1.1,0.18313026428222656,0.10847139358520508,0.1220998764038086,200,OK,[''],16,16,0,"{""date"": ""Wed, 25 Oct 2023 12:34:11 GMT"", ""expires"": ""-1"", ""cache-control"": ""private, max-age=0"", ""content-type"": ""text/html; charset=UTF-8"", ""strict-transport-security"": ""max-age=31536000"", ""content-security-policy-report-only"": ""object-src 'none';base-uri 'self';script-src 'nonce-fqiknK4ksgeGaBUKEqmSag' 'strict-dynamic' 'report-sample' 'unsafe-eval' 'unsafe-inline' https: http:;report-uri https://csp.withgoogle.com/csp/gws/other-hp"", ""cross-origin-opener-policy"": ""same-origin-allow-popups; report-to=\""gws\"""", ""report-to"": ""{\""group\"":\""gws\"",\""max_age\"":2592000,\""endpoints\"":[{\""url\"":\""https://csp.withgoogle.com/csp/report-to/gws/other\""}]}"", ""p3p"": ""CP=\""This is not a P3P policy! See g.co/p3phelp for more info.\"""", ""content-encoding"": ""br"", ""server"": ""gws"", ""content-length"": ""66365"", ""x-xss-protection"": ""0"", ""x-frame-options"": ""SAMEORIGIN"", ""set-cookie"": ""CONSENT=PENDING+480; expires=Fri, 24-Oct-2025 12:34:11 GMT; path=/; domain=.google.com; Secure"", ""alt-svc"": ""h3=\"":443\""; ma=2592000,h3-29=\"":443\""; ma=2592000""}"
7,"GET https://www.google.com/  HTTP/1.1
Host: www.google.com
User-Agent: Mozilla/5.0 (Windows NT 10.0; rv:102.0) Gecko/20100101 Firefox/102.0
Accept: text/html,application/xhtml+xml,application/xml;q=0.9,image/avif,image/webp,*/*;q=0.8
Accept-Encoding: gzip, deflate, br
Accept-Language: en-US,en;q=0.5
DNT: 1
Connection: keep-alive
Upgrade-Insecure-Requests: 1
Sec-Fetch-Dest: document
Sec-Fetch-Mode: navigate
Sec-Fetch-Site: cross-site

",0,https://www.google.com/,451,HTTP/1.1,0.289135217666626,0.1372518539428711,0.0999448299407959,200,OK,[''],16,16,0,"{""date"": ""Wed, 25 Oct 2023 12:34:21 GMT"", ""expires"": ""-1"", ""cache-control"": ""private, max-age=0"", ""content-type"": ""text/html; charset=UTF-8"", ""strict-transport-security"": ""max-age=31536000"", ""content-security-policy-report-only"": ""object-src 'none';base-uri 'self';script-src 'nonce-zY6HvX3TVlSHTfYlU_2sXA' 'strict-dynamic' 'report-sample' 'unsafe-eval' 'unsafe-inline' https: http:;report-uri https://csp.withgoogle.com/csp/gws/other-hp"", ""cross-origin-opener-policy"": ""same-origin-allow-popups; report-to=\""gws\"""", ""report-to"": ""{\""group\"":\""gws\"",\""max_age\"":2592000,\""endpoints\"":[{\""url\"":\""https://csp.withgoogle.com/csp/report-to/gws/other\""}]}"", ""p3p"": ""CP=\""This is not a P3P policy! See g.co/p3phelp for more info.\"""", ""content-encoding"": ""br"", ""server"": ""gws"", ""content-length"": ""66715"", ""x-xss-protection"": ""0"", ""x-frame-options"": ""SAMEORIGIN"", ""set-cookie"": ""CONSENT=PENDING+167; expires=Fri, 24-Oct-2025 12:34:21 GMT; path=/; domain=.google.com; Secure"", ""alt-svc"": ""h3=\"":443\""; ma=2592000,h3-29=\"":443\""; ma=2592000""}"
8,"GET https://www.google.com/  HTTP/1.1
Host: www.google.com
User-Agent: Mozilla/5.0 (Windows NT 10.0; rv:102.0) Gecko/20100101 Firefox/102.0
Accept: text/html,application/xhtml+xml,application/xml;q=0.9,image/avif,image/webp,*/*;q=0.8
Accept-Encoding: gzip, deflate, br
Accept-Language: en-US,en;q=0.5
DNT: 1
Connection: keep-alive
Upgrade-Insecure-Requests: 1
Sec-Fetch-Dest: document
Sec-Fetch-Mode: navigate
Sec-Fetch-Site: cross-site

",0,https://www.google.com/,451,HTTP/1.1,0.12672090530395508,0.10585618019104004,0.11756753921508789,200,OK,[''],16,16,0,"{""date"": ""Wed, 25 Oct 2023 12:34:30 GMT"", ""expires"": ""-1"", ""cache-control"": ""private, max-age=0"", ""content-type"": ""text/html; charset=UTF-8"", ""strict-transport-security"": ""max-age=31536000"", ""content-security-policy-report-only"": ""object-src 'none';base-uri 'self';script-src 'nonce-W_LjKeUBjE08NZSAEjO1Gg' 'strict-dynamic' 'report-sample' 'unsafe-eval' 'unsafe-inline' https: http:;report-uri https://csp.withgoogle.com/csp/gws/other-hp"", ""cross-origin-opener-policy"": ""same-origin-allow-popups; report-to=\""gws\"""", ""report-to"": ""{\""group\"":\""gws\"",\""max_age\"":2592000,\""endpoints\"":[{\""url\"":\""https://csp.withgoogle.com/csp/report-to/gws/other\""}]}"", ""p3p"": ""CP=\""This is not a P3P policy! See g.co/p3phelp for more info.\"""", ""content-encoding"": ""br"", ""server"": ""gws"", ""content-length"": ""66440"", ""x-xss-protection"": ""0"", ""x-frame-options"": ""SAMEORIGIN"", ""set-cookie"": ""CONSENT=PENDING+049; expires=Fri, 24-Oct-2025 12:34:30 GMT; path=/; domain=.google.com; Secure"", ""alt-svc"": ""h3=\"":443\""; ma=2592000,h3-29=\"":443\""; ma=2592000""}"
9,"GET https://www.google.com/  HTTP/1.1
Host: www.google.com
User-Agent: Mozilla/5.0 (Windows NT 10.0; rv:102.0) Gecko/20100101 Firefox/102.0
Accept: text/html,application/xhtml+xml,application/xml;q=0.9,image/avif,image/webp,*/*;q=0.8
Accept-Encoding: gzip, deflate, br
Accept-Language: en-US,en;q=0.5
DNT: 1
Connection: keep-alive
Upgrade-Insecure-Requests: 1
Sec-Fetch-Dest: document
Sec-Fetch-Mode: navigate
Sec-Fetch-Site: cross-site

",0,https://www.google.com/,451,HTTP/1.1,0.1577599048614502,0.11390233039855957,0.1522982120513916,200,OK,[''],16,16,0,"{""date"": ""Wed, 25 Oct 2023 12:34:40 GMT"", ""expires"": ""-1"", ""cache-control"": ""private, max-age=0"", ""content-type"": ""text/html; charset=UTF-8"", ""strict-transport-security"": ""max-age=31536000"", ""content-security-policy-report-only"": ""object-src 'none';base-uri 'self';script-src 'nonce-vwZVrtJs6mZHqYyvucQo8w' 'strict-dynamic' 'report-sample' 'unsafe-eval' 'unsafe-inline' https: http:;report-uri https://csp.withgoogle.com/csp/gws/other-hp"", ""cross-origin-opener-policy"": ""same-origin-allow-popups; report-to=\""gws\"""", ""report-to"": ""{\""group\"":\""gws\"",\""max_age\"":2592000,\""endpoints\"":[{\""url\"":\""https://csp.withgoogle.com/csp/report-to/gws/other\""}]}"", ""p3p"": ""CP=\""This is not a P3P policy! See g.co/p3phelp for more info.\"""", ""content-encoding"": ""br"", ""server"": ""gws"", ""content-length"": ""66471"", ""x-xss-protection"": ""0"", ""x-frame-options"": ""SAMEORIGIN"", ""set-cookie"": ""CONSENT=PENDING+617; expires=Fri, 24-Oct-2025 12:34:40 GMT; path=/; domain=.google.com; Secure"", ""alt-svc"": ""h3=\"":443\""; ma=2592000,h3-29=\"":443\""; ma=2592000""}"
