[
    {
        "number": 0,
        "request": "GET https://www.google.com/  HTTP/1.1\r\nHost: www.google.com\r\nUser-Agent: Mozilla/5.0 (Windows NT 10.0; rv:102.0) Gecko/20100101 Firefox/102.0\r\nAccept: text/html,application/xhtml+xml,application/xml;q=0.9,image/avif,image/webp,*/*;q=0.8\r\nAccept-Encoding: gzip, deflate, br\r\nAccept-Language: en-US,en;q=0.5\r\nDNT: 1\r\nConnection: keep-alive\r\nUpgrade-Insecure-Requests: 1\r\nSec-Fetch-Dest: document\r\nSec-Fetch-Mode: navigate\r\nSec-Fetch-Site: cross-site\r\n\r\n",
        "deviation_count": 0,
        "uri": "https://www.google.com/",
        "request_length": 451,
        "Response_Time": 0.1134788990020752,
        "status_code": 200,
        "reason_phrase": "OK",
        "error_message": [
            ""
        ],
        "response_header_count": 16,
        "response_header_length": 16,
        "response_body_length": 0,
        "response_header_fields": {
            "date": "Wed, 25 Oct 2023 12:33:12 GMT",
            "expires": "-1",
            "cache-control": "private, max-age=0",
            "content-type": "text/html; charset=UTF-8",
            "strict-transport-security": "max-age=31536000",
            "content-security-policy-report-only": "object-src 'none';base-uri 'self';script-src 'nonce-ao5DHFyX5AhQE02cccVvNQ' 'strict-dynamic' 'report-sample' 'unsafe-eval' 'unsafe-inline' https: http:;report-uri https://csp.withgoogle.com/csp/gws/other-hp",
            "cross-origin-opener-policy": "same-origin-allow-popups; report-to=\"gws\"",
            "report-to": "{\"group\":\"gws\",\"max_age\":2592000,\"endpoints\":[{\"url\":\"https://csp.withgoogle.com/csp/report-to/gws/other\"}]}",
            "p3p": "CP=\"This is not a P3P policy! See g.co/p3phelp for more info.\"",
            "content-encoding": "br",
            "server": "gws",
            "content-length": "66447",
            "x-xss-protection": "0",
            "x-frame-options": "SAMEORIGIN",
            "set-cookie": "CONSENT=PENDING+058; expires=Fri, 24-Oct-2025 12:33:12 GMT; path=/; domain=.google.com; Secure",
            "alt-svc": "h3=\":443\"; ma=2592000,h3-29=\":443\"; ma=2592000"
        }
    },
    {
        "number": 1,
        "request": "GET https://www.google.com/  HTTP/1.1\r\nHost: www.google.com\r\nUser-Agent: Mozilla/5.0 (Windows NT 10.0; rv:102.0) Gecko/20100101 Firefox/102.0\r\nAccept: text/html,application/xhtml+xml,application/xml;q=0.9,image/avif,image/webp,*/*;q=0.8\r\nAccept-Encoding: gzip, deflate, br\r\nAccept-Language: en-US,en;q=0.5\r\nDNT: 1\r\nConnection: keep-alive\r\nUpgrade-Insecure-Requests: 1\r\nSec-Fetch-Dest: document\r\nSec-Fetch-Mode: navigate\r\nSec-Fetch-Site: cross-site\r\n\r\n",
        "deviation_count": 0,
        "uri": "https://www.google.com/",
        "request_length": 451,
        "Response_Time": 0.11786699295043945,
        "status_code": 200,
        "reason_phrase": "OK",
        "error_message": [
            ""
        ],
        "response_header_count": 16,
        "response_header_length": 16,
        "response_body_length": 0,
        "response_header_fields": {
            "date": "Wed, 25 Oct 2023 12:33:23 GMT",
            "expires": "-1",
            "cache-control": "private, max-age=0",
            "content-type": "text/html; charset=UTF-8",
            "strict-transport-security": "max-age=31536000",
            "content-security-policy-report-only": "object-src 'none';base-uri 'self';script-src 'nonce-lA9vhOwfpGvQTZw4IqSRxw' 'strict-dynamic' 'report-sample' 'unsafe-eval' 'unsafe-inline' https: http:;report-uri https://csp.withgoogle.com/csp/gws/other-hp",
            "cross-origin-opener-policy": "same-origin-allow-popups; report-to=\"gws\"",
            "report-to": "{\"group\":\"gws\",\"max_age\":2592000,\"endpoints\":[{\"url\":\"https://csp.withgoogle.com/csp/report-to/gws/other\"}]}",
            "p3p": "CP=\"This is not a P3P policy! See g.co/p3phelp for more info.\"",
            "content-encoding": "br",
            "server": "gws",
            "content-length": "66357",
            "x-xss-protection": "0",
            "x-frame-options": "SAMEORIGIN",
            "set-cookie": "CONSENT=PENDING+400; expires=Fri, 24-Oct-2025 12:33:23 GMT; path=/; domain=.google.com; Secure",
            "alt-svc": "h3=\":443\"; ma=2592000,h3-29=\":443\"; ma=2592000"
        }
    },
    {
        "number": 2,
        "request": "GET https://www.google.com/  HTTP/1.1\r\nHost: www.google.com\r\nUser-Agent: Mozilla/5.0 (Windows NT 10.0; rv:102.0) Gecko/20100101 Firefox/102.0\r\nAccept: text/html,application/xhtml+xml,application/xml;q=0.9,image/avif,image/webp,*/*;q=0.8\r\nAccept-Encoding: gzip, deflate, br\r\nAccept-Language: en-US,en;q=0.5\r\nDNT: 1\r\nConnection: keep-alive\r\nUpgrade-Insecure-Requests: 1\r\nSec-Fetch-Dest: document\r\nSec-Fetch-Mode: navigate\r\nSec-Fetch-Site: cross-site\r\n\r\n",
        "deviation_count": 0,
        "uri": "https://www.google.com/",
        "request_length": 451,
        "Response_Time": 0.1379530429840088,
        "status_code": 200,
        "reason_phrase": "OK",
        "error_message": [
            ""
        ],
        "response_header_count": 16,
        "response_header_length": 16,
        "response_body_length": 0,
        "response_header_fields": {
            "date": "Wed, 25 Oct 2023 12:33:32 GMT",
            "expires": "-1",
            "cache-control": "private, max-age=0",
            "content-type": "text/html; charset=UTF-8",
            "strict-transport-security": "max-age=31536000",
            "content-security-policy-report-only": "object-src 'none';base-uri 'self';script-src 'nonce-xYiKF3lXDMLecIP4mEiRRQ' 'strict-dynamic' 'report-sample' 'unsafe-eval' 'unsafe-inline' https: http:;report-uri https://csp.withgoogle.com/csp/gws/other-hp",
            "cross-origin-opener-policy": "same-origin-allow-popups; report-to=\"gws\"",
            "report-to": "{\"group\":\"gws\",\"max_age\":2592000,\"endpoints\":[{\"url\":\"https://csp.withgoogle.com/csp/report-to/gws/other\"}]}",
            "p3p": "CP=\"This is not a P3P policy! See g.co/p3phelp for more info.\"",
            "content-encoding": "br",
            "server": "gws",
            "content-length": "66317",
            "x-xss-protection": "0",
            "x-frame-options": "SAMEORIGIN",
            "set-cookie": "CONSENT=PENDING+610; expires=Fri, 24-Oct-2025 12:33:32 GMT; path=/; domain=.google.com; Secure",
            "alt-svc": "h3=\":443\"; ma=2592000,h3-29=\":443\"; ma=2592000"
        }
    },
    {
        "number": 3,
        "request": "GET https://www.google.com/  HTTP/1.1\r\nHost: www.google.com\r\nUser-Agent: Mozilla/5.0 (Windows NT 10.0; rv:102.0) Gecko/20100101 Firefox/102.0\r\nAccept: text/html,application/xhtml+xml,application/xml;q=0.9,image/avif,image/webp,*/*;q=0.8\r\nAccept-Encoding: gzip, deflate, br\r\nAccept-Language: en-US,en;q=0.5\r\nDNT: 1\r\nConnection: keep-alive\r\nUpgrade-Insecure-Requests: 1\r\nSec-Fetch-Dest: document\r\nSec-Fetch-Mode: navigate\r\nSec-Fetch-Site: cross-site\r\n\r\n",
        "deviation_count": 0,
        "uri": "https://www.google.com/",
        "request_length": 451,
        "Response_Time": 0.1259016990661621,
        "status_code": 200,
        "reason_phrase": "OK",
        "error_message": [
            ""
        ],
        "response_header_count": 16,
        "response_header_length": 16,
        "response_body_length": 0,
        "response_header_fields": {
            "date": "Wed, 25 Oct 2023 12:33:41 GMT",
            "expires": "-1",
            "cache-control": "private, max-age=0",
            "content-type": "text/html; charset=UTF-8",
            "strict-transport-security": "max-age=31536000",
            "content-security-policy-report-only": "object-src 'none';base-uri 'self';script-src 'nonce-VFW1yO1Fjr-o9Z4AeYhrJg' 'strict-dynamic' 'report-sample' 'unsafe-eval' 'unsafe-inline' https: http:;report-uri https://csp.withgoogle.com/csp/gws/other-hp",
            "cross-origin-opener-policy": "same-origin-allow-popups; report-to=\"gws\"",
            "report-to": "{\"group\":\"gws\",\"max_age\":2592000,\"endpoints\":[{\"url\":\"https://csp.withgoogle.com/csp/report-to/gws/other\"}]}",
            "p3p": "CP=\"This is not a P3P policy! See g.co/p3phelp for more info.\"",
            "content-encoding": "br",
            "server": "gws",
            "content-length": "66373",
            "x-xss-protection": "0",
            "x-frame-options": "SAMEORIGIN",
            "set-cookie": "CONSENT=PENDING+847; expires=Fri, 24-Oct-2025 12:33:41 GMT; path=/; domain=.google.com; Secure",
            "alt-svc": "h3=\":443\"; ma=2592000,h3-29=\":443\"; ma=2592000"
        }
    },
    {
        "number": 4,
        "request": "GET https://www.google.com/  HTTP/1.1\r\nHost: www.google.com\r\nUser-Agent: Mozilla/5.0 (Windows NT 10.0; rv:102.0) Gecko/20100101 Firefox/102.0\r\nAccept: text/html,application/xhtml+xml,application/xml;q=0.9,image/avif,image/webp,*/*;q=0.8\r\nAccept-Encoding: gzip, deflate, br\r\nAccept-Language: en-US,en;q=0.5\r\nDNT: 1\r\nConnection: keep-alive\r\nUpgrade-Insecure-Requests: 1\r\nSec-Fetch-Dest: document\r\nSec-Fetch-Mode: navigate\r\nSec-Fetch-Site: cross-site\r\n\r\n",
        "deviation_count": 0,
        "uri": "https://www.google.com/",
        "request_length": 451,
        "Response_Time": 0.11050295829772949,
        "status_code": 200,
        "reason_phrase": "OK",
        "error_message": [
            ""
        ],
        "response_header_count": 16,
        "response_header_length": 16,
        "response_body_length": 0,
        "response_header_fields": {
            "date": "Wed, 25 Oct 2023 12:33:51 GMT",
            "expires": "-1",
            "cache-control": "private, max-age=0",
            "content-type": "text/html; charset=UTF-8",
            "strict-transport-security": "max-age=31536000",
            "content-security-policy-report-only": "object-src 'none';base-uri 'self';script-src 'nonce-aAregRgMFLEwoM6jtfqlbA' 'strict-dynamic' 'report-sample' 'unsafe-eval' 'unsafe-inline' https: http:;report-uri https://csp.withgoogle.com/csp/gws/other-hp",
            "cross-origin-opener-policy": "same-origin-allow-popups; report-to=\"gws\"",
            "report-to": "{\"group\":\"gws\",\"max_age\":2592000,\"endpoints\":[{\"url\":\"https://csp.withgoogle.com/csp/report-to/gws/other\"}]}",
            "p3p": "CP=\"This is not a P3P policy! See g.co/p3phelp for more info.\"",
            "content-encoding": "br",
            "server": "gws",
            "content-length": "66407",
            "x-xss-protection": "0",
            "x-frame-options": "SAMEORIGIN",
            "set-cookie": "CONSENT=PENDING+843; expires=Fri, 24-Oct-2025 12:33:51 GMT; path=/; domain=.google.com; Secure",
            "alt-svc": "h3=\":443\"; ma=2592000,h3-29=\":443\"; ma=2592000"
        }
    },
    {
        "number": 5,
        "request": "GET https://www.google.com/  HTTP/1.1\r\nHost: www.google.com\r\nUser-Agent: Mozilla/5.0 (Windows NT 10.0; rv:102.0) Gecko/20100101 Firefox/102.0\r\nAccept: text/html,application/xhtml+xml,application/xml;q=0.9,image/avif,image/webp,*/*;q=0.8\r\nAccept-Encoding: gzip, deflate, br\r\nAccept-Language: en-US,en;q=0.5\r\nDNT: 1\r\nConnection: keep-alive\r\nUpgrade-Insecure-Requests: 1\r\nSec-Fetch-Dest: document\r\nSec-Fetch-Mode: navigate\r\nSec-Fetch-Site: cross-site\r\n\r\n",
        "deviation_count": 0,
        "uri": "https://www.google.com/",
        "request_length": 451,
        "Response_Time": 0.1258554458618164,
        "status_code": 200,
        "reason_phrase": "OK",
        "error_message": [
            ""
        ],
        "response_header_count": 16,
        "response_header_length": 16,
        "response_body_length": 0,
        "response_header_fields": {
            "date": "Wed, 25 Oct 2023 12:34:01 GMT",
            "expires": "-1",
            "cache-control": "private, max-age=0",
            "content-type": "text/html; charset=UTF-8",
            "strict-transport-security": "max-age=31536000",
            "content-security-policy-report-only": "object-src 'none';base-uri 'self';script-src 'nonce-X_HleiFEIwXBsZHqUVbceg' 'strict-dynamic' 'report-sample' 'unsafe-eval' 'unsafe-inline' https: http:;report-uri https://csp.withgoogle.com/csp/gws/other-hp",
            "cross-origin-opener-policy": "same-origin-allow-popups; report-to=\"gws\"",
            "report-to": "{\"group\":\"gws\",\"max_age\":2592000,\"endpoints\":[{\"url\":\"https://csp.withgoogle.com/csp/report-to/gws/other\"}]}",
            "p3p": "CP=\"This is not a P3P policy! See g.co/p3phelp for more info.\"",
            "content-encoding": "br",
            "server": "gws",
            "content-length": "66386",
            "x-xss-protection": "0",
            "x-frame-options": "SAMEORIGIN",
            "set-cookie": "CONSENT=PENDING+783; expires=Fri, 24-Oct-2025 12:34:01 GMT; path=/; domain=.google.com; Secure",
            "alt-svc": "h3=\":443\"; ma=2592000,h3-29=\":443\"; ma=2592000"
        }
    },
    {
        "number": 6,
        "request": "GET https://www.google.com/  HTTP/1.1\r\nHost: www.google.com\r\nUser-Agent: Mozilla/5.0 (Windows NT 10.0; rv:102.0) Gecko/20100101 Firefox/102.0\r\nAccept: text/html,application/xhtml+xml,application/xml;q=0.9,image/avif,image/webp,*/*;q=0.8\r\nAccept-Encoding: gzip, deflate, br\r\nAccept-Language: en-US,en;q=0.5\r\nDNT: 1\r\nConnection: keep-alive\r\nUpgrade-Insecure-Requests: 1\r\nSec-Fetch-Dest: document\r\nSec-Fetch-Mode: navigate\r\nSec-Fetch-Site: cross-site\r\n\r\n",
        "deviation_count": 0,
        "uri": "https://www.google.com/",
        "request_length": 451,
        "Response_Time": 0.1220998764038086,
        "status_code": 200,
        "reason_phrase": "OK",
        "error_message": [
            ""
        ],
        "response_header_count": 16,
        "response_header_length": 16,
        "response_body_length": 0,
        "response_header_fields": {
            "date": "Wed, 25 Oct 2023 12:34:11 GMT",
            "expires": "-1",
            "cache-control": "private, max-age=0",
            "content-type": "text/html; charset=UTF-8",
            "strict-transport-security": "max-age=31536000",
            "content-security-policy-report-only": "object-src 'none';base-uri 'self';script-src 'nonce-fqiknK4ksgeGaBUKEqmSag' 'strict-dynamic' 'report-sample' 'unsafe-eval' 'unsafe-inline' https: http:;report-uri https://csp.withgoogle.com/csp/gws/other-hp",
            "cross-origin-opener-policy": "same-origin-allow-popups; report-to=\"gws\"",
            "report-to": "{\"group\":\"gws\",\"max_age\":2592000,\"endpoints\":[{\"url\":\"https://csp.withgoogle.com/csp/report-to/gws/other\"}]}",
            "p3p": "CP=\"This is not a P3P policy! See g.co/p3phelp for more info.\"",
            "content-encoding": "br",
            "server": "gws",
            "content-length": "66365",
            "x-xss-protection": "0",
            "x-frame-options": "SAMEORIGIN",
            "set-cookie": "CONSENT=PENDING+480; expires=Fri, 24-Oct-2025 12:34:11 GMT; path=/; domain=.google.com; Secure",
            "alt-svc": "h3=\":443\"; ma=2592000,h3-29=\":443\"; ma=2592000"
        }
    },
    {
        "number": 7,
        "request": "GET https://www.google.com/  HTTP/1.1\r\nHost: www.google.com\r\nUser-Agent: Mozilla/5.0 (Windows NT 10.0; rv:102.0) Gecko/20100101 Firefox/102.0\r\nAccept: text/html,application/xhtml+xml,application/xml;q=0.9,image/avif,image/webp,*/*;q=0.8\r\nAccept-Encoding: gzip, deflate, br\r\nAccept-Language: en-US,en;q=0.5\r\nDNT: 1\r\nConnection: keep-alive\r\nUpgrade-Insecure-Requests: 1\r\nSec-Fetch-Dest: document\r\nSec-Fetch-Mode: navigate\r\nSec-Fetch-Site: cross-site\r\n\r\n",
        "deviation_count": 0,
        "uri": "https://www.google.com/",
        "request_length": 451,
        "Response_Time": 0.0999448299407959,
        "status_code": 200,
        "reason_phrase": "OK",
        "error_message": [
            ""
        ],
        "response_header_count": 16,
        "response_header_length": 16,
        "response_body_length": 0,
        "response_header_fields": {
            "date": "Wed, 25 Oct 2023 12:34:21 GMT",
            "expires": "-1",
            "cache-control": "private, max-age=0",
            "content-type": "text/html; charset=UTF-8",
            "strict-transport-security": "max-age=31536000",
            "content-security-policy-report-only": "object-src 'none';base-uri 'self';script-src 'nonce-zY6HvX3TVlSHTfYlU_2sXA' 'strict-dynamic' 'report-sample' 'unsafe-eval' 'unsafe-inline' https: http:;report-uri https://csp.withgoogle.com/csp/gws/other-hp",
            "cross-origin-opener-policy": "same-origin-allow-popups; report-to=\"gws\"",
            "report-to": "{\"group\":\"gws\",\"max_age\":2592000,\"endpoints\":[{\"url\":\"https://csp.withgoogle.com/csp/report-to/gws/other\"}]}",
            "p3p": "CP=\"This is not a P3P policy! See g.co/p3phelp for more info.\"",
            "content-encoding": "br",
            "server": "gws",
            "content-length": "66715",
            "x-xss-protection": "0",
            "x-frame-options": "SAMEORIGIN",
            "set-cookie": "CONSENT=PENDING+167; expires=Fri, 24-Oct-2025 12:34:21 GMT; path=/; domain=.google.com; Secure",
            "alt-svc": "h3=\":443\"; ma=2592000,h3-29=\":443\"; ma=2592000"
        }
    },
    {
        "number": 8,
        "request": "GET https://www.google.com/  HTTP/1.1\r\nHost: www.google.com\r\nUser-Agent: Mozilla/5.0 (Windows NT 10.0; rv:102.0) Gecko/20100101 Firefox/102.0\r\nAccept: text/html,application/xhtml+xml,application/xml;q=0.9,image/avif,image/webp,*/*;q=0.8\r\nAccept-Encoding: gzip, deflate, br\r\nAccept-Language: en-US,en;q=0.5\r\nDNT: 1\r\nConnection: keep-alive\r\nUpgrade-Insecure-Requests: 1\r\nSec-Fetch-Dest: document\r\nSec-Fetch-Mode: navigate\r\nSec-Fetch-Site: cross-site\r\n\r\n",
        "deviation_count": 0,
        "uri": "https://www.google.com/",
        "request_length": 451,
        "Response_Time": 0.11756753921508789,
        "status_code": 200,
        "reason_phrase": "OK",
        "error_message": [
            ""
        ],
        "response_header_count": 16,
        "response_header_length": 16,
        "response_body_length": 0,
        "response_header_fields": {
            "date": "Wed, 25 Oct 2023 12:34:30 GMT",
            "expires": "-1",
            "cache-control": "private, max-age=0",
            "content-type": "text/html; charset=UTF-8",
            "strict-transport-security": "max-age=31536000",
            "content-security-policy-report-only": "object-src 'none';base-uri 'self';script-src 'nonce-W_LjKeUBjE08NZSAEjO1Gg' 'strict-dynamic' 'report-sample' 'unsafe-eval' 'unsafe-inline' https: http:;report-uri https://csp.withgoogle.com/csp/gws/other-hp",
            "cross-origin-opener-policy": "same-origin-allow-popups; report-to=\"gws\"",
            "report-to": "{\"group\":\"gws\",\"max_age\":2592000,\"endpoints\":[{\"url\":\"https://csp.withgoogle.com/csp/report-to/gws/other\"}]}",
            "p3p": "CP=\"This is not a P3P policy! See g.co/p3phelp for more info.\"",
            "content-encoding": "br",
            "server": "gws",
            "content-length": "66440",
            "x-xss-protection": "0",
            "x-frame-options": "SAMEORIGIN",
            "set-cookie": "CONSENT=PENDING+049; expires=Fri, 24-Oct-2025 12:34:30 GMT; path=/; domain=.google.com; Secure",
            "alt-svc": "h3=\":443\"; ma=2592000,h3-29=\":443\"; ma=2592000"
        }
    },
    {
        "number": 9,
        "request": "GET https://www.google.com/  HTTP/1.1\r\nHost: www.google.com\r\nUser-Agent: Mozilla/5.0 (Windows NT 10.0; rv:102.0) Gecko/20100101 Firefox/102.0\r\nAccept: text/html,application/xhtml+xml,application/xml;q=0.9,image/avif,image/webp,*/*;q=0.8\r\nAccept-Encoding: gzip, deflate, br\r\nAccept-Language: en-US,en;q=0.5\r\nDNT: 1\r\nConnection: keep-alive\r\nUpgrade-Insecure-Requests: 1\r\nSec-Fetch-Dest: document\r\nSec-Fetch-Mode: navigate\r\nSec-Fetch-Site: cross-site\r\n\r\n",
        "deviation_count": 0,
        "uri": "https://www.google.com/",
        "request_length": 451,
        "Response_Time": 0.1522982120513916,
        "status_code": 200,
        "reason_phrase": "OK",
        "error_message": [
            ""
        ],
        "response_header_count": 16,
        "response_header_length": 16,
        "response_body_length": 0,
        "response_header_fields": {
            "date": "Wed, 25 Oct 2023 12:34:40 GMT",
            "expires": "-1",
            "cache-control": "private, max-age=0",
            "content-type": "text/html; charset=UTF-8",
            "strict-transport-security": "max-age=31536000",
            "content-security-policy-report-only": "object-src 'none';base-uri 'self';script-src 'nonce-vwZVrtJs6mZHqYyvucQo8w' 'strict-dynamic' 'report-sample' 'unsafe-eval' 'unsafe-inline' https: http:;report-uri https://csp.withgoogle.com/csp/gws/other-hp",
            "cross-origin-opener-policy": "same-origin-allow-popups; report-to=\"gws\"",
            "report-to": "{\"group\":\"gws\",\"max_age\":2592000,\"endpoints\":[{\"url\":\"https://csp.withgoogle.com/csp/report-to/gws/other\"}]}",
            "p3p": "CP=\"This is not a P3P policy! See g.co/p3phelp for more info.\"",
            "content-encoding": "br",
            "server": "gws",
            "content-length": "66471",
            "x-xss-protection": "0",
            "x-frame-options": "SAMEORIGIN",
            "set-cookie": "CONSENT=PENDING+617; expires=Fri, 24-Oct-2025 12:34:40 GMT; path=/; domain=.google.com; Secure",
            "alt-svc": "h3=\":443\"; ma=2592000,h3-29=\":443\"; ma=2592000"
        }
    }
]