,Attempt No.,uri,Deviation Count,Status Code,Response_Time,response_header_count,response_header_length,response_body_length,response_header_fields
0,0,https://discord.com/,0,200,0.14932918548583984,11,11,0,"{'date': 'Wed, 25 Oct 2023 12:33:14 GMT', 'content-type': 'text/html', 'transfer-encoding': 'chunked', 'connection': 'keep-alive', 'cf-ray': '81ba7ca3bbeab8a0-AMS', 'cf-cache-status': 'HIT', 'cache-control': 'private', 'last-modified': 'Tue, 24 Oct 2023 18:50:07 GMT', 'set-cookie': '__dcfduid=aafa1820733211eeb8238b79dbb35b63; Expires=Mon, 23 Oct 2028 12:33:14 GMT; Max-Age=157680000; Path=/; Secure; HttpOnly; SameSite=Lax', 'strict-transport-security': 'max-age=31536000; includeSubDomains; preload', 'content-security-policy': ""default-src 'self'; script-src 'self' 'unsafe-inline' 'nonce-NTYsODUsMTQ1LDE0OCwzNiwxNjMsOSwxMzY=' https://discord.com https://www.googletagmanager.com https://connect.facebook.net https://www.google-analytics.com https://ssl.google-analytics.com https://www.gstatic.com/recaptcha/ https://www.google.com/recaptcha/ https://recaptcha.net/recaptcha/ https://hcaptcha.com https://*.hcaptcha.com https://s.ytimg.com/yts/jsbin/ https://www.youtube.com/iframe_api https://geolocation.onetrust.com/cookieconsentpub/v1/geo/location; style-src 'self' 'unsafe-inline' https://fonts.googleapis.com https://*.hcaptcha.com https://hcaptcha.com; img-src 'self' https://www.google-analytics.com https://www.googletagmanager.com https://www.facebook.com https://cdn.discordapp.com https://hackerone-api.discord.workers.dev/user-avatars/ https://safety.discord.com https://discord""}"
1,1,https://discord.com/,0,200,0.06453800201416016,11,11,0,"{'date': 'Wed, 25 Oct 2023 12:33:25 GMT', 'content-type': 'text/html', 'transfer-encoding': 'chunked', 'connection': 'keep-alive', 'cf-ray': '81ba7ce6482f0b70-AMS', 'cf-cache-status': 'HIT', 'cache-control': 'private', 'last-modified': 'Tue, 24 Oct 2023 18:50:07 GMT', 'set-cookie': '__dcfduid=b14a0000733211ee9d8af7c5841914c1; Expires=Mon, 23 Oct 2028 12:33:25 GMT; Max-Age=157680000; Path=/; Secure; HttpOnly; SameSite=Lax', 'strict-transport-security': 'max-age=31536000; includeSubDomains; preload', 'content-security-policy': ""default-src 'self'; script-src 'self' 'unsafe-inline' 'nonce-OTQsOTMsNjAsNzEsNjYsNzUsMjQsNA==' https://discord.com https://www.googletagmanager.com https://connect.facebook.net https://www.google-analytics.com https://ssl.google-analytics.com https://www.gstatic.com/recaptcha/ https://www.google.com/recaptcha/ https://recaptcha.net/recaptcha/ https://hcaptcha.com https://*.hcaptcha.com https://s.ytimg.com/yts/jsbin/ https://www.youtube.com/iframe_api https://geolocation.onetrust.com/cookieconsentpub/v1/geo/location; style-src 'self' 'unsafe-inline' https://fonts.googleapis.com https://*.hcaptcha.com https://hcaptcha.com; img-src 'self' https://www.google-analytics.com https://www.googletagmanager.com https://www.facebook.com https://cdn.discordapp.com https://hackerone-api.discord.workers.dev/user-avatars/ https://safety.discord.com https://discordmode""}"
2,2,https://discord.com/,0,200,0.05090761184692383,11,11,0,"{'date': 'Wed, 25 Oct 2023 12:33:36 GMT', 'content-type': 'text/html', 'transfer-encoding': 'chunked', 'connection': 'keep-alive', 'cf-ray': '81ba7d2a1e5366f7-AMS', 'cf-cache-status': 'HIT', 'cache-control': 'private', 'last-modified': 'Tue, 24 Oct 2023 18:50:07 GMT', 'set-cookie': '__dcfduid=b7c19420733211ee8564216ecce0cf37; Expires=Mon, 23 Oct 2028 12:33:36 GMT; Max-Age=157680000; Path=/; Secure; HttpOnly; SameSite=Lax', 'strict-transport-security': 'max-age=31536000; includeSubDomains; preload', 'content-security-policy': ""default-src 'self'; script-src 'self' 'unsafe-inline' 'nonce-NDgsMjA0LDI1NCwxMTMsNjMsMzUsMTM3LDE4NQ==' https://discord.com https://www.googletagmanager.com https://connect.facebook.net https://www.google-analytics.com https://ssl.google-analytics.com https://www.gstatic.com/recaptcha/ https://www.google.com/recaptcha/ https://recaptcha.net/recaptcha/ https://hcaptcha.com https://*.hcaptcha.com https://s.ytimg.com/yts/jsbin/ https://www.youtube.com/iframe_api https://geolocation.onetrust.com/cookieconsentpub/v1/geo/location; style-src 'self' 'unsafe-inline' https://fonts.googleapis.com https://*.hcaptcha.com https://hcaptcha.com; img-src 'self' https://www.google-analytics.com https://www.googletagmanager.com https://www.facebook.com https://cdn.discordapp.com https://hackerone-api.discord.workers.dev/user-avatars/ https://safety.discord.com https://dis""}"
3,3,https://discord.com/,0,200,0.05228376388549805,11,11,0,"{'date': 'Wed, 25 Oct 2023 12:33:46 GMT', 'content-type': 'text/html', 'transfer-encoding': 'chunked', 'connection': 'keep-alive', 'cf-ray': '81ba7d6b79570a79-AMS', 'cf-cache-status': 'HIT', 'cache-control': 'private', 'last-modified': 'Tue, 24 Oct 2023 18:50:07 GMT', 'set-cookie': '__dcfduid=bdfe1b10733211eeb2a325767f5416af; Expires=Mon, 23 Oct 2028 12:33:46 GMT; Max-Age=157680000; Path=/; Secure; HttpOnly; SameSite=Lax', 'strict-transport-security': 'max-age=31536000; includeSubDomains; preload', 'content-security-policy': ""default-src 'self'; script-src 'self' 'unsafe-inline' 'nonce-MTMxLDE5NywyMjgsNjAsOTEsMTgyLDg1LDg0' https://discord.com https://www.googletagmanager.com https://connect.facebook.net https://www.google-analytics.com https://ssl.google-analytics.com https://www.gstatic.com/recaptcha/ https://www.google.com/recaptcha/ https://recaptcha.net/recaptcha/ https://hcaptcha.com https://*.hcaptcha.com https://s.ytimg.com/yts/jsbin/ https://www.youtube.com/iframe_api https://geolocation.onetrust.com/cookieconsentpub/v1/geo/location; style-src 'self' 'unsafe-inline' https://fonts.googleapis.com https://*.hcaptcha.com https://hcaptcha.com; img-src 'self' https://www.google-analytics.com https://www.googletagmanager.com https://www.facebook.com https://cdn.discordapp.com https://hackerone-api.discord.workers.dev/user-avatars/ https://safety.discord.com https://discord""}"
4,4,https://discord.com/,0,200,0.07488012313842773,11,11,0,"{'date': 'Wed, 25 Oct 2023 12:33:57 GMT', 'content-type': 'text/html', 'transfer-encoding': 'chunked', 'connection': 'keep-alive', 'cf-ray': '81ba7dad3cbe66b6-AMS', 'cf-cache-status': 'HIT', 'cache-control': 'private', 'last-modified': 'Tue, 24 Oct 2023 18:50:07 GMT', 'set-cookie': '__dcfduid=c443c9c0733211ee81b43f14d39ebed4; Expires=Mon, 23 Oct 2028 12:33:57 GMT; Max-Age=157680000; Path=/; Secure; HttpOnly; SameSite=Lax', 'strict-transport-security': 'max-age=31536000; includeSubDomains; preload', 'content-security-policy': ""default-src 'self'; script-src 'self' 'unsafe-inline' 'nonce-MTI0LDIwNCwyNTEsMTk1LDEyMiwxODYsMTg3LDYw' https://discord.com https://www.googletagmanager.com https://connect.facebook.net https://www.google-analytics.com https://ssl.google-analytics.com https://www.gstatic.com/recaptcha/ https://www.google.com/recaptcha/ https://recaptcha.net/recaptcha/ https://hcaptcha.com https://*.hcaptcha.com https://s.ytimg.com/yts/jsbin/ https://www.youtube.com/iframe_api https://geolocation.onetrust.com/cookieconsentpub/v1/geo/location; style-src 'self' 'unsafe-inline' https://fonts.googleapis.com https://*.hcaptcha.com https://hcaptcha.com; img-src 'self' https://www.google-analytics.com https://www.googletagmanager.com https://www.facebook.com https://cdn.discordapp.com https://hackerone-api.discord.workers.dev/user-avatars/ https://safety.discord.com https://dis""}"
5,5,https://discord.com/,0,200,0.06866192817687988,11,11,0,"{'date': 'Wed, 25 Oct 2023 12:34:07 GMT', 'content-type': 'text/html', 'transfer-encoding': 'chunked', 'connection': 'keep-alive', 'cf-ray': '81ba7deeacd80bd6-AMS', 'cf-cache-status': 'HIT', 'cache-control': 'private', 'last-modified': 'Tue, 24 Oct 2023 18:50:07 GMT', 'set-cookie': '__dcfduid=ca809ed0733211eeae2f451735e683da; Expires=Mon, 23 Oct 2028 12:34:07 GMT; Max-Age=157680000; Path=/; Secure; HttpOnly; SameSite=Lax', 'strict-transport-security': 'max-age=31536000; includeSubDomains; preload', 'content-security-policy': ""default-src 'self'; script-src 'self' 'unsafe-inline' 'nonce-MjM5LDkyLDkxLDEyOSw2LDg5LDU2LDE2OQ==' https://discord.com https://www.googletagmanager.com https://connect.facebook.net https://www.google-analytics.com https://ssl.google-analytics.com https://www.gstatic.com/recaptcha/ https://www.google.com/recaptcha/ https://recaptcha.net/recaptcha/ https://hcaptcha.com https://*.hcaptcha.com https://s.ytimg.com/yts/jsbin/ https://www.youtube.com/iframe_api https://geolocation.onetrust.com/cookieconsentpub/v1/geo/location; style-src 'self' 'unsafe-inline' https://fonts.googleapis.com https://*.hcaptcha.com https://hcaptcha.com; img-src 'self' https://www.google-analytics.com https://www.googletagmanager.com https://www.facebook.com https://cdn.discordapp.com https://hackerone-api.discord.workers.dev/user-avatars/ https://safety.discord.com https://discord""}"
6,6,https://discord.com/,0,200,0.050061702728271484,11,11,0,"{'date': 'Wed, 25 Oct 2023 12:34:17 GMT', 'content-type': 'text/html', 'transfer-encoding': 'chunked', 'connection': 'keep-alive', 'cf-ray': '81ba7e2cf813b755-AMS', 'cf-cache-status': 'HIT', 'cache-control': 'private', 'last-modified': 'Tue, 24 Oct 2023 18:50:07 GMT', 'set-cookie': '__dcfduid=d07128a0733211eeb7e501ad422b0450; Expires=Mon, 23 Oct 2028 12:34:17 GMT; Max-Age=157680000; Path=/; Secure; HttpOnly; SameSite=Lax', 'strict-transport-security': 'max-age=31536000; includeSubDomains; preload', 'content-security-policy': ""default-src 'self'; script-src 'self' 'unsafe-inline' 'nonce-MTUzLDczLDE2MCwxOTcsNjgsMjIyLDEwMSwxOTc=' https://discord.com https://www.googletagmanager.com https://connect.facebook.net https://www.google-analytics.com https://ssl.google-analytics.com https://www.gstatic.com/recaptcha/ https://www.google.com/recaptcha/ https://recaptcha.net/recaptcha/ https://hcaptcha.com https://*.hcaptcha.com https://s.ytimg.com/yts/jsbin/ https://www.youtube.com/iframe_api https://geolocation.onetrust.com/cookieconsentpub/v1/geo/location; style-src 'self' 'unsafe-inline' https://fonts.googleapis.com https://*.hcaptcha.com https://hcaptcha.com; img-src 'self' https://www.google-analytics.com https://www.googletagmanager.com https://www.facebook.com https://cdn.discordapp.com https://hackerone-api.discord.workers.dev/user-avatars/ https://safety.discord.com https://dis""}"
7,7,https://discord.com/,0,200,0.0747227668762207,11,11,0,"{'date': 'Wed, 25 Oct 2023 12:34:28 GMT', 'content-type': 'text/html', 'transfer-encoding': 'chunked', 'connection': 'keep-alive', 'cf-ray': '81ba7e6cfed0669d-AMS', 'cf-cache-status': 'HIT', 'cache-control': 'private', 'last-modified': 'Tue, 24 Oct 2023 18:50:07 GMT', 'set-cookie': '__dcfduid=d6903c80733211ee931439b4e18c94e1; Expires=Mon, 23 Oct 2028 12:34:28 GMT; Max-Age=157680000; Path=/; Secure; HttpOnly; SameSite=Lax', 'strict-transport-security': 'max-age=31536000; includeSubDomains; preload', 'content-security-policy': ""default-src 'self'; script-src 'self' 'unsafe-inline' 'nonce-MjM1LDU5LDc5LDE0OCw5MCwyMjMsMTQ5LDEx' https://discord.com https://www.googletagmanager.com https://connect.facebook.net https://www.google-analytics.com https://ssl.google-analytics.com https://www.gstatic.com/recaptcha/ https://www.google.com/recaptcha/ https://recaptcha.net/recaptcha/ https://hcaptcha.com https://*.hcaptcha.com https://s.ytimg.com/yts/jsbin/ https://www.youtube.com/iframe_api https://geolocation.onetrust.com/cookieconsentpub/v1/geo/location; style-src 'self' 'unsafe-inline' https://fonts.googleapis.com https://*.hcaptcha.com https://hcaptcha.com; img-src 'self' https://www.google-analytics.com https://www.googletagmanager.com https://www.facebook.com https://cdn.discordapp.com https://hackerone-api.discord.workers.dev/user-avatars/ https://safety.discord.com https://discord""}"
8,8,https://discord.com/,0,200,0.06549286842346191,11,11,0,"{'date': 'Wed, 25 Oct 2023 12:34:38 GMT', 'content-type': 'text/html', 'transfer-encoding': 'chunked', 'connection': 'keep-alive', 'cf-ray': '81ba7ead9fffd0c1-AMS', 'cf-cache-status': 'HIT', 'cache-control': 'private', 'last-modified': 'Tue, 24 Oct 2023 18:50:07 GMT', 'set-cookie': '__dcfduid=dcb78dc0733211ee8c6f4fc5b7b616f6; Expires=Mon, 23 Oct 2028 12:34:38 GMT; Max-Age=157680000; Path=/; Secure; HttpOnly; SameSite=Lax', 'strict-transport-security': 'max-age=31536000; includeSubDomains; preload', 'content-security-policy': ""default-src 'self'; script-src 'self' 'unsafe-inline' 'nonce-MywyMDEsMTI1LDU4LDYxLDE4NSw2OSw2MQ==' https://discord.com https://www.googletagmanager.com https://connect.facebook.net https://www.google-analytics.com https://ssl.google-analytics.com https://www.gstatic.com/recaptcha/ https://www.google.com/recaptcha/ https://recaptcha.net/recaptcha/ https://hcaptcha.com https://*.hcaptcha.com https://s.ytimg.com/yts/jsbin/ https://www.youtube.com/iframe_api https://geolocation.onetrust.com/cookieconsentpub/v1/geo/location; style-src 'self' 'unsafe-inline' https://fonts.googleapis.com https://*.hcaptcha.com https://hcaptcha.com; img-src 'self' https://www.google-analytics.com https://www.googletagmanager.com https://www.facebook.com https://cdn.discordapp.com https://hackerone-api.discord.workers.dev/user-avatars/ https://safety.discord.com https://discord""}"
9,9,https://discord.com/,0,200,0.0769047737121582,11,11,0,"{'date': 'Wed, 25 Oct 2023 12:34:48 GMT', 'content-type': 'text/html', 'transfer-encoding': 'chunked', 'connection': 'keep-alive', 'cf-ray': '81ba7eea7ecb2868-AMS', 'cf-cache-status': 'HIT', 'cache-control': 'private', 'last-modified': 'Tue, 24 Oct 2023 18:50:07 GMT', 'set-cookie': '__dcfduid=e2854d50733211eea9175b247da727fd; Expires=Mon, 23 Oct 2028 12:34:48 GMT; Max-Age=157680000; Path=/; Secure; HttpOnly; SameSite=Lax', 'strict-transport-security': 'max-age=31536000; includeSubDomains; preload', 'content-security-policy': ""default-src 'self'; script-src 'self' 'unsafe-inline' 'nonce-ODAsMjE3LDEyLDI0MCwxMzgsMjM0LDI1NCwxOTg=' https://discord.com https://www.googletagmanager.com https://connect.facebook.net https://www.google-analytics.com https://ssl.google-analytics.com https://www.gstatic.com/recaptcha/ https://www.google.com/recaptcha/ https://recaptcha.net/recaptcha/ https://hcaptcha.com https://*.hcaptcha.com https://s.ytimg.com/yts/jsbin/ https://www.youtube.com/iframe_api https://geolocation.onetrust.com/cookieconsentpub/v1/geo/location; style-src 'self' 'unsafe-inline' https://fonts.googleapis.com https://*.hcaptcha.com https://hcaptcha.com; img-src 'self' https://www.google-analytics.com https://www.googletagmanager.com https://www.facebook.com https://cdn.discordapp.com https://hackerone-api.discord.workers.dev/user-avatars/ https://safety.discord.com https://dis""}"
