number,request,deviation_count,uri,request_length,http_version,Socket_Connect_Time,Socket_Close_Time,Response_Time,status_code,reason_phrase,error_message,response_header_count,response_header_length,response_body_length,response_header_fields
0,"GET https://discord.com/  HTTP/1.1
Host: discord.com
User-Agent: Mozilla/5.0 (Windows NT 10.0; rv:102.0) Gecko/20100101 Firefox/102.0
Accept: text/html,application/xhtml+xml,application/xml;q=0.9,image/avif,image/webp,*/*;q=0.8
Accept-Encoding: gzip, deflate, br
Accept-Language: en-US,en;q=0.5
DNT: 1
Connection: keep-alive
Upgrade-Insecure-Requests: 1
Sec-Fetch-Dest: document
Sec-Fetch-Mode: navigate
Sec-Fetch-Site: cross-site

",0,https://discord.com/,445,HTTP/1.1,0.16163301467895508,0.10228991508483887,0.14932918548583984,200,OK,[''],11,11,0,"{""date"": ""Wed, 25 Oct 2023 12:33:14 GMT"", ""content-type"": ""text/html"", ""transfer-encoding"": ""chunked"", ""connection"": ""keep-alive"", ""cf-ray"": ""81ba7ca3bbeab8a0-AMS"", ""cf-cache-status"": ""HIT"", ""cache-control"": ""private"", ""last-modified"": ""Tue, 24 Oct 2023 18:50:07 GMT"", ""set-cookie"": ""__dcfduid=aafa1820733211eeb8238b79dbb35b63; Expires=Mon, 23 Oct 2028 12:33:14 GMT; Max-Age=157680000; Path=/; Secure; HttpOnly; SameSite=Lax"", ""strict-transport-security"": ""max-age=31536000; includeSubDomains; preload"", ""content-security-policy"": ""default-src 'self'; script-src 'self' 'unsafe-inline' 'nonce-NTYsODUsMTQ1LDE0OCwzNiwxNjMsOSwxMzY=' https://discord.com https://www.googletagmanager.com https://connect.facebook.net https://www.google-analytics.com https://ssl.google-analytics.com https://www.gstatic.com/recaptcha/ https://www.google.com/recaptcha/ https://recaptcha.net/recaptcha/ https://hcaptcha.com https://*.hcaptcha.com https://s.ytimg.com/yts/jsbin/ https://www.youtube.com/iframe_api https://geolocation.onetrust.com/cookieconsentpub/v1/geo/location; style-src 'self' 'unsafe-inline' https://fonts.googleapis.com https://*.hcaptcha.com https://hcaptcha.com; img-src 'self' https://www.google-analytics.com https://www.googletagmanager.com https://www.facebook.com https://cdn.discordapp.com https://hackerone-api.discord.workers.dev/user-avatars/ https://safety.discord.com https://discord""}"
1,"GET https://discord.com/  HTTP/1.1
Host: discord.com
User-Agent: Mozilla/5.0 (Windows NT 10.0; rv:102.0) Gecko/20100101 Firefox/102.0
Accept: text/html,application/xhtml+xml,application/xml;q=0.9,image/avif,image/webp,*/*;q=0.8
Accept-Encoding: gzip, deflate, br
Accept-Language: en-US,en;q=0.5
DNT: 1
Connection: keep-alive
Upgrade-Insecure-Requests: 1
Sec-Fetch-Dest: document
Sec-Fetch-Mode: navigate
Sec-Fetch-Site: cross-site

",0,https://discord.com/,445,HTTP/1.1,0.2369697093963623,0.11484026908874512,0.06453800201416016,200,OK,[''],11,11,0,"{""date"": ""Wed, 25 Oct 2023 12:33:25 GMT"", ""content-type"": ""text/html"", ""transfer-encoding"": ""chunked"", ""connection"": ""keep-alive"", ""cf-ray"": ""81ba7ce6482f0b70-AMS"", ""cf-cache-status"": ""HIT"", ""cache-control"": ""private"", ""last-modified"": ""Tue, 24 Oct 2023 18:50:07 GMT"", ""set-cookie"": ""__dcfduid=b14a0000733211ee9d8af7c5841914c1; Expires=Mon, 23 Oct 2028 12:33:25 GMT; Max-Age=157680000; Path=/; Secure; HttpOnly; SameSite=Lax"", ""strict-transport-security"": ""max-age=31536000; includeSubDomains; preload"", ""content-security-policy"": ""default-src 'self'; script-src 'self' 'unsafe-inline' 'nonce-OTQsOTMsNjAsNzEsNjYsNzUsMjQsNA==' https://discord.com https://www.googletagmanager.com https://connect.facebook.net https://www.google-analytics.com https://ssl.google-analytics.com https://www.gstatic.com/recaptcha/ https://www.google.com/recaptcha/ https://recaptcha.net/recaptcha/ https://hcaptcha.com https://*.hcaptcha.com https://s.ytimg.com/yts/jsbin/ https://www.youtube.com/iframe_api https://geolocation.onetrust.com/cookieconsentpub/v1/geo/location; style-src 'self' 'unsafe-inline' https://fonts.googleapis.com https://*.hcaptcha.com https://hcaptcha.com; img-src 'self' https://www.google-analytics.com https://www.googletagmanager.com https://www.facebook.com https://cdn.discordapp.com https://hackerone-api.discord.workers.dev/user-avatars/ https://safety.discord.com https://discordmode""}"
2,"GET https://discord.com/  HTTP/1.1
Host: discord.com
User-Agent: Mozilla/5.0 (Windows NT 10.0; rv:102.0) Gecko/20100101 Firefox/102.0
Accept: text/html,application/xhtml+xml,application/xml;q=0.9,image/avif,image/webp,*/*;q=0.8
Accept-Encoding: gzip, deflate, br
Accept-Language: en-US,en;q=0.5
DNT: 1
Connection: keep-alive
Upgrade-Insecure-Requests: 1
Sec-Fetch-Dest: document
Sec-Fetch-Mode: navigate
Sec-Fetch-Site: cross-site

",0,https://discord.com/,445,HTTP/1.1,0.14550137519836426,0.11396217346191406,0.05090761184692383,200,OK,[''],11,11,0,"{""date"": ""Wed, 25 Oct 2023 12:33:36 GMT"", ""content-type"": ""text/html"", ""transfer-encoding"": ""chunked"", ""connection"": ""keep-alive"", ""cf-ray"": ""81ba7d2a1e5366f7-AMS"", ""cf-cache-status"": ""HIT"", ""cache-control"": ""private"", ""last-modified"": ""Tue, 24 Oct 2023 18:50:07 GMT"", ""set-cookie"": ""__dcfduid=b7c19420733211ee8564216ecce0cf37; Expires=Mon, 23 Oct 2028 12:33:36 GMT; Max-Age=157680000; Path=/; Secure; HttpOnly; SameSite=Lax"", ""strict-transport-security"": ""max-age=31536000; includeSubDomains; preload"", ""content-security-policy"": ""default-src 'self'; script-src 'self' 'unsafe-inline' 'nonce-NDgsMjA0LDI1NCwxMTMsNjMsMzUsMTM3LDE4NQ==' https://discord.com https://www.googletagmanager.com https://connect.facebook.net https://www.google-analytics.com https://ssl.google-analytics.com https://www.gstatic.com/recaptcha/ https://www.google.com/recaptcha/ https://recaptcha.net/recaptcha/ https://hcaptcha.com https://*.hcaptcha.com https://s.ytimg.com/yts/jsbin/ https://www.youtube.com/iframe_api https://geolocation.onetrust.com/cookieconsentpub/v1/geo/location; style-src 'self' 'unsafe-inline' https://fonts.googleapis.com https://*.hcaptcha.com https://hcaptcha.com; img-src 'self' https://www.google-analytics.com https://www.googletagmanager.com https://www.facebook.com https://cdn.discordapp.com https://hackerone-api.discord.workers.dev/user-avatars/ https://safety.discord.com https://dis""}"
3,"GET https://discord.com/  HTTP/1.1
Host: discord.com
User-Agent: Mozilla/5.0 (Windows NT 10.0; rv:102.0) Gecko/20100101 Firefox/102.0
Accept: text/html,application/xhtml+xml,application/xml;q=0.9,image/avif,image/webp,*/*;q=0.8
Accept-Encoding: gzip, deflate, br
Accept-Language: en-US,en;q=0.5
DNT: 1
Connection: keep-alive
Upgrade-Insecure-Requests: 1
Sec-Fetch-Dest: document
Sec-Fetch-Mode: navigate
Sec-Fetch-Site: cross-site

",0,https://discord.com/,445,HTTP/1.1,0.17096948623657227,0.11242270469665527,0.05228376388549805,200,OK,[''],11,11,0,"{""date"": ""Wed, 25 Oct 2023 12:33:46 GMT"", ""content-type"": ""text/html"", ""transfer-encoding"": ""chunked"", ""connection"": ""keep-alive"", ""cf-ray"": ""81ba7d6b79570a79-AMS"", ""cf-cache-status"": ""HIT"", ""cache-control"": ""private"", ""last-modified"": ""Tue, 24 Oct 2023 18:50:07 GMT"", ""set-cookie"": ""__dcfduid=bdfe1b10733211eeb2a325767f5416af; Expires=Mon, 23 Oct 2028 12:33:46 GMT; Max-Age=157680000; Path=/; Secure; HttpOnly; SameSite=Lax"", ""strict-transport-security"": ""max-age=31536000; includeSubDomains; preload"", ""content-security-policy"": ""default-src 'self'; script-src 'self' 'unsafe-inline' 'nonce-MTMxLDE5NywyMjgsNjAsOTEsMTgyLDg1LDg0' https://discord.com https://www.googletagmanager.com https://connect.facebook.net https://www.google-analytics.com https://ssl.google-analytics.com https://www.gstatic.com/recaptcha/ https://www.google.com/recaptcha/ https://recaptcha.net/recaptcha/ https://hcaptcha.com https://*.hcaptcha.com https://s.ytimg.com/yts/jsbin/ https://www.youtube.com/iframe_api https://geolocation.onetrust.com/cookieconsentpub/v1/geo/location; style-src 'self' 'unsafe-inline' https://fonts.googleapis.com https://*.hcaptcha.com https://hcaptcha.com; img-src 'self' https://www.google-analytics.com https://www.googletagmanager.com https://www.facebook.com https://cdn.discordapp.com https://hackerone-api.discord.workers.dev/user-avatars/ https://safety.discord.com https://discord""}"
4,"GET https://discord.com/  HTTP/1.1
Host: discord.com
User-Agent: Mozilla/5.0 (Windows NT 10.0; rv:102.0) Gecko/20100101 Firefox/102.0
Accept: text/html,application/xhtml+xml,application/xml;q=0.9,image/avif,image/webp,*/*;q=0.8
Accept-Encoding: gzip, deflate, br
Accept-Language: en-US,en;q=0.5
DNT: 1
Connection: keep-alive
Upgrade-Insecure-Requests: 1
Sec-Fetch-Dest: document
Sec-Fetch-Mode: navigate
Sec-Fetch-Site: cross-site

",0,https://discord.com/,445,HTTP/1.1,0.25064969062805176,0.11637139320373535,0.07488012313842773,200,OK,[''],11,11,0,"{""date"": ""Wed, 25 Oct 2023 12:33:57 GMT"", ""content-type"": ""text/html"", ""transfer-encoding"": ""chunked"", ""connection"": ""keep-alive"", ""cf-ray"": ""81ba7dad3cbe66b6-AMS"", ""cf-cache-status"": ""HIT"", ""cache-control"": ""private"", ""last-modified"": ""Tue, 24 Oct 2023 18:50:07 GMT"", ""set-cookie"": ""__dcfduid=c443c9c0733211ee81b43f14d39ebed4; Expires=Mon, 23 Oct 2028 12:33:57 GMT; Max-Age=157680000; Path=/; Secure; HttpOnly; SameSite=Lax"", ""strict-transport-security"": ""max-age=31536000; includeSubDomains; preload"", ""content-security-policy"": ""default-src 'self'; script-src 'self' 'unsafe-inline' 'nonce-MTI0LDIwNCwyNTEsMTk1LDEyMiwxODYsMTg3LDYw' https://discord.com https://www.googletagmanager.com https://connect.facebook.net https://www.google-analytics.com https://ssl.google-analytics.com https://www.gstatic.com/recaptcha/ https://www.google.com/recaptcha/ https://recaptcha.net/recaptcha/ https://hcaptcha.com https://*.hcaptcha.com https://s.ytimg.com/yts/jsbin/ https://www.youtube.com/iframe_api https://geolocation.onetrust.com/cookieconsentpub/v1/geo/location; style-src 'self' 'unsafe-inline' https://fonts.googleapis.com https://*.hcaptcha.com https://hcaptcha.com; img-src 'self' https://www.google-analytics.com https://www.googletagmanager.com https://www.facebook.com https://cdn.discordapp.com https://hackerone-api.discord.workers.dev/user-avatars/ https://safety.discord.com https://dis""}"
5,"GET https://discord.com/  HTTP/1.1
Host: discord.com
User-Agent: Mozilla/5.0 (Windows NT 10.0; rv:102.0) Gecko/20100101 Firefox/102.0
Accept: text/html,application/xhtml+xml,application/xml;q=0.9,image/avif,image/webp,*/*;q=0.8
Accept-Encoding: gzip, deflate, br
Accept-Language: en-US,en;q=0.5
DNT: 1
Connection: keep-alive
Upgrade-Insecure-Requests: 1
Sec-Fetch-Dest: document
Sec-Fetch-Mode: navigate
Sec-Fetch-Site: cross-site

",0,https://discord.com/,445,HTTP/1.1,0.17989349365234375,0.11869001388549805,0.06866192817687988,200,OK,[''],11,11,0,"{""date"": ""Wed, 25 Oct 2023 12:34:07 GMT"", ""content-type"": ""text/html"", ""transfer-encoding"": ""chunked"", ""connection"": ""keep-alive"", ""cf-ray"": ""81ba7deeacd80bd6-AMS"", ""cf-cache-status"": ""HIT"", ""cache-control"": ""private"", ""last-modified"": ""Tue, 24 Oct 2023 18:50:07 GMT"", ""set-cookie"": ""__dcfduid=ca809ed0733211eeae2f451735e683da; Expires=Mon, 23 Oct 2028 12:34:07 GMT; Max-Age=157680000; Path=/; Secure; HttpOnly; SameSite=Lax"", ""strict-transport-security"": ""max-age=31536000; includeSubDomains; preload"", ""content-security-policy"": ""default-src 'self'; script-src 'self' 'unsafe-inline' 'nonce-MjM5LDkyLDkxLDEyOSw2LDg5LDU2LDE2OQ==' https://discord.com https://www.googletagmanager.com https://connect.facebook.net https://www.google-analytics.com https://ssl.google-analytics.com https://www.gstatic.com/recaptcha/ https://www.google.com/recaptcha/ https://recaptcha.net/recaptcha/ https://hcaptcha.com https://*.hcaptcha.com https://s.ytimg.com/yts/jsbin/ https://www.youtube.com/iframe_api https://geolocation.onetrust.com/cookieconsentpub/v1/geo/location; style-src 'self' 'unsafe-inline' https://fonts.googleapis.com https://*.hcaptcha.com https://hcaptcha.com; img-src 'self' https://www.google-analytics.com https://www.googletagmanager.com https://www.facebook.com https://cdn.discordapp.com https://hackerone-api.discord.workers.dev/user-avatars/ https://safety.discord.com https://discord""}"
6,"GET https://discord.com/  HTTP/1.1
Host: discord.com
User-Agent: Mozilla/5.0 (Windows NT 10.0; rv:102.0) Gecko/20100101 Firefox/102.0
Accept: text/html,application/xhtml+xml,application/xml;q=0.9,image/avif,image/webp,*/*;q=0.8
Accept-Encoding: gzip, deflate, br
Accept-Language: en-US,en;q=0.5
DNT: 1
Connection: keep-alive
Upgrade-Insecure-Requests: 1
Sec-Fetch-Dest: document
Sec-Fetch-Mode: navigate
Sec-Fetch-Site: cross-site

",0,https://discord.com/,445,HTTP/1.1,0.18421554565429688,0.12859654426574707,0.050061702728271484,200,OK,[''],11,11,0,"{""date"": ""Wed, 25 Oct 2023 12:34:17 GMT"", ""content-type"": ""text/html"", ""transfer-encoding"": ""chunked"", ""connection"": ""keep-alive"", ""cf-ray"": ""81ba7e2cf813b755-AMS"", ""cf-cache-status"": ""HIT"", ""cache-control"": ""private"", ""last-modified"": ""Tue, 24 Oct 2023 18:50:07 GMT"", ""set-cookie"": ""__dcfduid=d07128a0733211eeb7e501ad422b0450; Expires=Mon, 23 Oct 2028 12:34:17 GMT; Max-Age=157680000; Path=/; Secure; HttpOnly; SameSite=Lax"", ""strict-transport-security"": ""max-age=31536000; includeSubDomains; preload"", ""content-security-policy"": ""default-src 'self'; script-src 'self' 'unsafe-inline' 'nonce-MTUzLDczLDE2MCwxOTcsNjgsMjIyLDEwMSwxOTc=' https://discord.com https://www.googletagmanager.com https://connect.facebook.net https://www.google-analytics.com https://ssl.google-analytics.com https://www.gstatic.com/recaptcha/ https://www.google.com/recaptcha/ https://recaptcha.net/recaptcha/ https://hcaptcha.com https://*.hcaptcha.com https://s.ytimg.com/yts/jsbin/ https://www.youtube.com/iframe_api https://geolocation.onetrust.com/cookieconsentpub/v1/geo/location; style-src 'self' 'unsafe-inline' https://fonts.googleapis.com https://*.hcaptcha.com https://hcaptcha.com; img-src 'self' https://www.google-analytics.com https://www.googletagmanager.com https://www.facebook.com https://cdn.discordapp.com https://hackerone-api.discord.workers.dev/user-avatars/ https://safety.discord.com https://dis""}"
7,"GET https://discord.com/  HTTP/1.1
Host: discord.com
User-Agent: Mozilla/5.0 (Windows NT 10.0; rv:102.0) Gecko/20100101 Firefox/102.0
Accept: text/html,application/xhtml+xml,application/xml;q=0.9,image/avif,image/webp,*/*;q=0.8
Accept-Encoding: gzip, deflate, br
Accept-Language: en-US,en;q=0.5
DNT: 1
Connection: keep-alive
Upgrade-Insecure-Requests: 1
Sec-Fetch-Dest: document
Sec-Fetch-Mode: navigate
Sec-Fetch-Site: cross-site

",0,https://discord.com/,445,HTTP/1.1,0.08610105514526367,0.10997223854064941,0.0747227668762207,200,OK,[''],11,11,0,"{""date"": ""Wed, 25 Oct 2023 12:34:28 GMT"", ""content-type"": ""text/html"", ""transfer-encoding"": ""chunked"", ""connection"": ""keep-alive"", ""cf-ray"": ""81ba7e6cfed0669d-AMS"", ""cf-cache-status"": ""HIT"", ""cache-control"": ""private"", ""last-modified"": ""Tue, 24 Oct 2023 18:50:07 GMT"", ""set-cookie"": ""__dcfduid=d6903c80733211ee931439b4e18c94e1; Expires=Mon, 23 Oct 2028 12:34:28 GMT; Max-Age=157680000; Path=/; Secure; HttpOnly; SameSite=Lax"", ""strict-transport-security"": ""max-age=31536000; includeSubDomains; preload"", ""content-security-policy"": ""default-src 'self'; script-src 'self' 'unsafe-inline' 'nonce-MjM1LDU5LDc5LDE0OCw5MCwyMjMsMTQ5LDEx' https://discord.com https://www.googletagmanager.com https://connect.facebook.net https://www.google-analytics.com https://ssl.google-analytics.com https://www.gstatic.com/recaptcha/ https://www.google.com/recaptcha/ https://recaptcha.net/recaptcha/ https://hcaptcha.com https://*.hcaptcha.com https://s.ytimg.com/yts/jsbin/ https://www.youtube.com/iframe_api https://geolocation.onetrust.com/cookieconsentpub/v1/geo/location; style-src 'self' 'unsafe-inline' https://fonts.googleapis.com https://*.hcaptcha.com https://hcaptcha.com; img-src 'self' https://www.google-analytics.com https://www.googletagmanager.com https://www.facebook.com https://cdn.discordapp.com https://hackerone-api.discord.workers.dev/user-avatars/ https://safety.discord.com https://discord""}"
8,"GET https://discord.com/  HTTP/1.1
Host: discord.com
User-Agent: Mozilla/5.0 (Windows NT 10.0; rv:102.0) Gecko/20100101 Firefox/102.0
Accept: text/html,application/xhtml+xml,application/xml;q=0.9,image/avif,image/webp,*/*;q=0.8
Accept-Encoding: gzip, deflate, br
Accept-Language: en-US,en;q=0.5
DNT: 1
Connection: keep-alive
Upgrade-Insecure-Requests: 1
Sec-Fetch-Dest: document
Sec-Fetch-Mode: navigate
Sec-Fetch-Site: cross-site

",0,https://discord.com/,445,HTTP/1.1,0.1517505645751953,0.11667084693908691,0.06549286842346191,200,OK,[''],11,11,0,"{""date"": ""Wed, 25 Oct 2023 12:34:38 GMT"", ""content-type"": ""text/html"", ""transfer-encoding"": ""chunked"", ""connection"": ""keep-alive"", ""cf-ray"": ""81ba7ead9fffd0c1-AMS"", ""cf-cache-status"": ""HIT"", ""cache-control"": ""private"", ""last-modified"": ""Tue, 24 Oct 2023 18:50:07 GMT"", ""set-cookie"": ""__dcfduid=dcb78dc0733211ee8c6f4fc5b7b616f6; Expires=Mon, 23 Oct 2028 12:34:38 GMT; Max-Age=157680000; Path=/; Secure; HttpOnly; SameSite=Lax"", ""strict-transport-security"": ""max-age=31536000; includeSubDomains; preload"", ""content-security-policy"": ""default-src 'self'; script-src 'self' 'unsafe-inline' 'nonce-MywyMDEsMTI1LDU4LDYxLDE4NSw2OSw2MQ==' https://discord.com https://www.googletagmanager.com https://connect.facebook.net https://www.google-analytics.com https://ssl.google-analytics.com https://www.gstatic.com/recaptcha/ https://www.google.com/recaptcha/ https://recaptcha.net/recaptcha/ https://hcaptcha.com https://*.hcaptcha.com https://s.ytimg.com/yts/jsbin/ https://www.youtube.com/iframe_api https://geolocation.onetrust.com/cookieconsentpub/v1/geo/location; style-src 'self' 'unsafe-inline' https://fonts.googleapis.com https://*.hcaptcha.com https://hcaptcha.com; img-src 'self' https://www.google-analytics.com https://www.googletagmanager.com https://www.facebook.com https://cdn.discordapp.com https://hackerone-api.discord.workers.dev/user-avatars/ https://safety.discord.com https://discord""}"
9,"GET https://discord.com/  HTTP/1.1
Host: discord.com
User-Agent: Mozilla/5.0 (Windows NT 10.0; rv:102.0) Gecko/20100101 Firefox/102.0
Accept: text/html,application/xhtml+xml,application/xml;q=0.9,image/avif,image/webp,*/*;q=0.8
Accept-Encoding: gzip, deflate, br
Accept-Language: en-US,en;q=0.5
DNT: 1
Connection: keep-alive
Upgrade-Insecure-Requests: 1
Sec-Fetch-Dest: document
Sec-Fetch-Mode: navigate
Sec-Fetch-Site: cross-site

",0,https://discord.com/,445,HTTP/1.1,0.21302413940429688,0.10616564750671387,0.0769047737121582,200,OK,[''],11,11,0,"{""date"": ""Wed, 25 Oct 2023 12:34:48 GMT"", ""content-type"": ""text/html"", ""transfer-encoding"": ""chunked"", ""connection"": ""keep-alive"", ""cf-ray"": ""81ba7eea7ecb2868-AMS"", ""cf-cache-status"": ""HIT"", ""cache-control"": ""private"", ""last-modified"": ""Tue, 24 Oct 2023 18:50:07 GMT"", ""set-cookie"": ""__dcfduid=e2854d50733211eea9175b247da727fd; Expires=Mon, 23 Oct 2028 12:34:48 GMT; Max-Age=157680000; Path=/; Secure; HttpOnly; SameSite=Lax"", ""strict-transport-security"": ""max-age=31536000; includeSubDomains; preload"", ""content-security-policy"": ""default-src 'self'; script-src 'self' 'unsafe-inline' 'nonce-ODAsMjE3LDEyLDI0MCwxMzgsMjM0LDI1NCwxOTg=' https://discord.com https://www.googletagmanager.com https://connect.facebook.net https://www.google-analytics.com https://ssl.google-analytics.com https://www.gstatic.com/recaptcha/ https://www.google.com/recaptcha/ https://recaptcha.net/recaptcha/ https://hcaptcha.com https://*.hcaptcha.com https://s.ytimg.com/yts/jsbin/ https://www.youtube.com/iframe_api https://geolocation.onetrust.com/cookieconsentpub/v1/geo/location; style-src 'self' 'unsafe-inline' https://fonts.googleapis.com https://*.hcaptcha.com https://hcaptcha.com; img-src 'self' https://www.google-analytics.com https://www.googletagmanager.com https://www.facebook.com https://cdn.discordapp.com https://hackerone-api.discord.workers.dev/user-avatars/ https://safety.discord.com https://dis""}"
