,Attempt No.,uri,Deviation Count,Status Code,Response_Time,response_header_count,response_header_length,response_body_length,response_header_fields
0,0,https://www.magnite.com/,0,200,0.3164100646972656,14,14,44188,"{'server': 'nginx', 'date': 'Wed, 25 Oct 2023 12:33:13 GMT', 'content-type': 'text/html; charset=UTF-8', 'transfer-encoding': 'chunked', 'connection': 'keep-alive', 'keep-alive': 'timeout=20', 'vary': 'Accept-Encoding,Cookie', 'x-powered-by': 'WP Engine', 'link': '<https://www.magnite.com/>; rel=shortlink', 'x-cacheable': 'SHORT', 'cache-control': 'max-age=600, must-revalidate', 'x-cache': 'HIT: 35', 'x-cache-group': 'normal', 'content-encoding': 'br'}"
1,1,https://www.magnite.com/,0,200,0.2784159183502197,14,14,44188,"{'server': 'nginx', 'date': 'Wed, 25 Oct 2023 12:33:24 GMT', 'content-type': 'text/html; charset=UTF-8', 'transfer-encoding': 'chunked', 'connection': 'keep-alive', 'keep-alive': 'timeout=20', 'vary': 'Accept-Encoding,Cookie', 'x-powered-by': 'WP Engine', 'link': '<https://www.magnite.com/>; rel=shortlink', 'x-cacheable': 'SHORT', 'cache-control': 'max-age=600, must-revalidate', 'x-cache': 'HIT: 37', 'x-cache-group': 'normal', 'content-encoding': 'br'}"
2,2,https://www.magnite.com/,0,200,0.25742173194885254,14,14,44188,"{'server': 'nginx', 'date': 'Wed, 25 Oct 2023 12:33:35 GMT', 'content-type': 'text/html; charset=UTF-8', 'transfer-encoding': 'chunked', 'connection': 'keep-alive', 'keep-alive': 'timeout=20', 'vary': 'Accept-Encoding,Cookie', 'x-powered-by': 'WP Engine', 'link': '<https://www.magnite.com/>; rel=shortlink', 'x-cacheable': 'SHORT', 'cache-control': 'max-age=600, must-revalidate', 'x-cache': 'HIT: 39', 'x-cache-group': 'normal', 'content-encoding': 'br'}"
3,3,https://www.magnite.com/,0,200,0.2733135223388672,14,14,44188,"{'server': 'nginx', 'date': 'Wed, 25 Oct 2023 12:33:45 GMT', 'content-type': 'text/html; charset=UTF-8', 'transfer-encoding': 'chunked', 'connection': 'keep-alive', 'keep-alive': 'timeout=20', 'vary': 'Accept-Encoding,Cookie', 'x-powered-by': 'WP Engine', 'link': '<https://www.magnite.com/>; rel=shortlink', 'x-cacheable': 'SHORT', 'cache-control': 'max-age=600, must-revalidate', 'x-cache': 'HIT: 41', 'x-cache-group': 'normal', 'content-encoding': 'br'}"
4,4,https://www.magnite.com/,0,200,0.27182483673095703,14,14,44188,"{'server': 'nginx', 'date': 'Wed, 25 Oct 2023 12:33:56 GMT', 'content-type': 'text/html; charset=UTF-8', 'transfer-encoding': 'chunked', 'connection': 'keep-alive', 'keep-alive': 'timeout=20', 'vary': 'Accept-Encoding,Cookie', 'x-powered-by': 'WP Engine', 'link': '<https://www.magnite.com/>; rel=shortlink', 'x-cacheable': 'SHORT', 'cache-control': 'max-age=600, must-revalidate', 'x-cache': 'HIT: 44', 'x-cache-group': 'normal', 'content-encoding': 'br'}"
5,5,https://www.magnite.com/,0,200,0.2707390785217285,14,14,44188,"{'server': 'nginx', 'date': 'Wed, 25 Oct 2023 12:34:06 GMT', 'content-type': 'text/html; charset=UTF-8', 'transfer-encoding': 'chunked', 'connection': 'keep-alive', 'keep-alive': 'timeout=20', 'vary': 'Accept-Encoding,Cookie', 'x-powered-by': 'WP Engine', 'link': '<https://www.magnite.com/>; rel=shortlink', 'x-cacheable': 'SHORT', 'cache-control': 'max-age=600, must-revalidate', 'x-cache': 'HIT: 45', 'x-cache-group': 'normal', 'content-encoding': 'br'}"
6,6,https://www.magnite.com/,0,200,0.2582099437713623,14,14,44188,"{'server': 'nginx', 'date': 'Wed, 25 Oct 2023 12:34:16 GMT', 'content-type': 'text/html; charset=UTF-8', 'transfer-encoding': 'chunked', 'connection': 'keep-alive', 'keep-alive': 'timeout=20', 'vary': 'Accept-Encoding,Cookie', 'x-powered-by': 'WP Engine', 'link': '<https://www.magnite.com/>; rel=shortlink', 'x-cacheable': 'SHORT', 'cache-control': 'max-age=600, must-revalidate', 'x-cache': 'HIT: 47', 'x-cache-group': 'normal', 'content-encoding': 'br'}"
7,7,https://www.magnite.com/,0,200,0.2600438594818115,14,14,44188,"{'server': 'nginx', 'date': 'Wed, 25 Oct 2023 12:34:27 GMT', 'content-type': 'text/html; charset=UTF-8', 'transfer-encoding': 'chunked', 'connection': 'keep-alive', 'keep-alive': 'timeout=20', 'vary': 'Accept-Encoding,Cookie', 'x-powered-by': 'WP Engine', 'link': '<https://www.magnite.com/>; rel=shortlink', 'x-cacheable': 'SHORT', 'cache-control': 'max-age=600, must-revalidate', 'x-cache': 'HIT: 58', 'x-cache-group': 'normal', 'content-encoding': 'br'}"
8,8,https://www.magnite.com/,0,200,0.29459118843078613,14,14,44188,"{'server': 'nginx', 'date': 'Wed, 25 Oct 2023 12:34:37 GMT', 'content-type': 'text/html; charset=UTF-8', 'transfer-encoding': 'chunked', 'connection': 'keep-alive', 'keep-alive': 'timeout=20', 'vary': 'Accept-Encoding,Cookie', 'x-powered-by': 'WP Engine', 'link': '<https://www.magnite.com/>; rel=shortlink', 'x-cacheable': 'SHORT', 'cache-control': 'max-age=600, must-revalidate', 'x-cache': 'HIT: 60', 'x-cache-group': 'normal', 'content-encoding': 'br'}"
9,9,https://www.magnite.com/,0,200,0.2813687324523926,14,14,44188,"{'server': 'nginx', 'date': 'Wed, 25 Oct 2023 12:34:47 GMT', 'content-type': 'text/html; charset=UTF-8', 'transfer-encoding': 'chunked', 'connection': 'keep-alive', 'keep-alive': 'timeout=20', 'vary': 'Accept-Encoding,Cookie', 'x-powered-by': 'WP Engine', 'link': '<https://www.magnite.com/>; rel=shortlink', 'x-cacheable': 'SHORT', 'cache-control': 'max-age=600, must-revalidate', 'x-cache': 'HIT: 63', 'x-cache-group': 'normal', 'content-encoding': 'br'}"
