number,request,deviation_count,uri,request_length,http_version,Socket_Connect_Time,Socket_Close_Time,Response_Time,status_code,reason_phrase,error_message,response_header_count,response_header_length,response_body_length,response_header_fields
0,"GET https://www.magnite.com/  HTTP/1.1
Host: www.magnite.com
User-Agent: Mozilla/5.0 (Windows NT 10.0; rv:102.0) Gecko/20100101 Firefox/102.0
Accept: text/html,application/xhtml+xml,application/xml;q=0.9,image/avif,image/webp,*/*;q=0.8
Accept-Encoding: gzip, deflate, br
Accept-Language: en-US,en;q=0.5
DNT: 1
Connection: keep-alive
Upgrade-Insecure-Requests: 1
Sec-Fetch-Dest: document
Sec-Fetch-Mode: navigate
Sec-Fetch-Site: cross-site

",0,https://www.magnite.com/,453,HTTP/1.1,0.46918582916259766,0.11586546897888184,0.3164100646972656,200,OK,[''],14,14,44188,"{""server"": ""nginx"", ""date"": ""Wed, 25 Oct 2023 12:33:13 GMT"", ""content-type"": ""text/html; charset=UTF-8"", ""transfer-encoding"": ""chunked"", ""connection"": ""keep-alive"", ""keep-alive"": ""timeout=20"", ""vary"": ""Accept-Encoding,Cookie"", ""x-powered-by"": ""WP Engine"", ""link"": ""<https://www.magnite.com/>; rel=shortlink"", ""x-cacheable"": ""SHORT"", ""cache-control"": ""max-age=600, must-revalidate"", ""x-cache"": ""HIT: 35"", ""x-cache-group"": ""normal"", ""content-encoding"": ""br""}"
1,"GET https://www.magnite.com/  HTTP/1.1
Host: www.magnite.com
User-Agent: Mozilla/5.0 (Windows NT 10.0; rv:102.0) Gecko/20100101 Firefox/102.0
Accept: text/html,application/xhtml+xml,application/xml;q=0.9,image/avif,image/webp,*/*;q=0.8
Accept-Encoding: gzip, deflate, br
Accept-Language: en-US,en;q=0.5
DNT: 1
Connection: keep-alive
Upgrade-Insecure-Requests: 1
Sec-Fetch-Dest: document
Sec-Fetch-Mode: navigate
Sec-Fetch-Site: cross-site

",0,https://www.magnite.com/,453,HTTP/1.1,0.4448082447052002,0.17949342727661133,0.2784159183502197,200,OK,[''],14,14,44188,"{""server"": ""nginx"", ""date"": ""Wed, 25 Oct 2023 12:33:24 GMT"", ""content-type"": ""text/html; charset=UTF-8"", ""transfer-encoding"": ""chunked"", ""connection"": ""keep-alive"", ""keep-alive"": ""timeout=20"", ""vary"": ""Accept-Encoding,Cookie"", ""x-powered-by"": ""WP Engine"", ""link"": ""<https://www.magnite.com/>; rel=shortlink"", ""x-cacheable"": ""SHORT"", ""cache-control"": ""max-age=600, must-revalidate"", ""x-cache"": ""HIT: 37"", ""x-cache-group"": ""normal"", ""content-encoding"": ""br""}"
2,"GET https://www.magnite.com/  HTTP/1.1
Host: www.magnite.com
User-Agent: Mozilla/5.0 (Windows NT 10.0; rv:102.0) Gecko/20100101 Firefox/102.0
Accept: text/html,application/xhtml+xml,application/xml;q=0.9,image/avif,image/webp,*/*;q=0.8
Accept-Encoding: gzip, deflate, br
Accept-Language: en-US,en;q=0.5
DNT: 1
Connection: keep-alive
Upgrade-Insecure-Requests: 1
Sec-Fetch-Dest: document
Sec-Fetch-Mode: navigate
Sec-Fetch-Site: cross-site

",0,https://www.magnite.com/,453,HTTP/1.1,0.5239124298095703,0.13370180130004883,0.25742173194885254,200,OK,[''],14,14,44188,"{""server"": ""nginx"", ""date"": ""Wed, 25 Oct 2023 12:33:35 GMT"", ""content-type"": ""text/html; charset=UTF-8"", ""transfer-encoding"": ""chunked"", ""connection"": ""keep-alive"", ""keep-alive"": ""timeout=20"", ""vary"": ""Accept-Encoding,Cookie"", ""x-powered-by"": ""WP Engine"", ""link"": ""<https://www.magnite.com/>; rel=shortlink"", ""x-cacheable"": ""SHORT"", ""cache-control"": ""max-age=600, must-revalidate"", ""x-cache"": ""HIT: 39"", ""x-cache-group"": ""normal"", ""content-encoding"": ""br""}"
3,"GET https://www.magnite.com/  HTTP/1.1
Host: www.magnite.com
User-Agent: Mozilla/5.0 (Windows NT 10.0; rv:102.0) Gecko/20100101 Firefox/102.0
Accept: text/html,application/xhtml+xml,application/xml;q=0.9,image/avif,image/webp,*/*;q=0.8
Accept-Encoding: gzip, deflate, br
Accept-Language: en-US,en;q=0.5
DNT: 1
Connection: keep-alive
Upgrade-Insecure-Requests: 1
Sec-Fetch-Dest: document
Sec-Fetch-Mode: navigate
Sec-Fetch-Site: cross-site

",0,https://www.magnite.com/,453,HTTP/1.1,0.49683547019958496,0.11296725273132324,0.2733135223388672,200,OK,[''],14,14,44188,"{""server"": ""nginx"", ""date"": ""Wed, 25 Oct 2023 12:33:45 GMT"", ""content-type"": ""text/html; charset=UTF-8"", ""transfer-encoding"": ""chunked"", ""connection"": ""keep-alive"", ""keep-alive"": ""timeout=20"", ""vary"": ""Accept-Encoding,Cookie"", ""x-powered-by"": ""WP Engine"", ""link"": ""<https://www.magnite.com/>; rel=shortlink"", ""x-cacheable"": ""SHORT"", ""cache-control"": ""max-age=600, must-revalidate"", ""x-cache"": ""HIT: 41"", ""x-cache-group"": ""normal"", ""content-encoding"": ""br""}"
4,"GET https://www.magnite.com/  HTTP/1.1
Host: www.magnite.com
User-Agent: Mozilla/5.0 (Windows NT 10.0; rv:102.0) Gecko/20100101 Firefox/102.0
Accept: text/html,application/xhtml+xml,application/xml;q=0.9,image/avif,image/webp,*/*;q=0.8
Accept-Encoding: gzip, deflate, br
Accept-Language: en-US,en;q=0.5
DNT: 1
Connection: keep-alive
Upgrade-Insecure-Requests: 1
Sec-Fetch-Dest: document
Sec-Fetch-Mode: navigate
Sec-Fetch-Site: cross-site

",0,https://www.magnite.com/,453,HTTP/1.1,0.5658166408538818,0.12926363945007324,0.27182483673095703,200,OK,[''],14,14,44188,"{""server"": ""nginx"", ""date"": ""Wed, 25 Oct 2023 12:33:56 GMT"", ""content-type"": ""text/html; charset=UTF-8"", ""transfer-encoding"": ""chunked"", ""connection"": ""keep-alive"", ""keep-alive"": ""timeout=20"", ""vary"": ""Accept-Encoding,Cookie"", ""x-powered-by"": ""WP Engine"", ""link"": ""<https://www.magnite.com/>; rel=shortlink"", ""x-cacheable"": ""SHORT"", ""cache-control"": ""max-age=600, must-revalidate"", ""x-cache"": ""HIT: 44"", ""x-cache-group"": ""normal"", ""content-encoding"": ""br""}"
5,"GET https://www.magnite.com/  HTTP/1.1
Host: www.magnite.com
User-Agent: Mozilla/5.0 (Windows NT 10.0; rv:102.0) Gecko/20100101 Firefox/102.0
Accept: text/html,application/xhtml+xml,application/xml;q=0.9,image/avif,image/webp,*/*;q=0.8
Accept-Encoding: gzip, deflate, br
Accept-Language: en-US,en;q=0.5
DNT: 1
Connection: keep-alive
Upgrade-Insecure-Requests: 1
Sec-Fetch-Dest: document
Sec-Fetch-Mode: navigate
Sec-Fetch-Site: cross-site

",0,https://www.magnite.com/,453,HTTP/1.1,0.6166439056396484,0.11065840721130371,0.2707390785217285,200,OK,[''],14,14,44188,"{""server"": ""nginx"", ""date"": ""Wed, 25 Oct 2023 12:34:06 GMT"", ""content-type"": ""text/html; charset=UTF-8"", ""transfer-encoding"": ""chunked"", ""connection"": ""keep-alive"", ""keep-alive"": ""timeout=20"", ""vary"": ""Accept-Encoding,Cookie"", ""x-powered-by"": ""WP Engine"", ""link"": ""<https://www.magnite.com/>; rel=shortlink"", ""x-cacheable"": ""SHORT"", ""cache-control"": ""max-age=600, must-revalidate"", ""x-cache"": ""HIT: 45"", ""x-cache-group"": ""normal"", ""content-encoding"": ""br""}"
6,"GET https://www.magnite.com/  HTTP/1.1
Host: www.magnite.com
User-Agent: Mozilla/5.0 (Windows NT 10.0; rv:102.0) Gecko/20100101 Firefox/102.0
Accept: text/html,application/xhtml+xml,application/xml;q=0.9,image/avif,image/webp,*/*;q=0.8
Accept-Encoding: gzip, deflate, br
Accept-Language: en-US,en;q=0.5
DNT: 1
Connection: keep-alive
Upgrade-Insecure-Requests: 1
Sec-Fetch-Dest: document
Sec-Fetch-Mode: navigate
Sec-Fetch-Site: cross-site

",0,https://www.magnite.com/,453,HTTP/1.1,0.4872457981109619,0.10645294189453125,0.2582099437713623,200,OK,[''],14,14,44188,"{""server"": ""nginx"", ""date"": ""Wed, 25 Oct 2023 12:34:16 GMT"", ""content-type"": ""text/html; charset=UTF-8"", ""transfer-encoding"": ""chunked"", ""connection"": ""keep-alive"", ""keep-alive"": ""timeout=20"", ""vary"": ""Accept-Encoding,Cookie"", ""x-powered-by"": ""WP Engine"", ""link"": ""<https://www.magnite.com/>; rel=shortlink"", ""x-cacheable"": ""SHORT"", ""cache-control"": ""max-age=600, must-revalidate"", ""x-cache"": ""HIT: 47"", ""x-cache-group"": ""normal"", ""content-encoding"": ""br""}"
7,"GET https://www.magnite.com/  HTTP/1.1
Host: www.magnite.com
User-Agent: Mozilla/5.0 (Windows NT 10.0; rv:102.0) Gecko/20100101 Firefox/102.0
Accept: text/html,application/xhtml+xml,application/xml;q=0.9,image/avif,image/webp,*/*;q=0.8
Accept-Encoding: gzip, deflate, br
Accept-Language: en-US,en;q=0.5
DNT: 1
Connection: keep-alive
Upgrade-Insecure-Requests: 1
Sec-Fetch-Dest: document
Sec-Fetch-Mode: navigate
Sec-Fetch-Site: cross-site

",0,https://www.magnite.com/,453,HTTP/1.1,0.5274908542633057,0.10857629776000977,0.2600438594818115,200,OK,[''],14,14,44188,"{""server"": ""nginx"", ""date"": ""Wed, 25 Oct 2023 12:34:27 GMT"", ""content-type"": ""text/html; charset=UTF-8"", ""transfer-encoding"": ""chunked"", ""connection"": ""keep-alive"", ""keep-alive"": ""timeout=20"", ""vary"": ""Accept-Encoding,Cookie"", ""x-powered-by"": ""WP Engine"", ""link"": ""<https://www.magnite.com/>; rel=shortlink"", ""x-cacheable"": ""SHORT"", ""cache-control"": ""max-age=600, must-revalidate"", ""x-cache"": ""HIT: 58"", ""x-cache-group"": ""normal"", ""content-encoding"": ""br""}"
8,"GET https://www.magnite.com/  HTTP/1.1
Host: www.magnite.com
User-Agent: Mozilla/5.0 (Windows NT 10.0; rv:102.0) Gecko/20100101 Firefox/102.0
Accept: text/html,application/xhtml+xml,application/xml;q=0.9,image/avif,image/webp,*/*;q=0.8
Accept-Encoding: gzip, deflate, br
Accept-Language: en-US,en;q=0.5
DNT: 1
Connection: keep-alive
Upgrade-Insecure-Requests: 1
Sec-Fetch-Dest: document
Sec-Fetch-Mode: navigate
Sec-Fetch-Site: cross-site

",0,https://www.magnite.com/,453,HTTP/1.1,0.4574463367462158,0.11359214782714844,0.29459118843078613,200,OK,[''],14,14,44188,"{""server"": ""nginx"", ""date"": ""Wed, 25 Oct 2023 12:34:37 GMT"", ""content-type"": ""text/html; charset=UTF-8"", ""transfer-encoding"": ""chunked"", ""connection"": ""keep-alive"", ""keep-alive"": ""timeout=20"", ""vary"": ""Accept-Encoding,Cookie"", ""x-powered-by"": ""WP Engine"", ""link"": ""<https://www.magnite.com/>; rel=shortlink"", ""x-cacheable"": ""SHORT"", ""cache-control"": ""max-age=600, must-revalidate"", ""x-cache"": ""HIT: 60"", ""x-cache-group"": ""normal"", ""content-encoding"": ""br""}"
9,"GET https://www.magnite.com/  HTTP/1.1
Host: www.magnite.com
User-Agent: Mozilla/5.0 (Windows NT 10.0; rv:102.0) Gecko/20100101 Firefox/102.0
Accept: text/html,application/xhtml+xml,application/xml;q=0.9,image/avif,image/webp,*/*;q=0.8
Accept-Encoding: gzip, deflate, br
Accept-Language: en-US,en;q=0.5
DNT: 1
Connection: keep-alive
Upgrade-Insecure-Requests: 1
Sec-Fetch-Dest: document
Sec-Fetch-Mode: navigate
Sec-Fetch-Site: cross-site

",0,https://www.magnite.com/,453,HTTP/1.1,0.4455595016479492,0.10773468017578125,0.2813687324523926,200,OK,[''],14,14,44188,"{""server"": ""nginx"", ""date"": ""Wed, 25 Oct 2023 12:34:47 GMT"", ""content-type"": ""text/html; charset=UTF-8"", ""transfer-encoding"": ""chunked"", ""connection"": ""keep-alive"", ""keep-alive"": ""timeout=20"", ""vary"": ""Accept-Encoding,Cookie"", ""x-powered-by"": ""WP Engine"", ""link"": ""<https://www.magnite.com/>; rel=shortlink"", ""x-cacheable"": ""SHORT"", ""cache-control"": ""max-age=600, must-revalidate"", ""x-cache"": ""HIT: 63"", ""x-cache-group"": ""normal"", ""content-encoding"": ""br""}"
