[
    {
        "number": 0,
        "request": "GET https://www.magnite.com/  HTTP/1.1\r\nHost: www.magnite.com\r\nUser-Agent: Mozilla/5.0 (Windows NT 10.0; rv:102.0) Gecko/20100101 Firefox/102.0\r\nAccept: text/html,application/xhtml+xml,application/xml;q=0.9,image/avif,image/webp,*/*;q=0.8\r\nAccept-Encoding: gzip, deflate, br\r\nAccept-Language: en-US,en;q=0.5\r\nDNT: 1\r\nConnection: keep-alive\r\nUpgrade-Insecure-Requests: 1\r\nSec-Fetch-Dest: document\r\nSec-Fetch-Mode: navigate\r\nSec-Fetch-Site: cross-site\r\n\r\n",
        "deviation_count": 0,
        "uri": "https://www.magnite.com/",
        "request_length": 453,
        "Response_Time": 0.3164100646972656,
        "status_code": 200,
        "reason_phrase": "OK",
        "error_message": [
            ""
        ],
        "response_header_count": 14,
        "response_header_length": 14,
        "response_body_length": 44188,
        "response_header_fields": {
            "server": "nginx",
            "date": "Wed, 25 Oct 2023 12:33:13 GMT",
            "content-type": "text/html; charset=UTF-8",
            "transfer-encoding": "chunked",
            "connection": "keep-alive",
            "keep-alive": "timeout=20",
            "vary": "Accept-Encoding,Cookie",
            "x-powered-by": "WP Engine",
            "link": "<https://www.magnite.com/>; rel=shortlink",
            "x-cacheable": "SHORT",
            "cache-control": "max-age=600, must-revalidate",
            "x-cache": "HIT: 35",
            "x-cache-group": "normal",
            "content-encoding": "br"
        }
    },
    {
        "number": 1,
        "request": "GET https://www.magnite.com/  HTTP/1.1\r\nHost: www.magnite.com\r\nUser-Agent: Mozilla/5.0 (Windows NT 10.0; rv:102.0) Gecko/20100101 Firefox/102.0\r\nAccept: text/html,application/xhtml+xml,application/xml;q=0.9,image/avif,image/webp,*/*;q=0.8\r\nAccept-Encoding: gzip, deflate, br\r\nAccept-Language: en-US,en;q=0.5\r\nDNT: 1\r\nConnection: keep-alive\r\nUpgrade-Insecure-Requests: 1\r\nSec-Fetch-Dest: document\r\nSec-Fetch-Mode: navigate\r\nSec-Fetch-Site: cross-site\r\n\r\n",
        "deviation_count": 0,
        "uri": "https://www.magnite.com/",
        "request_length": 453,
        "Response_Time": 0.2784159183502197,
        "status_code": 200,
        "reason_phrase": "OK",
        "error_message": [
            ""
        ],
        "response_header_count": 14,
        "response_header_length": 14,
        "response_body_length": 44188,
        "response_header_fields": {
            "server": "nginx",
            "date": "Wed, 25 Oct 2023 12:33:24 GMT",
            "content-type": "text/html; charset=UTF-8",
            "transfer-encoding": "chunked",
            "connection": "keep-alive",
            "keep-alive": "timeout=20",
            "vary": "Accept-Encoding,Cookie",
            "x-powered-by": "WP Engine",
            "link": "<https://www.magnite.com/>; rel=shortlink",
            "x-cacheable": "SHORT",
            "cache-control": "max-age=600, must-revalidate",
            "x-cache": "HIT: 37",
            "x-cache-group": "normal",
            "content-encoding": "br"
        }
    },
    {
        "number": 2,
        "request": "GET https://www.magnite.com/  HTTP/1.1\r\nHost: www.magnite.com\r\nUser-Agent: Mozilla/5.0 (Windows NT 10.0; rv:102.0) Gecko/20100101 Firefox/102.0\r\nAccept: text/html,application/xhtml+xml,application/xml;q=0.9,image/avif,image/webp,*/*;q=0.8\r\nAccept-Encoding: gzip, deflate, br\r\nAccept-Language: en-US,en;q=0.5\r\nDNT: 1\r\nConnection: keep-alive\r\nUpgrade-Insecure-Requests: 1\r\nSec-Fetch-Dest: document\r\nSec-Fetch-Mode: navigate\r\nSec-Fetch-Site: cross-site\r\n\r\n",
        "deviation_count": 0,
        "uri": "https://www.magnite.com/",
        "request_length": 453,
        "Response_Time": 0.25742173194885254,
        "status_code": 200,
        "reason_phrase": "OK",
        "error_message": [
            ""
        ],
        "response_header_count": 14,
        "response_header_length": 14,
        "response_body_length": 44188,
        "response_header_fields": {
            "server": "nginx",
            "date": "Wed, 25 Oct 2023 12:33:35 GMT",
            "content-type": "text/html; charset=UTF-8",
            "transfer-encoding": "chunked",
            "connection": "keep-alive",
            "keep-alive": "timeout=20",
            "vary": "Accept-Encoding,Cookie",
            "x-powered-by": "WP Engine",
            "link": "<https://www.magnite.com/>; rel=shortlink",
            "x-cacheable": "SHORT",
            "cache-control": "max-age=600, must-revalidate",
            "x-cache": "HIT: 39",
            "x-cache-group": "normal",
            "content-encoding": "br"
        }
    },
    {
        "number": 3,
        "request": "GET https://www.magnite.com/  HTTP/1.1\r\nHost: www.magnite.com\r\nUser-Agent: Mozilla/5.0 (Windows NT 10.0; rv:102.0) Gecko/20100101 Firefox/102.0\r\nAccept: text/html,application/xhtml+xml,application/xml;q=0.9,image/avif,image/webp,*/*;q=0.8\r\nAccept-Encoding: gzip, deflate, br\r\nAccept-Language: en-US,en;q=0.5\r\nDNT: 1\r\nConnection: keep-alive\r\nUpgrade-Insecure-Requests: 1\r\nSec-Fetch-Dest: document\r\nSec-Fetch-Mode: navigate\r\nSec-Fetch-Site: cross-site\r\n\r\n",
        "deviation_count": 0,
        "uri": "https://www.magnite.com/",
        "request_length": 453,
        "Response_Time": 0.2733135223388672,
        "status_code": 200,
        "reason_phrase": "OK",
        "error_message": [
            ""
        ],
        "response_header_count": 14,
        "response_header_length": 14,
        "response_body_length": 44188,
        "response_header_fields": {
            "server": "nginx",
            "date": "Wed, 25 Oct 2023 12:33:45 GMT",
            "content-type": "text/html; charset=UTF-8",
            "transfer-encoding": "chunked",
            "connection": "keep-alive",
            "keep-alive": "timeout=20",
            "vary": "Accept-Encoding,Cookie",
            "x-powered-by": "WP Engine",
            "link": "<https://www.magnite.com/>; rel=shortlink",
            "x-cacheable": "SHORT",
            "cache-control": "max-age=600, must-revalidate",
            "x-cache": "HIT: 41",
            "x-cache-group": "normal",
            "content-encoding": "br"
        }
    },
    {
        "number": 4,
        "request": "GET https://www.magnite.com/  HTTP/1.1\r\nHost: www.magnite.com\r\nUser-Agent: Mozilla/5.0 (Windows NT 10.0; rv:102.0) Gecko/20100101 Firefox/102.0\r\nAccept: text/html,application/xhtml+xml,application/xml;q=0.9,image/avif,image/webp,*/*;q=0.8\r\nAccept-Encoding: gzip, deflate, br\r\nAccept-Language: en-US,en;q=0.5\r\nDNT: 1\r\nConnection: keep-alive\r\nUpgrade-Insecure-Requests: 1\r\nSec-Fetch-Dest: document\r\nSec-Fetch-Mode: navigate\r\nSec-Fetch-Site: cross-site\r\n\r\n",
        "deviation_count": 0,
        "uri": "https://www.magnite.com/",
        "request_length": 453,
        "Response_Time": 0.27182483673095703,
        "status_code": 200,
        "reason_phrase": "OK",
        "error_message": [
            ""
        ],
        "response_header_count": 14,
        "response_header_length": 14,
        "response_body_length": 44188,
        "response_header_fields": {
            "server": "nginx",
            "date": "Wed, 25 Oct 2023 12:33:56 GMT",
            "content-type": "text/html; charset=UTF-8",
            "transfer-encoding": "chunked",
            "connection": "keep-alive",
            "keep-alive": "timeout=20",
            "vary": "Accept-Encoding,Cookie",
            "x-powered-by": "WP Engine",
            "link": "<https://www.magnite.com/>; rel=shortlink",
            "x-cacheable": "SHORT",
            "cache-control": "max-age=600, must-revalidate",
            "x-cache": "HIT: 44",
            "x-cache-group": "normal",
            "content-encoding": "br"
        }
    },
    {
        "number": 5,
        "request": "GET https://www.magnite.com/  HTTP/1.1\r\nHost: www.magnite.com\r\nUser-Agent: Mozilla/5.0 (Windows NT 10.0; rv:102.0) Gecko/20100101 Firefox/102.0\r\nAccept: text/html,application/xhtml+xml,application/xml;q=0.9,image/avif,image/webp,*/*;q=0.8\r\nAccept-Encoding: gzip, deflate, br\r\nAccept-Language: en-US,en;q=0.5\r\nDNT: 1\r\nConnection: keep-alive\r\nUpgrade-Insecure-Requests: 1\r\nSec-Fetch-Dest: document\r\nSec-Fetch-Mode: navigate\r\nSec-Fetch-Site: cross-site\r\n\r\n",
        "deviation_count": 0,
        "uri": "https://www.magnite.com/",
        "request_length": 453,
        "Response_Time": 0.2707390785217285,
        "status_code": 200,
        "reason_phrase": "OK",
        "error_message": [
            ""
        ],
        "response_header_count": 14,
        "response_header_length": 14,
        "response_body_length": 44188,
        "response_header_fields": {
            "server": "nginx",
            "date": "Wed, 25 Oct 2023 12:34:06 GMT",
            "content-type": "text/html; charset=UTF-8",
            "transfer-encoding": "chunked",
            "connection": "keep-alive",
            "keep-alive": "timeout=20",
            "vary": "Accept-Encoding,Cookie",
            "x-powered-by": "WP Engine",
            "link": "<https://www.magnite.com/>; rel=shortlink",
            "x-cacheable": "SHORT",
            "cache-control": "max-age=600, must-revalidate",
            "x-cache": "HIT: 45",
            "x-cache-group": "normal",
            "content-encoding": "br"
        }
    },
    {
        "number": 6,
        "request": "GET https://www.magnite.com/  HTTP/1.1\r\nHost: www.magnite.com\r\nUser-Agent: Mozilla/5.0 (Windows NT 10.0; rv:102.0) Gecko/20100101 Firefox/102.0\r\nAccept: text/html,application/xhtml+xml,application/xml;q=0.9,image/avif,image/webp,*/*;q=0.8\r\nAccept-Encoding: gzip, deflate, br\r\nAccept-Language: en-US,en;q=0.5\r\nDNT: 1\r\nConnection: keep-alive\r\nUpgrade-Insecure-Requests: 1\r\nSec-Fetch-Dest: document\r\nSec-Fetch-Mode: navigate\r\nSec-Fetch-Site: cross-site\r\n\r\n",
        "deviation_count": 0,
        "uri": "https://www.magnite.com/",
        "request_length": 453,
        "Response_Time": 0.2582099437713623,
        "status_code": 200,
        "reason_phrase": "OK",
        "error_message": [
            ""
        ],
        "response_header_count": 14,
        "response_header_length": 14,
        "response_body_length": 44188,
        "response_header_fields": {
            "server": "nginx",
            "date": "Wed, 25 Oct 2023 12:34:16 GMT",
            "content-type": "text/html; charset=UTF-8",
            "transfer-encoding": "chunked",
            "connection": "keep-alive",
            "keep-alive": "timeout=20",
            "vary": "Accept-Encoding,Cookie",
            "x-powered-by": "WP Engine",
            "link": "<https://www.magnite.com/>; rel=shortlink",
            "x-cacheable": "SHORT",
            "cache-control": "max-age=600, must-revalidate",
            "x-cache": "HIT: 47",
            "x-cache-group": "normal",
            "content-encoding": "br"
        }
    },
    {
        "number": 7,
        "request": "GET https://www.magnite.com/  HTTP/1.1\r\nHost: www.magnite.com\r\nUser-Agent: Mozilla/5.0 (Windows NT 10.0; rv:102.0) Gecko/20100101 Firefox/102.0\r\nAccept: text/html,application/xhtml+xml,application/xml;q=0.9,image/avif,image/webp,*/*;q=0.8\r\nAccept-Encoding: gzip, deflate, br\r\nAccept-Language: en-US,en;q=0.5\r\nDNT: 1\r\nConnection: keep-alive\r\nUpgrade-Insecure-Requests: 1\r\nSec-Fetch-Dest: document\r\nSec-Fetch-Mode: navigate\r\nSec-Fetch-Site: cross-site\r\n\r\n",
        "deviation_count": 0,
        "uri": "https://www.magnite.com/",
        "request_length": 453,
        "Response_Time": 0.2600438594818115,
        "status_code": 200,
        "reason_phrase": "OK",
        "error_message": [
            ""
        ],
        "response_header_count": 14,
        "response_header_length": 14,
        "response_body_length": 44188,
        "response_header_fields": {
            "server": "nginx",
            "date": "Wed, 25 Oct 2023 12:34:27 GMT",
            "content-type": "text/html; charset=UTF-8",
            "transfer-encoding": "chunked",
            "connection": "keep-alive",
            "keep-alive": "timeout=20",
            "vary": "Accept-Encoding,Cookie",
            "x-powered-by": "WP Engine",
            "link": "<https://www.magnite.com/>; rel=shortlink",
            "x-cacheable": "SHORT",
            "cache-control": "max-age=600, must-revalidate",
            "x-cache": "HIT: 58",
            "x-cache-group": "normal",
            "content-encoding": "br"
        }
    },
    {
        "number": 8,
        "request": "GET https://www.magnite.com/  HTTP/1.1\r\nHost: www.magnite.com\r\nUser-Agent: Mozilla/5.0 (Windows NT 10.0; rv:102.0) Gecko/20100101 Firefox/102.0\r\nAccept: text/html,application/xhtml+xml,application/xml;q=0.9,image/avif,image/webp,*/*;q=0.8\r\nAccept-Encoding: gzip, deflate, br\r\nAccept-Language: en-US,en;q=0.5\r\nDNT: 1\r\nConnection: keep-alive\r\nUpgrade-Insecure-Requests: 1\r\nSec-Fetch-Dest: document\r\nSec-Fetch-Mode: navigate\r\nSec-Fetch-Site: cross-site\r\n\r\n",
        "deviation_count": 0,
        "uri": "https://www.magnite.com/",
        "request_length": 453,
        "Response_Time": 0.29459118843078613,
        "status_code": 200,
        "reason_phrase": "OK",
        "error_message": [
            ""
        ],
        "response_header_count": 14,
        "response_header_length": 14,
        "response_body_length": 44188,
        "response_header_fields": {
            "server": "nginx",
            "date": "Wed, 25 Oct 2023 12:34:37 GMT",
            "content-type": "text/html; charset=UTF-8",
            "transfer-encoding": "chunked",
            "connection": "keep-alive",
            "keep-alive": "timeout=20",
            "vary": "Accept-Encoding,Cookie",
            "x-powered-by": "WP Engine",
            "link": "<https://www.magnite.com/>; rel=shortlink",
            "x-cacheable": "SHORT",
            "cache-control": "max-age=600, must-revalidate",
            "x-cache": "HIT: 60",
            "x-cache-group": "normal",
            "content-encoding": "br"
        }
    },
    {
        "number": 9,
        "request": "GET https://www.magnite.com/  HTTP/1.1\r\nHost: www.magnite.com\r\nUser-Agent: Mozilla/5.0 (Windows NT 10.0; rv:102.0) Gecko/20100101 Firefox/102.0\r\nAccept: text/html,application/xhtml+xml,application/xml;q=0.9,image/avif,image/webp,*/*;q=0.8\r\nAccept-Encoding: gzip, deflate, br\r\nAccept-Language: en-US,en;q=0.5\r\nDNT: 1\r\nConnection: keep-alive\r\nUpgrade-Insecure-Requests: 1\r\nSec-Fetch-Dest: document\r\nSec-Fetch-Mode: navigate\r\nSec-Fetch-Site: cross-site\r\n\r\n",
        "deviation_count": 0,
        "uri": "https://www.magnite.com/",
        "request_length": 453,
        "Response_Time": 0.2813687324523926,
        "status_code": 200,
        "reason_phrase": "OK",
        "error_message": [
            ""
        ],
        "response_header_count": 14,
        "response_header_length": 14,
        "response_body_length": 44188,
        "response_header_fields": {
            "server": "nginx",
            "date": "Wed, 25 Oct 2023 12:34:47 GMT",
            "content-type": "text/html; charset=UTF-8",
            "transfer-encoding": "chunked",
            "connection": "keep-alive",
            "keep-alive": "timeout=20",
            "vary": "Accept-Encoding,Cookie",
            "x-powered-by": "WP Engine",
            "link": "<https://www.magnite.com/>; rel=shortlink",
            "x-cacheable": "SHORT",
            "cache-control": "max-age=600, must-revalidate",
            "x-cache": "HIT: 63",
            "x-cache-group": "normal",
            "content-encoding": "br"
        }
    }
]