number,request,deviation_count,uri,request_length,http_version,Socket_Connect_Time,Socket_Close_Time,Response_Time,status_code,reason_phrase,error_message,response_header_count,response_header_length,response_body_length,response_header_fields
0,"GET https://apache.org/  HTTP/1.1
Host: apache.org
User-Agent: Mozilla/5.0 (Windows NT 10.0; rv:102.0) Gecko/20100101 Firefox/102.0
Accept: text/html,application/xhtml+xml,application/xml;q=0.9,image/avif,image/webp,*/*;q=0.8
Accept-Encoding: gzip, deflate, br
Accept-Language: en-US,en;q=0.5
DNT: 1
Connection: keep-alive
Upgrade-Insecure-Requests: 1
Sec-Fetch-Dest: document
Sec-Fetch-Mode: navigate
Sec-Fetch-Site: cross-site

",0,https://apache.org/,443,HTTP/1.1,0.16483640670776367,0.11645197868347168,0.047070980072021484,200,OK,[''],20,20,0,"{""connection"": ""keep-alive"", ""content-length"": ""16019"", ""server"": ""Apache"", ""last-modified"": ""Wed, 25 Oct 2023 09:23:17 GMT"", ""etag"": ""W/\""fcea-60887016597c8-gzip\"""", ""cache-control"": ""max-age=3600"", ""expires"": ""Wed, 25 Oct 2023 10:23:18 GMT"", ""content-encoding"": ""gzip"", ""content-security-policy"": ""default-src 'self' 'unsafe-inline' https://www.apachecon.com/ https://analytics.apache.org/ http://analytics.apache.org/ https://www.google.com/cse/ https://cse.google.com/ https://www.googleapis.com/generate_204 http://*.google.com/generate_204 https://afs.googlesyndication.com/ https://csp.withgoogle.com/ https://www.google.com/images/ https://ssl.gstatic.com/ui/ https://docs.google.com/forms/ https://www.youtube.com/embed/; script-src 'self' 'unsafe-inline' 'unsafe-eval' https://analytics.apache.org/ http://analytics.apache.org/ https://cse.google.com/ http://cse.google.com/adsense/search/async-ads.js https://www.google.com/cse/ https://partner.googleadservices.com/; style-src 'self' 'unsafe-inline' https://www.google.com/cse/; frame-ancestors 'none';"", ""strict-transport-security"": ""max-age=31536000; preload"", ""content-type"": ""text/html"", ""via"": ""1.1 varnish, 1.1 varnish"", ""accept-ranges"": ""bytes"", ""date"": ""Wed, 25 Oct 2023 12:33:16 GMT"", ""age"": ""592"", ""x-served-by"": ""cache-hel1410027-HEL, cache-fra-eddf8230108-FRA"", ""x-cache"": ""HIT, HIT"", ""x-cache-hits"": ""7, 2"", ""x-timer"": ""S1698237196.124135,VS0,VE0"", ""vary"": ""Accept-Enc""}"
1,"GET https://apache.org/  HTTP/1.1
Host: apache.org
User-Agent: Mozilla/5.0 (Windows NT 10.0; rv:102.0) Gecko/20100101 Firefox/102.0
Accept: text/html,application/xhtml+xml,application/xml;q=0.9,image/avif,image/webp,*/*;q=0.8
Accept-Encoding: gzip, deflate, br
Accept-Language: en-US,en;q=0.5
DNT: 1
Connection: keep-alive
Upgrade-Insecure-Requests: 1
Sec-Fetch-Dest: document
Sec-Fetch-Mode: navigate
Sec-Fetch-Site: cross-site

",0,https://apache.org/,443,HTTP/1.1,0.16439104080200195,0.11239504814147949,0.03238987922668457,200,OK,[''],20,20,0,"{""connection"": ""keep-alive"", ""content-length"": ""16019"", ""server"": ""Apache"", ""last-modified"": ""Wed, 25 Oct 2023 09:23:17 GMT"", ""etag"": ""W/\""fcea-60887016597c8-gzip\"""", ""cache-control"": ""max-age=3600"", ""expires"": ""Wed, 25 Oct 2023 10:23:18 GMT"", ""content-encoding"": ""gzip"", ""content-security-policy"": ""default-src 'self' 'unsafe-inline' https://www.apachecon.com/ https://analytics.apache.org/ http://analytics.apache.org/ https://www.google.com/cse/ https://cse.google.com/ https://www.googleapis.com/generate_204 http://*.google.com/generate_204 https://afs.googlesyndication.com/ https://csp.withgoogle.com/ https://www.google.com/images/ https://ssl.gstatic.com/ui/ https://docs.google.com/forms/ https://www.youtube.com/embed/; script-src 'self' 'unsafe-inline' 'unsafe-eval' https://analytics.apache.org/ http://analytics.apache.org/ https://cse.google.com/ http://cse.google.com/adsense/search/async-ads.js https://www.google.com/cse/ https://partner.googleadservices.com/; style-src 'self' 'unsafe-inline' https://www.google.com/cse/; frame-ancestors 'none';"", ""strict-transport-security"": ""max-age=31536000; preload"", ""content-type"": ""text/html"", ""via"": ""1.1 varnish, 1.1 varnish"", ""accept-ranges"": ""bytes"", ""date"": ""Wed, 25 Oct 2023 12:33:26 GMT"", ""age"": ""603"", ""x-served-by"": ""cache-hel1410027-HEL, cache-fra-eddf8230029-FRA"", ""x-cache"": ""HIT, HIT"", ""x-cache-hits"": ""7, 2"", ""x-timer"": ""S1698237207.557973,VS0,VE0"", ""vary"": ""Accept-Enc""}"
2,"GET https://apache.org/  HTTP/1.1
Host: apache.org
User-Agent: Mozilla/5.0 (Windows NT 10.0; rv:102.0) Gecko/20100101 Firefox/102.0
Accept: text/html,application/xhtml+xml,application/xml;q=0.9,image/avif,image/webp,*/*;q=0.8
Accept-Encoding: gzip, deflate, br
Accept-Language: en-US,en;q=0.5
DNT: 1
Connection: keep-alive
Upgrade-Insecure-Requests: 1
Sec-Fetch-Dest: document
Sec-Fetch-Mode: navigate
Sec-Fetch-Site: cross-site

",0,https://apache.org/,443,HTTP/1.1,0.3498423099517822,0.10610389709472656,0.06571555137634277,200,OK,[''],20,20,0,"{""connection"": ""keep-alive"", ""content-length"": ""16019"", ""server"": ""Apache"", ""last-modified"": ""Wed, 25 Oct 2023 09:23:17 GMT"", ""etag"": ""W/\""fcea-60887016597c8-gzip\"""", ""cache-control"": ""max-age=3600"", ""expires"": ""Wed, 25 Oct 2023 10:23:18 GMT"", ""content-encoding"": ""gzip"", ""content-security-policy"": ""default-src 'self' 'unsafe-inline' https://www.apachecon.com/ https://analytics.apache.org/ http://analytics.apache.org/ https://www.google.com/cse/ https://cse.google.com/ https://www.googleapis.com/generate_204 http://*.google.com/generate_204 https://afs.googlesyndication.com/ https://csp.withgoogle.com/ https://www.google.com/images/ https://ssl.gstatic.com/ui/ https://docs.google.com/forms/ https://www.youtube.com/embed/; script-src 'self' 'unsafe-inline' 'unsafe-eval' https://analytics.apache.org/ http://analytics.apache.org/ https://cse.google.com/ http://cse.google.com/adsense/search/async-ads.js https://www.google.com/cse/ https://partner.googleadservices.com/; style-src 'self' 'unsafe-inline' https://www.google.com/cse/; frame-ancestors 'none';"", ""strict-transport-security"": ""max-age=31536000; preload"", ""content-type"": ""text/html"", ""via"": ""1.1 varnish, 1.1 varnish"", ""accept-ranges"": ""bytes"", ""date"": ""Wed, 25 Oct 2023 12:33:37 GMT"", ""age"": ""614"", ""x-served-by"": ""cache-hel1410027-HEL, cache-fra-etou8220103-FRA"", ""x-cache"": ""HIT, HIT"", ""x-cache-hits"": ""7, 1"", ""x-timer"": ""S1698237218.618774,VS0,VE3"", ""vary"": ""Accept-Enc""}"
3,"GET https://apache.org/  HTTP/1.1
Host: apache.org
User-Agent: Mozilla/5.0 (Windows NT 10.0; rv:102.0) Gecko/20100101 Firefox/102.0
Accept: text/html,application/xhtml+xml,application/xml;q=0.9,image/avif,image/webp,*/*;q=0.8
Accept-Encoding: gzip, deflate, br
Accept-Language: en-US,en;q=0.5
DNT: 1
Connection: keep-alive
Upgrade-Insecure-Requests: 1
Sec-Fetch-Dest: document
Sec-Fetch-Mode: navigate
Sec-Fetch-Site: cross-site

",0,https://apache.org/,443,HTTP/1.1,0.1517772674560547,0.14065814018249512,0.020939111709594727,200,OK,[''],20,20,0,"{""connection"": ""keep-alive"", ""content-length"": ""16019"", ""server"": ""Apache"", ""last-modified"": ""Wed, 25 Oct 2023 09:23:17 GMT"", ""etag"": ""W/\""fcea-60887016597c8-gzip\"""", ""cache-control"": ""max-age=3600"", ""expires"": ""Wed, 25 Oct 2023 10:23:18 GMT"", ""content-encoding"": ""gzip"", ""content-security-policy"": ""default-src 'self' 'unsafe-inline' https://www.apachecon.com/ https://analytics.apache.org/ http://analytics.apache.org/ https://www.google.com/cse/ https://cse.google.com/ https://www.googleapis.com/generate_204 http://*.google.com/generate_204 https://afs.googlesyndication.com/ https://csp.withgoogle.com/ https://www.google.com/images/ https://ssl.gstatic.com/ui/ https://docs.google.com/forms/ https://www.youtube.com/embed/; script-src 'self' 'unsafe-inline' 'unsafe-eval' https://analytics.apache.org/ http://analytics.apache.org/ https://cse.google.com/ http://cse.google.com/adsense/search/async-ads.js https://www.google.com/cse/ https://partner.googleadservices.com/; style-src 'self' 'unsafe-inline' https://www.google.com/cse/; frame-ancestors 'none';"", ""strict-transport-security"": ""max-age=31536000; preload"", ""content-type"": ""text/html"", ""via"": ""1.1 varnish, 1.1 varnish"", ""accept-ranges"": ""bytes"", ""date"": ""Wed, 25 Oct 2023 12:33:47 GMT"", ""age"": ""624"", ""x-served-by"": ""cache-hel1410027-HEL, cache-fra-eddf8230042-FRA"", ""x-cache"": ""HIT, HIT"", ""x-cache-hits"": ""7, 2"", ""x-timer"": ""S1698237228.724623,VS0,VE0"", ""vary"": ""Accept-Enc""}"
4,"GET https://apache.org/  HTTP/1.1
Host: apache.org
User-Agent: Mozilla/5.0 (Windows NT 10.0; rv:102.0) Gecko/20100101 Firefox/102.0
Accept: text/html,application/xhtml+xml,application/xml;q=0.9,image/avif,image/webp,*/*;q=0.8
Accept-Encoding: gzip, deflate, br
Accept-Language: en-US,en;q=0.5
DNT: 1
Connection: keep-alive
Upgrade-Insecure-Requests: 1
Sec-Fetch-Dest: document
Sec-Fetch-Mode: navigate
Sec-Fetch-Site: cross-site

",0,https://apache.org/,443,HTTP/1.1,0.2417600154876709,0.1068882942199707,0.034206390380859375,200,OK,[''],20,20,0,"{""connection"": ""keep-alive"", ""content-length"": ""16019"", ""server"": ""Apache"", ""last-modified"": ""Wed, 25 Oct 2023 09:23:17 GMT"", ""etag"": ""W/\""fcea-60887016597c8-gzip\"""", ""cache-control"": ""max-age=3600"", ""expires"": ""Wed, 25 Oct 2023 10:23:18 GMT"", ""content-encoding"": ""gzip"", ""content-security-policy"": ""default-src 'self' 'unsafe-inline' https://www.apachecon.com/ https://analytics.apache.org/ http://analytics.apache.org/ https://www.google.com/cse/ https://cse.google.com/ https://www.googleapis.com/generate_204 http://*.google.com/generate_204 https://afs.googlesyndication.com/ https://csp.withgoogle.com/ https://www.google.com/images/ https://ssl.gstatic.com/ui/ https://docs.google.com/forms/ https://www.youtube.com/embed/; script-src 'self' 'unsafe-inline' 'unsafe-eval' https://analytics.apache.org/ http://analytics.apache.org/ https://cse.google.com/ http://cse.google.com/adsense/search/async-ads.js https://www.google.com/cse/ https://partner.googleadservices.com/; style-src 'self' 'unsafe-inline' https://www.google.com/cse/; frame-ancestors 'none';"", ""strict-transport-security"": ""max-age=31536000; preload"", ""content-type"": ""text/html"", ""via"": ""1.1 varnish, 1.1 varnish"", ""accept-ranges"": ""bytes"", ""date"": ""Wed, 25 Oct 2023 12:33:58 GMT"", ""age"": ""635"", ""x-served-by"": ""cache-hel1410027-HEL, cache-fra-etou8220112-FRA"", ""x-cache"": ""HIT, HIT"", ""x-cache-hits"": ""7, 2"", ""x-timer"": ""S1698237238.444888,VS0,VE0"", ""vary"": ""Accept-Enc""}"
5,"GET https://apache.org/  HTTP/1.1
Host: apache.org
User-Agent: Mozilla/5.0 (Windows NT 10.0; rv:102.0) Gecko/20100101 Firefox/102.0
Accept: text/html,application/xhtml+xml,application/xml;q=0.9,image/avif,image/webp,*/*;q=0.8
Accept-Encoding: gzip, deflate, br
Accept-Language: en-US,en;q=0.5
DNT: 1
Connection: keep-alive
Upgrade-Insecure-Requests: 1
Sec-Fetch-Dest: document
Sec-Fetch-Mode: navigate
Sec-Fetch-Site: cross-site

",0,https://apache.org/,443,HTTP/1.1,0.1409461498260498,0.11090755462646484,0.02377009391784668,200,OK,[''],20,20,0,"{""connection"": ""keep-alive"", ""content-length"": ""16019"", ""server"": ""Apache"", ""last-modified"": ""Wed, 25 Oct 2023 09:23:17 GMT"", ""etag"": ""W/\""fcea-60887016597c8-gzip\"""", ""cache-control"": ""max-age=3600"", ""expires"": ""Wed, 25 Oct 2023 10:23:18 GMT"", ""content-encoding"": ""gzip"", ""content-security-policy"": ""default-src 'self' 'unsafe-inline' https://www.apachecon.com/ https://analytics.apache.org/ http://analytics.apache.org/ https://www.google.com/cse/ https://cse.google.com/ https://www.googleapis.com/generate_204 http://*.google.com/generate_204 https://afs.googlesyndication.com/ https://csp.withgoogle.com/ https://www.google.com/images/ https://ssl.gstatic.com/ui/ https://docs.google.com/forms/ https://www.youtube.com/embed/; script-src 'self' 'unsafe-inline' 'unsafe-eval' https://analytics.apache.org/ http://analytics.apache.org/ https://cse.google.com/ http://cse.google.com/adsense/search/async-ads.js https://www.google.com/cse/ https://partner.googleadservices.com/; style-src 'self' 'unsafe-inline' https://www.google.com/cse/; frame-ancestors 'none';"", ""strict-transport-security"": ""max-age=31536000; preload"", ""content-type"": ""text/html"", ""via"": ""1.1 varnish, 1.1 varnish"", ""accept-ranges"": ""bytes"", ""date"": ""Wed, 25 Oct 2023 12:34:08 GMT"", ""age"": ""645"", ""x-served-by"": ""cache-hel1410027-HEL, cache-fra-etou8220032-FRA"", ""x-cache"": ""HIT, HIT"", ""x-cache-hits"": ""7, 1"", ""x-timer"": ""S1698237249.892297,VS0,VE2"", ""vary"": ""Accept-Enc""}"
6,"GET https://apache.org/  HTTP/1.1
Host: apache.org
User-Agent: Mozilla/5.0 (Windows NT 10.0; rv:102.0) Gecko/20100101 Firefox/102.0
Accept: text/html,application/xhtml+xml,application/xml;q=0.9,image/avif,image/webp,*/*;q=0.8
Accept-Encoding: gzip, deflate, br
Accept-Language: en-US,en;q=0.5
DNT: 1
Connection: keep-alive
Upgrade-Insecure-Requests: 1
Sec-Fetch-Dest: document
Sec-Fetch-Mode: navigate
Sec-Fetch-Site: cross-site

",0,https://apache.org/,443,HTTP/1.1,0.22357583045959473,0.1323535442352295,0.027158498764038086,200,OK,[''],20,20,0,"{""connection"": ""keep-alive"", ""content-length"": ""16019"", ""server"": ""Apache"", ""last-modified"": ""Wed, 25 Oct 2023 09:23:17 GMT"", ""etag"": ""W/\""fcea-60887016597c8-gzip\"""", ""cache-control"": ""max-age=3600"", ""expires"": ""Wed, 25 Oct 2023 10:23:18 GMT"", ""content-encoding"": ""gzip"", ""content-security-policy"": ""default-src 'self' 'unsafe-inline' https://www.apachecon.com/ https://analytics.apache.org/ http://analytics.apache.org/ https://www.google.com/cse/ https://cse.google.com/ https://www.googleapis.com/generate_204 http://*.google.com/generate_204 https://afs.googlesyndication.com/ https://csp.withgoogle.com/ https://www.google.com/images/ https://ssl.gstatic.com/ui/ https://docs.google.com/forms/ https://www.youtube.com/embed/; script-src 'self' 'unsafe-inline' 'unsafe-eval' https://analytics.apache.org/ http://analytics.apache.org/ https://cse.google.com/ http://cse.google.com/adsense/search/async-ads.js https://www.google.com/cse/ https://partner.googleadservices.com/; style-src 'self' 'unsafe-inline' https://www.google.com/cse/; frame-ancestors 'none';"", ""strict-transport-security"": ""max-age=31536000; preload"", ""content-type"": ""text/html"", ""via"": ""1.1 varnish, 1.1 varnish"", ""accept-ranges"": ""bytes"", ""date"": ""Wed, 25 Oct 2023 12:34:18 GMT"", ""age"": ""655"", ""x-served-by"": ""cache-hel1410027-HEL, cache-fra-etou8220037-FRA"", ""x-cache"": ""HIT, HIT"", ""x-cache-hits"": ""7, 1"", ""x-timer"": ""S1698237259.858716,VS0,VE1"", ""vary"": ""Accept-Enc""}"
7,"GET https://apache.org/  HTTP/1.1
Host: apache.org
User-Agent: Mozilla/5.0 (Windows NT 10.0; rv:102.0) Gecko/20100101 Firefox/102.0
Accept: text/html,application/xhtml+xml,application/xml;q=0.9,image/avif,image/webp,*/*;q=0.8
Accept-Encoding: gzip, deflate, br
Accept-Language: en-US,en;q=0.5
DNT: 1
Connection: keep-alive
Upgrade-Insecure-Requests: 1
Sec-Fetch-Dest: document
Sec-Fetch-Mode: navigate
Sec-Fetch-Site: cross-site

",0,https://apache.org/,443,HTTP/1.1,0.19098806381225586,0.11481881141662598,0.023175716400146484,200,OK,[''],20,20,0,"{""connection"": ""keep-alive"", ""content-length"": ""16019"", ""server"": ""Apache"", ""last-modified"": ""Wed, 25 Oct 2023 09:23:17 GMT"", ""etag"": ""W/\""fcea-60887016597c8-gzip\"""", ""cache-control"": ""max-age=3600"", ""expires"": ""Wed, 25 Oct 2023 10:23:18 GMT"", ""content-encoding"": ""gzip"", ""content-security-policy"": ""default-src 'self' 'unsafe-inline' https://www.apachecon.com/ https://analytics.apache.org/ http://analytics.apache.org/ https://www.google.com/cse/ https://cse.google.com/ https://www.googleapis.com/generate_204 http://*.google.com/generate_204 https://afs.googlesyndication.com/ https://csp.withgoogle.com/ https://www.google.com/images/ https://ssl.gstatic.com/ui/ https://docs.google.com/forms/ https://www.youtube.com/embed/; script-src 'self' 'unsafe-inline' 'unsafe-eval' https://analytics.apache.org/ http://analytics.apache.org/ https://cse.google.com/ http://cse.google.com/adsense/search/async-ads.js https://www.google.com/cse/ https://partner.googleadservices.com/; style-src 'self' 'unsafe-inline' https://www.google.com/cse/; frame-ancestors 'none';"", ""strict-transport-security"": ""max-age=31536000; preload"", ""content-type"": ""text/html"", ""via"": ""1.1 varnish, 1.1 varnish"", ""accept-ranges"": ""bytes"", ""date"": ""Wed, 25 Oct 2023 12:34:29 GMT"", ""age"": ""665"", ""x-served-by"": ""cache-hel1410027-HEL, cache-fra-eddf8230083-FRA"", ""x-cache"": ""HIT, HIT"", ""x-cache-hits"": ""7, 1"", ""x-timer"": ""S1698237269.086788,VS0,VE1"", ""vary"": ""Accept-Enc""}"
8,"GET https://apache.org/  HTTP/1.1
Host: apache.org
User-Agent: Mozilla/5.0 (Windows NT 10.0; rv:102.0) Gecko/20100101 Firefox/102.0
Accept: text/html,application/xhtml+xml,application/xml;q=0.9,image/avif,image/webp,*/*;q=0.8
Accept-Encoding: gzip, deflate, br
Accept-Language: en-US,en;q=0.5
DNT: 1
Connection: keep-alive
Upgrade-Insecure-Requests: 1
Sec-Fetch-Dest: document
Sec-Fetch-Mode: navigate
Sec-Fetch-Site: cross-site

",0,https://apache.org/,443,HTTP/1.1,0.104278564453125,0.11760616302490234,0.029048681259155273,200,OK,[''],20,20,0,"{""connection"": ""keep-alive"", ""content-length"": ""16019"", ""server"": ""Apache"", ""last-modified"": ""Wed, 25 Oct 2023 09:23:17 GMT"", ""etag"": ""W/\""fcea-60887016597c8-gzip\"""", ""cache-control"": ""max-age=3600"", ""expires"": ""Wed, 25 Oct 2023 10:23:18 GMT"", ""content-encoding"": ""gzip"", ""content-security-policy"": ""default-src 'self' 'unsafe-inline' https://www.apachecon.com/ https://analytics.apache.org/ http://analytics.apache.org/ https://www.google.com/cse/ https://cse.google.com/ https://www.googleapis.com/generate_204 http://*.google.com/generate_204 https://afs.googlesyndication.com/ https://csp.withgoogle.com/ https://www.google.com/images/ https://ssl.gstatic.com/ui/ https://docs.google.com/forms/ https://www.youtube.com/embed/; script-src 'self' 'unsafe-inline' 'unsafe-eval' https://analytics.apache.org/ http://analytics.apache.org/ https://cse.google.com/ http://cse.google.com/adsense/search/async-ads.js https://www.google.com/cse/ https://partner.googleadservices.com/; style-src 'self' 'unsafe-inline' https://www.google.com/cse/; frame-ancestors 'none';"", ""strict-transport-security"": ""max-age=31536000; preload"", ""content-type"": ""text/html"", ""via"": ""1.1 varnish, 1.1 varnish"", ""accept-ranges"": ""bytes"", ""date"": ""Wed, 25 Oct 2023 12:34:39 GMT"", ""age"": ""676"", ""x-served-by"": ""cache-hel1410027-HEL, cache-fra-etou8220104-FRA"", ""x-cache"": ""HIT, HIT"", ""x-cache-hits"": ""7, 1"", ""x-timer"": ""S1698237279.395447,VS0,VE1"", ""vary"": ""Accept-Enc""}"
9,"GET https://apache.org/  HTTP/1.1
Host: apache.org
User-Agent: Mozilla/5.0 (Windows NT 10.0; rv:102.0) Gecko/20100101 Firefox/102.0
Accept: text/html,application/xhtml+xml,application/xml;q=0.9,image/avif,image/webp,*/*;q=0.8
Accept-Encoding: gzip, deflate, br
Accept-Language: en-US,en;q=0.5
DNT: 1
Connection: keep-alive
Upgrade-Insecure-Requests: 1
Sec-Fetch-Dest: document
Sec-Fetch-Mode: navigate
Sec-Fetch-Site: cross-site

",0,https://apache.org/,443,HTTP/1.1,0.09191608428955078,0.19170498847961426,0.03570222854614258,200,OK,[''],20,20,0,"{""connection"": ""keep-alive"", ""content-length"": ""16019"", ""server"": ""Apache"", ""last-modified"": ""Wed, 25 Oct 2023 09:23:17 GMT"", ""etag"": ""W/\""fcea-60887016597c8-gzip\"""", ""cache-control"": ""max-age=3600"", ""expires"": ""Wed, 25 Oct 2023 10:23:18 GMT"", ""content-encoding"": ""gzip"", ""content-security-policy"": ""default-src 'self' 'unsafe-inline' https://www.apachecon.com/ https://analytics.apache.org/ http://analytics.apache.org/ https://www.google.com/cse/ https://cse.google.com/ https://www.googleapis.com/generate_204 http://*.google.com/generate_204 https://afs.googlesyndication.com/ https://csp.withgoogle.com/ https://www.google.com/images/ https://ssl.gstatic.com/ui/ https://docs.google.com/forms/ https://www.youtube.com/embed/; script-src 'self' 'unsafe-inline' 'unsafe-eval' https://analytics.apache.org/ http://analytics.apache.org/ https://cse.google.com/ http://cse.google.com/adsense/search/async-ads.js https://www.google.com/cse/ https://partner.googleadservices.com/; style-src 'self' 'unsafe-inline' https://www.google.com/cse/; frame-ancestors 'none';"", ""strict-transport-security"": ""max-age=31536000; preload"", ""content-type"": ""text/html"", ""via"": ""1.1 varnish, 1.1 varnish"", ""accept-ranges"": ""bytes"", ""date"": ""Wed, 25 Oct 2023 12:34:49 GMT"", ""age"": ""685"", ""x-served-by"": ""cache-hel1410027-HEL, cache-fra-etou8220106-FRA"", ""x-cache"": ""HIT, HIT"", ""x-cache-hits"": ""7, 1"", ""x-timer"": ""S1698237289.061029,VS0,VE1"", ""vary"": ""Accept-Enc""}"
