[
    {
        "number": 0,
        "request": "GET https://apache.org/  HTTP/1.1\r\nHost: apache.org\r\nUser-Agent: Mozilla/5.0 (Windows NT 10.0; rv:102.0) Gecko/20100101 Firefox/102.0\r\nAccept: text/html,application/xhtml+xml,application/xml;q=0.9,image/avif,image/webp,*/*;q=0.8\r\nAccept-Encoding: gzip, deflate, br\r\nAccept-Language: en-US,en;q=0.5\r\nDNT: 1\r\nConnection: keep-alive\r\nUpgrade-Insecure-Requests: 1\r\nSec-Fetch-Dest: document\r\nSec-Fetch-Mode: navigate\r\nSec-Fetch-Site: cross-site\r\n\r\n",
        "deviation_count": 0,
        "uri": "https://apache.org/",
        "request_length": 443,
        "Response_Time": 0.047070980072021484,
        "status_code": 200,
        "reason_phrase": "OK",
        "error_message": [
            ""
        ],
        "response_header_count": 20,
        "response_header_length": 20,
        "response_body_length": 0,
        "response_header_fields": {
            "connection": "keep-alive",
            "content-length": "16019",
            "server": "Apache",
            "last-modified": "Wed, 25 Oct 2023 09:23:17 GMT",
            "etag": "W/\"fcea-60887016597c8-gzip\"",
            "cache-control": "max-age=3600",
            "expires": "Wed, 25 Oct 2023 10:23:18 GMT",
            "content-encoding": "gzip",
            "content-security-policy": "default-src 'self' 'unsafe-inline' https://www.apachecon.com/ https://analytics.apache.org/ http://analytics.apache.org/ https://www.google.com/cse/ https://cse.google.com/ https://www.googleapis.com/generate_204 http://*.google.com/generate_204 https://afs.googlesyndication.com/ https://csp.withgoogle.com/ https://www.google.com/images/ https://ssl.gstatic.com/ui/ https://docs.google.com/forms/ https://www.youtube.com/embed/; script-src 'self' 'unsafe-inline' 'unsafe-eval' https://analytics.apache.org/ http://analytics.apache.org/ https://cse.google.com/ http://cse.google.com/adsense/search/async-ads.js https://www.google.com/cse/ https://partner.googleadservices.com/; style-src 'self' 'unsafe-inline' https://www.google.com/cse/; frame-ancestors 'none';",
            "strict-transport-security": "max-age=31536000; preload",
            "content-type": "text/html",
            "via": "1.1 varnish, 1.1 varnish",
            "accept-ranges": "bytes",
            "date": "Wed, 25 Oct 2023 12:33:16 GMT",
            "age": "592",
            "x-served-by": "cache-hel1410027-HEL, cache-fra-eddf8230108-FRA",
            "x-cache": "HIT, HIT",
            "x-cache-hits": "7, 2",
            "x-timer": "S1698237196.124135,VS0,VE0",
            "vary": "Accept-Enc"
        }
    },
    {
        "number": 1,
        "request": "GET https://apache.org/  HTTP/1.1\r\nHost: apache.org\r\nUser-Agent: Mozilla/5.0 (Windows NT 10.0; rv:102.0) Gecko/20100101 Firefox/102.0\r\nAccept: text/html,application/xhtml+xml,application/xml;q=0.9,image/avif,image/webp,*/*;q=0.8\r\nAccept-Encoding: gzip, deflate, br\r\nAccept-Language: en-US,en;q=0.5\r\nDNT: 1\r\nConnection: keep-alive\r\nUpgrade-Insecure-Requests: 1\r\nSec-Fetch-Dest: document\r\nSec-Fetch-Mode: navigate\r\nSec-Fetch-Site: cross-site\r\n\r\n",
        "deviation_count": 0,
        "uri": "https://apache.org/",
        "request_length": 443,
        "Response_Time": 0.03238987922668457,
        "status_code": 200,
        "reason_phrase": "OK",
        "error_message": [
            ""
        ],
        "response_header_count": 20,
        "response_header_length": 20,
        "response_body_length": 0,
        "response_header_fields": {
            "connection": "keep-alive",
            "content-length": "16019",
            "server": "Apache",
            "last-modified": "Wed, 25 Oct 2023 09:23:17 GMT",
            "etag": "W/\"fcea-60887016597c8-gzip\"",
            "cache-control": "max-age=3600",
            "expires": "Wed, 25 Oct 2023 10:23:18 GMT",
            "content-encoding": "gzip",
            "content-security-policy": "default-src 'self' 'unsafe-inline' https://www.apachecon.com/ https://analytics.apache.org/ http://analytics.apache.org/ https://www.google.com/cse/ https://cse.google.com/ https://www.googleapis.com/generate_204 http://*.google.com/generate_204 https://afs.googlesyndication.com/ https://csp.withgoogle.com/ https://www.google.com/images/ https://ssl.gstatic.com/ui/ https://docs.google.com/forms/ https://www.youtube.com/embed/; script-src 'self' 'unsafe-inline' 'unsafe-eval' https://analytics.apache.org/ http://analytics.apache.org/ https://cse.google.com/ http://cse.google.com/adsense/search/async-ads.js https://www.google.com/cse/ https://partner.googleadservices.com/; style-src 'self' 'unsafe-inline' https://www.google.com/cse/; frame-ancestors 'none';",
            "strict-transport-security": "max-age=31536000; preload",
            "content-type": "text/html",
            "via": "1.1 varnish, 1.1 varnish",
            "accept-ranges": "bytes",
            "date": "Wed, 25 Oct 2023 12:33:26 GMT",
            "age": "603",
            "x-served-by": "cache-hel1410027-HEL, cache-fra-eddf8230029-FRA",
            "x-cache": "HIT, HIT",
            "x-cache-hits": "7, 2",
            "x-timer": "S1698237207.557973,VS0,VE0",
            "vary": "Accept-Enc"
        }
    },
    {
        "number": 2,
        "request": "GET https://apache.org/  HTTP/1.1\r\nHost: apache.org\r\nUser-Agent: Mozilla/5.0 (Windows NT 10.0; rv:102.0) Gecko/20100101 Firefox/102.0\r\nAccept: text/html,application/xhtml+xml,application/xml;q=0.9,image/avif,image/webp,*/*;q=0.8\r\nAccept-Encoding: gzip, deflate, br\r\nAccept-Language: en-US,en;q=0.5\r\nDNT: 1\r\nConnection: keep-alive\r\nUpgrade-Insecure-Requests: 1\r\nSec-Fetch-Dest: document\r\nSec-Fetch-Mode: navigate\r\nSec-Fetch-Site: cross-site\r\n\r\n",
        "deviation_count": 0,
        "uri": "https://apache.org/",
        "request_length": 443,
        "Response_Time": 0.06571555137634277,
        "status_code": 200,
        "reason_phrase": "OK",
        "error_message": [
            ""
        ],
        "response_header_count": 20,
        "response_header_length": 20,
        "response_body_length": 0,
        "response_header_fields": {
            "connection": "keep-alive",
            "content-length": "16019",
            "server": "Apache",
            "last-modified": "Wed, 25 Oct 2023 09:23:17 GMT",
            "etag": "W/\"fcea-60887016597c8-gzip\"",
            "cache-control": "max-age=3600",
            "expires": "Wed, 25 Oct 2023 10:23:18 GMT",
            "content-encoding": "gzip",
            "content-security-policy": "default-src 'self' 'unsafe-inline' https://www.apachecon.com/ https://analytics.apache.org/ http://analytics.apache.org/ https://www.google.com/cse/ https://cse.google.com/ https://www.googleapis.com/generate_204 http://*.google.com/generate_204 https://afs.googlesyndication.com/ https://csp.withgoogle.com/ https://www.google.com/images/ https://ssl.gstatic.com/ui/ https://docs.google.com/forms/ https://www.youtube.com/embed/; script-src 'self' 'unsafe-inline' 'unsafe-eval' https://analytics.apache.org/ http://analytics.apache.org/ https://cse.google.com/ http://cse.google.com/adsense/search/async-ads.js https://www.google.com/cse/ https://partner.googleadservices.com/; style-src 'self' 'unsafe-inline' https://www.google.com/cse/; frame-ancestors 'none';",
            "strict-transport-security": "max-age=31536000; preload",
            "content-type": "text/html",
            "via": "1.1 varnish, 1.1 varnish",
            "accept-ranges": "bytes",
            "date": "Wed, 25 Oct 2023 12:33:37 GMT",
            "age": "614",
            "x-served-by": "cache-hel1410027-HEL, cache-fra-etou8220103-FRA",
            "x-cache": "HIT, HIT",
            "x-cache-hits": "7, 1",
            "x-timer": "S1698237218.618774,VS0,VE3",
            "vary": "Accept-Enc"
        }
    },
    {
        "number": 3,
        "request": "GET https://apache.org/  HTTP/1.1\r\nHost: apache.org\r\nUser-Agent: Mozilla/5.0 (Windows NT 10.0; rv:102.0) Gecko/20100101 Firefox/102.0\r\nAccept: text/html,application/xhtml+xml,application/xml;q=0.9,image/avif,image/webp,*/*;q=0.8\r\nAccept-Encoding: gzip, deflate, br\r\nAccept-Language: en-US,en;q=0.5\r\nDNT: 1\r\nConnection: keep-alive\r\nUpgrade-Insecure-Requests: 1\r\nSec-Fetch-Dest: document\r\nSec-Fetch-Mode: navigate\r\nSec-Fetch-Site: cross-site\r\n\r\n",
        "deviation_count": 0,
        "uri": "https://apache.org/",
        "request_length": 443,
        "Response_Time": 0.020939111709594727,
        "status_code": 200,
        "reason_phrase": "OK",
        "error_message": [
            ""
        ],
        "response_header_count": 20,
        "response_header_length": 20,
        "response_body_length": 0,
        "response_header_fields": {
            "connection": "keep-alive",
            "content-length": "16019",
            "server": "Apache",
            "last-modified": "Wed, 25 Oct 2023 09:23:17 GMT",
            "etag": "W/\"fcea-60887016597c8-gzip\"",
            "cache-control": "max-age=3600",
            "expires": "Wed, 25 Oct 2023 10:23:18 GMT",
            "content-encoding": "gzip",
            "content-security-policy": "default-src 'self' 'unsafe-inline' https://www.apachecon.com/ https://analytics.apache.org/ http://analytics.apache.org/ https://www.google.com/cse/ https://cse.google.com/ https://www.googleapis.com/generate_204 http://*.google.com/generate_204 https://afs.googlesyndication.com/ https://csp.withgoogle.com/ https://www.google.com/images/ https://ssl.gstatic.com/ui/ https://docs.google.com/forms/ https://www.youtube.com/embed/; script-src 'self' 'unsafe-inline' 'unsafe-eval' https://analytics.apache.org/ http://analytics.apache.org/ https://cse.google.com/ http://cse.google.com/adsense/search/async-ads.js https://www.google.com/cse/ https://partner.googleadservices.com/; style-src 'self' 'unsafe-inline' https://www.google.com/cse/; frame-ancestors 'none';",
            "strict-transport-security": "max-age=31536000; preload",
            "content-type": "text/html",
            "via": "1.1 varnish, 1.1 varnish",
            "accept-ranges": "bytes",
            "date": "Wed, 25 Oct 2023 12:33:47 GMT",
            "age": "624",
            "x-served-by": "cache-hel1410027-HEL, cache-fra-eddf8230042-FRA",
            "x-cache": "HIT, HIT",
            "x-cache-hits": "7, 2",
            "x-timer": "S1698237228.724623,VS0,VE0",
            "vary": "Accept-Enc"
        }
    },
    {
        "number": 4,
        "request": "GET https://apache.org/  HTTP/1.1\r\nHost: apache.org\r\nUser-Agent: Mozilla/5.0 (Windows NT 10.0; rv:102.0) Gecko/20100101 Firefox/102.0\r\nAccept: text/html,application/xhtml+xml,application/xml;q=0.9,image/avif,image/webp,*/*;q=0.8\r\nAccept-Encoding: gzip, deflate, br\r\nAccept-Language: en-US,en;q=0.5\r\nDNT: 1\r\nConnection: keep-alive\r\nUpgrade-Insecure-Requests: 1\r\nSec-Fetch-Dest: document\r\nSec-Fetch-Mode: navigate\r\nSec-Fetch-Site: cross-site\r\n\r\n",
        "deviation_count": 0,
        "uri": "https://apache.org/",
        "request_length": 443,
        "Response_Time": 0.034206390380859375,
        "status_code": 200,
        "reason_phrase": "OK",
        "error_message": [
            ""
        ],
        "response_header_count": 20,
        "response_header_length": 20,
        "response_body_length": 0,
        "response_header_fields": {
            "connection": "keep-alive",
            "content-length": "16019",
            "server": "Apache",
            "last-modified": "Wed, 25 Oct 2023 09:23:17 GMT",
            "etag": "W/\"fcea-60887016597c8-gzip\"",
            "cache-control": "max-age=3600",
            "expires": "Wed, 25 Oct 2023 10:23:18 GMT",
            "content-encoding": "gzip",
            "content-security-policy": "default-src 'self' 'unsafe-inline' https://www.apachecon.com/ https://analytics.apache.org/ http://analytics.apache.org/ https://www.google.com/cse/ https://cse.google.com/ https://www.googleapis.com/generate_204 http://*.google.com/generate_204 https://afs.googlesyndication.com/ https://csp.withgoogle.com/ https://www.google.com/images/ https://ssl.gstatic.com/ui/ https://docs.google.com/forms/ https://www.youtube.com/embed/; script-src 'self' 'unsafe-inline' 'unsafe-eval' https://analytics.apache.org/ http://analytics.apache.org/ https://cse.google.com/ http://cse.google.com/adsense/search/async-ads.js https://www.google.com/cse/ https://partner.googleadservices.com/; style-src 'self' 'unsafe-inline' https://www.google.com/cse/; frame-ancestors 'none';",
            "strict-transport-security": "max-age=31536000; preload",
            "content-type": "text/html",
            "via": "1.1 varnish, 1.1 varnish",
            "accept-ranges": "bytes",
            "date": "Wed, 25 Oct 2023 12:33:58 GMT",
            "age": "635",
            "x-served-by": "cache-hel1410027-HEL, cache-fra-etou8220112-FRA",
            "x-cache": "HIT, HIT",
            "x-cache-hits": "7, 2",
            "x-timer": "S1698237238.444888,VS0,VE0",
            "vary": "Accept-Enc"
        }
    },
    {
        "number": 5,
        "request": "GET https://apache.org/  HTTP/1.1\r\nHost: apache.org\r\nUser-Agent: Mozilla/5.0 (Windows NT 10.0; rv:102.0) Gecko/20100101 Firefox/102.0\r\nAccept: text/html,application/xhtml+xml,application/xml;q=0.9,image/avif,image/webp,*/*;q=0.8\r\nAccept-Encoding: gzip, deflate, br\r\nAccept-Language: en-US,en;q=0.5\r\nDNT: 1\r\nConnection: keep-alive\r\nUpgrade-Insecure-Requests: 1\r\nSec-Fetch-Dest: document\r\nSec-Fetch-Mode: navigate\r\nSec-Fetch-Site: cross-site\r\n\r\n",
        "deviation_count": 0,
        "uri": "https://apache.org/",
        "request_length": 443,
        "Response_Time": 0.02377009391784668,
        "status_code": 200,
        "reason_phrase": "OK",
        "error_message": [
            ""
        ],
        "response_header_count": 20,
        "response_header_length": 20,
        "response_body_length": 0,
        "response_header_fields": {
            "connection": "keep-alive",
            "content-length": "16019",
            "server": "Apache",
            "last-modified": "Wed, 25 Oct 2023 09:23:17 GMT",
            "etag": "W/\"fcea-60887016597c8-gzip\"",
            "cache-control": "max-age=3600",
            "expires": "Wed, 25 Oct 2023 10:23:18 GMT",
            "content-encoding": "gzip",
            "content-security-policy": "default-src 'self' 'unsafe-inline' https://www.apachecon.com/ https://analytics.apache.org/ http://analytics.apache.org/ https://www.google.com/cse/ https://cse.google.com/ https://www.googleapis.com/generate_204 http://*.google.com/generate_204 https://afs.googlesyndication.com/ https://csp.withgoogle.com/ https://www.google.com/images/ https://ssl.gstatic.com/ui/ https://docs.google.com/forms/ https://www.youtube.com/embed/; script-src 'self' 'unsafe-inline' 'unsafe-eval' https://analytics.apache.org/ http://analytics.apache.org/ https://cse.google.com/ http://cse.google.com/adsense/search/async-ads.js https://www.google.com/cse/ https://partner.googleadservices.com/; style-src 'self' 'unsafe-inline' https://www.google.com/cse/; frame-ancestors 'none';",
            "strict-transport-security": "max-age=31536000; preload",
            "content-type": "text/html",
            "via": "1.1 varnish, 1.1 varnish",
            "accept-ranges": "bytes",
            "date": "Wed, 25 Oct 2023 12:34:08 GMT",
            "age": "645",
            "x-served-by": "cache-hel1410027-HEL, cache-fra-etou8220032-FRA",
            "x-cache": "HIT, HIT",
            "x-cache-hits": "7, 1",
            "x-timer": "S1698237249.892297,VS0,VE2",
            "vary": "Accept-Enc"
        }
    },
    {
        "number": 6,
        "request": "GET https://apache.org/  HTTP/1.1\r\nHost: apache.org\r\nUser-Agent: Mozilla/5.0 (Windows NT 10.0; rv:102.0) Gecko/20100101 Firefox/102.0\r\nAccept: text/html,application/xhtml+xml,application/xml;q=0.9,image/avif,image/webp,*/*;q=0.8\r\nAccept-Encoding: gzip, deflate, br\r\nAccept-Language: en-US,en;q=0.5\r\nDNT: 1\r\nConnection: keep-alive\r\nUpgrade-Insecure-Requests: 1\r\nSec-Fetch-Dest: document\r\nSec-Fetch-Mode: navigate\r\nSec-Fetch-Site: cross-site\r\n\r\n",
        "deviation_count": 0,
        "uri": "https://apache.org/",
        "request_length": 443,
        "Response_Time": 0.027158498764038086,
        "status_code": 200,
        "reason_phrase": "OK",
        "error_message": [
            ""
        ],
        "response_header_count": 20,
        "response_header_length": 20,
        "response_body_length": 0,
        "response_header_fields": {
            "connection": "keep-alive",
            "content-length": "16019",
            "server": "Apache",
            "last-modified": "Wed, 25 Oct 2023 09:23:17 GMT",
            "etag": "W/\"fcea-60887016597c8-gzip\"",
            "cache-control": "max-age=3600",
            "expires": "Wed, 25 Oct 2023 10:23:18 GMT",
            "content-encoding": "gzip",
            "content-security-policy": "default-src 'self' 'unsafe-inline' https://www.apachecon.com/ https://analytics.apache.org/ http://analytics.apache.org/ https://www.google.com/cse/ https://cse.google.com/ https://www.googleapis.com/generate_204 http://*.google.com/generate_204 https://afs.googlesyndication.com/ https://csp.withgoogle.com/ https://www.google.com/images/ https://ssl.gstatic.com/ui/ https://docs.google.com/forms/ https://www.youtube.com/embed/; script-src 'self' 'unsafe-inline' 'unsafe-eval' https://analytics.apache.org/ http://analytics.apache.org/ https://cse.google.com/ http://cse.google.com/adsense/search/async-ads.js https://www.google.com/cse/ https://partner.googleadservices.com/; style-src 'self' 'unsafe-inline' https://www.google.com/cse/; frame-ancestors 'none';",
            "strict-transport-security": "max-age=31536000; preload",
            "content-type": "text/html",
            "via": "1.1 varnish, 1.1 varnish",
            "accept-ranges": "bytes",
            "date": "Wed, 25 Oct 2023 12:34:18 GMT",
            "age": "655",
            "x-served-by": "cache-hel1410027-HEL, cache-fra-etou8220037-FRA",
            "x-cache": "HIT, HIT",
            "x-cache-hits": "7, 1",
            "x-timer": "S1698237259.858716,VS0,VE1",
            "vary": "Accept-Enc"
        }
    },
    {
        "number": 7,
        "request": "GET https://apache.org/  HTTP/1.1\r\nHost: apache.org\r\nUser-Agent: Mozilla/5.0 (Windows NT 10.0; rv:102.0) Gecko/20100101 Firefox/102.0\r\nAccept: text/html,application/xhtml+xml,application/xml;q=0.9,image/avif,image/webp,*/*;q=0.8\r\nAccept-Encoding: gzip, deflate, br\r\nAccept-Language: en-US,en;q=0.5\r\nDNT: 1\r\nConnection: keep-alive\r\nUpgrade-Insecure-Requests: 1\r\nSec-Fetch-Dest: document\r\nSec-Fetch-Mode: navigate\r\nSec-Fetch-Site: cross-site\r\n\r\n",
        "deviation_count": 0,
        "uri": "https://apache.org/",
        "request_length": 443,
        "Response_Time": 0.023175716400146484,
        "status_code": 200,
        "reason_phrase": "OK",
        "error_message": [
            ""
        ],
        "response_header_count": 20,
        "response_header_length": 20,
        "response_body_length": 0,
        "response_header_fields": {
            "connection": "keep-alive",
            "content-length": "16019",
            "server": "Apache",
            "last-modified": "Wed, 25 Oct 2023 09:23:17 GMT",
            "etag": "W/\"fcea-60887016597c8-gzip\"",
            "cache-control": "max-age=3600",
            "expires": "Wed, 25 Oct 2023 10:23:18 GMT",
            "content-encoding": "gzip",
            "content-security-policy": "default-src 'self' 'unsafe-inline' https://www.apachecon.com/ https://analytics.apache.org/ http://analytics.apache.org/ https://www.google.com/cse/ https://cse.google.com/ https://www.googleapis.com/generate_204 http://*.google.com/generate_204 https://afs.googlesyndication.com/ https://csp.withgoogle.com/ https://www.google.com/images/ https://ssl.gstatic.com/ui/ https://docs.google.com/forms/ https://www.youtube.com/embed/; script-src 'self' 'unsafe-inline' 'unsafe-eval' https://analytics.apache.org/ http://analytics.apache.org/ https://cse.google.com/ http://cse.google.com/adsense/search/async-ads.js https://www.google.com/cse/ https://partner.googleadservices.com/; style-src 'self' 'unsafe-inline' https://www.google.com/cse/; frame-ancestors 'none';",
            "strict-transport-security": "max-age=31536000; preload",
            "content-type": "text/html",
            "via": "1.1 varnish, 1.1 varnish",
            "accept-ranges": "bytes",
            "date": "Wed, 25 Oct 2023 12:34:29 GMT",
            "age": "665",
            "x-served-by": "cache-hel1410027-HEL, cache-fra-eddf8230083-FRA",
            "x-cache": "HIT, HIT",
            "x-cache-hits": "7, 1",
            "x-timer": "S1698237269.086788,VS0,VE1",
            "vary": "Accept-Enc"
        }
    },
    {
        "number": 8,
        "request": "GET https://apache.org/  HTTP/1.1\r\nHost: apache.org\r\nUser-Agent: Mozilla/5.0 (Windows NT 10.0; rv:102.0) Gecko/20100101 Firefox/102.0\r\nAccept: text/html,application/xhtml+xml,application/xml;q=0.9,image/avif,image/webp,*/*;q=0.8\r\nAccept-Encoding: gzip, deflate, br\r\nAccept-Language: en-US,en;q=0.5\r\nDNT: 1\r\nConnection: keep-alive\r\nUpgrade-Insecure-Requests: 1\r\nSec-Fetch-Dest: document\r\nSec-Fetch-Mode: navigate\r\nSec-Fetch-Site: cross-site\r\n\r\n",
        "deviation_count": 0,
        "uri": "https://apache.org/",
        "request_length": 443,
        "Response_Time": 0.029048681259155273,
        "status_code": 200,
        "reason_phrase": "OK",
        "error_message": [
            ""
        ],
        "response_header_count": 20,
        "response_header_length": 20,
        "response_body_length": 0,
        "response_header_fields": {
            "connection": "keep-alive",
            "content-length": "16019",
            "server": "Apache",
            "last-modified": "Wed, 25 Oct 2023 09:23:17 GMT",
            "etag": "W/\"fcea-60887016597c8-gzip\"",
            "cache-control": "max-age=3600",
            "expires": "Wed, 25 Oct 2023 10:23:18 GMT",
            "content-encoding": "gzip",
            "content-security-policy": "default-src 'self' 'unsafe-inline' https://www.apachecon.com/ https://analytics.apache.org/ http://analytics.apache.org/ https://www.google.com/cse/ https://cse.google.com/ https://www.googleapis.com/generate_204 http://*.google.com/generate_204 https://afs.googlesyndication.com/ https://csp.withgoogle.com/ https://www.google.com/images/ https://ssl.gstatic.com/ui/ https://docs.google.com/forms/ https://www.youtube.com/embed/; script-src 'self' 'unsafe-inline' 'unsafe-eval' https://analytics.apache.org/ http://analytics.apache.org/ https://cse.google.com/ http://cse.google.com/adsense/search/async-ads.js https://www.google.com/cse/ https://partner.googleadservices.com/; style-src 'self' 'unsafe-inline' https://www.google.com/cse/; frame-ancestors 'none';",
            "strict-transport-security": "max-age=31536000; preload",
            "content-type": "text/html",
            "via": "1.1 varnish, 1.1 varnish",
            "accept-ranges": "bytes",
            "date": "Wed, 25 Oct 2023 12:34:39 GMT",
            "age": "676",
            "x-served-by": "cache-hel1410027-HEL, cache-fra-etou8220104-FRA",
            "x-cache": "HIT, HIT",
            "x-cache-hits": "7, 1",
            "x-timer": "S1698237279.395447,VS0,VE1",
            "vary": "Accept-Enc"
        }
    },
    {
        "number": 9,
        "request": "GET https://apache.org/  HTTP/1.1\r\nHost: apache.org\r\nUser-Agent: Mozilla/5.0 (Windows NT 10.0; rv:102.0) Gecko/20100101 Firefox/102.0\r\nAccept: text/html,application/xhtml+xml,application/xml;q=0.9,image/avif,image/webp,*/*;q=0.8\r\nAccept-Encoding: gzip, deflate, br\r\nAccept-Language: en-US,en;q=0.5\r\nDNT: 1\r\nConnection: keep-alive\r\nUpgrade-Insecure-Requests: 1\r\nSec-Fetch-Dest: document\r\nSec-Fetch-Mode: navigate\r\nSec-Fetch-Site: cross-site\r\n\r\n",
        "deviation_count": 0,
        "uri": "https://apache.org/",
        "request_length": 443,
        "Response_Time": 0.03570222854614258,
        "status_code": 200,
        "reason_phrase": "OK",
        "error_message": [
            ""
        ],
        "response_header_count": 20,
        "response_header_length": 20,
        "response_body_length": 0,
        "response_header_fields": {
            "connection": "keep-alive",
            "content-length": "16019",
            "server": "Apache",
            "last-modified": "Wed, 25 Oct 2023 09:23:17 GMT",
            "etag": "W/\"fcea-60887016597c8-gzip\"",
            "cache-control": "max-age=3600",
            "expires": "Wed, 25 Oct 2023 10:23:18 GMT",
            "content-encoding": "gzip",
            "content-security-policy": "default-src 'self' 'unsafe-inline' https://www.apachecon.com/ https://analytics.apache.org/ http://analytics.apache.org/ https://www.google.com/cse/ https://cse.google.com/ https://www.googleapis.com/generate_204 http://*.google.com/generate_204 https://afs.googlesyndication.com/ https://csp.withgoogle.com/ https://www.google.com/images/ https://ssl.gstatic.com/ui/ https://docs.google.com/forms/ https://www.youtube.com/embed/; script-src 'self' 'unsafe-inline' 'unsafe-eval' https://analytics.apache.org/ http://analytics.apache.org/ https://cse.google.com/ http://cse.google.com/adsense/search/async-ads.js https://www.google.com/cse/ https://partner.googleadservices.com/; style-src 'self' 'unsafe-inline' https://www.google.com/cse/; frame-ancestors 'none';",
            "strict-transport-security": "max-age=31536000; preload",
            "content-type": "text/html",
            "via": "1.1 varnish, 1.1 varnish",
            "accept-ranges": "bytes",
            "date": "Wed, 25 Oct 2023 12:34:49 GMT",
            "age": "685",
            "x-served-by": "cache-hel1410027-HEL, cache-fra-etou8220106-FRA",
            "x-cache": "HIT, HIT",
            "x-cache-hits": "7, 1",
            "x-timer": "S1698237289.061029,VS0,VE1",
            "vary": "Accept-Enc"
        }
    }
]