number,request,deviation_count,uri,request_length,http_version,Socket_Connect_Time,Socket_Close_Time,Response_Time,status_code,reason_phrase,error_message,response_header_count,response_header_length,response_body_length,response_header_fields
0,"GET https://www.whatsapp.com/?absolute_url_processed=1 HTTP/1.1
Host: www.whatsapp.com
User-Agent: Mozilla/5.0 (Windows NT 10.0; rv:102.0) Gecko/20100101 Firefox/102.0
Accept: text/html,application/xhtml+xml,application/xml;q=0.9,image/avif,image/webp,*/*;q=0.8
Accept-Encoding: gzip, deflate, br
Accept-Language: en-US,en;q=0.5
DNT: 1
Connection: keep-alive
Upgrade-Insecure-Requests: 1
Sec-Fetch-Dest: document
Sec-Fetch-Mode: navigate
Sec-Fetch-Site: cross-site

",0,https://www.whatsapp.com/?absolute_url_processed=1,479,HTTP/1.1,0.18347525596618652,0.11550259590148926,0.36006665229797363,200,OK,[''],21,21,6,"{""vary"": ""Accept-Encoding"", ""content-encoding"": ""br"", ""reporting-endpoints"": """", ""content-security-policy"": ""default-src 'self' data: blob:;script-src 'self' data: blob: *.whatsapp.com *.whatsapp.net 'unsafe-inline' 'unsafe-eval';style-src 'self' data: blob: *.whatsapp.com *.whatsapp.net 'unsafe-inline';connect-src 'self' data: blob: *.whatsapp.com *.whatsapp.net *.fbcdn.net;font-src data: *.whatsapp.com *.whatsapp.net static.xx.fbcdn.net;img-src 'self' data: blob: *.whatsapp.com *.whatsapp.net *.fbcdn.net static.xx.fbcdn.net;media-src 'self' data: blob: *.fbcdn.net;frame-src 'self' data: blob: *.whatsapp.com;block-all-mixed-content;upgrade-insecure-requests;report-uri https://www.facebook.com/csp/reporting/?m=c&minimize=0;"", ""document-policy"": ""force-load-at-top"", ""permissions-policy"": ""accelerometer=(), ambient-light-sensor=(), bluetooth=(), camera=(), geolocation=(), gyroscope=(), hid=(), idle-detection=(), magnetometer=(), microphone=(), midi=(), payment=(), screen-wake-lock=(), serial=(), usb=()"", ""cross-origin-resource-policy"": ""rollout"", ""cross-origin-opener-policy"": ""same-origin-allow-popups"", ""pragma"": ""no-cache"", ""cache-control"": ""private, no-cache, no-store, must-revalidate"", ""expires"": ""Sat, 01 Jan 2000 00:00:00 GMT"", ""x-content-type-options"": ""nosniff"", ""x-xss-protection"": ""0"", ""x-frame-options"": ""DENY"", ""strict-transport-security"": ""max-age=31536000; preload; includeSubDomains"", ""content-type"": ""text/html; charset=\""utf-8\"""", ""x-fb-debug"": ""YZHNrNppgQGQtd3uXuMCmGkPGbmQ06dKs/yzIxJ2n+1J6LD+LHDsguwToJVe4IQKphKUt0C6ndSStXCMS39B5g=="", ""date"": ""Wed, 25 Oct 2023 12:33:11 GMT"", ""alt-svc"": ""h3=\"":443\""; ma=86400"", ""transfer-encoding"": ""chunked"", ""connection"": ""keep-alive""}"
1,"GET https://www.whatsapp.com/?absolute_url_processed=1 HTTP/1.1
Host: www.whatsapp.com
User-Agent: Mozilla/5.0 (Windows NT 10.0; rv:102.0) Gecko/20100101 Firefox/102.0
Accept: text/html,application/xhtml+xml,application/xml;q=0.9,image/avif,image/webp,*/*;q=0.8
Accept-Encoding: gzip, deflate, br
Accept-Language: en-US,en;q=0.5
DNT: 1
Connection: keep-alive
Upgrade-Insecure-Requests: 1
Sec-Fetch-Dest: document
Sec-Fetch-Mode: navigate
Sec-Fetch-Site: cross-site

",0,https://www.whatsapp.com/?absolute_url_processed=1,479,HTTP/1.1,0.11374759674072266,0.10138225555419922,0.5922467708587646,200,OK,[''],21,21,5,"{""vary"": ""Accept-Encoding"", ""content-encoding"": ""br"", ""reporting-endpoints"": """", ""content-security-policy"": ""default-src 'self' data: blob:;script-src 'self' data: blob: *.whatsapp.com *.whatsapp.net 'unsafe-inline' 'unsafe-eval';style-src 'self' data: blob: *.whatsapp.com *.whatsapp.net 'unsafe-inline';connect-src 'self' data: blob: *.whatsapp.com *.whatsapp.net *.fbcdn.net;font-src data: *.whatsapp.com *.whatsapp.net static.xx.fbcdn.net;img-src 'self' data: blob: *.whatsapp.com *.whatsapp.net *.fbcdn.net static.xx.fbcdn.net;media-src 'self' data: blob: *.fbcdn.net;frame-src 'self' data: blob: *.whatsapp.com;block-all-mixed-content;upgrade-insecure-requests;report-uri https://www.facebook.com/csp/reporting/?m=c&minimize=0;"", ""document-policy"": ""force-load-at-top"", ""permissions-policy"": ""accelerometer=(), ambient-light-sensor=(), bluetooth=(), camera=(), gyroscope=(), hid=(), idle-detection=(), magnetometer=(), microphone=(), midi=(), payment=(), screen-wake-lock=(), serial=(), usb=()"", ""cross-origin-resource-policy"": ""rollout"", ""cross-origin-opener-policy"": ""same-origin-allow-popups"", ""pragma"": ""no-cache"", ""cache-control"": ""private, no-cache, no-store, must-revalidate"", ""expires"": ""Sat, 01 Jan 2000 00:00:00 GMT"", ""x-content-type-options"": ""nosniff"", ""x-xss-protection"": ""0"", ""x-frame-options"": ""DENY"", ""strict-transport-security"": ""max-age=31536000; preload; includeSubDomains"", ""content-type"": ""text/html; charset=\""utf-8\"""", ""x-fb-debug"": ""8Cavi1zVH2A2spGQwgKC4ISqxLNQao7WKJHfjaRH+1+rEFaBHbIaN3t/JJiYdB1wGSLFN8xMQSTTeHV7zQ2F2g=="", ""date"": ""Wed, 25 Oct 2023 12:33:23 GMT"", ""alt-svc"": ""h3=\"":443\""; ma=86400"", ""transfer-encoding"": ""chunked"", ""connection"": ""keep-alive""}"
2,"GET https://www.whatsapp.com/?absolute_url_processed=1 HTTP/1.1
Host: www.whatsapp.com
User-Agent: Mozilla/5.0 (Windows NT 10.0; rv:102.0) Gecko/20100101 Firefox/102.0
Accept: text/html,application/xhtml+xml,application/xml;q=0.9,image/avif,image/webp,*/*;q=0.8
Accept-Encoding: gzip, deflate, br
Accept-Language: en-US,en;q=0.5
DNT: 1
Connection: keep-alive
Upgrade-Insecure-Requests: 1
Sec-Fetch-Dest: document
Sec-Fetch-Mode: navigate
Sec-Fetch-Site: cross-site

",0,https://www.whatsapp.com/?absolute_url_processed=1,479,HTTP/1.1,0.152055025100708,0.10279202461242676,0.304553747177124,200,OK,[''],21,21,5,"{""vary"": ""Accept-Encoding"", ""content-encoding"": ""br"", ""reporting-endpoints"": """", ""content-security-policy"": ""default-src 'self' data: blob:;script-src 'self' data: blob: *.whatsapp.com *.whatsapp.net 'unsafe-inline' 'unsafe-eval';style-src 'self' data: blob: *.whatsapp.com *.whatsapp.net 'unsafe-inline';connect-src 'self' data: blob: *.whatsapp.com *.whatsapp.net *.fbcdn.net;font-src data: *.whatsapp.com *.whatsapp.net static.xx.fbcdn.net;img-src 'self' data: blob: *.whatsapp.com *.whatsapp.net *.fbcdn.net static.xx.fbcdn.net;media-src 'self' data: blob: *.fbcdn.net;frame-src 'self' data: blob: *.whatsapp.com;block-all-mixed-content;upgrade-insecure-requests;report-uri https://www.facebook.com/csp/reporting/?m=c&minimize=0;"", ""document-policy"": ""force-load-at-top"", ""permissions-policy"": ""accelerometer=(), ambient-light-sensor=(), bluetooth=(), camera=(), gyroscope=(), hid=(), idle-detection=(), magnetometer=(), microphone=(), midi=(), payment=(), screen-wake-lock=(), serial=(), usb=()"", ""cross-origin-resource-policy"": ""rollout"", ""cross-origin-opener-policy"": ""same-origin-allow-popups"", ""pragma"": ""no-cache"", ""cache-control"": ""private, no-cache, no-store, must-revalidate"", ""expires"": ""Sat, 01 Jan 2000 00:00:00 GMT"", ""x-content-type-options"": ""nosniff"", ""x-xss-protection"": ""0"", ""x-frame-options"": ""DENY"", ""strict-transport-security"": ""max-age=31536000; preload; includeSubDomains"", ""content-type"": ""text/html; charset=\""utf-8\"""", ""x-fb-debug"": ""u+KkBo/CuFhvr7aFVdZE5ixKaFQqFeQijHxLtmuVu1VZA3y3f3wDmbT1BLUvyLEP3b6gDWk9VdvUt1GMydRnCw=="", ""date"": ""Wed, 25 Oct 2023 12:33:33 GMT"", ""alt-svc"": ""h3=\"":443\""; ma=86400"", ""transfer-encoding"": ""chunked"", ""connection"": ""keep-alive""}"
3,"GET https://www.whatsapp.com/?absolute_url_processed=1 HTTP/1.1
Host: www.whatsapp.com
User-Agent: Mozilla/5.0 (Windows NT 10.0; rv:102.0) Gecko/20100101 Firefox/102.0
Accept: text/html,application/xhtml+xml,application/xml;q=0.9,image/avif,image/webp,*/*;q=0.8
Accept-Encoding: gzip, deflate, br
Accept-Language: en-US,en;q=0.5
DNT: 1
Connection: keep-alive
Upgrade-Insecure-Requests: 1
Sec-Fetch-Dest: document
Sec-Fetch-Mode: navigate
Sec-Fetch-Site: cross-site

",0,https://www.whatsapp.com/?absolute_url_processed=1,479,HTTP/1.1,0.19083595275878906,0.12741470336914062,0.2424333095550537,200,OK,[''],21,21,6,"{""vary"": ""Accept-Encoding"", ""content-encoding"": ""br"", ""reporting-endpoints"": """", ""content-security-policy"": ""default-src 'self' data: blob:;script-src 'self' data: blob: *.whatsapp.com *.whatsapp.net 'unsafe-inline' 'unsafe-eval';style-src 'self' data: blob: *.whatsapp.com *.whatsapp.net 'unsafe-inline';connect-src 'self' data: blob: *.whatsapp.com *.whatsapp.net *.fbcdn.net;font-src data: *.whatsapp.com *.whatsapp.net static.xx.fbcdn.net;img-src 'self' data: blob: *.whatsapp.com *.whatsapp.net *.fbcdn.net static.xx.fbcdn.net;media-src 'self' data: blob: *.fbcdn.net;frame-src 'self' data: blob: *.whatsapp.com;block-all-mixed-content;upgrade-insecure-requests;report-uri https://www.facebook.com/csp/reporting/?m=c&minimize=0;"", ""document-policy"": ""force-load-at-top"", ""permissions-policy"": ""accelerometer=(), ambient-light-sensor=(), bluetooth=(), camera=(), gyroscope=(), hid=(), idle-detection=(), magnetometer=(), microphone=(), midi=(), payment=(), screen-wake-lock=(), serial=(), usb=()"", ""cross-origin-resource-policy"": ""rollout"", ""cross-origin-opener-policy"": ""same-origin-allow-popups"", ""pragma"": ""no-cache"", ""cache-control"": ""private, no-cache, no-store, must-revalidate"", ""expires"": ""Sat, 01 Jan 2000 00:00:00 GMT"", ""x-content-type-options"": ""nosniff"", ""x-xss-protection"": ""0"", ""x-frame-options"": ""DENY"", ""strict-transport-security"": ""max-age=31536000; preload; includeSubDomains"", ""content-type"": ""text/html; charset=\""utf-8\"""", ""x-fb-debug"": ""yHECM/tgg7jT0rEyyuP/ISaFP+Bz89haFamhI/ngFGgeF7u5L64ZViRi+Ta7l4AhbqMnk0joiPwfQ1S7g+W1aA=="", ""date"": ""Wed, 25 Oct 2023 12:33:45 GMT"", ""alt-svc"": ""h3=\"":443\""; ma=86400"", ""transfer-encoding"": ""chunked"", ""connection"": ""keep-alive""}"
4,"GET https://www.whatsapp.com/?absolute_url_processed=1 HTTP/1.1
Host: www.whatsapp.com
User-Agent: Mozilla/5.0 (Windows NT 10.0; rv:102.0) Gecko/20100101 Firefox/102.0
Accept: text/html,application/xhtml+xml,application/xml;q=0.9,image/avif,image/webp,*/*;q=0.8
Accept-Encoding: gzip, deflate, br
Accept-Language: en-US,en;q=0.5
DNT: 1
Connection: keep-alive
Upgrade-Insecure-Requests: 1
Sec-Fetch-Dest: document
Sec-Fetch-Mode: navigate
Sec-Fetch-Site: cross-site

",0,https://www.whatsapp.com/?absolute_url_processed=1,479,HTTP/1.1,0.09009075164794922,0.1453697681427002,0.33284735679626465,200,OK,[''],21,21,6,"{""vary"": ""Accept-Encoding"", ""content-encoding"": ""br"", ""reporting-endpoints"": """", ""content-security-policy"": ""default-src 'self' data: blob:;script-src 'self' data: blob: *.whatsapp.com *.whatsapp.net 'unsafe-inline' 'unsafe-eval';style-src 'self' data: blob: *.whatsapp.com *.whatsapp.net 'unsafe-inline';connect-src 'self' data: blob: *.whatsapp.com *.whatsapp.net *.fbcdn.net;font-src data: *.whatsapp.com *.whatsapp.net static.xx.fbcdn.net;img-src 'self' data: blob: *.whatsapp.com *.whatsapp.net *.fbcdn.net static.xx.fbcdn.net;media-src 'self' data: blob: *.fbcdn.net;frame-src 'self' data: blob: *.whatsapp.com;block-all-mixed-content;upgrade-insecure-requests;report-uri https://www.facebook.com/csp/reporting/?m=c&minimize=0;"", ""document-policy"": ""force-load-at-top"", ""permissions-policy"": ""accelerometer=(), ambient-light-sensor=(), bluetooth=(), camera=(), gyroscope=(), hid=(), idle-detection=(), magnetometer=(), microphone=(), midi=(), payment=(), screen-wake-lock=(), serial=(), usb=()"", ""cross-origin-resource-policy"": ""rollout"", ""cross-origin-opener-policy"": ""same-origin-allow-popups"", ""pragma"": ""no-cache"", ""cache-control"": ""private, no-cache, no-store, must-revalidate"", ""expires"": ""Sat, 01 Jan 2000 00:00:00 GMT"", ""x-content-type-options"": ""nosniff"", ""x-xss-protection"": ""0"", ""x-frame-options"": ""DENY"", ""strict-transport-security"": ""max-age=31536000; preload; includeSubDomains"", ""content-type"": ""text/html; charset=\""utf-8\"""", ""x-fb-debug"": ""6aj6o7Law4BNggKDx5eEyK7RNfFYcN2/EtqL6WrOVEaffW/ZqMahwV2NJ+iXBHhYNrDEFTME5ks/EWMwQMrtZg=="", ""date"": ""Wed, 25 Oct 2023 12:33:55 GMT"", ""alt-svc"": ""h3=\"":443\""; ma=86400"", ""transfer-encoding"": ""chunked"", ""connection"": ""keep-alive""}"
5,"GET https://www.whatsapp.com/?absolute_url_processed=1 HTTP/1.1
Host: www.whatsapp.com
User-Agent: Mozilla/5.0 (Windows NT 10.0; rv:102.0) Gecko/20100101 Firefox/102.0
Accept: text/html,application/xhtml+xml,application/xml;q=0.9,image/avif,image/webp,*/*;q=0.8
Accept-Encoding: gzip, deflate, br
Accept-Language: en-US,en;q=0.5
DNT: 1
Connection: keep-alive
Upgrade-Insecure-Requests: 1
Sec-Fetch-Dest: document
Sec-Fetch-Mode: navigate
Sec-Fetch-Site: cross-site

",0,https://www.whatsapp.com/?absolute_url_processed=1,479,HTTP/1.1,0.07979965209960938,0.11083769798278809,0.4066486358642578,200,OK,[''],21,21,6,"{""vary"": ""Accept-Encoding"", ""content-encoding"": ""br"", ""reporting-endpoints"": """", ""content-security-policy"": ""default-src 'self' data: blob:;script-src 'self' data: blob: *.whatsapp.com *.whatsapp.net 'unsafe-inline' 'unsafe-eval';style-src 'self' data: blob: *.whatsapp.com *.whatsapp.net 'unsafe-inline';connect-src 'self' data: blob: *.whatsapp.com *.whatsapp.net *.fbcdn.net;font-src data: *.whatsapp.com *.whatsapp.net static.xx.fbcdn.net;img-src 'self' data: blob: *.whatsapp.com *.whatsapp.net *.fbcdn.net static.xx.fbcdn.net;media-src 'self' data: blob: *.fbcdn.net;frame-src 'self' data: blob: *.whatsapp.com;block-all-mixed-content;upgrade-insecure-requests;report-uri https://www.facebook.com/csp/reporting/?m=c&minimize=0;"", ""document-policy"": ""force-load-at-top"", ""permissions-policy"": ""accelerometer=(), ambient-light-sensor=(), bluetooth=(), camera=(), geolocation=(), gyroscope=(), hid=(), idle-detection=(), magnetometer=(), microphone=(), midi=(), payment=(), screen-wake-lock=(), serial=(), usb=()"", ""cross-origin-resource-policy"": ""rollout"", ""cross-origin-opener-policy"": ""same-origin-allow-popups"", ""pragma"": ""no-cache"", ""cache-control"": ""private, no-cache, no-store, must-revalidate"", ""expires"": ""Sat, 01 Jan 2000 00:00:00 GMT"", ""x-content-type-options"": ""nosniff"", ""x-xss-protection"": ""0"", ""x-frame-options"": ""DENY"", ""strict-transport-security"": ""max-age=31536000; preload; includeSubDomains"", ""content-type"": ""text/html; charset=\""utf-8\"""", ""x-fb-debug"": ""e09eepg8doRb5vgU5xrHutZZ3K4IPX8OJMNrzzPGrcw8ukaAzaZIFiLVez92j7x+rWlGkhoZ0rU6puqvsYnrPA=="", ""date"": ""Wed, 25 Oct 2023 12:34:06 GMT"", ""alt-svc"": ""h3=\"":443\""; ma=86400"", ""transfer-encoding"": ""chunked"", ""connection"": ""keep-alive""}"
6,"GET https://www.whatsapp.com/?absolute_url_processed=1 HTTP/1.1
Host: www.whatsapp.com
User-Agent: Mozilla/5.0 (Windows NT 10.0; rv:102.0) Gecko/20100101 Firefox/102.0
Accept: text/html,application/xhtml+xml,application/xml;q=0.9,image/avif,image/webp,*/*;q=0.8
Accept-Encoding: gzip, deflate, br
Accept-Language: en-US,en;q=0.5
DNT: 1
Connection: keep-alive
Upgrade-Insecure-Requests: 1
Sec-Fetch-Dest: document
Sec-Fetch-Mode: navigate
Sec-Fetch-Site: cross-site

",0,https://www.whatsapp.com/?absolute_url_processed=1,479,HTTP/1.1,0.1526966094970703,0.11217284202575684,0.47141337394714355,200,OK,[''],21,21,6,"{""vary"": ""Accept-Encoding"", ""content-encoding"": ""br"", ""reporting-endpoints"": """", ""content-security-policy"": ""default-src 'self' data: blob:;script-src 'self' data: blob: *.whatsapp.com *.whatsapp.net 'unsafe-inline' 'unsafe-eval';style-src 'self' data: blob: *.whatsapp.com *.whatsapp.net 'unsafe-inline';connect-src 'self' data: blob: *.whatsapp.com *.whatsapp.net *.fbcdn.net;font-src data: *.whatsapp.com *.whatsapp.net static.xx.fbcdn.net;img-src 'self' data: blob: *.whatsapp.com *.whatsapp.net *.fbcdn.net static.xx.fbcdn.net;media-src 'self' data: blob: *.fbcdn.net;frame-src 'self' data: blob: *.whatsapp.com;block-all-mixed-content;upgrade-insecure-requests;report-uri https://www.facebook.com/csp/reporting/?m=c&minimize=0;"", ""document-policy"": ""force-load-at-top"", ""permissions-policy"": ""accelerometer=(), ambient-light-sensor=(), bluetooth=(), camera=(), gyroscope=(), hid=(), idle-detection=(), magnetometer=(), microphone=(), midi=(), payment=(), screen-wake-lock=(), serial=(), usb=()"", ""cross-origin-resource-policy"": ""rollout"", ""cross-origin-opener-policy"": ""same-origin-allow-popups"", ""pragma"": ""no-cache"", ""cache-control"": ""private, no-cache, no-store, must-revalidate"", ""expires"": ""Sat, 01 Jan 2000 00:00:00 GMT"", ""x-content-type-options"": ""nosniff"", ""x-xss-protection"": ""0"", ""x-frame-options"": ""DENY"", ""strict-transport-security"": ""max-age=31536000; preload; includeSubDomains"", ""content-type"": ""text/html; charset=\""utf-8\"""", ""x-fb-debug"": ""4bzuO/Icczz1TZIVclWYtcaP4aVC4Nx4fTGwWtWMhESKNKiicr4p5fwkvKQy8IWjqxo2/4NIClFHObZDW8VKxQ=="", ""date"": ""Wed, 25 Oct 2023 12:34:17 GMT"", ""alt-svc"": ""h3=\"":443\""; ma=86400"", ""transfer-encoding"": ""chunked"", ""connection"": ""keep-alive""}"
7,"GET https://www.whatsapp.com/?absolute_url_processed=1 HTTP/1.1
Host: www.whatsapp.com
User-Agent: Mozilla/5.0 (Windows NT 10.0; rv:102.0) Gecko/20100101 Firefox/102.0
Accept: text/html,application/xhtml+xml,application/xml;q=0.9,image/avif,image/webp,*/*;q=0.8
Accept-Encoding: gzip, deflate, br
Accept-Language: en-US,en;q=0.5
DNT: 1
Connection: keep-alive
Upgrade-Insecure-Requests: 1
Sec-Fetch-Dest: document
Sec-Fetch-Mode: navigate
Sec-Fetch-Site: cross-site

",0,https://www.whatsapp.com/?absolute_url_processed=1,479,HTTP/1.1,0.10500574111938477,0.1150660514831543,0.2790677547454834,200,OK,[''],21,21,6,"{""vary"": ""Accept-Encoding"", ""content-encoding"": ""br"", ""reporting-endpoints"": """", ""content-security-policy"": ""default-src 'self' data: blob:;script-src 'self' data: blob: *.whatsapp.com *.whatsapp.net 'unsafe-inline' 'unsafe-eval';style-src 'self' data: blob: *.whatsapp.com *.whatsapp.net 'unsafe-inline';connect-src 'self' data: blob: *.whatsapp.com *.whatsapp.net *.fbcdn.net;font-src data: *.whatsapp.com *.whatsapp.net static.xx.fbcdn.net;img-src 'self' data: blob: *.whatsapp.com *.whatsapp.net *.fbcdn.net static.xx.fbcdn.net;media-src 'self' data: blob: *.fbcdn.net;frame-src 'self' data: blob: *.whatsapp.com;block-all-mixed-content;upgrade-insecure-requests;report-uri https://www.facebook.com/csp/reporting/?m=c&minimize=0;"", ""document-policy"": ""force-load-at-top"", ""permissions-policy"": ""accelerometer=(), ambient-light-sensor=(), bluetooth=(), camera=(), gyroscope=(), hid=(), idle-detection=(), magnetometer=(), microphone=(), midi=(), payment=(), screen-wake-lock=(), serial=(), usb=()"", ""cross-origin-resource-policy"": ""rollout"", ""cross-origin-opener-policy"": ""same-origin-allow-popups"", ""pragma"": ""no-cache"", ""cache-control"": ""private, no-cache, no-store, must-revalidate"", ""expires"": ""Sat, 01 Jan 2000 00:00:00 GMT"", ""x-content-type-options"": ""nosniff"", ""x-xss-protection"": ""0"", ""x-frame-options"": ""DENY"", ""strict-transport-security"": ""max-age=31536000; preload; includeSubDomains"", ""content-type"": ""text/html; charset=\""utf-8\"""", ""x-fb-debug"": ""2AhnRYMcojNcQV/cXOKD8Mi0gzAU6RM0bn0lStEAYp5FMUTC1+1F8s7qL1747ZxjFJ/1vFkzMmCQjvd8X9ykGQ=="", ""date"": ""Wed, 25 Oct 2023 12:34:28 GMT"", ""alt-svc"": ""h3=\"":443\""; ma=86400"", ""transfer-encoding"": ""chunked"", ""connection"": ""keep-alive""}"
8,"GET https://www.whatsapp.com/?absolute_url_processed=1 HTTP/1.1
Host: www.whatsapp.com
User-Agent: Mozilla/5.0 (Windows NT 10.0; rv:102.0) Gecko/20100101 Firefox/102.0
Accept: text/html,application/xhtml+xml,application/xml;q=0.9,image/avif,image/webp,*/*;q=0.8
Accept-Encoding: gzip, deflate, br
Accept-Language: en-US,en;q=0.5
DNT: 1
Connection: keep-alive
Upgrade-Insecure-Requests: 1
Sec-Fetch-Dest: document
Sec-Fetch-Mode: navigate
Sec-Fetch-Site: cross-site

",0,https://www.whatsapp.com/?absolute_url_processed=1,479,HTTP/1.1,0.13343548774719238,0.18590712547302246,0.21003270149230957,200,OK,[''],21,21,6,"{""vary"": ""Accept-Encoding"", ""content-encoding"": ""br"", ""reporting-endpoints"": """", ""content-security-policy"": ""default-src 'self' data: blob:;script-src 'self' data: blob: *.whatsapp.com *.whatsapp.net 'unsafe-inline' 'unsafe-eval';style-src 'self' data: blob: *.whatsapp.com *.whatsapp.net 'unsafe-inline';connect-src 'self' data: blob: *.whatsapp.com *.whatsapp.net *.fbcdn.net;font-src data: *.whatsapp.com *.whatsapp.net static.xx.fbcdn.net;img-src 'self' data: blob: *.whatsapp.com *.whatsapp.net *.fbcdn.net static.xx.fbcdn.net;media-src 'self' data: blob: *.fbcdn.net;frame-src 'self' data: blob: *.whatsapp.com;block-all-mixed-content;upgrade-insecure-requests;report-uri https://www.facebook.com/csp/reporting/?m=c&minimize=0;"", ""document-policy"": ""force-load-at-top"", ""permissions-policy"": ""accelerometer=(), ambient-light-sensor=(), bluetooth=(), camera=(), geolocation=(), gyroscope=(), hid=(), idle-detection=(), magnetometer=(), microphone=(), midi=(), payment=(), screen-wake-lock=(), serial=(), usb=()"", ""cross-origin-resource-policy"": ""rollout"", ""cross-origin-opener-policy"": ""same-origin-allow-popups"", ""pragma"": ""no-cache"", ""cache-control"": ""private, no-cache, no-store, must-revalidate"", ""expires"": ""Sat, 01 Jan 2000 00:00:00 GMT"", ""x-content-type-options"": ""nosniff"", ""x-xss-protection"": ""0"", ""x-frame-options"": ""DENY"", ""strict-transport-security"": ""max-age=31536000; preload; includeSubDomains"", ""content-type"": ""text/html; charset=\""utf-8\"""", ""x-fb-debug"": ""i7vF8sDQYIEJKYY+4VuAqe13MuesnxEK7GPQfc00HThZaXyd3HEQNMhe41aIZ8SVUCIB3LwSNLL06kSCt07mzg=="", ""date"": ""Wed, 25 Oct 2023 12:34:39 GMT"", ""alt-svc"": ""h3=\"":443\""; ma=86400"", ""transfer-encoding"": ""chunked"", ""connection"": ""keep-alive""}"
9,"GET https://www.whatsapp.com/?absolute_url_processed=1 HTTP/1.1
Host: www.whatsapp.com
User-Agent: Mozilla/5.0 (Windows NT 10.0; rv:102.0) Gecko/20100101 Firefox/102.0
Accept: text/html,application/xhtml+xml,application/xml;q=0.9,image/avif,image/webp,*/*;q=0.8
Accept-Encoding: gzip, deflate, br
Accept-Language: en-US,en;q=0.5
DNT: 1
Connection: keep-alive
Upgrade-Insecure-Requests: 1
Sec-Fetch-Dest: document
Sec-Fetch-Mode: navigate
Sec-Fetch-Site: cross-site

",0,https://www.whatsapp.com/?absolute_url_processed=1,479,HTTP/1.1,0.15486979484558105,0.10835409164428711,0.26895809173583984,200,OK,[''],21,21,6,"{""vary"": ""Accept-Encoding"", ""content-encoding"": ""br"", ""reporting-endpoints"": """", ""content-security-policy"": ""default-src 'self' data: blob:;script-src 'self' data: blob: *.whatsapp.com *.whatsapp.net 'unsafe-inline' 'unsafe-eval';style-src 'self' data: blob: *.whatsapp.com *.whatsapp.net 'unsafe-inline';connect-src 'self' data: blob: *.whatsapp.com *.whatsapp.net *.fbcdn.net;font-src data: *.whatsapp.com *.whatsapp.net static.xx.fbcdn.net;img-src 'self' data: blob: *.whatsapp.com *.whatsapp.net *.fbcdn.net static.xx.fbcdn.net;media-src 'self' data: blob: *.fbcdn.net;frame-src 'self' data: blob: *.whatsapp.com;block-all-mixed-content;upgrade-insecure-requests;report-uri https://www.facebook.com/csp/reporting/?m=c&minimize=0;"", ""document-policy"": ""force-load-at-top"", ""permissions-policy"": ""accelerometer=(), ambient-light-sensor=(), bluetooth=(), camera=(), gyroscope=(), hid=(), idle-detection=(), magnetometer=(), microphone=(), midi=(), payment=(), screen-wake-lock=(), serial=(), usb=()"", ""cross-origin-resource-policy"": ""rollout"", ""cross-origin-opener-policy"": ""same-origin-allow-popups"", ""pragma"": ""no-cache"", ""cache-control"": ""private, no-cache, no-store, must-revalidate"", ""expires"": ""Sat, 01 Jan 2000 00:00:00 GMT"", ""x-content-type-options"": ""nosniff"", ""x-xss-protection"": ""0"", ""x-frame-options"": ""DENY"", ""strict-transport-security"": ""max-age=31536000; preload; includeSubDomains"", ""content-type"": ""text/html; charset=\""utf-8\"""", ""x-fb-debug"": ""aFP3m+EJeq3nQvOzZj3jRCyWPooTb8qAHjZyIKOKXFmlyC0jv2HWPtPDS8c1izgb6Kq86dZFImxMBfwIGqnBVw=="", ""date"": ""Wed, 25 Oct 2023 12:34:50 GMT"", ""alt-svc"": ""h3=\"":443\""; ma=86400"", ""transfer-encoding"": ""chunked"", ""connection"": ""keep-alive""}"
