[
    {
        "number": 0,
        "request": "GET https://www.whatsapp.com/?absolute_url_processed=1 HTTP/1.1\r\nHost: www.whatsapp.com\r\nUser-Agent: Mozilla/5.0 (Windows NT 10.0; rv:102.0) Gecko/20100101 Firefox/102.0\r\nAccept: text/html,application/xhtml+xml,application/xml;q=0.9,image/avif,image/webp,*/*;q=0.8\r\nAccept-Encoding: gzip, deflate, br\r\nAccept-Language: en-US,en;q=0.5\r\nDNT: 1\r\nConnection: keep-alive\r\nUpgrade-Insecure-Requests: 1\r\nSec-Fetch-Dest: document\r\nSec-Fetch-Mode: navigate\r\nSec-Fetch-Site: cross-site\r\n\r\n",
        "deviation_count": 0,
        "uri": "https://www.whatsapp.com/?absolute_url_processed=1",
        "request_length": 479,
        "Response_Time": 0.36006665229797363,
        "status_code": 200,
        "reason_phrase": "OK",
        "error_message": [
            ""
        ],
        "response_header_count": 21,
        "response_header_length": 21,
        "response_body_length": 6,
        "response_header_fields": {
            "vary": "Accept-Encoding",
            "content-encoding": "br",
            "reporting-endpoints": "",
            "content-security-policy": "default-src 'self' data: blob:;script-src 'self' data: blob: *.whatsapp.com *.whatsapp.net 'unsafe-inline' 'unsafe-eval';style-src 'self' data: blob: *.whatsapp.com *.whatsapp.net 'unsafe-inline';connect-src 'self' data: blob: *.whatsapp.com *.whatsapp.net *.fbcdn.net;font-src data: *.whatsapp.com *.whatsapp.net static.xx.fbcdn.net;img-src 'self' data: blob: *.whatsapp.com *.whatsapp.net *.fbcdn.net static.xx.fbcdn.net;media-src 'self' data: blob: *.fbcdn.net;frame-src 'self' data: blob: *.whatsapp.com;block-all-mixed-content;upgrade-insecure-requests;report-uri https://www.facebook.com/csp/reporting/?m=c&minimize=0;",
            "document-policy": "force-load-at-top",
            "permissions-policy": "accelerometer=(), ambient-light-sensor=(), bluetooth=(), camera=(), geolocation=(), gyroscope=(), hid=(), idle-detection=(), magnetometer=(), microphone=(), midi=(), payment=(), screen-wake-lock=(), serial=(), usb=()",
            "cross-origin-resource-policy": "rollout",
            "cross-origin-opener-policy": "same-origin-allow-popups",
            "pragma": "no-cache",
            "cache-control": "private, no-cache, no-store, must-revalidate",
            "expires": "Sat, 01 Jan 2000 00:00:00 GMT",
            "x-content-type-options": "nosniff",
            "x-xss-protection": "0",
            "x-frame-options": "DENY",
            "strict-transport-security": "max-age=31536000; preload; includeSubDomains",
            "content-type": "text/html; charset=\"utf-8\"",
            "x-fb-debug": "YZHNrNppgQGQtd3uXuMCmGkPGbmQ06dKs/yzIxJ2n+1J6LD+LHDsguwToJVe4IQKphKUt0C6ndSStXCMS39B5g==",
            "date": "Wed, 25 Oct 2023 12:33:11 GMT",
            "alt-svc": "h3=\":443\"; ma=86400",
            "transfer-encoding": "chunked",
            "connection": "keep-alive"
        }
    },
    {
        "number": 1,
        "request": "GET https://www.whatsapp.com/?absolute_url_processed=1 HTTP/1.1\r\nHost: www.whatsapp.com\r\nUser-Agent: Mozilla/5.0 (Windows NT 10.0; rv:102.0) Gecko/20100101 Firefox/102.0\r\nAccept: text/html,application/xhtml+xml,application/xml;q=0.9,image/avif,image/webp,*/*;q=0.8\r\nAccept-Encoding: gzip, deflate, br\r\nAccept-Language: en-US,en;q=0.5\r\nDNT: 1\r\nConnection: keep-alive\r\nUpgrade-Insecure-Requests: 1\r\nSec-Fetch-Dest: document\r\nSec-Fetch-Mode: navigate\r\nSec-Fetch-Site: cross-site\r\n\r\n",
        "deviation_count": 0,
        "uri": "https://www.whatsapp.com/?absolute_url_processed=1",
        "request_length": 479,
        "Response_Time": 0.5922467708587646,
        "status_code": 200,
        "reason_phrase": "OK",
        "error_message": [
            ""
        ],
        "response_header_count": 21,
        "response_header_length": 21,
        "response_body_length": 5,
        "response_header_fields": {
            "vary": "Accept-Encoding",
            "content-encoding": "br",
            "reporting-endpoints": "",
            "content-security-policy": "default-src 'self' data: blob:;script-src 'self' data: blob: *.whatsapp.com *.whatsapp.net 'unsafe-inline' 'unsafe-eval';style-src 'self' data: blob: *.whatsapp.com *.whatsapp.net 'unsafe-inline';connect-src 'self' data: blob: *.whatsapp.com *.whatsapp.net *.fbcdn.net;font-src data: *.whatsapp.com *.whatsapp.net static.xx.fbcdn.net;img-src 'self' data: blob: *.whatsapp.com *.whatsapp.net *.fbcdn.net static.xx.fbcdn.net;media-src 'self' data: blob: *.fbcdn.net;frame-src 'self' data: blob: *.whatsapp.com;block-all-mixed-content;upgrade-insecure-requests;report-uri https://www.facebook.com/csp/reporting/?m=c&minimize=0;",
            "document-policy": "force-load-at-top",
            "permissions-policy": "accelerometer=(), ambient-light-sensor=(), bluetooth=(), camera=(), gyroscope=(), hid=(), idle-detection=(), magnetometer=(), microphone=(), midi=(), payment=(), screen-wake-lock=(), serial=(), usb=()",
            "cross-origin-resource-policy": "rollout",
            "cross-origin-opener-policy": "same-origin-allow-popups",
            "pragma": "no-cache",
            "cache-control": "private, no-cache, no-store, must-revalidate",
            "expires": "Sat, 01 Jan 2000 00:00:00 GMT",
            "x-content-type-options": "nosniff",
            "x-xss-protection": "0",
            "x-frame-options": "DENY",
            "strict-transport-security": "max-age=31536000; preload; includeSubDomains",
            "content-type": "text/html; charset=\"utf-8\"",
            "x-fb-debug": "8Cavi1zVH2A2spGQwgKC4ISqxLNQao7WKJHfjaRH+1+rEFaBHbIaN3t/JJiYdB1wGSLFN8xMQSTTeHV7zQ2F2g==",
            "date": "Wed, 25 Oct 2023 12:33:23 GMT",
            "alt-svc": "h3=\":443\"; ma=86400",
            "transfer-encoding": "chunked",
            "connection": "keep-alive"
        }
    },
    {
        "number": 2,
        "request": "GET https://www.whatsapp.com/?absolute_url_processed=1 HTTP/1.1\r\nHost: www.whatsapp.com\r\nUser-Agent: Mozilla/5.0 (Windows NT 10.0; rv:102.0) Gecko/20100101 Firefox/102.0\r\nAccept: text/html,application/xhtml+xml,application/xml;q=0.9,image/avif,image/webp,*/*;q=0.8\r\nAccept-Encoding: gzip, deflate, br\r\nAccept-Language: en-US,en;q=0.5\r\nDNT: 1\r\nConnection: keep-alive\r\nUpgrade-Insecure-Requests: 1\r\nSec-Fetch-Dest: document\r\nSec-Fetch-Mode: navigate\r\nSec-Fetch-Site: cross-site\r\n\r\n",
        "deviation_count": 0,
        "uri": "https://www.whatsapp.com/?absolute_url_processed=1",
        "request_length": 479,
        "Response_Time": 0.304553747177124,
        "status_code": 200,
        "reason_phrase": "OK",
        "error_message": [
            ""
        ],
        "response_header_count": 21,
        "response_header_length": 21,
        "response_body_length": 5,
        "response_header_fields": {
            "vary": "Accept-Encoding",
            "content-encoding": "br",
            "reporting-endpoints": "",
            "content-security-policy": "default-src 'self' data: blob:;script-src 'self' data: blob: *.whatsapp.com *.whatsapp.net 'unsafe-inline' 'unsafe-eval';style-src 'self' data: blob: *.whatsapp.com *.whatsapp.net 'unsafe-inline';connect-src 'self' data: blob: *.whatsapp.com *.whatsapp.net *.fbcdn.net;font-src data: *.whatsapp.com *.whatsapp.net static.xx.fbcdn.net;img-src 'self' data: blob: *.whatsapp.com *.whatsapp.net *.fbcdn.net static.xx.fbcdn.net;media-src 'self' data: blob: *.fbcdn.net;frame-src 'self' data: blob: *.whatsapp.com;block-all-mixed-content;upgrade-insecure-requests;report-uri https://www.facebook.com/csp/reporting/?m=c&minimize=0;",
            "document-policy": "force-load-at-top",
            "permissions-policy": "accelerometer=(), ambient-light-sensor=(), bluetooth=(), camera=(), gyroscope=(), hid=(), idle-detection=(), magnetometer=(), microphone=(), midi=(), payment=(), screen-wake-lock=(), serial=(), usb=()",
            "cross-origin-resource-policy": "rollout",
            "cross-origin-opener-policy": "same-origin-allow-popups",
            "pragma": "no-cache",
            "cache-control": "private, no-cache, no-store, must-revalidate",
            "expires": "Sat, 01 Jan 2000 00:00:00 GMT",
            "x-content-type-options": "nosniff",
            "x-xss-protection": "0",
            "x-frame-options": "DENY",
            "strict-transport-security": "max-age=31536000; preload; includeSubDomains",
            "content-type": "text/html; charset=\"utf-8\"",
            "x-fb-debug": "u+KkBo/CuFhvr7aFVdZE5ixKaFQqFeQijHxLtmuVu1VZA3y3f3wDmbT1BLUvyLEP3b6gDWk9VdvUt1GMydRnCw==",
            "date": "Wed, 25 Oct 2023 12:33:33 GMT",
            "alt-svc": "h3=\":443\"; ma=86400",
            "transfer-encoding": "chunked",
            "connection": "keep-alive"
        }
    },
    {
        "number": 3,
        "request": "GET https://www.whatsapp.com/?absolute_url_processed=1 HTTP/1.1\r\nHost: www.whatsapp.com\r\nUser-Agent: Mozilla/5.0 (Windows NT 10.0; rv:102.0) Gecko/20100101 Firefox/102.0\r\nAccept: text/html,application/xhtml+xml,application/xml;q=0.9,image/avif,image/webp,*/*;q=0.8\r\nAccept-Encoding: gzip, deflate, br\r\nAccept-Language: en-US,en;q=0.5\r\nDNT: 1\r\nConnection: keep-alive\r\nUpgrade-Insecure-Requests: 1\r\nSec-Fetch-Dest: document\r\nSec-Fetch-Mode: navigate\r\nSec-Fetch-Site: cross-site\r\n\r\n",
        "deviation_count": 0,
        "uri": "https://www.whatsapp.com/?absolute_url_processed=1",
        "request_length": 479,
        "Response_Time": 0.2424333095550537,
        "status_code": 200,
        "reason_phrase": "OK",
        "error_message": [
            ""
        ],
        "response_header_count": 21,
        "response_header_length": 21,
        "response_body_length": 6,
        "response_header_fields": {
            "vary": "Accept-Encoding",
            "content-encoding": "br",
            "reporting-endpoints": "",
            "content-security-policy": "default-src 'self' data: blob:;script-src 'self' data: blob: *.whatsapp.com *.whatsapp.net 'unsafe-inline' 'unsafe-eval';style-src 'self' data: blob: *.whatsapp.com *.whatsapp.net 'unsafe-inline';connect-src 'self' data: blob: *.whatsapp.com *.whatsapp.net *.fbcdn.net;font-src data: *.whatsapp.com *.whatsapp.net static.xx.fbcdn.net;img-src 'self' data: blob: *.whatsapp.com *.whatsapp.net *.fbcdn.net static.xx.fbcdn.net;media-src 'self' data: blob: *.fbcdn.net;frame-src 'self' data: blob: *.whatsapp.com;block-all-mixed-content;upgrade-insecure-requests;report-uri https://www.facebook.com/csp/reporting/?m=c&minimize=0;",
            "document-policy": "force-load-at-top",
            "permissions-policy": "accelerometer=(), ambient-light-sensor=(), bluetooth=(), camera=(), gyroscope=(), hid=(), idle-detection=(), magnetometer=(), microphone=(), midi=(), payment=(), screen-wake-lock=(), serial=(), usb=()",
            "cross-origin-resource-policy": "rollout",
            "cross-origin-opener-policy": "same-origin-allow-popups",
            "pragma": "no-cache",
            "cache-control": "private, no-cache, no-store, must-revalidate",
            "expires": "Sat, 01 Jan 2000 00:00:00 GMT",
            "x-content-type-options": "nosniff",
            "x-xss-protection": "0",
            "x-frame-options": "DENY",
            "strict-transport-security": "max-age=31536000; preload; includeSubDomains",
            "content-type": "text/html; charset=\"utf-8\"",
            "x-fb-debug": "yHECM/tgg7jT0rEyyuP/ISaFP+Bz89haFamhI/ngFGgeF7u5L64ZViRi+Ta7l4AhbqMnk0joiPwfQ1S7g+W1aA==",
            "date": "Wed, 25 Oct 2023 12:33:45 GMT",
            "alt-svc": "h3=\":443\"; ma=86400",
            "transfer-encoding": "chunked",
            "connection": "keep-alive"
        }
    },
    {
        "number": 4,
        "request": "GET https://www.whatsapp.com/?absolute_url_processed=1 HTTP/1.1\r\nHost: www.whatsapp.com\r\nUser-Agent: Mozilla/5.0 (Windows NT 10.0; rv:102.0) Gecko/20100101 Firefox/102.0\r\nAccept: text/html,application/xhtml+xml,application/xml;q=0.9,image/avif,image/webp,*/*;q=0.8\r\nAccept-Encoding: gzip, deflate, br\r\nAccept-Language: en-US,en;q=0.5\r\nDNT: 1\r\nConnection: keep-alive\r\nUpgrade-Insecure-Requests: 1\r\nSec-Fetch-Dest: document\r\nSec-Fetch-Mode: navigate\r\nSec-Fetch-Site: cross-site\r\n\r\n",
        "deviation_count": 0,
        "uri": "https://www.whatsapp.com/?absolute_url_processed=1",
        "request_length": 479,
        "Response_Time": 0.33284735679626465,
        "status_code": 200,
        "reason_phrase": "OK",
        "error_message": [
            ""
        ],
        "response_header_count": 21,
        "response_header_length": 21,
        "response_body_length": 6,
        "response_header_fields": {
            "vary": "Accept-Encoding",
            "content-encoding": "br",
            "reporting-endpoints": "",
            "content-security-policy": "default-src 'self' data: blob:;script-src 'self' data: blob: *.whatsapp.com *.whatsapp.net 'unsafe-inline' 'unsafe-eval';style-src 'self' data: blob: *.whatsapp.com *.whatsapp.net 'unsafe-inline';connect-src 'self' data: blob: *.whatsapp.com *.whatsapp.net *.fbcdn.net;font-src data: *.whatsapp.com *.whatsapp.net static.xx.fbcdn.net;img-src 'self' data: blob: *.whatsapp.com *.whatsapp.net *.fbcdn.net static.xx.fbcdn.net;media-src 'self' data: blob: *.fbcdn.net;frame-src 'self' data: blob: *.whatsapp.com;block-all-mixed-content;upgrade-insecure-requests;report-uri https://www.facebook.com/csp/reporting/?m=c&minimize=0;",
            "document-policy": "force-load-at-top",
            "permissions-policy": "accelerometer=(), ambient-light-sensor=(), bluetooth=(), camera=(), gyroscope=(), hid=(), idle-detection=(), magnetometer=(), microphone=(), midi=(), payment=(), screen-wake-lock=(), serial=(), usb=()",
            "cross-origin-resource-policy": "rollout",
            "cross-origin-opener-policy": "same-origin-allow-popups",
            "pragma": "no-cache",
            "cache-control": "private, no-cache, no-store, must-revalidate",
            "expires": "Sat, 01 Jan 2000 00:00:00 GMT",
            "x-content-type-options": "nosniff",
            "x-xss-protection": "0",
            "x-frame-options": "DENY",
            "strict-transport-security": "max-age=31536000; preload; includeSubDomains",
            "content-type": "text/html; charset=\"utf-8\"",
            "x-fb-debug": "6aj6o7Law4BNggKDx5eEyK7RNfFYcN2/EtqL6WrOVEaffW/ZqMahwV2NJ+iXBHhYNrDEFTME5ks/EWMwQMrtZg==",
            "date": "Wed, 25 Oct 2023 12:33:55 GMT",
            "alt-svc": "h3=\":443\"; ma=86400",
            "transfer-encoding": "chunked",
            "connection": "keep-alive"
        }
    },
    {
        "number": 5,
        "request": "GET https://www.whatsapp.com/?absolute_url_processed=1 HTTP/1.1\r\nHost: www.whatsapp.com\r\nUser-Agent: Mozilla/5.0 (Windows NT 10.0; rv:102.0) Gecko/20100101 Firefox/102.0\r\nAccept: text/html,application/xhtml+xml,application/xml;q=0.9,image/avif,image/webp,*/*;q=0.8\r\nAccept-Encoding: gzip, deflate, br\r\nAccept-Language: en-US,en;q=0.5\r\nDNT: 1\r\nConnection: keep-alive\r\nUpgrade-Insecure-Requests: 1\r\nSec-Fetch-Dest: document\r\nSec-Fetch-Mode: navigate\r\nSec-Fetch-Site: cross-site\r\n\r\n",
        "deviation_count": 0,
        "uri": "https://www.whatsapp.com/?absolute_url_processed=1",
        "request_length": 479,
        "Response_Time": 0.4066486358642578,
        "status_code": 200,
        "reason_phrase": "OK",
        "error_message": [
            ""
        ],
        "response_header_count": 21,
        "response_header_length": 21,
        "response_body_length": 6,
        "response_header_fields": {
            "vary": "Accept-Encoding",
            "content-encoding": "br",
            "reporting-endpoints": "",
            "content-security-policy": "default-src 'self' data: blob:;script-src 'self' data: blob: *.whatsapp.com *.whatsapp.net 'unsafe-inline' 'unsafe-eval';style-src 'self' data: blob: *.whatsapp.com *.whatsapp.net 'unsafe-inline';connect-src 'self' data: blob: *.whatsapp.com *.whatsapp.net *.fbcdn.net;font-src data: *.whatsapp.com *.whatsapp.net static.xx.fbcdn.net;img-src 'self' data: blob: *.whatsapp.com *.whatsapp.net *.fbcdn.net static.xx.fbcdn.net;media-src 'self' data: blob: *.fbcdn.net;frame-src 'self' data: blob: *.whatsapp.com;block-all-mixed-content;upgrade-insecure-requests;report-uri https://www.facebook.com/csp/reporting/?m=c&minimize=0;",
            "document-policy": "force-load-at-top",
            "permissions-policy": "accelerometer=(), ambient-light-sensor=(), bluetooth=(), camera=(), geolocation=(), gyroscope=(), hid=(), idle-detection=(), magnetometer=(), microphone=(), midi=(), payment=(), screen-wake-lock=(), serial=(), usb=()",
            "cross-origin-resource-policy": "rollout",
            "cross-origin-opener-policy": "same-origin-allow-popups",
            "pragma": "no-cache",
            "cache-control": "private, no-cache, no-store, must-revalidate",
            "expires": "Sat, 01 Jan 2000 00:00:00 GMT",
            "x-content-type-options": "nosniff",
            "x-xss-protection": "0",
            "x-frame-options": "DENY",
            "strict-transport-security": "max-age=31536000; preload; includeSubDomains",
            "content-type": "text/html; charset=\"utf-8\"",
            "x-fb-debug": "e09eepg8doRb5vgU5xrHutZZ3K4IPX8OJMNrzzPGrcw8ukaAzaZIFiLVez92j7x+rWlGkhoZ0rU6puqvsYnrPA==",
            "date": "Wed, 25 Oct 2023 12:34:06 GMT",
            "alt-svc": "h3=\":443\"; ma=86400",
            "transfer-encoding": "chunked",
            "connection": "keep-alive"
        }
    },
    {
        "number": 6,
        "request": "GET https://www.whatsapp.com/?absolute_url_processed=1 HTTP/1.1\r\nHost: www.whatsapp.com\r\nUser-Agent: Mozilla/5.0 (Windows NT 10.0; rv:102.0) Gecko/20100101 Firefox/102.0\r\nAccept: text/html,application/xhtml+xml,application/xml;q=0.9,image/avif,image/webp,*/*;q=0.8\r\nAccept-Encoding: gzip, deflate, br\r\nAccept-Language: en-US,en;q=0.5\r\nDNT: 1\r\nConnection: keep-alive\r\nUpgrade-Insecure-Requests: 1\r\nSec-Fetch-Dest: document\r\nSec-Fetch-Mode: navigate\r\nSec-Fetch-Site: cross-site\r\n\r\n",
        "deviation_count": 0,
        "uri": "https://www.whatsapp.com/?absolute_url_processed=1",
        "request_length": 479,
        "Response_Time": 0.47141337394714355,
        "status_code": 200,
        "reason_phrase": "OK",
        "error_message": [
            ""
        ],
        "response_header_count": 21,
        "response_header_length": 21,
        "response_body_length": 6,
        "response_header_fields": {
            "vary": "Accept-Encoding",
            "content-encoding": "br",
            "reporting-endpoints": "",
            "content-security-policy": "default-src 'self' data: blob:;script-src 'self' data: blob: *.whatsapp.com *.whatsapp.net 'unsafe-inline' 'unsafe-eval';style-src 'self' data: blob: *.whatsapp.com *.whatsapp.net 'unsafe-inline';connect-src 'self' data: blob: *.whatsapp.com *.whatsapp.net *.fbcdn.net;font-src data: *.whatsapp.com *.whatsapp.net static.xx.fbcdn.net;img-src 'self' data: blob: *.whatsapp.com *.whatsapp.net *.fbcdn.net static.xx.fbcdn.net;media-src 'self' data: blob: *.fbcdn.net;frame-src 'self' data: blob: *.whatsapp.com;block-all-mixed-content;upgrade-insecure-requests;report-uri https://www.facebook.com/csp/reporting/?m=c&minimize=0;",
            "document-policy": "force-load-at-top",
            "permissions-policy": "accelerometer=(), ambient-light-sensor=(), bluetooth=(), camera=(), gyroscope=(), hid=(), idle-detection=(), magnetometer=(), microphone=(), midi=(), payment=(), screen-wake-lock=(), serial=(), usb=()",
            "cross-origin-resource-policy": "rollout",
            "cross-origin-opener-policy": "same-origin-allow-popups",
            "pragma": "no-cache",
            "cache-control": "private, no-cache, no-store, must-revalidate",
            "expires": "Sat, 01 Jan 2000 00:00:00 GMT",
            "x-content-type-options": "nosniff",
            "x-xss-protection": "0",
            "x-frame-options": "DENY",
            "strict-transport-security": "max-age=31536000; preload; includeSubDomains",
            "content-type": "text/html; charset=\"utf-8\"",
            "x-fb-debug": "4bzuO/Icczz1TZIVclWYtcaP4aVC4Nx4fTGwWtWMhESKNKiicr4p5fwkvKQy8IWjqxo2/4NIClFHObZDW8VKxQ==",
            "date": "Wed, 25 Oct 2023 12:34:17 GMT",
            "alt-svc": "h3=\":443\"; ma=86400",
            "transfer-encoding": "chunked",
            "connection": "keep-alive"
        }
    },
    {
        "number": 7,
        "request": "GET https://www.whatsapp.com/?absolute_url_processed=1 HTTP/1.1\r\nHost: www.whatsapp.com\r\nUser-Agent: Mozilla/5.0 (Windows NT 10.0; rv:102.0) Gecko/20100101 Firefox/102.0\r\nAccept: text/html,application/xhtml+xml,application/xml;q=0.9,image/avif,image/webp,*/*;q=0.8\r\nAccept-Encoding: gzip, deflate, br\r\nAccept-Language: en-US,en;q=0.5\r\nDNT: 1\r\nConnection: keep-alive\r\nUpgrade-Insecure-Requests: 1\r\nSec-Fetch-Dest: document\r\nSec-Fetch-Mode: navigate\r\nSec-Fetch-Site: cross-site\r\n\r\n",
        "deviation_count": 0,
        "uri": "https://www.whatsapp.com/?absolute_url_processed=1",
        "request_length": 479,
        "Response_Time": 0.2790677547454834,
        "status_code": 200,
        "reason_phrase": "OK",
        "error_message": [
            ""
        ],
        "response_header_count": 21,
        "response_header_length": 21,
        "response_body_length": 6,
        "response_header_fields": {
            "vary": "Accept-Encoding",
            "content-encoding": "br",
            "reporting-endpoints": "",
            "content-security-policy": "default-src 'self' data: blob:;script-src 'self' data: blob: *.whatsapp.com *.whatsapp.net 'unsafe-inline' 'unsafe-eval';style-src 'self' data: blob: *.whatsapp.com *.whatsapp.net 'unsafe-inline';connect-src 'self' data: blob: *.whatsapp.com *.whatsapp.net *.fbcdn.net;font-src data: *.whatsapp.com *.whatsapp.net static.xx.fbcdn.net;img-src 'self' data: blob: *.whatsapp.com *.whatsapp.net *.fbcdn.net static.xx.fbcdn.net;media-src 'self' data: blob: *.fbcdn.net;frame-src 'self' data: blob: *.whatsapp.com;block-all-mixed-content;upgrade-insecure-requests;report-uri https://www.facebook.com/csp/reporting/?m=c&minimize=0;",
            "document-policy": "force-load-at-top",
            "permissions-policy": "accelerometer=(), ambient-light-sensor=(), bluetooth=(), camera=(), gyroscope=(), hid=(), idle-detection=(), magnetometer=(), microphone=(), midi=(), payment=(), screen-wake-lock=(), serial=(), usb=()",
            "cross-origin-resource-policy": "rollout",
            "cross-origin-opener-policy": "same-origin-allow-popups",
            "pragma": "no-cache",
            "cache-control": "private, no-cache, no-store, must-revalidate",
            "expires": "Sat, 01 Jan 2000 00:00:00 GMT",
            "x-content-type-options": "nosniff",
            "x-xss-protection": "0",
            "x-frame-options": "DENY",
            "strict-transport-security": "max-age=31536000; preload; includeSubDomains",
            "content-type": "text/html; charset=\"utf-8\"",
            "x-fb-debug": "2AhnRYMcojNcQV/cXOKD8Mi0gzAU6RM0bn0lStEAYp5FMUTC1+1F8s7qL1747ZxjFJ/1vFkzMmCQjvd8X9ykGQ==",
            "date": "Wed, 25 Oct 2023 12:34:28 GMT",
            "alt-svc": "h3=\":443\"; ma=86400",
            "transfer-encoding": "chunked",
            "connection": "keep-alive"
        }
    },
    {
        "number": 8,
        "request": "GET https://www.whatsapp.com/?absolute_url_processed=1 HTTP/1.1\r\nHost: www.whatsapp.com\r\nUser-Agent: Mozilla/5.0 (Windows NT 10.0; rv:102.0) Gecko/20100101 Firefox/102.0\r\nAccept: text/html,application/xhtml+xml,application/xml;q=0.9,image/avif,image/webp,*/*;q=0.8\r\nAccept-Encoding: gzip, deflate, br\r\nAccept-Language: en-US,en;q=0.5\r\nDNT: 1\r\nConnection: keep-alive\r\nUpgrade-Insecure-Requests: 1\r\nSec-Fetch-Dest: document\r\nSec-Fetch-Mode: navigate\r\nSec-Fetch-Site: cross-site\r\n\r\n",
        "deviation_count": 0,
        "uri": "https://www.whatsapp.com/?absolute_url_processed=1",
        "request_length": 479,
        "Response_Time": 0.21003270149230957,
        "status_code": 200,
        "reason_phrase": "OK",
        "error_message": [
            ""
        ],
        "response_header_count": 21,
        "response_header_length": 21,
        "response_body_length": 6,
        "response_header_fields": {
            "vary": "Accept-Encoding",
            "content-encoding": "br",
            "reporting-endpoints": "",
            "content-security-policy": "default-src 'self' data: blob:;script-src 'self' data: blob: *.whatsapp.com *.whatsapp.net 'unsafe-inline' 'unsafe-eval';style-src 'self' data: blob: *.whatsapp.com *.whatsapp.net 'unsafe-inline';connect-src 'self' data: blob: *.whatsapp.com *.whatsapp.net *.fbcdn.net;font-src data: *.whatsapp.com *.whatsapp.net static.xx.fbcdn.net;img-src 'self' data: blob: *.whatsapp.com *.whatsapp.net *.fbcdn.net static.xx.fbcdn.net;media-src 'self' data: blob: *.fbcdn.net;frame-src 'self' data: blob: *.whatsapp.com;block-all-mixed-content;upgrade-insecure-requests;report-uri https://www.facebook.com/csp/reporting/?m=c&minimize=0;",
            "document-policy": "force-load-at-top",
            "permissions-policy": "accelerometer=(), ambient-light-sensor=(), bluetooth=(), camera=(), geolocation=(), gyroscope=(), hid=(), idle-detection=(), magnetometer=(), microphone=(), midi=(), payment=(), screen-wake-lock=(), serial=(), usb=()",
            "cross-origin-resource-policy": "rollout",
            "cross-origin-opener-policy": "same-origin-allow-popups",
            "pragma": "no-cache",
            "cache-control": "private, no-cache, no-store, must-revalidate",
            "expires": "Sat, 01 Jan 2000 00:00:00 GMT",
            "x-content-type-options": "nosniff",
            "x-xss-protection": "0",
            "x-frame-options": "DENY",
            "strict-transport-security": "max-age=31536000; preload; includeSubDomains",
            "content-type": "text/html; charset=\"utf-8\"",
            "x-fb-debug": "i7vF8sDQYIEJKYY+4VuAqe13MuesnxEK7GPQfc00HThZaXyd3HEQNMhe41aIZ8SVUCIB3LwSNLL06kSCt07mzg==",
            "date": "Wed, 25 Oct 2023 12:34:39 GMT",
            "alt-svc": "h3=\":443\"; ma=86400",
            "transfer-encoding": "chunked",
            "connection": "keep-alive"
        }
    },
    {
        "number": 9,
        "request": "GET https://www.whatsapp.com/?absolute_url_processed=1 HTTP/1.1\r\nHost: www.whatsapp.com\r\nUser-Agent: Mozilla/5.0 (Windows NT 10.0; rv:102.0) Gecko/20100101 Firefox/102.0\r\nAccept: text/html,application/xhtml+xml,application/xml;q=0.9,image/avif,image/webp,*/*;q=0.8\r\nAccept-Encoding: gzip, deflate, br\r\nAccept-Language: en-US,en;q=0.5\r\nDNT: 1\r\nConnection: keep-alive\r\nUpgrade-Insecure-Requests: 1\r\nSec-Fetch-Dest: document\r\nSec-Fetch-Mode: navigate\r\nSec-Fetch-Site: cross-site\r\n\r\n",
        "deviation_count": 0,
        "uri": "https://www.whatsapp.com/?absolute_url_processed=1",
        "request_length": 479,
        "Response_Time": 0.26895809173583984,
        "status_code": 200,
        "reason_phrase": "OK",
        "error_message": [
            ""
        ],
        "response_header_count": 21,
        "response_header_length": 21,
        "response_body_length": 6,
        "response_header_fields": {
            "vary": "Accept-Encoding",
            "content-encoding": "br",
            "reporting-endpoints": "",
            "content-security-policy": "default-src 'self' data: blob:;script-src 'self' data: blob: *.whatsapp.com *.whatsapp.net 'unsafe-inline' 'unsafe-eval';style-src 'self' data: blob: *.whatsapp.com *.whatsapp.net 'unsafe-inline';connect-src 'self' data: blob: *.whatsapp.com *.whatsapp.net *.fbcdn.net;font-src data: *.whatsapp.com *.whatsapp.net static.xx.fbcdn.net;img-src 'self' data: blob: *.whatsapp.com *.whatsapp.net *.fbcdn.net static.xx.fbcdn.net;media-src 'self' data: blob: *.fbcdn.net;frame-src 'self' data: blob: *.whatsapp.com;block-all-mixed-content;upgrade-insecure-requests;report-uri https://www.facebook.com/csp/reporting/?m=c&minimize=0;",
            "document-policy": "force-load-at-top",
            "permissions-policy": "accelerometer=(), ambient-light-sensor=(), bluetooth=(), camera=(), gyroscope=(), hid=(), idle-detection=(), magnetometer=(), microphone=(), midi=(), payment=(), screen-wake-lock=(), serial=(), usb=()",
            "cross-origin-resource-policy": "rollout",
            "cross-origin-opener-policy": "same-origin-allow-popups",
            "pragma": "no-cache",
            "cache-control": "private, no-cache, no-store, must-revalidate",
            "expires": "Sat, 01 Jan 2000 00:00:00 GMT",
            "x-content-type-options": "nosniff",
            "x-xss-protection": "0",
            "x-frame-options": "DENY",
            "strict-transport-security": "max-age=31536000; preload; includeSubDomains",
            "content-type": "text/html; charset=\"utf-8\"",
            "x-fb-debug": "aFP3m+EJeq3nQvOzZj3jRCyWPooTb8qAHjZyIKOKXFmlyC0jv2HWPtPDS8c1izgb6Kq86dZFImxMBfwIGqnBVw==",
            "date": "Wed, 25 Oct 2023 12:34:50 GMT",
            "alt-svc": "h3=\":443\"; ma=86400",
            "transfer-encoding": "chunked",
            "connection": "keep-alive"
        }
    }
]