[
    {
        "number": 0,
        "request": "GET https://accounts.google.com/v3/signin/identifier?continue=https%3A%2F%2Fdrive.google.com%2F&emr=1&followup=https%3A%2F%2Fdrive.google.com%2F&ifkv=AVQVeyxow7ycBtUVcrx1jLSqG1erWAfRYP7uNEk2EGjYizlpynDv7tSRrmqE_fCwg6Eae3RkP6j5&osid=1&passive=1209600&service=wise&flowName=GlifWebSignIn&flowEntry=ServiceLogin&dsh=S403110686%3A1698237174181212&theme=glif HTTP/1.1\r\nHost: accounts.google.com\r\nUser-Agent: Mozilla/5.0 (Windows NT 10.0; rv:102.0) Gecko/20100101 Firefox/102.0\r\nAccept: text/html,application/xhtml+xml,application/xml;q=0.9,image/avif,image/webp,*/*;q=0.8\r\nAccept-Encoding: gzip, deflate, br\r\nAccept-Language: en-US,en;q=0.5\r\nDNT: 1\r\nConnection: keep-alive\r\nUpgrade-Insecure-Requests: 1\r\nSec-Fetch-Dest: document\r\nSec-Fetch-Mode: navigate\r\nSec-Fetch-Site: cross-site\r\n\r\n",
        "deviation_count": 0,
        "uri": "https://accounts.google.com/v3/signin/identifier?continue=https%3A%2F%2Fdrive.google.com%2F&emr=1&followup=https%3A%2F%2Fdrive.google.com%2F&ifkv=AVQVeyxow7ycBtUVcrx1jLSqG1erWAfRYP7uNEk2EGjYizlpynDv7tSRrmqE_fCwg6Eae3RkP6j5&osid=1&passive=1209600&service=wise&flowName=GlifWebSignIn&flowEntry=ServiceLogin&dsh=S403110686%3A1698237174181212&theme=glif",
        "request_length": 781,
        "Response_Time": 0.1337594985961914,
        "status_code": 200,
        "reason_phrase": "OK",
        "error_message": [
            ""
        ],
        "response_header_count": 23,
        "response_header_length": 23,
        "response_body_length": 0,
        "response_header_fields": {
            "content-type": "text/html; charset=utf-8",
            "x-frame-options": "DENY",
            "vary": "Sec-Fetch-Dest, Sec-Fetch-Mode, Sec-Fetch-Site",
            "set-cookie": "__Host-GAPS=1:cBgP3g7tsZ15Y7kalHF-Hq7MwThGdA:c20W6mRuhcbL22vi; Expires=Fri, 24-Oct-2025 12:33:17 GMT; Path=/; Secure; HttpOnly; Priority=HIGH",
            "x-auto-login": "realm=com.google&args=service%3Dwise%26continue%3Dhttps://drive.google.com/",
            "x-ua-compatible": "IE=edge",
            "cache-control": "no-cache, no-store, max-age=0, must-revalidate",
            "pragma": "no-cache",
            "expires": "Mon, 01 Jan 1990 00:00:00 GMT",
            "date": "Wed, 25 Oct 2023 12:33:17 GMT",
            "strict-transport-security": "max-age=31536000; includeSubDomains",
            "content-security-policy": "script-src 'unsafe-inline' 'self' https://apis.google.com https://ssl.gstatic.com https://www.google.com https://www.googletagmanager.com https://www.gstatic.com https://www.google-analytics.com;report-uri /v3/signin/_/AccountsSignInUi/cspreport/allowlist",
            "report-to": "{\"group\":\"AccountsSignInUi\",\"max_age\":2592000,\"endpoints\":[{\"url\":\"https://csp.withgoogle.com/csp/report-to/AccountsSignInUi\"}]}",
            "cross-origin-resource-policy": "same-site",
            "permissions-policy": "ch-ua-arch=*, ch-ua-bitness=*, ch-ua-full-version=*, ch-ua-full-version-list=*, ch-ua-model=*, ch-ua-wow64=*, ch-ua-form-factor=*, ch-ua-platform=*, ch-ua-platform-version=*",
            "cross-origin-opener-policy-report-only": "same-origin; report-to=\"AccountsSignInUi\"",
            "accept-ch": "Sec-CH-UA-Arch, Sec-CH-UA-Bitness, Sec-CH-UA-Full-Version, Sec-CH-UA-Full-Version-List, Sec-CH-UA-Model, Sec-CH-UA-WoW64, Sec-CH-UA-Form-Factor, Sec-CH-UA-Platform, Sec-CH-UA-Platform-Version",
            "content-encoding": "gzip",
            "server": "ESF",
            "x-xss-protection": "0",
            "x-content-type-options": "nosniff",
            "alt-svc": "h3=\":443\"; ma=2592000,h3-29=\":443\"; ma=2592000",
            "transfer-encoding": "chunked"
        }
    },
    {
        "number": 1,
        "request": "GET https://accounts.google.com/v3/signin/identifier?continue=https%3A%2F%2Fdrive.google.com%2F&emr=1&followup=https%3A%2F%2Fdrive.google.com%2F&ifkv=AVQVeyxow7ycBtUVcrx1jLSqG1erWAfRYP7uNEk2EGjYizlpynDv7tSRrmqE_fCwg6Eae3RkP6j5&osid=1&passive=1209600&service=wise&flowName=GlifWebSignIn&flowEntry=ServiceLogin&dsh=S403110686%3A1698237174181212&theme=glif HTTP/1.1\r\nHost: accounts.google.com\r\nUser-Agent: Mozilla/5.0 (Windows NT 10.0; rv:102.0) Gecko/20100101 Firefox/102.0\r\nAccept: text/html,application/xhtml+xml,application/xml;q=0.9,image/avif,image/webp,*/*;q=0.8\r\nAccept-Encoding: gzip, deflate, br\r\nAccept-Language: en-US,en;q=0.5\r\nDNT: 1\r\nConnection: keep-alive\r\nUpgrade-Insecure-Requests: 1\r\nSec-Fetch-Dest: document\r\nSec-Fetch-Mode: navigate\r\nSec-Fetch-Site: cross-site\r\n\r\n",
        "deviation_count": 0,
        "uri": "https://accounts.google.com/v3/signin/identifier?continue=https%3A%2F%2Fdrive.google.com%2F&emr=1&followup=https%3A%2F%2Fdrive.google.com%2F&ifkv=AVQVeyxow7ycBtUVcrx1jLSqG1erWAfRYP7uNEk2EGjYizlpynDv7tSRrmqE_fCwg6Eae3RkP6j5&osid=1&passive=1209600&service=wise&flowName=GlifWebSignIn&flowEntry=ServiceLogin&dsh=S403110686%3A1698237174181212&theme=glif",
        "request_length": 781,
        "Response_Time": 0.1948566436767578,
        "status_code": 200,
        "reason_phrase": "OK",
        "error_message": [
            ""
        ],
        "response_header_count": 23,
        "response_header_length": 23,
        "response_body_length": 0,
        "response_header_fields": {
            "content-type": "text/html; charset=utf-8",
            "x-frame-options": "DENY",
            "vary": "Sec-Fetch-Dest, Sec-Fetch-Mode, Sec-Fetch-Site",
            "set-cookie": "__Host-GAPS=1:HfT1kBk4mpySmYzMIx7yZ-BXi62AfQ:RJouEmlfkJcJQ0bM; Expires=Fri, 24-Oct-2025 12:33:27 GMT; Path=/; Secure; HttpOnly; Priority=HIGH",
            "x-auto-login": "realm=com.google&args=service%3Dwise%26continue%3Dhttps://drive.google.com/",
            "x-ua-compatible": "IE=edge",
            "cache-control": "no-cache, no-store, max-age=0, must-revalidate",
            "pragma": "no-cache",
            "expires": "Mon, 01 Jan 1990 00:00:00 GMT",
            "date": "Wed, 25 Oct 2023 12:33:27 GMT",
            "strict-transport-security": "max-age=31536000; includeSubDomains",
            "report-to": "{\"group\":\"AccountsSignInUi\",\"max_age\":2592000,\"endpoints\":[{\"url\":\"https://csp.withgoogle.com/csp/report-to/AccountsSignInUi\"}]}",
            "permissions-policy": "ch-ua-arch=*, ch-ua-bitness=*, ch-ua-full-version=*, ch-ua-full-version-list=*, ch-ua-model=*, ch-ua-wow64=*, ch-ua-form-factor=*, ch-ua-platform=*, ch-ua-platform-version=*",
            "content-security-policy": "require-trusted-types-for 'script';report-uri /v3/signin/_/AccountsSignInUi/cspreport",
            "accept-ch": "Sec-CH-UA-Arch, Sec-CH-UA-Bitness, Sec-CH-UA-Full-Version, Sec-CH-UA-Full-Version-List, Sec-CH-UA-Model, Sec-CH-UA-WoW64, Sec-CH-UA-Form-Factor, Sec-CH-UA-Platform, Sec-CH-UA-Platform-Version",
            "cross-origin-resource-policy": "same-site",
            "cross-origin-opener-policy-report-only": "same-origin; report-to=\"AccountsSignInUi\"",
            "content-encoding": "gzip",
            "server": "ESF",
            "x-xss-protection": "0",
            "x-content-type-options": "nosniff",
            "alt-svc": "h3=\":443\"; ma=2592000,h3-29=\":443\"; ma=2592000",
            "transfer-encoding": "chunked"
        }
    },
    {
        "number": 2,
        "request": "GET https://accounts.google.com/v3/signin/identifier?continue=https%3A%2F%2Fdrive.google.com%2F&emr=1&followup=https%3A%2F%2Fdrive.google.com%2F&ifkv=AVQVeyxow7ycBtUVcrx1jLSqG1erWAfRYP7uNEk2EGjYizlpynDv7tSRrmqE_fCwg6Eae3RkP6j5&osid=1&passive=1209600&service=wise&flowName=GlifWebSignIn&flowEntry=ServiceLogin&dsh=S403110686%3A1698237174181212&theme=glif HTTP/1.1\r\nHost: accounts.google.com\r\nUser-Agent: Mozilla/5.0 (Windows NT 10.0; rv:102.0) Gecko/20100101 Firefox/102.0\r\nAccept: text/html,application/xhtml+xml,application/xml;q=0.9,image/avif,image/webp,*/*;q=0.8\r\nAccept-Encoding: gzip, deflate, br\r\nAccept-Language: en-US,en;q=0.5\r\nDNT: 1\r\nConnection: keep-alive\r\nUpgrade-Insecure-Requests: 1\r\nSec-Fetch-Dest: document\r\nSec-Fetch-Mode: navigate\r\nSec-Fetch-Site: cross-site\r\n\r\n",
        "deviation_count": 0,
        "uri": "https://accounts.google.com/v3/signin/identifier?continue=https%3A%2F%2Fdrive.google.com%2F&emr=1&followup=https%3A%2F%2Fdrive.google.com%2F&ifkv=AVQVeyxow7ycBtUVcrx1jLSqG1erWAfRYP7uNEk2EGjYizlpynDv7tSRrmqE_fCwg6Eae3RkP6j5&osid=1&passive=1209600&service=wise&flowName=GlifWebSignIn&flowEntry=ServiceLogin&dsh=S403110686%3A1698237174181212&theme=glif",
        "request_length": 781,
        "Response_Time": 0.21361637115478516,
        "status_code": 200,
        "reason_phrase": "OK",
        "error_message": [
            ""
        ],
        "response_header_count": 23,
        "response_header_length": 23,
        "response_body_length": 0,
        "response_header_fields": {
            "content-type": "text/html; charset=utf-8",
            "x-frame-options": "DENY",
            "set-cookie": "__Host-GAPS=1:RmcQboBb61ZBgIF-TWLxBTZkEZ7ukQ:IpcZ4T33E-TSIFf9; Expires=Fri, 24-Oct-2025 12:33:38 GMT; Path=/; Secure; HttpOnly; Priority=HIGH",
            "vary": "Sec-Fetch-Dest, Sec-Fetch-Mode, Sec-Fetch-Site",
            "x-auto-login": "realm=com.google&args=service%3Dwise%26continue%3Dhttps://drive.google.com/",
            "x-ua-compatible": "IE=edge",
            "cache-control": "no-cache, no-store, max-age=0, must-revalidate",
            "pragma": "no-cache",
            "expires": "Mon, 01 Jan 1990 00:00:00 GMT",
            "date": "Wed, 25 Oct 2023 12:33:38 GMT",
            "strict-transport-security": "max-age=31536000; includeSubDomains",
            "permissions-policy": "ch-ua-arch=*, ch-ua-bitness=*, ch-ua-full-version=*, ch-ua-full-version-list=*, ch-ua-model=*, ch-ua-wow64=*, ch-ua-form-factor=*, ch-ua-platform=*, ch-ua-platform-version=*",
            "report-to": "{\"group\":\"AccountsSignInUi\",\"max_age\":2592000,\"endpoints\":[{\"url\":\"https://csp.withgoogle.com/csp/report-to/AccountsSignInUi\"}]}",
            "accept-ch": "Sec-CH-UA-Arch, Sec-CH-UA-Bitness, Sec-CH-UA-Full-Version, Sec-CH-UA-Full-Version-List, Sec-CH-UA-Model, Sec-CH-UA-WoW64, Sec-CH-UA-Form-Factor, Sec-CH-UA-Platform, Sec-CH-UA-Platform-Version",
            "content-security-policy": "require-trusted-types-for 'script';report-uri /v3/signin/_/AccountsSignInUi/cspreport",
            "cross-origin-opener-policy-report-only": "same-origin; report-to=\"AccountsSignInUi\"",
            "cross-origin-resource-policy": "same-site",
            "content-encoding": "gzip",
            "server": "ESF",
            "x-xss-protection": "0",
            "x-content-type-options": "nosniff",
            "alt-svc": "h3=\":443\"; ma=2592000,h3-29=\":443\"; ma=2592000",
            "transfer-encoding": "chunked"
        }
    },
    {
        "number": 3,
        "request": "GET https://accounts.google.com/v3/signin/identifier?continue=https%3A%2F%2Fdrive.google.com%2F&emr=1&followup=https%3A%2F%2Fdrive.google.com%2F&ifkv=AVQVeyxow7ycBtUVcrx1jLSqG1erWAfRYP7uNEk2EGjYizlpynDv7tSRrmqE_fCwg6Eae3RkP6j5&osid=1&passive=1209600&service=wise&flowName=GlifWebSignIn&flowEntry=ServiceLogin&dsh=S403110686%3A1698237174181212&theme=glif HTTP/1.1\r\nHost: accounts.google.com\r\nUser-Agent: Mozilla/5.0 (Windows NT 10.0; rv:102.0) Gecko/20100101 Firefox/102.0\r\nAccept: text/html,application/xhtml+xml,application/xml;q=0.9,image/avif,image/webp,*/*;q=0.8\r\nAccept-Encoding: gzip, deflate, br\r\nAccept-Language: en-US,en;q=0.5\r\nDNT: 1\r\nConnection: keep-alive\r\nUpgrade-Insecure-Requests: 1\r\nSec-Fetch-Dest: document\r\nSec-Fetch-Mode: navigate\r\nSec-Fetch-Site: cross-site\r\n\r\n",
        "deviation_count": 0,
        "uri": "https://accounts.google.com/v3/signin/identifier?continue=https%3A%2F%2Fdrive.google.com%2F&emr=1&followup=https%3A%2F%2Fdrive.google.com%2F&ifkv=AVQVeyxow7ycBtUVcrx1jLSqG1erWAfRYP7uNEk2EGjYizlpynDv7tSRrmqE_fCwg6Eae3RkP6j5&osid=1&passive=1209600&service=wise&flowName=GlifWebSignIn&flowEntry=ServiceLogin&dsh=S403110686%3A1698237174181212&theme=glif",
        "request_length": 781,
        "Response_Time": 0.18389058113098145,
        "status_code": 200,
        "reason_phrase": "OK",
        "error_message": [
            ""
        ],
        "response_header_count": 23,
        "response_header_length": 23,
        "response_body_length": 0,
        "response_header_fields": {
            "content-type": "text/html; charset=utf-8",
            "x-frame-options": "DENY",
            "vary": "Sec-Fetch-Dest, Sec-Fetch-Mode, Sec-Fetch-Site",
            "set-cookie": "__Host-GAPS=1:V76V_yoRCsLSTl5jpThZRv0KTeLfzA:icCuGcsAqmKeRa-9; Expires=Fri, 24-Oct-2025 12:33:49 GMT; Path=/; Secure; HttpOnly; Priority=HIGH",
            "x-auto-login": "realm=com.google&args=service%3Dwise%26continue%3Dhttps://drive.google.com/",
            "x-ua-compatible": "IE=edge",
            "cache-control": "no-cache, no-store, max-age=0, must-revalidate",
            "pragma": "no-cache",
            "expires": "Mon, 01 Jan 1990 00:00:00 GMT",
            "date": "Wed, 25 Oct 2023 12:33:49 GMT",
            "strict-transport-security": "max-age=31536000; includeSubDomains",
            "report-to": "{\"group\":\"AccountsSignInUi\",\"max_age\":2592000,\"endpoints\":[{\"url\":\"https://csp.withgoogle.com/csp/report-to/AccountsSignInUi\"}]}",
            "permissions-policy": "ch-ua-arch=*, ch-ua-bitness=*, ch-ua-full-version=*, ch-ua-full-version-list=*, ch-ua-model=*, ch-ua-wow64=*, ch-ua-form-factor=*, ch-ua-platform=*, ch-ua-platform-version=*",
            "content-security-policy": "require-trusted-types-for 'script';report-uri /v3/signin/_/AccountsSignInUi/cspreport",
            "cross-origin-opener-policy-report-only": "same-origin; report-to=\"AccountsSignInUi\"",
            "accept-ch": "Sec-CH-UA-Arch, Sec-CH-UA-Bitness, Sec-CH-UA-Full-Version, Sec-CH-UA-Full-Version-List, Sec-CH-UA-Model, Sec-CH-UA-WoW64, Sec-CH-UA-Form-Factor, Sec-CH-UA-Platform, Sec-CH-UA-Platform-Version",
            "cross-origin-resource-policy": "same-site",
            "content-encoding": "gzip",
            "server": "ESF",
            "x-xss-protection": "0",
            "x-content-type-options": "nosniff",
            "alt-svc": "h3=\":443\"; ma=2592000,h3-29=\":443\"; ma=2592000",
            "transfer-encoding": "chunked"
        }
    },
    {
        "number": 4,
        "request": "GET https://accounts.google.com/v3/signin/identifier?continue=https%3A%2F%2Fdrive.google.com%2F&emr=1&followup=https%3A%2F%2Fdrive.google.com%2F&ifkv=AVQVeyxow7ycBtUVcrx1jLSqG1erWAfRYP7uNEk2EGjYizlpynDv7tSRrmqE_fCwg6Eae3RkP6j5&osid=1&passive=1209600&service=wise&flowName=GlifWebSignIn&flowEntry=ServiceLogin&dsh=S403110686%3A1698237174181212&theme=glif HTTP/1.1\r\nHost: accounts.google.com\r\nUser-Agent: Mozilla/5.0 (Windows NT 10.0; rv:102.0) Gecko/20100101 Firefox/102.0\r\nAccept: text/html,application/xhtml+xml,application/xml;q=0.9,image/avif,image/webp,*/*;q=0.8\r\nAccept-Encoding: gzip, deflate, br\r\nAccept-Language: en-US,en;q=0.5\r\nDNT: 1\r\nConnection: keep-alive\r\nUpgrade-Insecure-Requests: 1\r\nSec-Fetch-Dest: document\r\nSec-Fetch-Mode: navigate\r\nSec-Fetch-Site: cross-site\r\n\r\n",
        "deviation_count": 0,
        "uri": "https://accounts.google.com/v3/signin/identifier?continue=https%3A%2F%2Fdrive.google.com%2F&emr=1&followup=https%3A%2F%2Fdrive.google.com%2F&ifkv=AVQVeyxow7ycBtUVcrx1jLSqG1erWAfRYP7uNEk2EGjYizlpynDv7tSRrmqE_fCwg6Eae3RkP6j5&osid=1&passive=1209600&service=wise&flowName=GlifWebSignIn&flowEntry=ServiceLogin&dsh=S403110686%3A1698237174181212&theme=glif",
        "request_length": 781,
        "Response_Time": 0.29019951820373535,
        "status_code": 200,
        "reason_phrase": "OK",
        "error_message": [
            ""
        ],
        "response_header_count": 23,
        "response_header_length": 23,
        "response_body_length": 0,
        "response_header_fields": {
            "content-type": "text/html; charset=utf-8",
            "x-frame-options": "DENY",
            "vary": "Sec-Fetch-Dest, Sec-Fetch-Mode, Sec-Fetch-Site",
            "set-cookie": "__Host-GAPS=1:70Q2fj57vDxDBjycR8xbmBRKfSgtvg:_e8jl8ao3PNdUEhv; Expires=Fri, 24-Oct-2025 12:33:59 GMT; Path=/; Secure; HttpOnly; Priority=HIGH",
            "x-auto-login": "realm=com.google&args=service%3Dwise%26continue%3Dhttps://drive.google.com/",
            "x-ua-compatible": "IE=edge",
            "cache-control": "no-cache, no-store, max-age=0, must-revalidate",
            "pragma": "no-cache",
            "expires": "Mon, 01 Jan 1990 00:00:00 GMT",
            "date": "Wed, 25 Oct 2023 12:33:59 GMT",
            "strict-transport-security": "max-age=31536000; includeSubDomains",
            "report-to": "{\"group\":\"AccountsSignInUi\",\"max_age\":2592000,\"endpoints\":[{\"url\":\"https://csp.withgoogle.com/csp/report-to/AccountsSignInUi\"}]}",
            "accept-ch": "Sec-CH-UA-Arch, Sec-CH-UA-Bitness, Sec-CH-UA-Full-Version, Sec-CH-UA-Full-Version-List, Sec-CH-UA-Model, Sec-CH-UA-WoW64, Sec-CH-UA-Form-Factor, Sec-CH-UA-Platform, Sec-CH-UA-Platform-Version",
            "permissions-policy": "ch-ua-arch=*, ch-ua-bitness=*, ch-ua-full-version=*, ch-ua-full-version-list=*, ch-ua-model=*, ch-ua-wow64=*, ch-ua-form-factor=*, ch-ua-platform=*, ch-ua-platform-version=*",
            "content-security-policy": "require-trusted-types-for 'script';report-uri /v3/signin/_/AccountsSignInUi/cspreport",
            "cross-origin-resource-policy": "same-site",
            "cross-origin-opener-policy-report-only": "same-origin; report-to=\"AccountsSignInUi\"",
            "content-encoding": "gzip",
            "server": "ESF",
            "x-xss-protection": "0",
            "x-content-type-options": "nosniff",
            "alt-svc": "h3=\":443\"; ma=2592000,h3-29=\":443\"; ma=2592000",
            "transfer-encoding": "chunked"
        }
    },
    {
        "number": 5,
        "request": "GET https://accounts.google.com/v3/signin/identifier?continue=https%3A%2F%2Fdrive.google.com%2F&emr=1&followup=https%3A%2F%2Fdrive.google.com%2F&ifkv=AVQVeyxow7ycBtUVcrx1jLSqG1erWAfRYP7uNEk2EGjYizlpynDv7tSRrmqE_fCwg6Eae3RkP6j5&osid=1&passive=1209600&service=wise&flowName=GlifWebSignIn&flowEntry=ServiceLogin&dsh=S403110686%3A1698237174181212&theme=glif HTTP/1.1\r\nHost: accounts.google.com\r\nUser-Agent: Mozilla/5.0 (Windows NT 10.0; rv:102.0) Gecko/20100101 Firefox/102.0\r\nAccept: text/html,application/xhtml+xml,application/xml;q=0.9,image/avif,image/webp,*/*;q=0.8\r\nAccept-Encoding: gzip, deflate, br\r\nAccept-Language: en-US,en;q=0.5\r\nDNT: 1\r\nConnection: keep-alive\r\nUpgrade-Insecure-Requests: 1\r\nSec-Fetch-Dest: document\r\nSec-Fetch-Mode: navigate\r\nSec-Fetch-Site: cross-site\r\n\r\n",
        "deviation_count": 0,
        "uri": "https://accounts.google.com/v3/signin/identifier?continue=https%3A%2F%2Fdrive.google.com%2F&emr=1&followup=https%3A%2F%2Fdrive.google.com%2F&ifkv=AVQVeyxow7ycBtUVcrx1jLSqG1erWAfRYP7uNEk2EGjYizlpynDv7tSRrmqE_fCwg6Eae3RkP6j5&osid=1&passive=1209600&service=wise&flowName=GlifWebSignIn&flowEntry=ServiceLogin&dsh=S403110686%3A1698237174181212&theme=glif",
        "request_length": 781,
        "Response_Time": 0.21488380432128906,
        "status_code": 200,
        "reason_phrase": "OK",
        "error_message": [
            ""
        ],
        "response_header_count": 23,
        "response_header_length": 23,
        "response_body_length": 0,
        "response_header_fields": {
            "content-type": "text/html; charset=utf-8",
            "x-frame-options": "DENY",
            "set-cookie": "__Host-GAPS=1:Iq0b4-sggFJuPV78C9xfmVn0wpvt4Q:4U87m_RNZuWnKeNz; Expires=Fri, 24-Oct-2025 12:34:10 GMT; Path=/; Secure; HttpOnly; Priority=HIGH",
            "vary": "Sec-Fetch-Dest, Sec-Fetch-Mode, Sec-Fetch-Site",
            "x-auto-login": "realm=com.google&args=service%3Dwise%26continue%3Dhttps://drive.google.com/",
            "x-ua-compatible": "IE=edge",
            "cache-control": "no-cache, no-store, max-age=0, must-revalidate",
            "pragma": "no-cache",
            "expires": "Mon, 01 Jan 1990 00:00:00 GMT",
            "date": "Wed, 25 Oct 2023 12:34:10 GMT",
            "strict-transport-security": "max-age=31536000; includeSubDomains",
            "permissions-policy": "ch-ua-arch=*, ch-ua-bitness=*, ch-ua-full-version=*, ch-ua-full-version-list=*, ch-ua-model=*, ch-ua-wow64=*, ch-ua-form-factor=*, ch-ua-platform=*, ch-ua-platform-version=*",
            "report-to": "{\"group\":\"AccountsSignInUi\",\"max_age\":2592000,\"endpoints\":[{\"url\":\"https://csp.withgoogle.com/csp/report-to/AccountsSignInUi\"}]}",
            "accept-ch": "Sec-CH-UA-Arch, Sec-CH-UA-Bitness, Sec-CH-UA-Full-Version, Sec-CH-UA-Full-Version-List, Sec-CH-UA-Model, Sec-CH-UA-WoW64, Sec-CH-UA-Form-Factor, Sec-CH-UA-Platform, Sec-CH-UA-Platform-Version",
            "content-security-policy": "require-trusted-types-for 'script';report-uri /v3/signin/_/AccountsSignInUi/cspreport",
            "cross-origin-opener-policy-report-only": "same-origin; report-to=\"AccountsSignInUi\"",
            "cross-origin-resource-policy": "same-site",
            "content-encoding": "gzip",
            "server": "ESF",
            "x-xss-protection": "0",
            "x-content-type-options": "nosniff",
            "alt-svc": "h3=\":443\"; ma=2592000,h3-29=\":443\"; ma=2592000",
            "transfer-encoding": "chunked"
        }
    },
    {
        "number": 6,
        "request": "GET https://accounts.google.com/v3/signin/identifier?continue=https%3A%2F%2Fdrive.google.com%2F&emr=1&followup=https%3A%2F%2Fdrive.google.com%2F&ifkv=AVQVeyxow7ycBtUVcrx1jLSqG1erWAfRYP7uNEk2EGjYizlpynDv7tSRrmqE_fCwg6Eae3RkP6j5&osid=1&passive=1209600&service=wise&flowName=GlifWebSignIn&flowEntry=ServiceLogin&dsh=S403110686%3A1698237174181212&theme=glif HTTP/1.1\r\nHost: accounts.google.com\r\nUser-Agent: Mozilla/5.0 (Windows NT 10.0; rv:102.0) Gecko/20100101 Firefox/102.0\r\nAccept: text/html,application/xhtml+xml,application/xml;q=0.9,image/avif,image/webp,*/*;q=0.8\r\nAccept-Encoding: gzip, deflate, br\r\nAccept-Language: en-US,en;q=0.5\r\nDNT: 1\r\nConnection: keep-alive\r\nUpgrade-Insecure-Requests: 1\r\nSec-Fetch-Dest: document\r\nSec-Fetch-Mode: navigate\r\nSec-Fetch-Site: cross-site\r\n\r\n",
        "deviation_count": 0,
        "uri": "https://accounts.google.com/v3/signin/identifier?continue=https%3A%2F%2Fdrive.google.com%2F&emr=1&followup=https%3A%2F%2Fdrive.google.com%2F&ifkv=AVQVeyxow7ycBtUVcrx1jLSqG1erWAfRYP7uNEk2EGjYizlpynDv7tSRrmqE_fCwg6Eae3RkP6j5&osid=1&passive=1209600&service=wise&flowName=GlifWebSignIn&flowEntry=ServiceLogin&dsh=S403110686%3A1698237174181212&theme=glif",
        "request_length": 781,
        "Response_Time": 0.1934812068939209,
        "status_code": 200,
        "reason_phrase": "OK",
        "error_message": [
            ""
        ],
        "response_header_count": 23,
        "response_header_length": 23,
        "response_body_length": 0,
        "response_header_fields": {
            "content-type": "text/html; charset=utf-8",
            "x-frame-options": "DENY",
            "vary": "Sec-Fetch-Dest, Sec-Fetch-Mode, Sec-Fetch-Site",
            "set-cookie": "__Host-GAPS=1:9CRfQ0ib1xMWOXJ6Dl6Zre-NDjAuFA:3pBZuYnBSmRhMRS0; Expires=Fri, 24-Oct-2025 12:34:20 GMT; Path=/; Secure; HttpOnly; Priority=HIGH",
            "x-auto-login": "realm=com.google&args=service%3Dwise%26continue%3Dhttps://drive.google.com/",
            "x-ua-compatible": "IE=edge",
            "cache-control": "no-cache, no-store, max-age=0, must-revalidate",
            "pragma": "no-cache",
            "expires": "Mon, 01 Jan 1990 00:00:00 GMT",
            "date": "Wed, 25 Oct 2023 12:34:20 GMT",
            "strict-transport-security": "max-age=31536000; includeSubDomains",
            "content-security-policy": "script-src 'unsafe-inline' 'self' https://apis.google.com https://ssl.gstatic.com https://www.google.com https://www.googletagmanager.com https://www.gstatic.com https://www.google-analytics.com;report-uri /v3/signin/_/AccountsSignInUi/cspreport/allowlist",
            "report-to": "{\"group\":\"AccountsSignInUi\",\"max_age\":2592000,\"endpoints\":[{\"url\":\"https://csp.withgoogle.com/csp/report-to/AccountsSignInUi\"}]}",
            "cross-origin-resource-policy": "same-site",
            "permissions-policy": "ch-ua-arch=*, ch-ua-bitness=*, ch-ua-full-version=*, ch-ua-full-version-list=*, ch-ua-model=*, ch-ua-wow64=*, ch-ua-form-factor=*, ch-ua-platform=*, ch-ua-platform-version=*",
            "cross-origin-opener-policy-report-only": "same-origin; report-to=\"AccountsSignInUi\"",
            "accept-ch": "Sec-CH-UA-Arch, Sec-CH-UA-Bitness, Sec-CH-UA-Full-Version, Sec-CH-UA-Full-Version-List, Sec-CH-UA-Model, Sec-CH-UA-WoW64, Sec-CH-UA-Form-Factor, Sec-CH-UA-Platform, Sec-CH-UA-Platform-Version",
            "content-encoding": "gzip",
            "server": "ESF",
            "x-xss-protection": "0",
            "x-content-type-options": "nosniff",
            "alt-svc": "h3=\":443\"; ma=2592000,h3-29=\":443\"; ma=2592000",
            "transfer-encoding": "chunked"
        }
    },
    {
        "number": 7,
        "request": "GET https://accounts.google.com/v3/signin/identifier?continue=https%3A%2F%2Fdrive.google.com%2F&emr=1&followup=https%3A%2F%2Fdrive.google.com%2F&ifkv=AVQVeyxow7ycBtUVcrx1jLSqG1erWAfRYP7uNEk2EGjYizlpynDv7tSRrmqE_fCwg6Eae3RkP6j5&osid=1&passive=1209600&service=wise&flowName=GlifWebSignIn&flowEntry=ServiceLogin&dsh=S403110686%3A1698237174181212&theme=glif HTTP/1.1\r\nHost: accounts.google.com\r\nUser-Agent: Mozilla/5.0 (Windows NT 10.0; rv:102.0) Gecko/20100101 Firefox/102.0\r\nAccept: text/html,application/xhtml+xml,application/xml;q=0.9,image/avif,image/webp,*/*;q=0.8\r\nAccept-Encoding: gzip, deflate, br\r\nAccept-Language: en-US,en;q=0.5\r\nDNT: 1\r\nConnection: keep-alive\r\nUpgrade-Insecure-Requests: 1\r\nSec-Fetch-Dest: document\r\nSec-Fetch-Mode: navigate\r\nSec-Fetch-Site: cross-site\r\n\r\n",
        "deviation_count": 0,
        "uri": "https://accounts.google.com/v3/signin/identifier?continue=https%3A%2F%2Fdrive.google.com%2F&emr=1&followup=https%3A%2F%2Fdrive.google.com%2F&ifkv=AVQVeyxow7ycBtUVcrx1jLSqG1erWAfRYP7uNEk2EGjYizlpynDv7tSRrmqE_fCwg6Eae3RkP6j5&osid=1&passive=1209600&service=wise&flowName=GlifWebSignIn&flowEntry=ServiceLogin&dsh=S403110686%3A1698237174181212&theme=glif",
        "request_length": 781,
        "Response_Time": 0.24963903427124023,
        "status_code": 200,
        "reason_phrase": "OK",
        "error_message": [
            ""
        ],
        "response_header_count": 23,
        "response_header_length": 23,
        "response_body_length": 0,
        "response_header_fields": {
            "content-type": "text/html; charset=utf-8",
            "x-frame-options": "DENY",
            "vary": "Sec-Fetch-Dest, Sec-Fetch-Mode, Sec-Fetch-Site",
            "set-cookie": "__Host-GAPS=1:-uJyBu50iuQmhigR5p7aZkadkO6N5g:XDrDJcQAulEx1A52; Expires=Fri, 24-Oct-2025 12:34:29 GMT; Path=/; Secure; HttpOnly; Priority=HIGH",
            "x-auto-login": "realm=com.google&args=service%3Dwise%26continue%3Dhttps://drive.google.com/",
            "x-ua-compatible": "IE=edge",
            "cache-control": "no-cache, no-store, max-age=0, must-revalidate",
            "pragma": "no-cache",
            "expires": "Mon, 01 Jan 1990 00:00:00 GMT",
            "date": "Wed, 25 Oct 2023 12:34:29 GMT",
            "strict-transport-security": "max-age=31536000; includeSubDomains",
            "content-security-policy": "script-src 'unsafe-inline' 'self' https://apis.google.com https://ssl.gstatic.com https://www.google.com https://www.googletagmanager.com https://www.gstatic.com https://www.google-analytics.com;report-uri /v3/signin/_/AccountsSignInUi/cspreport/allowlist",
            "accept-ch": "Sec-CH-UA-Arch, Sec-CH-UA-Bitness, Sec-CH-UA-Full-Version, Sec-CH-UA-Full-Version-List, Sec-CH-UA-Model, Sec-CH-UA-WoW64, Sec-CH-UA-Form-Factor, Sec-CH-UA-Platform, Sec-CH-UA-Platform-Version",
            "cross-origin-opener-policy-report-only": "same-origin; report-to=\"AccountsSignInUi\"",
            "permissions-policy": "ch-ua-arch=*, ch-ua-bitness=*, ch-ua-full-version=*, ch-ua-full-version-list=*, ch-ua-model=*, ch-ua-wow64=*, ch-ua-form-factor=*, ch-ua-platform=*, ch-ua-platform-version=*",
            "report-to": "{\"group\":\"AccountsSignInUi\",\"max_age\":2592000,\"endpoints\":[{\"url\":\"https://csp.withgoogle.com/csp/report-to/AccountsSignInUi\"}]}",
            "cross-origin-resource-policy": "same-site",
            "content-encoding": "gzip",
            "server": "ESF",
            "x-xss-protection": "0",
            "x-content-type-options": "nosniff",
            "alt-svc": "h3=\":443\"; ma=2592000,h3-29=\":443\"; ma=2592000",
            "transfer-encoding": "chunked"
        }
    },
    {
        "number": 8,
        "request": "GET https://accounts.google.com/v3/signin/identifier?continue=https%3A%2F%2Fdrive.google.com%2F&emr=1&followup=https%3A%2F%2Fdrive.google.com%2F&ifkv=AVQVeyxow7ycBtUVcrx1jLSqG1erWAfRYP7uNEk2EGjYizlpynDv7tSRrmqE_fCwg6Eae3RkP6j5&osid=1&passive=1209600&service=wise&flowName=GlifWebSignIn&flowEntry=ServiceLogin&dsh=S403110686%3A1698237174181212&theme=glif HTTP/1.1\r\nHost: accounts.google.com\r\nUser-Agent: Mozilla/5.0 (Windows NT 10.0; rv:102.0) Gecko/20100101 Firefox/102.0\r\nAccept: text/html,application/xhtml+xml,application/xml;q=0.9,image/avif,image/webp,*/*;q=0.8\r\nAccept-Encoding: gzip, deflate, br\r\nAccept-Language: en-US,en;q=0.5\r\nDNT: 1\r\nConnection: keep-alive\r\nUpgrade-Insecure-Requests: 1\r\nSec-Fetch-Dest: document\r\nSec-Fetch-Mode: navigate\r\nSec-Fetch-Site: cross-site\r\n\r\n",
        "deviation_count": 0,
        "uri": "https://accounts.google.com/v3/signin/identifier?continue=https%3A%2F%2Fdrive.google.com%2F&emr=1&followup=https%3A%2F%2Fdrive.google.com%2F&ifkv=AVQVeyxow7ycBtUVcrx1jLSqG1erWAfRYP7uNEk2EGjYizlpynDv7tSRrmqE_fCwg6Eae3RkP6j5&osid=1&passive=1209600&service=wise&flowName=GlifWebSignIn&flowEntry=ServiceLogin&dsh=S403110686%3A1698237174181212&theme=glif",
        "request_length": 781,
        "Response_Time": 0.15494966506958008,
        "status_code": 200,
        "reason_phrase": "OK",
        "error_message": [
            ""
        ],
        "response_header_count": 23,
        "response_header_length": 23,
        "response_body_length": 0,
        "response_header_fields": {
            "content-type": "text/html; charset=utf-8",
            "x-frame-options": "DENY",
            "vary": "Sec-Fetch-Dest, Sec-Fetch-Mode, Sec-Fetch-Site",
            "set-cookie": "__Host-GAPS=1:XDRedVtPI9uxKXFuwfBFldNUeIf7sA:zvCYKJin4x6GK06N; Expires=Fri, 24-Oct-2025 12:34:40 GMT; Path=/; Secure; HttpOnly; Priority=HIGH",
            "x-auto-login": "realm=com.google&args=service%3Dwise%26continue%3Dhttps://drive.google.com/",
            "x-ua-compatible": "IE=edge",
            "cache-control": "no-cache, no-store, max-age=0, must-revalidate",
            "pragma": "no-cache",
            "expires": "Mon, 01 Jan 1990 00:00:00 GMT",
            "date": "Wed, 25 Oct 2023 12:34:41 GMT",
            "strict-transport-security": "max-age=31536000; includeSubDomains",
            "content-security-policy": "script-src 'unsafe-inline' 'self' https://apis.google.com https://ssl.gstatic.com https://www.google.com https://www.googletagmanager.com https://www.gstatic.com https://www.google-analytics.com;report-uri /v3/signin/_/AccountsSignInUi/cspreport/allowlist",
            "accept-ch": "Sec-CH-UA-Arch, Sec-CH-UA-Bitness, Sec-CH-UA-Full-Version, Sec-CH-UA-Full-Version-List, Sec-CH-UA-Model, Sec-CH-UA-WoW64, Sec-CH-UA-Form-Factor, Sec-CH-UA-Platform, Sec-CH-UA-Platform-Version",
            "permissions-policy": "ch-ua-arch=*, ch-ua-bitness=*, ch-ua-full-version=*, ch-ua-full-version-list=*, ch-ua-model=*, ch-ua-wow64=*, ch-ua-form-factor=*, ch-ua-platform=*, ch-ua-platform-version=*",
            "cross-origin-opener-policy-report-only": "same-origin; report-to=\"AccountsSignInUi\"",
            "report-to": "{\"group\":\"AccountsSignInUi\",\"max_age\":2592000,\"endpoints\":[{\"url\":\"https://csp.withgoogle.com/csp/report-to/AccountsSignInUi\"}]}",
            "cross-origin-resource-policy": "same-site",
            "content-encoding": "gzip",
            "server": "ESF",
            "x-xss-protection": "0",
            "x-content-type-options": "nosniff",
            "alt-svc": "h3=\":443\"; ma=2592000,h3-29=\":443\"; ma=2592000",
            "transfer-encoding": "chunked"
        }
    },
    {
        "number": 9,
        "request": "GET https://accounts.google.com/v3/signin/identifier?continue=https%3A%2F%2Fdrive.google.com%2F&emr=1&followup=https%3A%2F%2Fdrive.google.com%2F&ifkv=AVQVeyxow7ycBtUVcrx1jLSqG1erWAfRYP7uNEk2EGjYizlpynDv7tSRrmqE_fCwg6Eae3RkP6j5&osid=1&passive=1209600&service=wise&flowName=GlifWebSignIn&flowEntry=ServiceLogin&dsh=S403110686%3A1698237174181212&theme=glif HTTP/1.1\r\nHost: accounts.google.com\r\nUser-Agent: Mozilla/5.0 (Windows NT 10.0; rv:102.0) Gecko/20100101 Firefox/102.0\r\nAccept: text/html,application/xhtml+xml,application/xml;q=0.9,image/avif,image/webp,*/*;q=0.8\r\nAccept-Encoding: gzip, deflate, br\r\nAccept-Language: en-US,en;q=0.5\r\nDNT: 1\r\nConnection: keep-alive\r\nUpgrade-Insecure-Requests: 1\r\nSec-Fetch-Dest: document\r\nSec-Fetch-Mode: navigate\r\nSec-Fetch-Site: cross-site\r\n\r\n",
        "deviation_count": 0,
        "uri": "https://accounts.google.com/v3/signin/identifier?continue=https%3A%2F%2Fdrive.google.com%2F&emr=1&followup=https%3A%2F%2Fdrive.google.com%2F&ifkv=AVQVeyxow7ycBtUVcrx1jLSqG1erWAfRYP7uNEk2EGjYizlpynDv7tSRrmqE_fCwg6Eae3RkP6j5&osid=1&passive=1209600&service=wise&flowName=GlifWebSignIn&flowEntry=ServiceLogin&dsh=S403110686%3A1698237174181212&theme=glif",
        "request_length": 781,
        "Response_Time": 0.24213933944702148,
        "status_code": 200,
        "reason_phrase": "OK",
        "error_message": [
            ""
        ],
        "response_header_count": 23,
        "response_header_length": 23,
        "response_body_length": 0,
        "response_header_fields": {
            "content-type": "text/html; charset=utf-8",
            "x-frame-options": "DENY",
            "set-cookie": "__Host-GAPS=1:nFrWUCfGc8fLHMMXx_G5xeI28zfG0Q:gz7qlgJozNYxdXw0; Expires=Fri, 24-Oct-2025 12:34:50 GMT; Path=/; Secure; HttpOnly; Priority=HIGH",
            "vary": "Sec-Fetch-Dest, Sec-Fetch-Mode, Sec-Fetch-Site",
            "x-auto-login": "realm=com.google&args=service%3Dwise%26continue%3Dhttps://drive.google.com/",
            "x-ua-compatible": "IE=edge",
            "cache-control": "no-cache, no-store, max-age=0, must-revalidate",
            "pragma": "no-cache",
            "expires": "Mon, 01 Jan 1990 00:00:00 GMT",
            "date": "Wed, 25 Oct 2023 12:34:50 GMT",
            "strict-transport-security": "max-age=31536000; includeSubDomains",
            "content-security-policy": "script-src 'unsafe-inline' 'self' https://apis.google.com https://ssl.gstatic.com https://www.google.com https://www.googletagmanager.com https://www.gstatic.com https://www.google-analytics.com;report-uri /v3/signin/_/AccountsSignInUi/cspreport/allowlist",
            "report-to": "{\"group\":\"AccountsSignInUi\",\"max_age\":2592000,\"endpoints\":[{\"url\":\"https://csp.withgoogle.com/csp/report-to/AccountsSignInUi\"}]}",
            "accept-ch": "Sec-CH-UA-Arch, Sec-CH-UA-Bitness, Sec-CH-UA-Full-Version, Sec-CH-UA-Full-Version-List, Sec-CH-UA-Model, Sec-CH-UA-WoW64, Sec-CH-UA-Form-Factor, Sec-CH-UA-Platform, Sec-CH-UA-Platform-Version",
            "permissions-policy": "ch-ua-arch=*, ch-ua-bitness=*, ch-ua-full-version=*, ch-ua-full-version-list=*, ch-ua-model=*, ch-ua-wow64=*, ch-ua-form-factor=*, ch-ua-platform=*, ch-ua-platform-version=*",
            "cross-origin-opener-policy-report-only": "same-origin; report-to=\"AccountsSignInUi\"",
            "cross-origin-resource-policy": "same-site",
            "content-encoding": "gzip",
            "server": "ESF",
            "x-xss-protection": "0",
            "x-content-type-options": "nosniff",
            "alt-svc": "h3=\":443\"; ma=2592000,h3-29=\":443\"; ma=2592000",
            "transfer-encoding": "chunked"
        }
    }
]