,Attempt No.,uri,Deviation Count,Status Code,Response_Time,response_header_count,response_header_length,response_body_length,response_header_fields
0,0,https://www.apple.com/app-store/,0,200,0.13922619819641113,17,17,14338,"{'server': 'Apple', 'content-type': 'text/html; charset=utf-8', 'set-cookie': 'geo=DE; path=/; domain=.apple.com', 'x-frame-options': 'SAMEORIGIN', 'vary': 'Accept-Encoding', 'content-security-policy': ""default-src 'self' blob: data: *.akamaized.net *.apple.com *.apple-mapkit.com *.cdn-apple.com *.organicfruitapps.com; child-src blob: embed.music.apple.com embed.podcasts.apple.com https://recyclingprogram.apple.com swdlp.apple.com www.apple.com www.instagram.com platform.twitter.com www.youtube-nocookie.com; img-src 'unsafe-inline' blob: data: *.apple.com *.apple-mapkit.com *.cdn-apple.com *.mzstatic.com; script-src 'unsafe-inline' 'unsafe-eval' blob: *.apple.com *.apple-mapkit.com www.instagram.com platform.twitter.com; style-src 'unsafe-inline' *.apple.com"", 'referrer-policy': 'no-referrer-when-downgrade', 'strict-transport-security': 'max-age=31536000; includeSubdomains; preload', 'x-content-type-options': 'nosniff', 'x-xss-protection': '1; mode=block', 'content-encoding': 'gzip', 'cache-control': 'max-age=9', 'expires': 'Wed, 25 Oct 2023 12:33:25 GMT', 'date': 'Wed, 25 Oct 2023 12:33:16 GMT', 'content-length': '38806', 'x-cache': 'TCP_MEM_HIT from a2-17-34-236.deploy.akamaitechnologies.com (AkamaiGHost/11.3.0-51618102) (-)', 'connection': 'keep-alive'}"
1,1,https://www.apple.com/app-store/,0,200,0.22986268997192383,17,17,14336,"{'server': 'Apple', 'content-type': 'text/html; charset=utf-8', 'set-cookie': 'geo=DE; path=/; domain=.apple.com', 'x-frame-options': 'SAMEORIGIN', 'vary': 'Accept-Encoding', 'content-security-policy': ""default-src 'self' blob: data: *.akamaized.net *.apple.com *.apple-mapkit.com *.cdn-apple.com *.organicfruitapps.com; child-src blob: embed.music.apple.com embed.podcasts.apple.com https://recyclingprogram.apple.com swdlp.apple.com www.apple.com www.instagram.com platform.twitter.com www.youtube-nocookie.com; img-src 'unsafe-inline' blob: data: *.apple.com *.apple-mapkit.com *.cdn-apple.com *.mzstatic.com; script-src 'unsafe-inline' 'unsafe-eval' blob: *.apple.com *.apple-mapkit.com www.instagram.com platform.twitter.com; style-src 'unsafe-inline' *.apple.com"", 'referrer-policy': 'no-referrer-when-downgrade', 'strict-transport-security': 'max-age=31536000; includeSubdomains; preload', 'x-content-type-options': 'nosniff', 'x-xss-protection': '1; mode=block', 'content-encoding': 'gzip', 'cache-control': 'max-age=0', 'expires': 'Wed, 25 Oct 2023 12:33:27 GMT', 'date': 'Wed, 25 Oct 2023 12:33:27 GMT', 'content-length': '38806', 'x-cache': 'TCP_MEM_HIT from a2-17-34-234.deploy.akamaitechnologies.com (AkamaiGHost/11.3.0.1-51931778) (-)', 'connection': 'keep-alive'}"
2,2,https://www.apple.com/app-store/,0,200,0.45723676681518555,17,17,14338,"{'server': 'Apple', 'content-type': 'text/html; charset=utf-8', 'set-cookie': 'geo=DE; path=/; domain=.apple.com', 'x-frame-options': 'SAMEORIGIN', 'vary': 'Accept-Encoding', 'content-security-policy': ""default-src 'self' blob: data: *.akamaized.net *.apple.com *.apple-mapkit.com *.cdn-apple.com *.organicfruitapps.com; child-src blob: embed.music.apple.com embed.podcasts.apple.com https://recyclingprogram.apple.com swdlp.apple.com www.apple.com www.instagram.com platform.twitter.com www.youtube-nocookie.com; img-src 'unsafe-inline' blob: data: *.apple.com *.apple-mapkit.com *.cdn-apple.com *.mzstatic.com; script-src 'unsafe-inline' 'unsafe-eval' blob: *.apple.com *.apple-mapkit.com www.instagram.com platform.twitter.com; style-src 'unsafe-inline' *.apple.com"", 'referrer-policy': 'no-referrer-when-downgrade', 'strict-transport-security': 'max-age=31536000; includeSubdomains; preload', 'x-content-type-options': 'nosniff', 'x-xss-protection': '1; mode=block', 'content-encoding': 'gzip', 'cache-control': 'max-age=0', 'expires': 'Wed, 25 Oct 2023 12:33:37 GMT', 'date': 'Wed, 25 Oct 2023 12:33:37 GMT', 'content-length': '38806', 'x-cache': 'TCP_MEM_HIT from a2-17-34-236.deploy.akamaitechnologies.com (AkamaiGHost/11.3.0-51618102) (-)', 'connection': 'keep-alive'}"
3,3,https://www.apple.com/app-store/,0,200,0.12974905967712402,18,18,14226,"{'server': 'Apple', 'content-type': 'text/html; charset=utf-8', 'set-cookie': 'geo=DE; path=/; domain=.apple.com', 'x-frame-options': 'SAMEORIGIN', 'x-cache-remote': 'TCP_MEM_HIT from a2-17-34-236.deploy.akamaitechnologies.com (AkamaiGHost/11.3.0-51618102) (-)', 'vary': 'Accept-Encoding', 'content-security-policy': ""default-src 'self' blob: data: *.akamaized.net *.apple.com *.apple-mapkit.com *.cdn-apple.com *.organicfruitapps.com; child-src blob: embed.music.apple.com embed.podcasts.apple.com https://recyclingprogram.apple.com swdlp.apple.com www.apple.com www.instagram.com platform.twitter.com www.youtube-nocookie.com; img-src 'unsafe-inline' blob: data: *.apple.com *.apple-mapkit.com *.cdn-apple.com *.mzstatic.com; script-src 'unsafe-inline' 'unsafe-eval' blob: *.apple.com *.apple-mapkit.com www.instagram.com platform.twitter.com; style-src 'unsafe-inline' *.apple.com"", 'referrer-policy': 'no-referrer-when-downgrade', 'strict-transport-security': 'max-age=31536000; includeSubdomains; preload', 'x-content-type-options': 'nosniff', 'x-xss-protection': '1; mode=block', 'content-encoding': 'gzip', 'cache-control': 'max-age=0', 'expires': 'Wed, 25 Oct 2023 12:33:49 GMT', 'date': 'Wed, 25 Oct 2023 12:33:49 GMT', 'content-length': '38806', 'x-cache': 'TCP_REFRESH_MISS from a2-17-34-198.deploy.akamaitechnologies.com (AkamaiGHost/11.3.0.1-51931778) (S)', 'connection': 'keep-alive'}"
4,4,https://www.apple.com/app-store/,0,200,0.09978795051574707,17,17,14338,"{'server': 'Apple', 'content-type': 'text/html; charset=utf-8', 'set-cookie': 'geo=DE; path=/; domain=.apple.com', 'x-frame-options': 'SAMEORIGIN', 'vary': 'Accept-Encoding', 'content-security-policy': ""default-src 'self' blob: data: *.akamaized.net *.apple.com *.apple-mapkit.com *.cdn-apple.com *.organicfruitapps.com; child-src blob: embed.music.apple.com embed.podcasts.apple.com https://recyclingprogram.apple.com swdlp.apple.com www.apple.com www.instagram.com platform.twitter.com www.youtube-nocookie.com; img-src 'unsafe-inline' blob: data: *.apple.com *.apple-mapkit.com *.cdn-apple.com *.mzstatic.com; script-src 'unsafe-inline' 'unsafe-eval' blob: *.apple.com *.apple-mapkit.com www.instagram.com platform.twitter.com; style-src 'unsafe-inline' *.apple.com"", 'referrer-policy': 'no-referrer-when-downgrade', 'strict-transport-security': 'max-age=31536000; includeSubdomains; preload', 'x-content-type-options': 'nosniff', 'x-xss-protection': '1; mode=block', 'content-encoding': 'gzip', 'cache-control': 'max-age=0', 'expires': 'Wed, 25 Oct 2023 12:33:58 GMT', 'date': 'Wed, 25 Oct 2023 12:33:58 GMT', 'content-length': '38806', 'x-cache': 'TCP_MEM_HIT from a2-17-34-236.deploy.akamaitechnologies.com (AkamaiGHost/11.3.0-51618102) (-)', 'connection': 'keep-alive'}"
5,5,https://www.apple.com/app-store/,0,200,0.1452946662902832,17,17,14336,"{'server': 'Apple', 'content-type': 'text/html; charset=utf-8', 'set-cookie': 'geo=DE; path=/; domain=.apple.com', 'x-frame-options': 'SAMEORIGIN', 'vary': 'Accept-Encoding', 'content-security-policy': ""default-src 'self' blob: data: *.akamaized.net *.apple.com *.apple-mapkit.com *.cdn-apple.com *.organicfruitapps.com; child-src blob: embed.music.apple.com embed.podcasts.apple.com https://recyclingprogram.apple.com swdlp.apple.com www.apple.com www.instagram.com platform.twitter.com www.youtube-nocookie.com; img-src 'unsafe-inline' blob: data: *.apple.com *.apple-mapkit.com *.cdn-apple.com *.mzstatic.com; script-src 'unsafe-inline' 'unsafe-eval' blob: *.apple.com *.apple-mapkit.com www.instagram.com platform.twitter.com; style-src 'unsafe-inline' *.apple.com"", 'referrer-policy': 'no-referrer-when-downgrade', 'strict-transport-security': 'max-age=31536000; includeSubdomains; preload', 'x-content-type-options': 'nosniff', 'x-xss-protection': '1; mode=block', 'content-encoding': 'gzip', 'cache-control': 'max-age=0', 'expires': 'Wed, 25 Oct 2023 12:34:09 GMT', 'date': 'Wed, 25 Oct 2023 12:34:09 GMT', 'content-length': '38806', 'x-cache': 'TCP_MEM_HIT from a2-17-34-234.deploy.akamaitechnologies.com (AkamaiGHost/11.3.0.1-51931778) (-)', 'connection': 'keep-alive'}"
6,6,https://www.apple.com/app-store/,0,200,0.04799246788024902,17,17,14338,"{'server': 'Apple', 'content-type': 'text/html; charset=utf-8', 'set-cookie': 'geo=DE; path=/; domain=.apple.com', 'x-frame-options': 'SAMEORIGIN', 'vary': 'Accept-Encoding', 'content-security-policy': ""default-src 'self' blob: data: *.akamaized.net *.apple.com *.apple-mapkit.com *.cdn-apple.com *.organicfruitapps.com; child-src blob: embed.music.apple.com embed.podcasts.apple.com https://recyclingprogram.apple.com swdlp.apple.com www.apple.com www.instagram.com platform.twitter.com www.youtube-nocookie.com; img-src 'unsafe-inline' blob: data: *.apple.com *.apple-mapkit.com *.cdn-apple.com *.mzstatic.com; script-src 'unsafe-inline' 'unsafe-eval' blob: *.apple.com *.apple-mapkit.com www.instagram.com platform.twitter.com; style-src 'unsafe-inline' *.apple.com"", 'referrer-policy': 'no-referrer-when-downgrade', 'strict-transport-security': 'max-age=31536000; includeSubdomains; preload', 'x-content-type-options': 'nosniff', 'x-xss-protection': '1; mode=block', 'content-encoding': 'gzip', 'cache-control': 'max-age=0', 'expires': 'Wed, 25 Oct 2023 12:34:19 GMT', 'date': 'Wed, 25 Oct 2023 12:34:19 GMT', 'content-length': '38806', 'x-cache': 'TCP_MEM_HIT from a2-17-34-236.deploy.akamaitechnologies.com (AkamaiGHost/11.3.0-51618102) (-)', 'connection': 'keep-alive'}"
7,7,https://www.apple.com/app-store/,0,200,0.16981887817382812,17,17,14336,"{'server': 'Apple', 'content-type': 'text/html; charset=utf-8', 'set-cookie': 'geo=DE; path=/; domain=.apple.com', 'x-frame-options': 'SAMEORIGIN', 'vary': 'Accept-Encoding', 'content-security-policy': ""default-src 'self' blob: data: *.akamaized.net *.apple.com *.apple-mapkit.com *.cdn-apple.com *.organicfruitapps.com; child-src blob: embed.music.apple.com embed.podcasts.apple.com https://recyclingprogram.apple.com swdlp.apple.com www.apple.com www.instagram.com platform.twitter.com www.youtube-nocookie.com; img-src 'unsafe-inline' blob: data: *.apple.com *.apple-mapkit.com *.cdn-apple.com *.mzstatic.com; script-src 'unsafe-inline' 'unsafe-eval' blob: *.apple.com *.apple-mapkit.com www.instagram.com platform.twitter.com; style-src 'unsafe-inline' *.apple.com"", 'referrer-policy': 'no-referrer-when-downgrade', 'strict-transport-security': 'max-age=31536000; includeSubdomains; preload', 'x-content-type-options': 'nosniff', 'x-xss-protection': '1; mode=block', 'content-encoding': 'gzip', 'cache-control': 'max-age=0', 'expires': 'Wed, 25 Oct 2023 12:34:29 GMT', 'date': 'Wed, 25 Oct 2023 12:34:29 GMT', 'content-length': '38806', 'x-cache': 'TCP_MEM_HIT from a2-17-34-234.deploy.akamaitechnologies.com (AkamaiGHost/11.3.0.1-51931778) (-)', 'connection': 'keep-alive'}"
8,8,https://www.apple.com/app-store/,0,200,0.1137688159942627,17,17,14336,"{'server': 'Apple', 'content-type': 'text/html; charset=utf-8', 'set-cookie': 'geo=DE; path=/; domain=.apple.com', 'x-frame-options': 'SAMEORIGIN', 'vary': 'Accept-Encoding', 'content-security-policy': ""default-src 'self' blob: data: *.akamaized.net *.apple.com *.apple-mapkit.com *.cdn-apple.com *.organicfruitapps.com; child-src blob: embed.music.apple.com embed.podcasts.apple.com https://recyclingprogram.apple.com swdlp.apple.com www.apple.com www.instagram.com platform.twitter.com www.youtube-nocookie.com; img-src 'unsafe-inline' blob: data: *.apple.com *.apple-mapkit.com *.cdn-apple.com *.mzstatic.com; script-src 'unsafe-inline' 'unsafe-eval' blob: *.apple.com *.apple-mapkit.com www.instagram.com platform.twitter.com; style-src 'unsafe-inline' *.apple.com"", 'referrer-policy': 'no-referrer-when-downgrade', 'strict-transport-security': 'max-age=31536000; includeSubdomains; preload', 'x-content-type-options': 'nosniff', 'x-xss-protection': '1; mode=block', 'content-encoding': 'gzip', 'cache-control': 'max-age=0', 'expires': 'Wed, 25 Oct 2023 12:34:40 GMT', 'date': 'Wed, 25 Oct 2023 12:34:40 GMT', 'content-length': '38806', 'x-cache': 'TCP_MEM_HIT from a2-17-34-234.deploy.akamaitechnologies.com (AkamaiGHost/11.3.0.1-51931778) (-)', 'connection': 'keep-alive'}"
9,9,https://www.apple.com/app-store/,0,200,0.07434988021850586,17,17,14336,"{'server': 'Apple', 'content-type': 'text/html; charset=utf-8', 'set-cookie': 'geo=DE; path=/; domain=.apple.com', 'x-frame-options': 'SAMEORIGIN', 'vary': 'Accept-Encoding', 'content-security-policy': ""default-src 'self' blob: data: *.akamaized.net *.apple.com *.apple-mapkit.com *.cdn-apple.com *.organicfruitapps.com; child-src blob: embed.music.apple.com embed.podcasts.apple.com https://recyclingprogram.apple.com swdlp.apple.com www.apple.com www.instagram.com platform.twitter.com www.youtube-nocookie.com; img-src 'unsafe-inline' blob: data: *.apple.com *.apple-mapkit.com *.cdn-apple.com *.mzstatic.com; script-src 'unsafe-inline' 'unsafe-eval' blob: *.apple.com *.apple-mapkit.com www.instagram.com platform.twitter.com; style-src 'unsafe-inline' *.apple.com"", 'referrer-policy': 'no-referrer-when-downgrade', 'strict-transport-security': 'max-age=31536000; includeSubdomains; preload', 'x-content-type-options': 'nosniff', 'x-xss-protection': '1; mode=block', 'content-encoding': 'gzip', 'cache-control': 'max-age=0', 'expires': 'Wed, 25 Oct 2023 12:34:50 GMT', 'date': 'Wed, 25 Oct 2023 12:34:50 GMT', 'content-length': '38806', 'x-cache': 'TCP_MEM_HIT from a2-17-34-242.deploy.akamaitechnologies.com (AkamaiGHost/11.3.0.1-51931778) (-)', 'connection': 'keep-alive'}"
