number,request,deviation_count,uri,request_length,http_version,Socket_Connect_Time,Socket_Close_Time,Response_Time,status_code,reason_phrase,error_message,response_header_count,response_header_length,response_body_length,response_header_fields
0,"GET https://www.apple.com/app-store/ HTTP/1.1
Host: www.apple.com
User-Agent: Mozilla/5.0 (Windows NT 10.0; rv:102.0) Gecko/20100101 Firefox/102.0
Accept: text/html,application/xhtml+xml,application/xml;q=0.9,image/avif,image/webp,*/*;q=0.8
Accept-Encoding: gzip, deflate, br
Accept-Language: en-US,en;q=0.5
DNT: 1
Connection: keep-alive
Upgrade-Insecure-Requests: 1
Sec-Fetch-Dest: document
Sec-Fetch-Mode: navigate
Sec-Fetch-Site: cross-site

",0,https://www.apple.com/app-store/,458,HTTP/1.1,0.14319133758544922,0.10555744171142578,0.13922619819641113,200,OK,[''],17,17,14338,"{""server"": ""Apple"", ""content-type"": ""text/html; charset=utf-8"", ""set-cookie"": ""geo=DE; path=/; domain=.apple.com"", ""x-frame-options"": ""SAMEORIGIN"", ""vary"": ""Accept-Encoding"", ""content-security-policy"": ""default-src 'self' blob: data: *.akamaized.net *.apple.com *.apple-mapkit.com *.cdn-apple.com *.organicfruitapps.com; child-src blob: embed.music.apple.com embed.podcasts.apple.com https://recyclingprogram.apple.com swdlp.apple.com www.apple.com www.instagram.com platform.twitter.com www.youtube-nocookie.com; img-src 'unsafe-inline' blob: data: *.apple.com *.apple-mapkit.com *.cdn-apple.com *.mzstatic.com; script-src 'unsafe-inline' 'unsafe-eval' blob: *.apple.com *.apple-mapkit.com www.instagram.com platform.twitter.com; style-src 'unsafe-inline' *.apple.com"", ""referrer-policy"": ""no-referrer-when-downgrade"", ""strict-transport-security"": ""max-age=31536000; includeSubdomains; preload"", ""x-content-type-options"": ""nosniff"", ""x-xss-protection"": ""1; mode=block"", ""content-encoding"": ""gzip"", ""cache-control"": ""max-age=9"", ""expires"": ""Wed, 25 Oct 2023 12:33:25 GMT"", ""date"": ""Wed, 25 Oct 2023 12:33:16 GMT"", ""content-length"": ""38806"", ""x-cache"": ""TCP_MEM_HIT from a2-17-34-236.deploy.akamaitechnologies.com (AkamaiGHost/11.3.0-51618102) (-)"", ""connection"": ""keep-alive""}"
1,"GET https://www.apple.com/app-store/ HTTP/1.1
Host: www.apple.com
User-Agent: Mozilla/5.0 (Windows NT 10.0; rv:102.0) Gecko/20100101 Firefox/102.0
Accept: text/html,application/xhtml+xml,application/xml;q=0.9,image/avif,image/webp,*/*;q=0.8
Accept-Encoding: gzip, deflate, br
Accept-Language: en-US,en;q=0.5
DNT: 1
Connection: keep-alive
Upgrade-Insecure-Requests: 1
Sec-Fetch-Dest: document
Sec-Fetch-Mode: navigate
Sec-Fetch-Site: cross-site

",0,https://www.apple.com/app-store/,458,HTTP/1.1,0.0814504623413086,0.11206459999084473,0.22986268997192383,200,OK,[''],17,17,14336,"{""server"": ""Apple"", ""content-type"": ""text/html; charset=utf-8"", ""set-cookie"": ""geo=DE; path=/; domain=.apple.com"", ""x-frame-options"": ""SAMEORIGIN"", ""vary"": ""Accept-Encoding"", ""content-security-policy"": ""default-src 'self' blob: data: *.akamaized.net *.apple.com *.apple-mapkit.com *.cdn-apple.com *.organicfruitapps.com; child-src blob: embed.music.apple.com embed.podcasts.apple.com https://recyclingprogram.apple.com swdlp.apple.com www.apple.com www.instagram.com platform.twitter.com www.youtube-nocookie.com; img-src 'unsafe-inline' blob: data: *.apple.com *.apple-mapkit.com *.cdn-apple.com *.mzstatic.com; script-src 'unsafe-inline' 'unsafe-eval' blob: *.apple.com *.apple-mapkit.com www.instagram.com platform.twitter.com; style-src 'unsafe-inline' *.apple.com"", ""referrer-policy"": ""no-referrer-when-downgrade"", ""strict-transport-security"": ""max-age=31536000; includeSubdomains; preload"", ""x-content-type-options"": ""nosniff"", ""x-xss-protection"": ""1; mode=block"", ""content-encoding"": ""gzip"", ""cache-control"": ""max-age=0"", ""expires"": ""Wed, 25 Oct 2023 12:33:27 GMT"", ""date"": ""Wed, 25 Oct 2023 12:33:27 GMT"", ""content-length"": ""38806"", ""x-cache"": ""TCP_MEM_HIT from a2-17-34-234.deploy.akamaitechnologies.com (AkamaiGHost/11.3.0.1-51931778) (-)"", ""connection"": ""keep-alive""}"
2,"GET https://www.apple.com/app-store/ HTTP/1.1
Host: www.apple.com
User-Agent: Mozilla/5.0 (Windows NT 10.0; rv:102.0) Gecko/20100101 Firefox/102.0
Accept: text/html,application/xhtml+xml,application/xml;q=0.9,image/avif,image/webp,*/*;q=0.8
Accept-Encoding: gzip, deflate, br
Accept-Language: en-US,en;q=0.5
DNT: 1
Connection: keep-alive
Upgrade-Insecure-Requests: 1
Sec-Fetch-Dest: document
Sec-Fetch-Mode: navigate
Sec-Fetch-Site: cross-site

",0,https://www.apple.com/app-store/,458,HTTP/1.1,0.2519392967224121,0.10567140579223633,0.45723676681518555,200,OK,[''],17,17,14338,"{""server"": ""Apple"", ""content-type"": ""text/html; charset=utf-8"", ""set-cookie"": ""geo=DE; path=/; domain=.apple.com"", ""x-frame-options"": ""SAMEORIGIN"", ""vary"": ""Accept-Encoding"", ""content-security-policy"": ""default-src 'self' blob: data: *.akamaized.net *.apple.com *.apple-mapkit.com *.cdn-apple.com *.organicfruitapps.com; child-src blob: embed.music.apple.com embed.podcasts.apple.com https://recyclingprogram.apple.com swdlp.apple.com www.apple.com www.instagram.com platform.twitter.com www.youtube-nocookie.com; img-src 'unsafe-inline' blob: data: *.apple.com *.apple-mapkit.com *.cdn-apple.com *.mzstatic.com; script-src 'unsafe-inline' 'unsafe-eval' blob: *.apple.com *.apple-mapkit.com www.instagram.com platform.twitter.com; style-src 'unsafe-inline' *.apple.com"", ""referrer-policy"": ""no-referrer-when-downgrade"", ""strict-transport-security"": ""max-age=31536000; includeSubdomains; preload"", ""x-content-type-options"": ""nosniff"", ""x-xss-protection"": ""1; mode=block"", ""content-encoding"": ""gzip"", ""cache-control"": ""max-age=0"", ""expires"": ""Wed, 25 Oct 2023 12:33:37 GMT"", ""date"": ""Wed, 25 Oct 2023 12:33:37 GMT"", ""content-length"": ""38806"", ""x-cache"": ""TCP_MEM_HIT from a2-17-34-236.deploy.akamaitechnologies.com (AkamaiGHost/11.3.0-51618102) (-)"", ""connection"": ""keep-alive""}"
3,"GET https://www.apple.com/app-store/ HTTP/1.1
Host: www.apple.com
User-Agent: Mozilla/5.0 (Windows NT 10.0; rv:102.0) Gecko/20100101 Firefox/102.0
Accept: text/html,application/xhtml+xml,application/xml;q=0.9,image/avif,image/webp,*/*;q=0.8
Accept-Encoding: gzip, deflate, br
Accept-Language: en-US,en;q=0.5
DNT: 1
Connection: keep-alive
Upgrade-Insecure-Requests: 1
Sec-Fetch-Dest: document
Sec-Fetch-Mode: navigate
Sec-Fetch-Site: cross-site

",0,https://www.apple.com/app-store/,458,HTTP/1.1,0.15383696556091309,0.13326072692871094,0.12974905967712402,200,OK,[''],18,18,14226,"{""server"": ""Apple"", ""content-type"": ""text/html; charset=utf-8"", ""set-cookie"": ""geo=DE; path=/; domain=.apple.com"", ""x-frame-options"": ""SAMEORIGIN"", ""x-cache-remote"": ""TCP_MEM_HIT from a2-17-34-236.deploy.akamaitechnologies.com (AkamaiGHost/11.3.0-51618102) (-)"", ""vary"": ""Accept-Encoding"", ""content-security-policy"": ""default-src 'self' blob: data: *.akamaized.net *.apple.com *.apple-mapkit.com *.cdn-apple.com *.organicfruitapps.com; child-src blob: embed.music.apple.com embed.podcasts.apple.com https://recyclingprogram.apple.com swdlp.apple.com www.apple.com www.instagram.com platform.twitter.com www.youtube-nocookie.com; img-src 'unsafe-inline' blob: data: *.apple.com *.apple-mapkit.com *.cdn-apple.com *.mzstatic.com; script-src 'unsafe-inline' 'unsafe-eval' blob: *.apple.com *.apple-mapkit.com www.instagram.com platform.twitter.com; style-src 'unsafe-inline' *.apple.com"", ""referrer-policy"": ""no-referrer-when-downgrade"", ""strict-transport-security"": ""max-age=31536000; includeSubdomains; preload"", ""x-content-type-options"": ""nosniff"", ""x-xss-protection"": ""1; mode=block"", ""content-encoding"": ""gzip"", ""cache-control"": ""max-age=0"", ""expires"": ""Wed, 25 Oct 2023 12:33:49 GMT"", ""date"": ""Wed, 25 Oct 2023 12:33:49 GMT"", ""content-length"": ""38806"", ""x-cache"": ""TCP_REFRESH_MISS from a2-17-34-198.deploy.akamaitechnologies.com (AkamaiGHost/11.3.0.1-51931778) (S)"", ""connection"": ""keep-alive""}"
4,"GET https://www.apple.com/app-store/ HTTP/1.1
Host: www.apple.com
User-Agent: Mozilla/5.0 (Windows NT 10.0; rv:102.0) Gecko/20100101 Firefox/102.0
Accept: text/html,application/xhtml+xml,application/xml;q=0.9,image/avif,image/webp,*/*;q=0.8
Accept-Encoding: gzip, deflate, br
Accept-Language: en-US,en;q=0.5
DNT: 1
Connection: keep-alive
Upgrade-Insecure-Requests: 1
Sec-Fetch-Dest: document
Sec-Fetch-Mode: navigate
Sec-Fetch-Site: cross-site

",0,https://www.apple.com/app-store/,458,HTTP/1.1,0.2697732448577881,0.13580870628356934,0.09978795051574707,200,OK,[''],17,17,14338,"{""server"": ""Apple"", ""content-type"": ""text/html; charset=utf-8"", ""set-cookie"": ""geo=DE; path=/; domain=.apple.com"", ""x-frame-options"": ""SAMEORIGIN"", ""vary"": ""Accept-Encoding"", ""content-security-policy"": ""default-src 'self' blob: data: *.akamaized.net *.apple.com *.apple-mapkit.com *.cdn-apple.com *.organicfruitapps.com; child-src blob: embed.music.apple.com embed.podcasts.apple.com https://recyclingprogram.apple.com swdlp.apple.com www.apple.com www.instagram.com platform.twitter.com www.youtube-nocookie.com; img-src 'unsafe-inline' blob: data: *.apple.com *.apple-mapkit.com *.cdn-apple.com *.mzstatic.com; script-src 'unsafe-inline' 'unsafe-eval' blob: *.apple.com *.apple-mapkit.com www.instagram.com platform.twitter.com; style-src 'unsafe-inline' *.apple.com"", ""referrer-policy"": ""no-referrer-when-downgrade"", ""strict-transport-security"": ""max-age=31536000; includeSubdomains; preload"", ""x-content-type-options"": ""nosniff"", ""x-xss-protection"": ""1; mode=block"", ""content-encoding"": ""gzip"", ""cache-control"": ""max-age=0"", ""expires"": ""Wed, 25 Oct 2023 12:33:58 GMT"", ""date"": ""Wed, 25 Oct 2023 12:33:58 GMT"", ""content-length"": ""38806"", ""x-cache"": ""TCP_MEM_HIT from a2-17-34-236.deploy.akamaitechnologies.com (AkamaiGHost/11.3.0-51618102) (-)"", ""connection"": ""keep-alive""}"
5,"GET https://www.apple.com/app-store/ HTTP/1.1
Host: www.apple.com
User-Agent: Mozilla/5.0 (Windows NT 10.0; rv:102.0) Gecko/20100101 Firefox/102.0
Accept: text/html,application/xhtml+xml,application/xml;q=0.9,image/avif,image/webp,*/*;q=0.8
Accept-Encoding: gzip, deflate, br
Accept-Language: en-US,en;q=0.5
DNT: 1
Connection: keep-alive
Upgrade-Insecure-Requests: 1
Sec-Fetch-Dest: document
Sec-Fetch-Mode: navigate
Sec-Fetch-Site: cross-site

",0,https://www.apple.com/app-store/,458,HTTP/1.1,0.13808202743530273,0.10293245315551758,0.1452946662902832,200,OK,[''],17,17,14336,"{""server"": ""Apple"", ""content-type"": ""text/html; charset=utf-8"", ""set-cookie"": ""geo=DE; path=/; domain=.apple.com"", ""x-frame-options"": ""SAMEORIGIN"", ""vary"": ""Accept-Encoding"", ""content-security-policy"": ""default-src 'self' blob: data: *.akamaized.net *.apple.com *.apple-mapkit.com *.cdn-apple.com *.organicfruitapps.com; child-src blob: embed.music.apple.com embed.podcasts.apple.com https://recyclingprogram.apple.com swdlp.apple.com www.apple.com www.instagram.com platform.twitter.com www.youtube-nocookie.com; img-src 'unsafe-inline' blob: data: *.apple.com *.apple-mapkit.com *.cdn-apple.com *.mzstatic.com; script-src 'unsafe-inline' 'unsafe-eval' blob: *.apple.com *.apple-mapkit.com www.instagram.com platform.twitter.com; style-src 'unsafe-inline' *.apple.com"", ""referrer-policy"": ""no-referrer-when-downgrade"", ""strict-transport-security"": ""max-age=31536000; includeSubdomains; preload"", ""x-content-type-options"": ""nosniff"", ""x-xss-protection"": ""1; mode=block"", ""content-encoding"": ""gzip"", ""cache-control"": ""max-age=0"", ""expires"": ""Wed, 25 Oct 2023 12:34:09 GMT"", ""date"": ""Wed, 25 Oct 2023 12:34:09 GMT"", ""content-length"": ""38806"", ""x-cache"": ""TCP_MEM_HIT from a2-17-34-234.deploy.akamaitechnologies.com (AkamaiGHost/11.3.0.1-51931778) (-)"", ""connection"": ""keep-alive""}"
6,"GET https://www.apple.com/app-store/ HTTP/1.1
Host: www.apple.com
User-Agent: Mozilla/5.0 (Windows NT 10.0; rv:102.0) Gecko/20100101 Firefox/102.0
Accept: text/html,application/xhtml+xml,application/xml;q=0.9,image/avif,image/webp,*/*;q=0.8
Accept-Encoding: gzip, deflate, br
Accept-Language: en-US,en;q=0.5
DNT: 1
Connection: keep-alive
Upgrade-Insecure-Requests: 1
Sec-Fetch-Dest: document
Sec-Fetch-Mode: navigate
Sec-Fetch-Site: cross-site

",0,https://www.apple.com/app-store/,458,HTTP/1.1,0.3741741180419922,0.12823128700256348,0.04799246788024902,200,OK,[''],17,17,14338,"{""server"": ""Apple"", ""content-type"": ""text/html; charset=utf-8"", ""set-cookie"": ""geo=DE; path=/; domain=.apple.com"", ""x-frame-options"": ""SAMEORIGIN"", ""vary"": ""Accept-Encoding"", ""content-security-policy"": ""default-src 'self' blob: data: *.akamaized.net *.apple.com *.apple-mapkit.com *.cdn-apple.com *.organicfruitapps.com; child-src blob: embed.music.apple.com embed.podcasts.apple.com https://recyclingprogram.apple.com swdlp.apple.com www.apple.com www.instagram.com platform.twitter.com www.youtube-nocookie.com; img-src 'unsafe-inline' blob: data: *.apple.com *.apple-mapkit.com *.cdn-apple.com *.mzstatic.com; script-src 'unsafe-inline' 'unsafe-eval' blob: *.apple.com *.apple-mapkit.com www.instagram.com platform.twitter.com; style-src 'unsafe-inline' *.apple.com"", ""referrer-policy"": ""no-referrer-when-downgrade"", ""strict-transport-security"": ""max-age=31536000; includeSubdomains; preload"", ""x-content-type-options"": ""nosniff"", ""x-xss-protection"": ""1; mode=block"", ""content-encoding"": ""gzip"", ""cache-control"": ""max-age=0"", ""expires"": ""Wed, 25 Oct 2023 12:34:19 GMT"", ""date"": ""Wed, 25 Oct 2023 12:34:19 GMT"", ""content-length"": ""38806"", ""x-cache"": ""TCP_MEM_HIT from a2-17-34-236.deploy.akamaitechnologies.com (AkamaiGHost/11.3.0-51618102) (-)"", ""connection"": ""keep-alive""}"
7,"GET https://www.apple.com/app-store/ HTTP/1.1
Host: www.apple.com
User-Agent: Mozilla/5.0 (Windows NT 10.0; rv:102.0) Gecko/20100101 Firefox/102.0
Accept: text/html,application/xhtml+xml,application/xml;q=0.9,image/avif,image/webp,*/*;q=0.8
Accept-Encoding: gzip, deflate, br
Accept-Language: en-US,en;q=0.5
DNT: 1
Connection: keep-alive
Upgrade-Insecure-Requests: 1
Sec-Fetch-Dest: document
Sec-Fetch-Mode: navigate
Sec-Fetch-Site: cross-site

",0,https://www.apple.com/app-store/,458,HTTP/1.1,0.11221647262573242,0.11407232284545898,0.16981887817382812,200,OK,[''],17,17,14336,"{""server"": ""Apple"", ""content-type"": ""text/html; charset=utf-8"", ""set-cookie"": ""geo=DE; path=/; domain=.apple.com"", ""x-frame-options"": ""SAMEORIGIN"", ""vary"": ""Accept-Encoding"", ""content-security-policy"": ""default-src 'self' blob: data: *.akamaized.net *.apple.com *.apple-mapkit.com *.cdn-apple.com *.organicfruitapps.com; child-src blob: embed.music.apple.com embed.podcasts.apple.com https://recyclingprogram.apple.com swdlp.apple.com www.apple.com www.instagram.com platform.twitter.com www.youtube-nocookie.com; img-src 'unsafe-inline' blob: data: *.apple.com *.apple-mapkit.com *.cdn-apple.com *.mzstatic.com; script-src 'unsafe-inline' 'unsafe-eval' blob: *.apple.com *.apple-mapkit.com www.instagram.com platform.twitter.com; style-src 'unsafe-inline' *.apple.com"", ""referrer-policy"": ""no-referrer-when-downgrade"", ""strict-transport-security"": ""max-age=31536000; includeSubdomains; preload"", ""x-content-type-options"": ""nosniff"", ""x-xss-protection"": ""1; mode=block"", ""content-encoding"": ""gzip"", ""cache-control"": ""max-age=0"", ""expires"": ""Wed, 25 Oct 2023 12:34:29 GMT"", ""date"": ""Wed, 25 Oct 2023 12:34:29 GMT"", ""content-length"": ""38806"", ""x-cache"": ""TCP_MEM_HIT from a2-17-34-234.deploy.akamaitechnologies.com (AkamaiGHost/11.3.0.1-51931778) (-)"", ""connection"": ""keep-alive""}"
8,"GET https://www.apple.com/app-store/ HTTP/1.1
Host: www.apple.com
User-Agent: Mozilla/5.0 (Windows NT 10.0; rv:102.0) Gecko/20100101 Firefox/102.0
Accept: text/html,application/xhtml+xml,application/xml;q=0.9,image/avif,image/webp,*/*;q=0.8
Accept-Encoding: gzip, deflate, br
Accept-Language: en-US,en;q=0.5
DNT: 1
Connection: keep-alive
Upgrade-Insecure-Requests: 1
Sec-Fetch-Dest: document
Sec-Fetch-Mode: navigate
Sec-Fetch-Site: cross-site

",0,https://www.apple.com/app-store/,458,HTTP/1.1,0.09384846687316895,0.1091153621673584,0.1137688159942627,200,OK,[''],17,17,14336,"{""server"": ""Apple"", ""content-type"": ""text/html; charset=utf-8"", ""set-cookie"": ""geo=DE; path=/; domain=.apple.com"", ""x-frame-options"": ""SAMEORIGIN"", ""vary"": ""Accept-Encoding"", ""content-security-policy"": ""default-src 'self' blob: data: *.akamaized.net *.apple.com *.apple-mapkit.com *.cdn-apple.com *.organicfruitapps.com; child-src blob: embed.music.apple.com embed.podcasts.apple.com https://recyclingprogram.apple.com swdlp.apple.com www.apple.com www.instagram.com platform.twitter.com www.youtube-nocookie.com; img-src 'unsafe-inline' blob: data: *.apple.com *.apple-mapkit.com *.cdn-apple.com *.mzstatic.com; script-src 'unsafe-inline' 'unsafe-eval' blob: *.apple.com *.apple-mapkit.com www.instagram.com platform.twitter.com; style-src 'unsafe-inline' *.apple.com"", ""referrer-policy"": ""no-referrer-when-downgrade"", ""strict-transport-security"": ""max-age=31536000; includeSubdomains; preload"", ""x-content-type-options"": ""nosniff"", ""x-xss-protection"": ""1; mode=block"", ""content-encoding"": ""gzip"", ""cache-control"": ""max-age=0"", ""expires"": ""Wed, 25 Oct 2023 12:34:40 GMT"", ""date"": ""Wed, 25 Oct 2023 12:34:40 GMT"", ""content-length"": ""38806"", ""x-cache"": ""TCP_MEM_HIT from a2-17-34-234.deploy.akamaitechnologies.com (AkamaiGHost/11.3.0.1-51931778) (-)"", ""connection"": ""keep-alive""}"
9,"GET https://www.apple.com/app-store/ HTTP/1.1
Host: www.apple.com
User-Agent: Mozilla/5.0 (Windows NT 10.0; rv:102.0) Gecko/20100101 Firefox/102.0
Accept: text/html,application/xhtml+xml,application/xml;q=0.9,image/avif,image/webp,*/*;q=0.8
Accept-Encoding: gzip, deflate, br
Accept-Language: en-US,en;q=0.5
DNT: 1
Connection: keep-alive
Upgrade-Insecure-Requests: 1
Sec-Fetch-Dest: document
Sec-Fetch-Mode: navigate
Sec-Fetch-Site: cross-site

",0,https://www.apple.com/app-store/,458,HTTP/1.1,0.1128230094909668,0.10287714004516602,0.07434988021850586,200,OK,[''],17,17,14336,"{""server"": ""Apple"", ""content-type"": ""text/html; charset=utf-8"", ""set-cookie"": ""geo=DE; path=/; domain=.apple.com"", ""x-frame-options"": ""SAMEORIGIN"", ""vary"": ""Accept-Encoding"", ""content-security-policy"": ""default-src 'self' blob: data: *.akamaized.net *.apple.com *.apple-mapkit.com *.cdn-apple.com *.organicfruitapps.com; child-src blob: embed.music.apple.com embed.podcasts.apple.com https://recyclingprogram.apple.com swdlp.apple.com www.apple.com www.instagram.com platform.twitter.com www.youtube-nocookie.com; img-src 'unsafe-inline' blob: data: *.apple.com *.apple-mapkit.com *.cdn-apple.com *.mzstatic.com; script-src 'unsafe-inline' 'unsafe-eval' blob: *.apple.com *.apple-mapkit.com www.instagram.com platform.twitter.com; style-src 'unsafe-inline' *.apple.com"", ""referrer-policy"": ""no-referrer-when-downgrade"", ""strict-transport-security"": ""max-age=31536000; includeSubdomains; preload"", ""x-content-type-options"": ""nosniff"", ""x-xss-protection"": ""1; mode=block"", ""content-encoding"": ""gzip"", ""cache-control"": ""max-age=0"", ""expires"": ""Wed, 25 Oct 2023 12:34:50 GMT"", ""date"": ""Wed, 25 Oct 2023 12:34:50 GMT"", ""content-length"": ""38806"", ""x-cache"": ""TCP_MEM_HIT from a2-17-34-242.deploy.akamaitechnologies.com (AkamaiGHost/11.3.0.1-51931778) (-)"", ""connection"": ""keep-alive""}"
