,Attempt No.,uri,Deviation Count,Status Code,Response_Time,response_header_count,response_header_length,response_body_length,response_header_fields
0,0,https://pki.goog/,0,200,0.03652763366699219,18,18,106,"{'accept-ranges': 'bytes', 'vary': 'Accept-Encoding', 'content-type': 'text/html', 'content-security-policy-report-only': ""require-trusted-types-for 'script'; report-uri https://csp.withgoogle.com/csp/cacerts"", 'cross-origin-resource-policy': 'cross-origin', 'cross-origin-opener-policy': 'same-origin; report-to=""cacerts""', 'report-to': '{""group"":""cacerts"",""max_age"":2592000,""endpoints"":[{""url"":""https://csp.withgoogle.com/csp/report-to/cacerts""}]}', 'date': 'Wed, 25 Oct 2023 12:33:18 GMT', 'pragma': 'no-cache', 'expires': 'Fri, 01 Jan 1990 00:00:00 GMT', 'cache-control': 'no-cache, must-revalidate', 'last-modified': 'Tue, 24 Oct 2023 06:08:00 GMT', 'x-content-type-options': 'nosniff', 'content-encoding': 'gzip', 'server': 'sffe', 'x-xss-protection': '0', 'alt-svc': 'h3="":443""; ma=2592000,h3-29="":443""; ma=2592000', 'transfer-encoding': 'chunked'}"
1,1,https://pki.goog/,0,200,0.03799891471862793,18,18,299,"{'accept-ranges': 'bytes', 'vary': 'Accept-Encoding', 'content-type': 'text/html', 'content-security-policy-report-only': ""require-trusted-types-for 'script'; report-uri https://csp.withgoogle.com/csp/cacerts"", 'cross-origin-resource-policy': 'cross-origin', 'cross-origin-opener-policy': 'same-origin; report-to=""cacerts""', 'report-to': '{""group"":""cacerts"",""max_age"":2592000,""endpoints"":[{""url"":""https://csp.withgoogle.com/csp/report-to/cacerts""}]}', 'date': 'Wed, 25 Oct 2023 12:33:29 GMT', 'pragma': 'no-cache', 'expires': 'Fri, 01 Jan 1990 00:00:00 GMT', 'cache-control': 'no-cache, must-revalidate', 'last-modified': 'Tue, 24 Oct 2023 06:08:00 GMT', 'x-content-type-options': 'nosniff', 'content-encoding': 'gzip', 'server': 'sffe', 'x-xss-protection': '0', 'alt-svc': 'h3="":443""; ma=2592000,h3-29="":443""; ma=2592000', 'transfer-encoding': 'chunked'}"
2,2,https://pki.goog/,0,200,0.04054522514343262,18,18,243,"{'accept-ranges': 'bytes', 'vary': 'Accept-Encoding', 'content-type': 'text/html', 'content-security-policy-report-only': ""require-trusted-types-for 'script'; report-uri https://csp.withgoogle.com/csp/cacerts"", 'cross-origin-resource-policy': 'cross-origin', 'cross-origin-opener-policy': 'same-origin; report-to=""cacerts""', 'report-to': '{""group"":""cacerts"",""max_age"":2592000,""endpoints"":[{""url"":""https://csp.withgoogle.com/csp/report-to/cacerts""}]}', 'date': 'Wed, 25 Oct 2023 12:33:42 GMT', 'pragma': 'no-cache', 'expires': 'Fri, 01 Jan 1990 00:00:00 GMT', 'cache-control': 'no-cache, must-revalidate', 'last-modified': 'Tue, 24 Oct 2023 06:08:00 GMT', 'x-content-type-options': 'nosniff', 'content-encoding': 'gzip', 'server': 'sffe', 'x-xss-protection': '0', 'alt-svc': 'h3="":443""; ma=2592000,h3-29="":443""; ma=2592000', 'transfer-encoding': 'chunked'}"
3,3,https://pki.goog/,0,200,0.0333251953125,18,18,296,"{'accept-ranges': 'bytes', 'vary': 'Accept-Encoding', 'content-type': 'text/html', 'content-security-policy-report-only': ""require-trusted-types-for 'script'; report-uri https://csp.withgoogle.com/csp/cacerts"", 'cross-origin-resource-policy': 'cross-origin', 'cross-origin-opener-policy': 'same-origin; report-to=""cacerts""', 'report-to': '{""group"":""cacerts"",""max_age"":2592000,""endpoints"":[{""url"":""https://csp.withgoogle.com/csp/report-to/cacerts""}]}', 'date': 'Wed, 25 Oct 2023 12:33:55 GMT', 'pragma': 'no-cache', 'expires': 'Fri, 01 Jan 1990 00:00:00 GMT', 'cache-control': 'no-cache, must-revalidate', 'last-modified': 'Tue, 24 Oct 2023 06:08:00 GMT', 'x-content-type-options': 'nosniff', 'content-encoding': 'gzip', 'server': 'sffe', 'x-xss-protection': '0', 'alt-svc': 'h3="":443""; ma=2592000,h3-29="":443""; ma=2592000', 'transfer-encoding': 'chunked'}"
4,4,https://pki.goog/,0,200,0.04633355140686035,18,18,148,"{'accept-ranges': 'bytes', 'vary': 'Accept-Encoding', 'content-type': 'text/html', 'content-security-policy-report-only': ""require-trusted-types-for 'script'; report-uri https://csp.withgoogle.com/csp/cacerts"", 'cross-origin-resource-policy': 'cross-origin', 'cross-origin-opener-policy': 'same-origin; report-to=""cacerts""', 'report-to': '{""group"":""cacerts"",""max_age"":2592000,""endpoints"":[{""url"":""https://csp.withgoogle.com/csp/report-to/cacerts""}]}', 'date': 'Wed, 25 Oct 2023 12:34:07 GMT', 'pragma': 'no-cache', 'expires': 'Fri, 01 Jan 1990 00:00:00 GMT', 'cache-control': 'no-cache, must-revalidate', 'last-modified': 'Tue, 24 Oct 2023 06:08:00 GMT', 'x-content-type-options': 'nosniff', 'content-encoding': 'gzip', 'server': 'sffe', 'x-xss-protection': '0', 'alt-svc': 'h3="":443""; ma=2592000,h3-29="":443""; ma=2592000', 'transfer-encoding': 'chunked'}"
5,5,https://pki.goog/,0,200,0.08358335494995117,18,18,71,"{'accept-ranges': 'bytes', 'vary': 'Accept-Encoding', 'content-type': 'text/html', 'content-security-policy-report-only': ""require-trusted-types-for 'script'; report-uri https://csp.withgoogle.com/csp/cacerts"", 'cross-origin-resource-policy': 'cross-origin', 'cross-origin-opener-policy': 'same-origin; report-to=""cacerts""', 'report-to': '{""group"":""cacerts"",""max_age"":2592000,""endpoints"":[{""url"":""https://csp.withgoogle.com/csp/report-to/cacerts""}]}', 'date': 'Wed, 25 Oct 2023 12:34:19 GMT', 'pragma': 'no-cache', 'expires': 'Fri, 01 Jan 1990 00:00:00 GMT', 'cache-control': 'no-cache, must-revalidate', 'last-modified': 'Tue, 24 Oct 2023 06:08:00 GMT', 'x-content-type-options': 'nosniff', 'content-encoding': 'gzip', 'server': 'sffe', 'x-xss-protection': '0', 'alt-svc': 'h3="":443""; ma=2592000,h3-29="":443""; ma=2592000', 'transfer-encoding': 'chunked'}"
6,6,https://pki.goog/,0,200,0.07756567001342773,18,18,104,"{'accept-ranges': 'bytes', 'vary': 'Accept-Encoding', 'content-type': 'text/html', 'content-security-policy-report-only': ""require-trusted-types-for 'script'; report-uri https://csp.withgoogle.com/csp/cacerts"", 'cross-origin-resource-policy': 'cross-origin', 'cross-origin-opener-policy': 'same-origin; report-to=""cacerts""', 'report-to': '{""group"":""cacerts"",""max_age"":2592000,""endpoints"":[{""url"":""https://csp.withgoogle.com/csp/report-to/cacerts""}]}', 'date': 'Wed, 25 Oct 2023 12:34:31 GMT', 'pragma': 'no-cache', 'expires': 'Fri, 01 Jan 1990 00:00:00 GMT', 'cache-control': 'no-cache, must-revalidate', 'last-modified': 'Tue, 24 Oct 2023 06:08:00 GMT', 'x-content-type-options': 'nosniff', 'content-encoding': 'gzip', 'server': 'sffe', 'x-xss-protection': '0', 'alt-svc': 'h3="":443""; ma=2592000,h3-29="":443""; ma=2592000', 'transfer-encoding': 'chunked'}"
7,7,https://pki.goog/,0,200,0.04431748390197754,18,18,92,"{'accept-ranges': 'bytes', 'vary': 'Accept-Encoding', 'content-type': 'text/html', 'content-security-policy-report-only': ""require-trusted-types-for 'script'; report-uri https://csp.withgoogle.com/csp/cacerts"", 'cross-origin-resource-policy': 'cross-origin', 'cross-origin-opener-policy': 'same-origin; report-to=""cacerts""', 'report-to': '{""group"":""cacerts"",""max_age"":2592000,""endpoints"":[{""url"":""https://csp.withgoogle.com/csp/report-to/cacerts""}]}', 'date': 'Wed, 25 Oct 2023 12:34:43 GMT', 'pragma': 'no-cache', 'expires': 'Fri, 01 Jan 1990 00:00:00 GMT', 'cache-control': 'no-cache, must-revalidate', 'last-modified': 'Tue, 24 Oct 2023 06:08:00 GMT', 'x-content-type-options': 'nosniff', 'content-encoding': 'gzip', 'server': 'sffe', 'x-xss-protection': '0', 'alt-svc': 'h3="":443""; ma=2592000,h3-29="":443""; ma=2592000', 'transfer-encoding': 'chunked'}"
8,8,https://pki.goog/,0,200,0.04231834411621094,18,18,123,"{'accept-ranges': 'bytes', 'vary': 'Accept-Encoding', 'content-type': 'text/html', 'content-security-policy-report-only': ""require-trusted-types-for 'script'; report-uri https://csp.withgoogle.com/csp/cacerts"", 'cross-origin-resource-policy': 'cross-origin', 'cross-origin-opener-policy': 'same-origin; report-to=""cacerts""', 'report-to': '{""group"":""cacerts"",""max_age"":2592000,""endpoints"":[{""url"":""https://csp.withgoogle.com/csp/report-to/cacerts""}]}', 'date': 'Wed, 25 Oct 2023 12:34:54 GMT', 'pragma': 'no-cache', 'expires': 'Fri, 01 Jan 1990 00:00:00 GMT', 'cache-control': 'no-cache, must-revalidate', 'last-modified': 'Tue, 24 Oct 2023 06:08:00 GMT', 'x-content-type-options': 'nosniff', 'content-encoding': 'gzip', 'server': 'sffe', 'x-xss-protection': '0', 'alt-svc': 'h3="":443""; ma=2592000,h3-29="":443""; ma=2592000', 'transfer-encoding': 'chunked'}"
9,9,https://pki.goog/,0,200,0.03774762153625488,18,18,93,"{'accept-ranges': 'bytes', 'vary': 'Accept-Encoding', 'content-type': 'text/html', 'content-security-policy-report-only': ""require-trusted-types-for 'script'; report-uri https://csp.withgoogle.com/csp/cacerts"", 'cross-origin-resource-policy': 'cross-origin', 'cross-origin-opener-policy': 'same-origin; report-to=""cacerts""', 'report-to': '{""group"":""cacerts"",""max_age"":2592000,""endpoints"":[{""url"":""https://csp.withgoogle.com/csp/report-to/cacerts""}]}', 'date': 'Wed, 25 Oct 2023 12:35:05 GMT', 'pragma': 'no-cache', 'expires': 'Fri, 01 Jan 1990 00:00:00 GMT', 'cache-control': 'no-cache, must-revalidate', 'last-modified': 'Tue, 24 Oct 2023 06:08:00 GMT', 'x-content-type-options': 'nosniff', 'content-encoding': 'gzip', 'server': 'sffe', 'x-xss-protection': '0', 'alt-svc': 'h3="":443""; ma=2592000,h3-29="":443""; ma=2592000', 'transfer-encoding': 'chunked'}"
