number,request,deviation_count,uri,request_length,http_version,Socket_Connect_Time,Socket_Close_Time,Response_Time,status_code,reason_phrase,error_message,response_header_count,response_header_length,response_body_length,response_header_fields
0,"GET https://pki.goog/  HTTP/1.1
Host: pki.goog
User-Agent: Mozilla/5.0 (Windows NT 10.0; rv:102.0) Gecko/20100101 Firefox/102.0
Accept: text/html,application/xhtml+xml,application/xml;q=0.9,image/avif,image/webp,*/*;q=0.8
Accept-Encoding: gzip, deflate, br
Accept-Language: en-US,en;q=0.5
DNT: 1
Connection: keep-alive
Upgrade-Insecure-Requests: 1
Sec-Fetch-Dest: document
Sec-Fetch-Mode: navigate
Sec-Fetch-Site: cross-site

",0,https://pki.goog/,439,HTTP/1.1,0.2903022766113281,0.10849690437316895,0.03652763366699219,200,OK,[''],18,18,106,"{""accept-ranges"": ""bytes"", ""vary"": ""Accept-Encoding"", ""content-type"": ""text/html"", ""content-security-policy-report-only"": ""require-trusted-types-for 'script'; report-uri https://csp.withgoogle.com/csp/cacerts"", ""cross-origin-resource-policy"": ""cross-origin"", ""cross-origin-opener-policy"": ""same-origin; report-to=\""cacerts\"""", ""report-to"": ""{\""group\"":\""cacerts\"",\""max_age\"":2592000,\""endpoints\"":[{\""url\"":\""https://csp.withgoogle.com/csp/report-to/cacerts\""}]}"", ""date"": ""Wed, 25 Oct 2023 12:33:18 GMT"", ""pragma"": ""no-cache"", ""expires"": ""Fri, 01 Jan 1990 00:00:00 GMT"", ""cache-control"": ""no-cache, must-revalidate"", ""last-modified"": ""Tue, 24 Oct 2023 06:08:00 GMT"", ""x-content-type-options"": ""nosniff"", ""content-encoding"": ""gzip"", ""server"": ""sffe"", ""x-xss-protection"": ""0"", ""alt-svc"": ""h3=\"":443\""; ma=2592000,h3-29=\"":443\""; ma=2592000"", ""transfer-encoding"": ""chunked""}"
1,"GET https://pki.goog/  HTTP/1.1
Host: pki.goog
User-Agent: Mozilla/5.0 (Windows NT 10.0; rv:102.0) Gecko/20100101 Firefox/102.0
Accept: text/html,application/xhtml+xml,application/xml;q=0.9,image/avif,image/webp,*/*;q=0.8
Accept-Encoding: gzip, deflate, br
Accept-Language: en-US,en;q=0.5
DNT: 1
Connection: keep-alive
Upgrade-Insecure-Requests: 1
Sec-Fetch-Dest: document
Sec-Fetch-Mode: navigate
Sec-Fetch-Site: cross-site

",0,https://pki.goog/,439,HTTP/1.1,0.15288209915161133,0.12238144874572754,0.03799891471862793,200,OK,[''],18,18,299,"{""accept-ranges"": ""bytes"", ""vary"": ""Accept-Encoding"", ""content-type"": ""text/html"", ""content-security-policy-report-only"": ""require-trusted-types-for 'script'; report-uri https://csp.withgoogle.com/csp/cacerts"", ""cross-origin-resource-policy"": ""cross-origin"", ""cross-origin-opener-policy"": ""same-origin; report-to=\""cacerts\"""", ""report-to"": ""{\""group\"":\""cacerts\"",\""max_age\"":2592000,\""endpoints\"":[{\""url\"":\""https://csp.withgoogle.com/csp/report-to/cacerts\""}]}"", ""date"": ""Wed, 25 Oct 2023 12:33:29 GMT"", ""pragma"": ""no-cache"", ""expires"": ""Fri, 01 Jan 1990 00:00:00 GMT"", ""cache-control"": ""no-cache, must-revalidate"", ""last-modified"": ""Tue, 24 Oct 2023 06:08:00 GMT"", ""x-content-type-options"": ""nosniff"", ""content-encoding"": ""gzip"", ""server"": ""sffe"", ""x-xss-protection"": ""0"", ""alt-svc"": ""h3=\"":443\""; ma=2592000,h3-29=\"":443\""; ma=2592000"", ""transfer-encoding"": ""chunked""}"
2,"GET https://pki.goog/  HTTP/1.1
Host: pki.goog
User-Agent: Mozilla/5.0 (Windows NT 10.0; rv:102.0) Gecko/20100101 Firefox/102.0
Accept: text/html,application/xhtml+xml,application/xml;q=0.9,image/avif,image/webp,*/*;q=0.8
Accept-Encoding: gzip, deflate, br
Accept-Language: en-US,en;q=0.5
DNT: 1
Connection: keep-alive
Upgrade-Insecure-Requests: 1
Sec-Fetch-Dest: document
Sec-Fetch-Mode: navigate
Sec-Fetch-Site: cross-site

",0,https://pki.goog/,439,HTTP/1.1,0.14507675170898438,0.11109423637390137,0.04054522514343262,200,OK,[''],18,18,243,"{""accept-ranges"": ""bytes"", ""vary"": ""Accept-Encoding"", ""content-type"": ""text/html"", ""content-security-policy-report-only"": ""require-trusted-types-for 'script'; report-uri https://csp.withgoogle.com/csp/cacerts"", ""cross-origin-resource-policy"": ""cross-origin"", ""cross-origin-opener-policy"": ""same-origin; report-to=\""cacerts\"""", ""report-to"": ""{\""group\"":\""cacerts\"",\""max_age\"":2592000,\""endpoints\"":[{\""url\"":\""https://csp.withgoogle.com/csp/report-to/cacerts\""}]}"", ""date"": ""Wed, 25 Oct 2023 12:33:42 GMT"", ""pragma"": ""no-cache"", ""expires"": ""Fri, 01 Jan 1990 00:00:00 GMT"", ""cache-control"": ""no-cache, must-revalidate"", ""last-modified"": ""Tue, 24 Oct 2023 06:08:00 GMT"", ""x-content-type-options"": ""nosniff"", ""content-encoding"": ""gzip"", ""server"": ""sffe"", ""x-xss-protection"": ""0"", ""alt-svc"": ""h3=\"":443\""; ma=2592000,h3-29=\"":443\""; ma=2592000"", ""transfer-encoding"": ""chunked""}"
3,"GET https://pki.goog/  HTTP/1.1
Host: pki.goog
User-Agent: Mozilla/5.0 (Windows NT 10.0; rv:102.0) Gecko/20100101 Firefox/102.0
Accept: text/html,application/xhtml+xml,application/xml;q=0.9,image/avif,image/webp,*/*;q=0.8
Accept-Encoding: gzip, deflate, br
Accept-Language: en-US,en;q=0.5
DNT: 1
Connection: keep-alive
Upgrade-Insecure-Requests: 1
Sec-Fetch-Dest: document
Sec-Fetch-Mode: navigate
Sec-Fetch-Site: cross-site

",0,https://pki.goog/,439,HTTP/1.1,0.17142796516418457,0.1007082462310791,0.0333251953125,200,OK,[''],18,18,296,"{""accept-ranges"": ""bytes"", ""vary"": ""Accept-Encoding"", ""content-type"": ""text/html"", ""content-security-policy-report-only"": ""require-trusted-types-for 'script'; report-uri https://csp.withgoogle.com/csp/cacerts"", ""cross-origin-resource-policy"": ""cross-origin"", ""cross-origin-opener-policy"": ""same-origin; report-to=\""cacerts\"""", ""report-to"": ""{\""group\"":\""cacerts\"",\""max_age\"":2592000,\""endpoints\"":[{\""url\"":\""https://csp.withgoogle.com/csp/report-to/cacerts\""}]}"", ""date"": ""Wed, 25 Oct 2023 12:33:55 GMT"", ""pragma"": ""no-cache"", ""expires"": ""Fri, 01 Jan 1990 00:00:00 GMT"", ""cache-control"": ""no-cache, must-revalidate"", ""last-modified"": ""Tue, 24 Oct 2023 06:08:00 GMT"", ""x-content-type-options"": ""nosniff"", ""content-encoding"": ""gzip"", ""server"": ""sffe"", ""x-xss-protection"": ""0"", ""alt-svc"": ""h3=\"":443\""; ma=2592000,h3-29=\"":443\""; ma=2592000"", ""transfer-encoding"": ""chunked""}"
4,"GET https://pki.goog/  HTTP/1.1
Host: pki.goog
User-Agent: Mozilla/5.0 (Windows NT 10.0; rv:102.0) Gecko/20100101 Firefox/102.0
Accept: text/html,application/xhtml+xml,application/xml;q=0.9,image/avif,image/webp,*/*;q=0.8
Accept-Encoding: gzip, deflate, br
Accept-Language: en-US,en;q=0.5
DNT: 1
Connection: keep-alive
Upgrade-Insecure-Requests: 1
Sec-Fetch-Dest: document
Sec-Fetch-Mode: navigate
Sec-Fetch-Site: cross-site

",0,https://pki.goog/,439,HTTP/1.1,0.14879345893859863,0.16092181205749512,0.04633355140686035,200,OK,[''],18,18,148,"{""accept-ranges"": ""bytes"", ""vary"": ""Accept-Encoding"", ""content-type"": ""text/html"", ""content-security-policy-report-only"": ""require-trusted-types-for 'script'; report-uri https://csp.withgoogle.com/csp/cacerts"", ""cross-origin-resource-policy"": ""cross-origin"", ""cross-origin-opener-policy"": ""same-origin; report-to=\""cacerts\"""", ""report-to"": ""{\""group\"":\""cacerts\"",\""max_age\"":2592000,\""endpoints\"":[{\""url\"":\""https://csp.withgoogle.com/csp/report-to/cacerts\""}]}"", ""date"": ""Wed, 25 Oct 2023 12:34:07 GMT"", ""pragma"": ""no-cache"", ""expires"": ""Fri, 01 Jan 1990 00:00:00 GMT"", ""cache-control"": ""no-cache, must-revalidate"", ""last-modified"": ""Tue, 24 Oct 2023 06:08:00 GMT"", ""x-content-type-options"": ""nosniff"", ""content-encoding"": ""gzip"", ""server"": ""sffe"", ""x-xss-protection"": ""0"", ""alt-svc"": ""h3=\"":443\""; ma=2592000,h3-29=\"":443\""; ma=2592000"", ""transfer-encoding"": ""chunked""}"
5,"GET https://pki.goog/  HTTP/1.1
Host: pki.goog
User-Agent: Mozilla/5.0 (Windows NT 10.0; rv:102.0) Gecko/20100101 Firefox/102.0
Accept: text/html,application/xhtml+xml,application/xml;q=0.9,image/avif,image/webp,*/*;q=0.8
Accept-Encoding: gzip, deflate, br
Accept-Language: en-US,en;q=0.5
DNT: 1
Connection: keep-alive
Upgrade-Insecure-Requests: 1
Sec-Fetch-Dest: document
Sec-Fetch-Mode: navigate
Sec-Fetch-Site: cross-site

",0,https://pki.goog/,439,HTTP/1.1,0.2994077205657959,0.11080265045166016,0.08358335494995117,200,OK,[''],18,18,71,"{""accept-ranges"": ""bytes"", ""vary"": ""Accept-Encoding"", ""content-type"": ""text/html"", ""content-security-policy-report-only"": ""require-trusted-types-for 'script'; report-uri https://csp.withgoogle.com/csp/cacerts"", ""cross-origin-resource-policy"": ""cross-origin"", ""cross-origin-opener-policy"": ""same-origin; report-to=\""cacerts\"""", ""report-to"": ""{\""group\"":\""cacerts\"",\""max_age\"":2592000,\""endpoints\"":[{\""url\"":\""https://csp.withgoogle.com/csp/report-to/cacerts\""}]}"", ""date"": ""Wed, 25 Oct 2023 12:34:19 GMT"", ""pragma"": ""no-cache"", ""expires"": ""Fri, 01 Jan 1990 00:00:00 GMT"", ""cache-control"": ""no-cache, must-revalidate"", ""last-modified"": ""Tue, 24 Oct 2023 06:08:00 GMT"", ""x-content-type-options"": ""nosniff"", ""content-encoding"": ""gzip"", ""server"": ""sffe"", ""x-xss-protection"": ""0"", ""alt-svc"": ""h3=\"":443\""; ma=2592000,h3-29=\"":443\""; ma=2592000"", ""transfer-encoding"": ""chunked""}"
6,"GET https://pki.goog/  HTTP/1.1
Host: pki.goog
User-Agent: Mozilla/5.0 (Windows NT 10.0; rv:102.0) Gecko/20100101 Firefox/102.0
Accept: text/html,application/xhtml+xml,application/xml;q=0.9,image/avif,image/webp,*/*;q=0.8
Accept-Encoding: gzip, deflate, br
Accept-Language: en-US,en;q=0.5
DNT: 1
Connection: keep-alive
Upgrade-Insecure-Requests: 1
Sec-Fetch-Dest: document
Sec-Fetch-Mode: navigate
Sec-Fetch-Site: cross-site

",0,https://pki.goog/,439,HTTP/1.1,0.17333102226257324,0.11202692985534668,0.07756567001342773,200,OK,[''],18,18,104,"{""accept-ranges"": ""bytes"", ""vary"": ""Accept-Encoding"", ""content-type"": ""text/html"", ""content-security-policy-report-only"": ""require-trusted-types-for 'script'; report-uri https://csp.withgoogle.com/csp/cacerts"", ""cross-origin-resource-policy"": ""cross-origin"", ""cross-origin-opener-policy"": ""same-origin; report-to=\""cacerts\"""", ""report-to"": ""{\""group\"":\""cacerts\"",\""max_age\"":2592000,\""endpoints\"":[{\""url\"":\""https://csp.withgoogle.com/csp/report-to/cacerts\""}]}"", ""date"": ""Wed, 25 Oct 2023 12:34:31 GMT"", ""pragma"": ""no-cache"", ""expires"": ""Fri, 01 Jan 1990 00:00:00 GMT"", ""cache-control"": ""no-cache, must-revalidate"", ""last-modified"": ""Tue, 24 Oct 2023 06:08:00 GMT"", ""x-content-type-options"": ""nosniff"", ""content-encoding"": ""gzip"", ""server"": ""sffe"", ""x-xss-protection"": ""0"", ""alt-svc"": ""h3=\"":443\""; ma=2592000,h3-29=\"":443\""; ma=2592000"", ""transfer-encoding"": ""chunked""}"
7,"GET https://pki.goog/  HTTP/1.1
Host: pki.goog
User-Agent: Mozilla/5.0 (Windows NT 10.0; rv:102.0) Gecko/20100101 Firefox/102.0
Accept: text/html,application/xhtml+xml,application/xml;q=0.9,image/avif,image/webp,*/*;q=0.8
Accept-Encoding: gzip, deflate, br
Accept-Language: en-US,en;q=0.5
DNT: 1
Connection: keep-alive
Upgrade-Insecure-Requests: 1
Sec-Fetch-Dest: document
Sec-Fetch-Mode: navigate
Sec-Fetch-Site: cross-site

",0,https://pki.goog/,439,HTTP/1.1,0.136458158493042,0.102294921875,0.04431748390197754,200,OK,[''],18,18,92,"{""accept-ranges"": ""bytes"", ""vary"": ""Accept-Encoding"", ""content-type"": ""text/html"", ""content-security-policy-report-only"": ""require-trusted-types-for 'script'; report-uri https://csp.withgoogle.com/csp/cacerts"", ""cross-origin-resource-policy"": ""cross-origin"", ""cross-origin-opener-policy"": ""same-origin; report-to=\""cacerts\"""", ""report-to"": ""{\""group\"":\""cacerts\"",\""max_age\"":2592000,\""endpoints\"":[{\""url\"":\""https://csp.withgoogle.com/csp/report-to/cacerts\""}]}"", ""date"": ""Wed, 25 Oct 2023 12:34:43 GMT"", ""pragma"": ""no-cache"", ""expires"": ""Fri, 01 Jan 1990 00:00:00 GMT"", ""cache-control"": ""no-cache, must-revalidate"", ""last-modified"": ""Tue, 24 Oct 2023 06:08:00 GMT"", ""x-content-type-options"": ""nosniff"", ""content-encoding"": ""gzip"", ""server"": ""sffe"", ""x-xss-protection"": ""0"", ""alt-svc"": ""h3=\"":443\""; ma=2592000,h3-29=\"":443\""; ma=2592000"", ""transfer-encoding"": ""chunked""}"
8,"GET https://pki.goog/  HTTP/1.1
Host: pki.goog
User-Agent: Mozilla/5.0 (Windows NT 10.0; rv:102.0) Gecko/20100101 Firefox/102.0
Accept: text/html,application/xhtml+xml,application/xml;q=0.9,image/avif,image/webp,*/*;q=0.8
Accept-Encoding: gzip, deflate, br
Accept-Language: en-US,en;q=0.5
DNT: 1
Connection: keep-alive
Upgrade-Insecure-Requests: 1
Sec-Fetch-Dest: document
Sec-Fetch-Mode: navigate
Sec-Fetch-Site: cross-site

",0,https://pki.goog/,439,HTTP/1.1,0.29595279693603516,0.11076521873474121,0.04231834411621094,200,OK,[''],18,18,123,"{""accept-ranges"": ""bytes"", ""vary"": ""Accept-Encoding"", ""content-type"": ""text/html"", ""content-security-policy-report-only"": ""require-trusted-types-for 'script'; report-uri https://csp.withgoogle.com/csp/cacerts"", ""cross-origin-resource-policy"": ""cross-origin"", ""cross-origin-opener-policy"": ""same-origin; report-to=\""cacerts\"""", ""report-to"": ""{\""group\"":\""cacerts\"",\""max_age\"":2592000,\""endpoints\"":[{\""url\"":\""https://csp.withgoogle.com/csp/report-to/cacerts\""}]}"", ""date"": ""Wed, 25 Oct 2023 12:34:54 GMT"", ""pragma"": ""no-cache"", ""expires"": ""Fri, 01 Jan 1990 00:00:00 GMT"", ""cache-control"": ""no-cache, must-revalidate"", ""last-modified"": ""Tue, 24 Oct 2023 06:08:00 GMT"", ""x-content-type-options"": ""nosniff"", ""content-encoding"": ""gzip"", ""server"": ""sffe"", ""x-xss-protection"": ""0"", ""alt-svc"": ""h3=\"":443\""; ma=2592000,h3-29=\"":443\""; ma=2592000"", ""transfer-encoding"": ""chunked""}"
9,"GET https://pki.goog/  HTTP/1.1
Host: pki.goog
User-Agent: Mozilla/5.0 (Windows NT 10.0; rv:102.0) Gecko/20100101 Firefox/102.0
Accept: text/html,application/xhtml+xml,application/xml;q=0.9,image/avif,image/webp,*/*;q=0.8
Accept-Encoding: gzip, deflate, br
Accept-Language: en-US,en;q=0.5
DNT: 1
Connection: keep-alive
Upgrade-Insecure-Requests: 1
Sec-Fetch-Dest: document
Sec-Fetch-Mode: navigate
Sec-Fetch-Site: cross-site

",0,https://pki.goog/,439,HTTP/1.1,0.16664695739746094,0.1108853816986084,0.03774762153625488,200,OK,[''],18,18,93,"{""accept-ranges"": ""bytes"", ""vary"": ""Accept-Encoding"", ""content-type"": ""text/html"", ""content-security-policy-report-only"": ""require-trusted-types-for 'script'; report-uri https://csp.withgoogle.com/csp/cacerts"", ""cross-origin-resource-policy"": ""cross-origin"", ""cross-origin-opener-policy"": ""same-origin; report-to=\""cacerts\"""", ""report-to"": ""{\""group\"":\""cacerts\"",\""max_age\"":2592000,\""endpoints\"":[{\""url\"":\""https://csp.withgoogle.com/csp/report-to/cacerts\""}]}"", ""date"": ""Wed, 25 Oct 2023 12:35:05 GMT"", ""pragma"": ""no-cache"", ""expires"": ""Fri, 01 Jan 1990 00:00:00 GMT"", ""cache-control"": ""no-cache, must-revalidate"", ""last-modified"": ""Tue, 24 Oct 2023 06:08:00 GMT"", ""x-content-type-options"": ""nosniff"", ""content-encoding"": ""gzip"", ""server"": ""sffe"", ""x-xss-protection"": ""0"", ""alt-svc"": ""h3=\"":443\""; ma=2592000,h3-29=\"":443\""; ma=2592000"", ""transfer-encoding"": ""chunked""}"
