[
    {
        "number": 0,
        "request": "GET https://pki.goog/  HTTP/1.1\r\nHost: pki.goog\r\nUser-Agent: Mozilla/5.0 (Windows NT 10.0; rv:102.0) Gecko/20100101 Firefox/102.0\r\nAccept: text/html,application/xhtml+xml,application/xml;q=0.9,image/avif,image/webp,*/*;q=0.8\r\nAccept-Encoding: gzip, deflate, br\r\nAccept-Language: en-US,en;q=0.5\r\nDNT: 1\r\nConnection: keep-alive\r\nUpgrade-Insecure-Requests: 1\r\nSec-Fetch-Dest: document\r\nSec-Fetch-Mode: navigate\r\nSec-Fetch-Site: cross-site\r\n\r\n",
        "deviation_count": 0,
        "uri": "https://pki.goog/",
        "request_length": 439,
        "Response_Time": 0.03652763366699219,
        "status_code": 200,
        "reason_phrase": "OK",
        "error_message": [
            ""
        ],
        "response_header_count": 18,
        "response_header_length": 18,
        "response_body_length": 106,
        "response_header_fields": {
            "accept-ranges": "bytes",
            "vary": "Accept-Encoding",
            "content-type": "text/html",
            "content-security-policy-report-only": "require-trusted-types-for 'script'; report-uri https://csp.withgoogle.com/csp/cacerts",
            "cross-origin-resource-policy": "cross-origin",
            "cross-origin-opener-policy": "same-origin; report-to=\"cacerts\"",
            "report-to": "{\"group\":\"cacerts\",\"max_age\":2592000,\"endpoints\":[{\"url\":\"https://csp.withgoogle.com/csp/report-to/cacerts\"}]}",
            "date": "Wed, 25 Oct 2023 12:33:18 GMT",
            "pragma": "no-cache",
            "expires": "Fri, 01 Jan 1990 00:00:00 GMT",
            "cache-control": "no-cache, must-revalidate",
            "last-modified": "Tue, 24 Oct 2023 06:08:00 GMT",
            "x-content-type-options": "nosniff",
            "content-encoding": "gzip",
            "server": "sffe",
            "x-xss-protection": "0",
            "alt-svc": "h3=\":443\"; ma=2592000,h3-29=\":443\"; ma=2592000",
            "transfer-encoding": "chunked"
        }
    },
    {
        "number": 1,
        "request": "GET https://pki.goog/  HTTP/1.1\r\nHost: pki.goog\r\nUser-Agent: Mozilla/5.0 (Windows NT 10.0; rv:102.0) Gecko/20100101 Firefox/102.0\r\nAccept: text/html,application/xhtml+xml,application/xml;q=0.9,image/avif,image/webp,*/*;q=0.8\r\nAccept-Encoding: gzip, deflate, br\r\nAccept-Language: en-US,en;q=0.5\r\nDNT: 1\r\nConnection: keep-alive\r\nUpgrade-Insecure-Requests: 1\r\nSec-Fetch-Dest: document\r\nSec-Fetch-Mode: navigate\r\nSec-Fetch-Site: cross-site\r\n\r\n",
        "deviation_count": 0,
        "uri": "https://pki.goog/",
        "request_length": 439,
        "Response_Time": 0.03799891471862793,
        "status_code": 200,
        "reason_phrase": "OK",
        "error_message": [
            ""
        ],
        "response_header_count": 18,
        "response_header_length": 18,
        "response_body_length": 299,
        "response_header_fields": {
            "accept-ranges": "bytes",
            "vary": "Accept-Encoding",
            "content-type": "text/html",
            "content-security-policy-report-only": "require-trusted-types-for 'script'; report-uri https://csp.withgoogle.com/csp/cacerts",
            "cross-origin-resource-policy": "cross-origin",
            "cross-origin-opener-policy": "same-origin; report-to=\"cacerts\"",
            "report-to": "{\"group\":\"cacerts\",\"max_age\":2592000,\"endpoints\":[{\"url\":\"https://csp.withgoogle.com/csp/report-to/cacerts\"}]}",
            "date": "Wed, 25 Oct 2023 12:33:29 GMT",
            "pragma": "no-cache",
            "expires": "Fri, 01 Jan 1990 00:00:00 GMT",
            "cache-control": "no-cache, must-revalidate",
            "last-modified": "Tue, 24 Oct 2023 06:08:00 GMT",
            "x-content-type-options": "nosniff",
            "content-encoding": "gzip",
            "server": "sffe",
            "x-xss-protection": "0",
            "alt-svc": "h3=\":443\"; ma=2592000,h3-29=\":443\"; ma=2592000",
            "transfer-encoding": "chunked"
        }
    },
    {
        "number": 2,
        "request": "GET https://pki.goog/  HTTP/1.1\r\nHost: pki.goog\r\nUser-Agent: Mozilla/5.0 (Windows NT 10.0; rv:102.0) Gecko/20100101 Firefox/102.0\r\nAccept: text/html,application/xhtml+xml,application/xml;q=0.9,image/avif,image/webp,*/*;q=0.8\r\nAccept-Encoding: gzip, deflate, br\r\nAccept-Language: en-US,en;q=0.5\r\nDNT: 1\r\nConnection: keep-alive\r\nUpgrade-Insecure-Requests: 1\r\nSec-Fetch-Dest: document\r\nSec-Fetch-Mode: navigate\r\nSec-Fetch-Site: cross-site\r\n\r\n",
        "deviation_count": 0,
        "uri": "https://pki.goog/",
        "request_length": 439,
        "Response_Time": 0.04054522514343262,
        "status_code": 200,
        "reason_phrase": "OK",
        "error_message": [
            ""
        ],
        "response_header_count": 18,
        "response_header_length": 18,
        "response_body_length": 243,
        "response_header_fields": {
            "accept-ranges": "bytes",
            "vary": "Accept-Encoding",
            "content-type": "text/html",
            "content-security-policy-report-only": "require-trusted-types-for 'script'; report-uri https://csp.withgoogle.com/csp/cacerts",
            "cross-origin-resource-policy": "cross-origin",
            "cross-origin-opener-policy": "same-origin; report-to=\"cacerts\"",
            "report-to": "{\"group\":\"cacerts\",\"max_age\":2592000,\"endpoints\":[{\"url\":\"https://csp.withgoogle.com/csp/report-to/cacerts\"}]}",
            "date": "Wed, 25 Oct 2023 12:33:42 GMT",
            "pragma": "no-cache",
            "expires": "Fri, 01 Jan 1990 00:00:00 GMT",
            "cache-control": "no-cache, must-revalidate",
            "last-modified": "Tue, 24 Oct 2023 06:08:00 GMT",
            "x-content-type-options": "nosniff",
            "content-encoding": "gzip",
            "server": "sffe",
            "x-xss-protection": "0",
            "alt-svc": "h3=\":443\"; ma=2592000,h3-29=\":443\"; ma=2592000",
            "transfer-encoding": "chunked"
        }
    },
    {
        "number": 3,
        "request": "GET https://pki.goog/  HTTP/1.1\r\nHost: pki.goog\r\nUser-Agent: Mozilla/5.0 (Windows NT 10.0; rv:102.0) Gecko/20100101 Firefox/102.0\r\nAccept: text/html,application/xhtml+xml,application/xml;q=0.9,image/avif,image/webp,*/*;q=0.8\r\nAccept-Encoding: gzip, deflate, br\r\nAccept-Language: en-US,en;q=0.5\r\nDNT: 1\r\nConnection: keep-alive\r\nUpgrade-Insecure-Requests: 1\r\nSec-Fetch-Dest: document\r\nSec-Fetch-Mode: navigate\r\nSec-Fetch-Site: cross-site\r\n\r\n",
        "deviation_count": 0,
        "uri": "https://pki.goog/",
        "request_length": 439,
        "Response_Time": 0.0333251953125,
        "status_code": 200,
        "reason_phrase": "OK",
        "error_message": [
            ""
        ],
        "response_header_count": 18,
        "response_header_length": 18,
        "response_body_length": 296,
        "response_header_fields": {
            "accept-ranges": "bytes",
            "vary": "Accept-Encoding",
            "content-type": "text/html",
            "content-security-policy-report-only": "require-trusted-types-for 'script'; report-uri https://csp.withgoogle.com/csp/cacerts",
            "cross-origin-resource-policy": "cross-origin",
            "cross-origin-opener-policy": "same-origin; report-to=\"cacerts\"",
            "report-to": "{\"group\":\"cacerts\",\"max_age\":2592000,\"endpoints\":[{\"url\":\"https://csp.withgoogle.com/csp/report-to/cacerts\"}]}",
            "date": "Wed, 25 Oct 2023 12:33:55 GMT",
            "pragma": "no-cache",
            "expires": "Fri, 01 Jan 1990 00:00:00 GMT",
            "cache-control": "no-cache, must-revalidate",
            "last-modified": "Tue, 24 Oct 2023 06:08:00 GMT",
            "x-content-type-options": "nosniff",
            "content-encoding": "gzip",
            "server": "sffe",
            "x-xss-protection": "0",
            "alt-svc": "h3=\":443\"; ma=2592000,h3-29=\":443\"; ma=2592000",
            "transfer-encoding": "chunked"
        }
    },
    {
        "number": 4,
        "request": "GET https://pki.goog/  HTTP/1.1\r\nHost: pki.goog\r\nUser-Agent: Mozilla/5.0 (Windows NT 10.0; rv:102.0) Gecko/20100101 Firefox/102.0\r\nAccept: text/html,application/xhtml+xml,application/xml;q=0.9,image/avif,image/webp,*/*;q=0.8\r\nAccept-Encoding: gzip, deflate, br\r\nAccept-Language: en-US,en;q=0.5\r\nDNT: 1\r\nConnection: keep-alive\r\nUpgrade-Insecure-Requests: 1\r\nSec-Fetch-Dest: document\r\nSec-Fetch-Mode: navigate\r\nSec-Fetch-Site: cross-site\r\n\r\n",
        "deviation_count": 0,
        "uri": "https://pki.goog/",
        "request_length": 439,
        "Response_Time": 0.04633355140686035,
        "status_code": 200,
        "reason_phrase": "OK",
        "error_message": [
            ""
        ],
        "response_header_count": 18,
        "response_header_length": 18,
        "response_body_length": 148,
        "response_header_fields": {
            "accept-ranges": "bytes",
            "vary": "Accept-Encoding",
            "content-type": "text/html",
            "content-security-policy-report-only": "require-trusted-types-for 'script'; report-uri https://csp.withgoogle.com/csp/cacerts",
            "cross-origin-resource-policy": "cross-origin",
            "cross-origin-opener-policy": "same-origin; report-to=\"cacerts\"",
            "report-to": "{\"group\":\"cacerts\",\"max_age\":2592000,\"endpoints\":[{\"url\":\"https://csp.withgoogle.com/csp/report-to/cacerts\"}]}",
            "date": "Wed, 25 Oct 2023 12:34:07 GMT",
            "pragma": "no-cache",
            "expires": "Fri, 01 Jan 1990 00:00:00 GMT",
            "cache-control": "no-cache, must-revalidate",
            "last-modified": "Tue, 24 Oct 2023 06:08:00 GMT",
            "x-content-type-options": "nosniff",
            "content-encoding": "gzip",
            "server": "sffe",
            "x-xss-protection": "0",
            "alt-svc": "h3=\":443\"; ma=2592000,h3-29=\":443\"; ma=2592000",
            "transfer-encoding": "chunked"
        }
    },
    {
        "number": 5,
        "request": "GET https://pki.goog/  HTTP/1.1\r\nHost: pki.goog\r\nUser-Agent: Mozilla/5.0 (Windows NT 10.0; rv:102.0) Gecko/20100101 Firefox/102.0\r\nAccept: text/html,application/xhtml+xml,application/xml;q=0.9,image/avif,image/webp,*/*;q=0.8\r\nAccept-Encoding: gzip, deflate, br\r\nAccept-Language: en-US,en;q=0.5\r\nDNT: 1\r\nConnection: keep-alive\r\nUpgrade-Insecure-Requests: 1\r\nSec-Fetch-Dest: document\r\nSec-Fetch-Mode: navigate\r\nSec-Fetch-Site: cross-site\r\n\r\n",
        "deviation_count": 0,
        "uri": "https://pki.goog/",
        "request_length": 439,
        "Response_Time": 0.08358335494995117,
        "status_code": 200,
        "reason_phrase": "OK",
        "error_message": [
            ""
        ],
        "response_header_count": 18,
        "response_header_length": 18,
        "response_body_length": 71,
        "response_header_fields": {
            "accept-ranges": "bytes",
            "vary": "Accept-Encoding",
            "content-type": "text/html",
            "content-security-policy-report-only": "require-trusted-types-for 'script'; report-uri https://csp.withgoogle.com/csp/cacerts",
            "cross-origin-resource-policy": "cross-origin",
            "cross-origin-opener-policy": "same-origin; report-to=\"cacerts\"",
            "report-to": "{\"group\":\"cacerts\",\"max_age\":2592000,\"endpoints\":[{\"url\":\"https://csp.withgoogle.com/csp/report-to/cacerts\"}]}",
            "date": "Wed, 25 Oct 2023 12:34:19 GMT",
            "pragma": "no-cache",
            "expires": "Fri, 01 Jan 1990 00:00:00 GMT",
            "cache-control": "no-cache, must-revalidate",
            "last-modified": "Tue, 24 Oct 2023 06:08:00 GMT",
            "x-content-type-options": "nosniff",
            "content-encoding": "gzip",
            "server": "sffe",
            "x-xss-protection": "0",
            "alt-svc": "h3=\":443\"; ma=2592000,h3-29=\":443\"; ma=2592000",
            "transfer-encoding": "chunked"
        }
    },
    {
        "number": 6,
        "request": "GET https://pki.goog/  HTTP/1.1\r\nHost: pki.goog\r\nUser-Agent: Mozilla/5.0 (Windows NT 10.0; rv:102.0) Gecko/20100101 Firefox/102.0\r\nAccept: text/html,application/xhtml+xml,application/xml;q=0.9,image/avif,image/webp,*/*;q=0.8\r\nAccept-Encoding: gzip, deflate, br\r\nAccept-Language: en-US,en;q=0.5\r\nDNT: 1\r\nConnection: keep-alive\r\nUpgrade-Insecure-Requests: 1\r\nSec-Fetch-Dest: document\r\nSec-Fetch-Mode: navigate\r\nSec-Fetch-Site: cross-site\r\n\r\n",
        "deviation_count": 0,
        "uri": "https://pki.goog/",
        "request_length": 439,
        "Response_Time": 0.07756567001342773,
        "status_code": 200,
        "reason_phrase": "OK",
        "error_message": [
            ""
        ],
        "response_header_count": 18,
        "response_header_length": 18,
        "response_body_length": 104,
        "response_header_fields": {
            "accept-ranges": "bytes",
            "vary": "Accept-Encoding",
            "content-type": "text/html",
            "content-security-policy-report-only": "require-trusted-types-for 'script'; report-uri https://csp.withgoogle.com/csp/cacerts",
            "cross-origin-resource-policy": "cross-origin",
            "cross-origin-opener-policy": "same-origin; report-to=\"cacerts\"",
            "report-to": "{\"group\":\"cacerts\",\"max_age\":2592000,\"endpoints\":[{\"url\":\"https://csp.withgoogle.com/csp/report-to/cacerts\"}]}",
            "date": "Wed, 25 Oct 2023 12:34:31 GMT",
            "pragma": "no-cache",
            "expires": "Fri, 01 Jan 1990 00:00:00 GMT",
            "cache-control": "no-cache, must-revalidate",
            "last-modified": "Tue, 24 Oct 2023 06:08:00 GMT",
            "x-content-type-options": "nosniff",
            "content-encoding": "gzip",
            "server": "sffe",
            "x-xss-protection": "0",
            "alt-svc": "h3=\":443\"; ma=2592000,h3-29=\":443\"; ma=2592000",
            "transfer-encoding": "chunked"
        }
    },
    {
        "number": 7,
        "request": "GET https://pki.goog/  HTTP/1.1\r\nHost: pki.goog\r\nUser-Agent: Mozilla/5.0 (Windows NT 10.0; rv:102.0) Gecko/20100101 Firefox/102.0\r\nAccept: text/html,application/xhtml+xml,application/xml;q=0.9,image/avif,image/webp,*/*;q=0.8\r\nAccept-Encoding: gzip, deflate, br\r\nAccept-Language: en-US,en;q=0.5\r\nDNT: 1\r\nConnection: keep-alive\r\nUpgrade-Insecure-Requests: 1\r\nSec-Fetch-Dest: document\r\nSec-Fetch-Mode: navigate\r\nSec-Fetch-Site: cross-site\r\n\r\n",
        "deviation_count": 0,
        "uri": "https://pki.goog/",
        "request_length": 439,
        "Response_Time": 0.04431748390197754,
        "status_code": 200,
        "reason_phrase": "OK",
        "error_message": [
            ""
        ],
        "response_header_count": 18,
        "response_header_length": 18,
        "response_body_length": 92,
        "response_header_fields": {
            "accept-ranges": "bytes",
            "vary": "Accept-Encoding",
            "content-type": "text/html",
            "content-security-policy-report-only": "require-trusted-types-for 'script'; report-uri https://csp.withgoogle.com/csp/cacerts",
            "cross-origin-resource-policy": "cross-origin",
            "cross-origin-opener-policy": "same-origin; report-to=\"cacerts\"",
            "report-to": "{\"group\":\"cacerts\",\"max_age\":2592000,\"endpoints\":[{\"url\":\"https://csp.withgoogle.com/csp/report-to/cacerts\"}]}",
            "date": "Wed, 25 Oct 2023 12:34:43 GMT",
            "pragma": "no-cache",
            "expires": "Fri, 01 Jan 1990 00:00:00 GMT",
            "cache-control": "no-cache, must-revalidate",
            "last-modified": "Tue, 24 Oct 2023 06:08:00 GMT",
            "x-content-type-options": "nosniff",
            "content-encoding": "gzip",
            "server": "sffe",
            "x-xss-protection": "0",
            "alt-svc": "h3=\":443\"; ma=2592000,h3-29=\":443\"; ma=2592000",
            "transfer-encoding": "chunked"
        }
    },
    {
        "number": 8,
        "request": "GET https://pki.goog/  HTTP/1.1\r\nHost: pki.goog\r\nUser-Agent: Mozilla/5.0 (Windows NT 10.0; rv:102.0) Gecko/20100101 Firefox/102.0\r\nAccept: text/html,application/xhtml+xml,application/xml;q=0.9,image/avif,image/webp,*/*;q=0.8\r\nAccept-Encoding: gzip, deflate, br\r\nAccept-Language: en-US,en;q=0.5\r\nDNT: 1\r\nConnection: keep-alive\r\nUpgrade-Insecure-Requests: 1\r\nSec-Fetch-Dest: document\r\nSec-Fetch-Mode: navigate\r\nSec-Fetch-Site: cross-site\r\n\r\n",
        "deviation_count": 0,
        "uri": "https://pki.goog/",
        "request_length": 439,
        "Response_Time": 0.04231834411621094,
        "status_code": 200,
        "reason_phrase": "OK",
        "error_message": [
            ""
        ],
        "response_header_count": 18,
        "response_header_length": 18,
        "response_body_length": 123,
        "response_header_fields": {
            "accept-ranges": "bytes",
            "vary": "Accept-Encoding",
            "content-type": "text/html",
            "content-security-policy-report-only": "require-trusted-types-for 'script'; report-uri https://csp.withgoogle.com/csp/cacerts",
            "cross-origin-resource-policy": "cross-origin",
            "cross-origin-opener-policy": "same-origin; report-to=\"cacerts\"",
            "report-to": "{\"group\":\"cacerts\",\"max_age\":2592000,\"endpoints\":[{\"url\":\"https://csp.withgoogle.com/csp/report-to/cacerts\"}]}",
            "date": "Wed, 25 Oct 2023 12:34:54 GMT",
            "pragma": "no-cache",
            "expires": "Fri, 01 Jan 1990 00:00:00 GMT",
            "cache-control": "no-cache, must-revalidate",
            "last-modified": "Tue, 24 Oct 2023 06:08:00 GMT",
            "x-content-type-options": "nosniff",
            "content-encoding": "gzip",
            "server": "sffe",
            "x-xss-protection": "0",
            "alt-svc": "h3=\":443\"; ma=2592000,h3-29=\":443\"; ma=2592000",
            "transfer-encoding": "chunked"
        }
    },
    {
        "number": 9,
        "request": "GET https://pki.goog/  HTTP/1.1\r\nHost: pki.goog\r\nUser-Agent: Mozilla/5.0 (Windows NT 10.0; rv:102.0) Gecko/20100101 Firefox/102.0\r\nAccept: text/html,application/xhtml+xml,application/xml;q=0.9,image/avif,image/webp,*/*;q=0.8\r\nAccept-Encoding: gzip, deflate, br\r\nAccept-Language: en-US,en;q=0.5\r\nDNT: 1\r\nConnection: keep-alive\r\nUpgrade-Insecure-Requests: 1\r\nSec-Fetch-Dest: document\r\nSec-Fetch-Mode: navigate\r\nSec-Fetch-Site: cross-site\r\n\r\n",
        "deviation_count": 0,
        "uri": "https://pki.goog/",
        "request_length": 439,
        "Response_Time": 0.03774762153625488,
        "status_code": 200,
        "reason_phrase": "OK",
        "error_message": [
            ""
        ],
        "response_header_count": 18,
        "response_header_length": 18,
        "response_body_length": 93,
        "response_header_fields": {
            "accept-ranges": "bytes",
            "vary": "Accept-Encoding",
            "content-type": "text/html",
            "content-security-policy-report-only": "require-trusted-types-for 'script'; report-uri https://csp.withgoogle.com/csp/cacerts",
            "cross-origin-resource-policy": "cross-origin",
            "cross-origin-opener-policy": "same-origin; report-to=\"cacerts\"",
            "report-to": "{\"group\":\"cacerts\",\"max_age\":2592000,\"endpoints\":[{\"url\":\"https://csp.withgoogle.com/csp/report-to/cacerts\"}]}",
            "date": "Wed, 25 Oct 2023 12:35:05 GMT",
            "pragma": "no-cache",
            "expires": "Fri, 01 Jan 1990 00:00:00 GMT",
            "cache-control": "no-cache, must-revalidate",
            "last-modified": "Tue, 24 Oct 2023 06:08:00 GMT",
            "x-content-type-options": "nosniff",
            "content-encoding": "gzip",
            "server": "sffe",
            "x-xss-protection": "0",
            "alt-svc": "h3=\":443\"; ma=2592000,h3-29=\":443\"; ma=2592000",
            "transfer-encoding": "chunked"
        }
    }
]