number,request,deviation_count,uri,request_length,http_version,Socket_Connect_Time,Socket_Close_Time,Response_Time,status_code,reason_phrase,error_message,response_header_count,response_header_length,response_body_length,response_header_fields
0,"GET https://www.bbc.co.uk/  HTTP/1.1
Host: www.bbc.co.uk
User-Agent: Mozilla/5.0 (Windows NT 10.0; rv:102.0) Gecko/20100101 Firefox/102.0
Accept: text/html,application/xhtml+xml,application/xml;q=0.9,image/avif,image/webp,*/*;q=0.8
Accept-Encoding: gzip, deflate, br
Accept-Language: en-US,en;q=0.5
DNT: 1
Connection: keep-alive
Upgrade-Insecure-Requests: 1
Sec-Fetch-Dest: document
Sec-Fetch-Mode: navigate
Sec-Fetch-Site: cross-site

",0,https://www.bbc.co.uk/,449,HTTP/1.1,0.17601728439331055,0.11594581604003906,0.035198211669921875,200,OK,[''],9,9,0,"{""connection"": ""keep-alive"", ""content-length"": ""62152"", ""content-type"": ""text/html"", ""belfrage-cache-status"": ""MISS"", ""bid"": ""bruce"", ""brequestid"": ""3dc588a24163417ebaae152f82a1e677"", ""bsig"": ""416e27484d1b68c30b2594f38934ef00"", ""content-encoding"": ""gzip"", ""content-security-policy"": ""default-src 'none'; script-src 'strict-dynamic' 'nonce-SxNgX49Wq5+uOiEqF8QpBwpgx4gMKaUe+QwsyXgzK8qG5eMLCq' 'self' 'report-sample' 'unsafe-inline' assets.wearehearken.eu cdn.syndication.twimg.com connect.facebook.net c.files.bbci.co.uk emp.bbci.co.uk ems.wearehearken.eu modules.wearehearken.eu mybbc-analytics.files.bbci.co.uk nav.files.bbci.co.uk news.files.bbci.co.uk platform.twitter.com public.flourish.studio static.bbc.co.uk static.bbci.co.uk static.chartbeat.com static2.chartbeat.com www.bbc.co.uk www.instagram.com www.ons.gov.uk gn-web-assets.api.bbc.com www.google-analytics.com bitesize.files.bbci.co.uk www.tiktok.com lf16-tiktok-web.ttwstatic.com static.files.bbci.co.uk; img-src 'self' https: data:; font-src c.files.bbci.co.uk gel.files.bbci.co.uk static.files.bbci.co.uk static.bbci.co.uk news.files.bbci.co.uk ws-downloads.files.bbci.co.uk bitesize.files.bbci.co.uk; style-src cdn.riddle.com flo.uri.sh news.files.bbci.co.uk platform.twitter.com static.bbc.co.uk static.bbci.co.uk static.files.bbci.co.uk ton.twimg.com www.riddle.com 'unsafe-inline' lf16-tiktok-web.ttwstatic.com; frame-src 'sel""}"
1,"GET https://www.bbc.co.uk/  HTTP/1.1
Host: www.bbc.co.uk
User-Agent: Mozilla/5.0 (Windows NT 10.0; rv:102.0) Gecko/20100101 Firefox/102.0
Accept: text/html,application/xhtml+xml,application/xml;q=0.9,image/avif,image/webp,*/*;q=0.8
Accept-Encoding: gzip, deflate, br
Accept-Language: en-US,en;q=0.5
DNT: 1
Connection: keep-alive
Upgrade-Insecure-Requests: 1
Sec-Fetch-Dest: document
Sec-Fetch-Mode: navigate
Sec-Fetch-Site: cross-site

",0,https://www.bbc.co.uk/,449,HTTP/1.1,0.14319133758544922,0.13017678260803223,0.07497358322143555,200,OK,[''],9,9,0,"{""connection"": ""keep-alive"", ""content-length"": ""62142"", ""content-type"": ""text/html"", ""belfrage-cache-status"": ""HIT"", ""bid"": ""bruce"", ""brequestid"": ""5435231711cc4938ab756a31fc22f334"", ""bsig"": ""416e27484d1b68c30b2594f38934ef00"", ""content-encoding"": ""gzip"", ""content-security-policy"": ""default-src 'none'; script-src 'strict-dynamic' 'nonce-8t1wV0ykERKwXyow/o64SaFV938bN8kFNrYz2tVavTdgRyX7OA' 'self' 'report-sample' 'unsafe-inline' assets.wearehearken.eu cdn.syndication.twimg.com connect.facebook.net c.files.bbci.co.uk emp.bbci.co.uk ems.wearehearken.eu modules.wearehearken.eu mybbc-analytics.files.bbci.co.uk nav.files.bbci.co.uk news.files.bbci.co.uk platform.twitter.com public.flourish.studio static.bbc.co.uk static.bbci.co.uk static.chartbeat.com static2.chartbeat.com www.bbc.co.uk www.instagram.com www.ons.gov.uk gn-web-assets.api.bbc.com www.google-analytics.com bitesize.files.bbci.co.uk www.tiktok.com lf16-tiktok-web.ttwstatic.com static.files.bbci.co.uk; img-src 'self' https: data:; font-src c.files.bbci.co.uk gel.files.bbci.co.uk static.files.bbci.co.uk static.bbci.co.uk news.files.bbci.co.uk ws-downloads.files.bbci.co.uk bitesize.files.bbci.co.uk; style-src cdn.riddle.com flo.uri.sh news.files.bbci.co.uk platform.twitter.com static.bbc.co.uk static.bbci.co.uk static.files.bbci.co.uk ton.twimg.com www.riddle.com 'unsafe-inline' lf16-tiktok-web.ttwstatic.com; frame-src 'self""}"
2,"GET https://www.bbc.co.uk/  HTTP/1.1
Host: www.bbc.co.uk
User-Agent: Mozilla/5.0 (Windows NT 10.0; rv:102.0) Gecko/20100101 Firefox/102.0
Accept: text/html,application/xhtml+xml,application/xml;q=0.9,image/avif,image/webp,*/*;q=0.8
Accept-Encoding: gzip, deflate, br
Accept-Language: en-US,en;q=0.5
DNT: 1
Connection: keep-alive
Upgrade-Insecure-Requests: 1
Sec-Fetch-Dest: document
Sec-Fetch-Mode: navigate
Sec-Fetch-Site: cross-site

",0,https://www.bbc.co.uk/,449,HTTP/1.1,0.17094922065734863,0.10524439811706543,0.0296475887298584,200,OK,[''],9,9,0,"{""connection"": ""keep-alive"", ""content-length"": ""62152"", ""content-type"": ""text/html"", ""belfrage-cache-status"": ""MISS"", ""bid"": ""bruce"", ""brequestid"": ""3dc588a24163417ebaae152f82a1e677"", ""bsig"": ""416e27484d1b68c30b2594f38934ef00"", ""content-encoding"": ""gzip"", ""content-security-policy"": ""default-src 'none'; script-src 'strict-dynamic' 'nonce-SxNgX49Wq5+uOiEqF8QpBwpgx4gMKaUe+QwsyXgzK8qG5eMLCq' 'self' 'report-sample' 'unsafe-inline' assets.wearehearken.eu cdn.syndication.twimg.com connect.facebook.net c.files.bbci.co.uk emp.bbci.co.uk ems.wearehearken.eu modules.wearehearken.eu mybbc-analytics.files.bbci.co.uk nav.files.bbci.co.uk news.files.bbci.co.uk platform.twitter.com public.flourish.studio static.bbc.co.uk static.bbci.co.uk static.chartbeat.com static2.chartbeat.com www.bbc.co.uk www.instagram.com www.ons.gov.uk gn-web-assets.api.bbc.com www.google-analytics.com bitesize.files.bbci.co.uk www.tiktok.com lf16-tiktok-web.ttwstatic.com static.files.bbci.co.uk; img-src 'self' https: data:; font-src c.files.bbci.co.uk gel.files.bbci.co.uk static.files.bbci.co.uk static.bbci.co.uk news.files.bbci.co.uk ws-downloads.files.bbci.co.uk bitesize.files.bbci.co.uk; style-src cdn.riddle.com flo.uri.sh news.files.bbci.co.uk platform.twitter.com static.bbc.co.uk static.bbci.co.uk static.files.bbci.co.uk ton.twimg.com www.riddle.com 'unsafe-inline' lf16-tiktok-web.ttwstatic.com; frame-src 'sel""}"
3,"GET https://www.bbc.co.uk/  HTTP/1.1
Host: www.bbc.co.uk
User-Agent: Mozilla/5.0 (Windows NT 10.0; rv:102.0) Gecko/20100101 Firefox/102.0
Accept: text/html,application/xhtml+xml,application/xml;q=0.9,image/avif,image/webp,*/*;q=0.8
Accept-Encoding: gzip, deflate, br
Accept-Language: en-US,en;q=0.5
DNT: 1
Connection: keep-alive
Upgrade-Insecure-Requests: 1
Sec-Fetch-Dest: document
Sec-Fetch-Mode: navigate
Sec-Fetch-Site: cross-site

",0,https://www.bbc.co.uk/,449,HTTP/1.1,0.1405336856842041,0.20016217231750488,0.04892134666442871,200,OK,[''],9,9,0,"{""connection"": ""keep-alive"", ""content-length"": ""62392"", ""content-type"": ""text/html"", ""belfrage-cache-status"": ""HIT"", ""bid"": ""bruce"", ""brequestid"": ""cdcd75d68e204525b6a13c86b67248f9"", ""bsig"": ""416e27484d1b68c30b2594f38934ef00"", ""content-encoding"": ""gzip"", ""content-security-policy"": ""default-src 'none'; script-src 'strict-dynamic' 'nonce-n63HfxdyYnjanO15URTYAEFg2iI/tNbgKNLmP/zfGmJe4aqUU0' 'self' 'report-sample' 'unsafe-inline' assets.wearehearken.eu cdn.syndication.twimg.com connect.facebook.net c.files.bbci.co.uk emp.bbci.co.uk ems.wearehearken.eu modules.wearehearken.eu mybbc-analytics.files.bbci.co.uk nav.files.bbci.co.uk news.files.bbci.co.uk platform.twitter.com public.flourish.studio static.bbc.co.uk static.bbci.co.uk static.chartbeat.com static2.chartbeat.com www.bbc.co.uk www.instagram.com www.ons.gov.uk gn-web-assets.api.bbc.com www.google-analytics.com bitesize.files.bbci.co.uk www.tiktok.com lf16-tiktok-web.ttwstatic.com static.files.bbci.co.uk; img-src 'self' https: data:; font-src c.files.bbci.co.uk gel.files.bbci.co.uk static.files.bbci.co.uk static.bbci.co.uk news.files.bbci.co.uk ws-downloads.files.bbci.co.uk bitesize.files.bbci.co.uk; style-src cdn.riddle.com flo.uri.sh news.files.bbci.co.uk platform.twitter.com static.bbc.co.uk static.bbci.co.uk static.files.bbci.co.uk ton.twimg.com www.riddle.com 'unsafe-inline' lf16-tiktok-web.ttwstatic.com; frame-src 'self""}"
4,"GET https://www.bbc.co.uk/  HTTP/1.1
Host: www.bbc.co.uk
User-Agent: Mozilla/5.0 (Windows NT 10.0; rv:102.0) Gecko/20100101 Firefox/102.0
Accept: text/html,application/xhtml+xml,application/xml;q=0.9,image/avif,image/webp,*/*;q=0.8
Accept-Encoding: gzip, deflate, br
Accept-Language: en-US,en;q=0.5
DNT: 1
Connection: keep-alive
Upgrade-Insecure-Requests: 1
Sec-Fetch-Dest: document
Sec-Fetch-Mode: navigate
Sec-Fetch-Site: cross-site

",0,https://www.bbc.co.uk/,449,HTTP/1.1,0.4734957218170166,0.10829877853393555,0.04085373878479004,200,OK,[''],9,9,0,"{""connection"": ""keep-alive"", ""content-length"": ""62392"", ""content-type"": ""text/html"", ""belfrage-cache-status"": ""HIT"", ""bid"": ""bruce"", ""brequestid"": ""cdcd75d68e204525b6a13c86b67248f9"", ""bsig"": ""416e27484d1b68c30b2594f38934ef00"", ""content-encoding"": ""gzip"", ""content-security-policy"": ""default-src 'none'; script-src 'strict-dynamic' 'nonce-n63HfxdyYnjanO15URTYAEFg2iI/tNbgKNLmP/zfGmJe4aqUU0' 'self' 'report-sample' 'unsafe-inline' assets.wearehearken.eu cdn.syndication.twimg.com connect.facebook.net c.files.bbci.co.uk emp.bbci.co.uk ems.wearehearken.eu modules.wearehearken.eu mybbc-analytics.files.bbci.co.uk nav.files.bbci.co.uk news.files.bbci.co.uk platform.twitter.com public.flourish.studio static.bbc.co.uk static.bbci.co.uk static.chartbeat.com static2.chartbeat.com www.bbc.co.uk www.instagram.com www.ons.gov.uk gn-web-assets.api.bbc.com www.google-analytics.com bitesize.files.bbci.co.uk www.tiktok.com lf16-tiktok-web.ttwstatic.com static.files.bbci.co.uk; img-src 'self' https: data:; font-src c.files.bbci.co.uk gel.files.bbci.co.uk static.files.bbci.co.uk static.bbci.co.uk news.files.bbci.co.uk ws-downloads.files.bbci.co.uk bitesize.files.bbci.co.uk; style-src cdn.riddle.com flo.uri.sh news.files.bbci.co.uk platform.twitter.com static.bbc.co.uk static.bbci.co.uk static.files.bbci.co.uk ton.twimg.com www.riddle.com 'unsafe-inline' lf16-tiktok-web.ttwstatic.com; frame-src 'self""}"
5,"GET https://www.bbc.co.uk/  HTTP/1.1
Host: www.bbc.co.uk
User-Agent: Mozilla/5.0 (Windows NT 10.0; rv:102.0) Gecko/20100101 Firefox/102.0
Accept: text/html,application/xhtml+xml,application/xml;q=0.9,image/avif,image/webp,*/*;q=0.8
Accept-Encoding: gzip, deflate, br
Accept-Language: en-US,en;q=0.5
DNT: 1
Connection: keep-alive
Upgrade-Insecure-Requests: 1
Sec-Fetch-Dest: document
Sec-Fetch-Mode: navigate
Sec-Fetch-Site: cross-site

",0,https://www.bbc.co.uk/,449,HTTP/1.1,0.14200687408447266,0.15033292770385742,0.04399442672729492,200,OK,[''],9,9,0,"{""connection"": ""keep-alive"", ""content-length"": ""61868"", ""content-type"": ""text/html"", ""belfrage-cache-status"": ""MISS"", ""bid"": ""bruce"", ""brequestid"": ""8a2292b9128c45699faf592958c550c1"", ""bsig"": ""416e27484d1b68c30b2594f38934ef00"", ""content-encoding"": ""gzip"", ""content-security-policy"": ""default-src 'none'; script-src 'strict-dynamic' 'nonce-OKG3XNikOw3pV7ysANQBtqUOzdf4nZt+ACQlf6BNqtn58YL/L2' 'self' 'report-sample' 'unsafe-inline' assets.wearehearken.eu cdn.syndication.twimg.com connect.facebook.net c.files.bbci.co.uk emp.bbci.co.uk ems.wearehearken.eu modules.wearehearken.eu mybbc-analytics.files.bbci.co.uk nav.files.bbci.co.uk news.files.bbci.co.uk platform.twitter.com public.flourish.studio static.bbc.co.uk static.bbci.co.uk static.chartbeat.com static2.chartbeat.com www.bbc.co.uk www.instagram.com www.ons.gov.uk gn-web-assets.api.bbc.com www.google-analytics.com bitesize.files.bbci.co.uk www.tiktok.com lf16-tiktok-web.ttwstatic.com static.files.bbci.co.uk; img-src 'self' https: data:; font-src c.files.bbci.co.uk gel.files.bbci.co.uk static.files.bbci.co.uk static.bbci.co.uk news.files.bbci.co.uk ws-downloads.files.bbci.co.uk bitesize.files.bbci.co.uk; style-src cdn.riddle.com flo.uri.sh news.files.bbci.co.uk platform.twitter.com static.bbc.co.uk static.bbci.co.uk static.files.bbci.co.uk ton.twimg.com www.riddle.com 'unsafe-inline' lf16-tiktok-web.ttwstatic.com; frame-src 'sel""}"
6,"GET https://www.bbc.co.uk/  HTTP/1.1
Host: www.bbc.co.uk
User-Agent: Mozilla/5.0 (Windows NT 10.0; rv:102.0) Gecko/20100101 Firefox/102.0
Accept: text/html,application/xhtml+xml,application/xml;q=0.9,image/avif,image/webp,*/*;q=0.8
Accept-Encoding: gzip, deflate, br
Accept-Language: en-US,en;q=0.5
DNT: 1
Connection: keep-alive
Upgrade-Insecure-Requests: 1
Sec-Fetch-Dest: document
Sec-Fetch-Mode: navigate
Sec-Fetch-Site: cross-site

",0,https://www.bbc.co.uk/,449,HTTP/1.1,0.15946102142333984,0.11621332168579102,0.029781818389892578,200,OK,[''],9,9,0,"{""connection"": ""keep-alive"", ""content-length"": ""61868"", ""content-type"": ""text/html"", ""belfrage-cache-status"": ""MISS"", ""bid"": ""bruce"", ""brequestid"": ""8a2292b9128c45699faf592958c550c1"", ""bsig"": ""416e27484d1b68c30b2594f38934ef00"", ""content-encoding"": ""gzip"", ""content-security-policy"": ""default-src 'none'; script-src 'strict-dynamic' 'nonce-OKG3XNikOw3pV7ysANQBtqUOzdf4nZt+ACQlf6BNqtn58YL/L2' 'self' 'report-sample' 'unsafe-inline' assets.wearehearken.eu cdn.syndication.twimg.com connect.facebook.net c.files.bbci.co.uk emp.bbci.co.uk ems.wearehearken.eu modules.wearehearken.eu mybbc-analytics.files.bbci.co.uk nav.files.bbci.co.uk news.files.bbci.co.uk platform.twitter.com public.flourish.studio static.bbc.co.uk static.bbci.co.uk static.chartbeat.com static2.chartbeat.com www.bbc.co.uk www.instagram.com www.ons.gov.uk gn-web-assets.api.bbc.com www.google-analytics.com bitesize.files.bbci.co.uk www.tiktok.com lf16-tiktok-web.ttwstatic.com static.files.bbci.co.uk; img-src 'self' https: data:; font-src c.files.bbci.co.uk gel.files.bbci.co.uk static.files.bbci.co.uk static.bbci.co.uk news.files.bbci.co.uk ws-downloads.files.bbci.co.uk bitesize.files.bbci.co.uk; style-src cdn.riddle.com flo.uri.sh news.files.bbci.co.uk platform.twitter.com static.bbc.co.uk static.bbci.co.uk static.files.bbci.co.uk ton.twimg.com www.riddle.com 'unsafe-inline' lf16-tiktok-web.ttwstatic.com; frame-src 'sel""}"
7,"GET https://www.bbc.co.uk/  HTTP/1.1
Host: www.bbc.co.uk
User-Agent: Mozilla/5.0 (Windows NT 10.0; rv:102.0) Gecko/20100101 Firefox/102.0
Accept: text/html,application/xhtml+xml,application/xml;q=0.9,image/avif,image/webp,*/*;q=0.8
Accept-Encoding: gzip, deflate, br
Accept-Language: en-US,en;q=0.5
DNT: 1
Connection: keep-alive
Upgrade-Insecure-Requests: 1
Sec-Fetch-Dest: document
Sec-Fetch-Mode: navigate
Sec-Fetch-Site: cross-site

",0,https://www.bbc.co.uk/,449,HTTP/1.1,0.13760590553283691,0.11844158172607422,0.09741854667663574,200,OK,[''],9,9,0,"{""connection"": ""keep-alive"", ""content-length"": ""61883"", ""content-type"": ""text/html"", ""belfrage-cache-status"": ""HIT"", ""bid"": ""bruce"", ""brequestid"": ""48649ac42b024478b327a9fa273dfe29"", ""bsig"": ""416e27484d1b68c30b2594f38934ef00"", ""content-encoding"": ""gzip"", ""content-security-policy"": ""default-src 'none'; script-src 'strict-dynamic' 'nonce-skxxAmvALmx8rj9YuPAVWtGGE1pSaRiuEhAg8lc94rpIoJO3v9' 'self' 'report-sample' 'unsafe-inline' assets.wearehearken.eu cdn.syndication.twimg.com connect.facebook.net c.files.bbci.co.uk emp.bbci.co.uk ems.wearehearken.eu modules.wearehearken.eu mybbc-analytics.files.bbci.co.uk nav.files.bbci.co.uk news.files.bbci.co.uk platform.twitter.com public.flourish.studio static.bbc.co.uk static.bbci.co.uk static.chartbeat.com static2.chartbeat.com www.bbc.co.uk www.instagram.com www.ons.gov.uk gn-web-assets.api.bbc.com www.google-analytics.com bitesize.files.bbci.co.uk www.tiktok.com lf16-tiktok-web.ttwstatic.com static.files.bbci.co.uk; img-src 'self' https: data:; font-src c.files.bbci.co.uk gel.files.bbci.co.uk static.files.bbci.co.uk static.bbci.co.uk news.files.bbci.co.uk ws-downloads.files.bbci.co.uk bitesize.files.bbci.co.uk; style-src cdn.riddle.com flo.uri.sh news.files.bbci.co.uk platform.twitter.com static.bbc.co.uk static.bbci.co.uk static.files.bbci.co.uk ton.twimg.com www.riddle.com 'unsafe-inline' lf16-tiktok-web.ttwstatic.com; frame-src 'self""}"
8,"GET https://www.bbc.co.uk/  HTTP/1.1
Host: www.bbc.co.uk
User-Agent: Mozilla/5.0 (Windows NT 10.0; rv:102.0) Gecko/20100101 Firefox/102.0
Accept: text/html,application/xhtml+xml,application/xml;q=0.9,image/avif,image/webp,*/*;q=0.8
Accept-Encoding: gzip, deflate, br
Accept-Language: en-US,en;q=0.5
DNT: 1
Connection: keep-alive
Upgrade-Insecure-Requests: 1
Sec-Fetch-Dest: document
Sec-Fetch-Mode: navigate
Sec-Fetch-Site: cross-site

",0,https://www.bbc.co.uk/,449,HTTP/1.1,0.1471085548400879,0.10954928398132324,0.02720785140991211,200,OK,[''],9,9,0,"{""connection"": ""keep-alive"", ""content-length"": ""61860"", ""content-type"": ""text/html"", ""belfrage-cache-status"": ""MISS"", ""bid"": ""bruce"", ""brequestid"": ""e2cd6be34d83414d9f019e0ce660ec57"", ""bsig"": ""416e27484d1b68c30b2594f38934ef00"", ""content-encoding"": ""gzip"", ""content-security-policy"": ""default-src 'none'; script-src 'strict-dynamic' 'nonce-W2AlLJReoYYgd9nxn5GLnXpFyWYxlwyJq2WYjhi7bCGDpBN16s' 'self' 'report-sample' 'unsafe-inline' assets.wearehearken.eu cdn.syndication.twimg.com connect.facebook.net c.files.bbci.co.uk emp.bbci.co.uk ems.wearehearken.eu modules.wearehearken.eu mybbc-analytics.files.bbci.co.uk nav.files.bbci.co.uk news.files.bbci.co.uk platform.twitter.com public.flourish.studio static.bbc.co.uk static.bbci.co.uk static.chartbeat.com static2.chartbeat.com www.bbc.co.uk www.instagram.com www.ons.gov.uk gn-web-assets.api.bbc.com www.google-analytics.com bitesize.files.bbci.co.uk www.tiktok.com lf16-tiktok-web.ttwstatic.com static.files.bbci.co.uk; img-src 'self' https: data:; font-src c.files.bbci.co.uk gel.files.bbci.co.uk static.files.bbci.co.uk static.bbci.co.uk news.files.bbci.co.uk ws-downloads.files.bbci.co.uk bitesize.files.bbci.co.uk; style-src cdn.riddle.com flo.uri.sh news.files.bbci.co.uk platform.twitter.com static.bbc.co.uk static.bbci.co.uk static.files.bbci.co.uk ton.twimg.com www.riddle.com 'unsafe-inline' lf16-tiktok-web.ttwstatic.com; frame-src 'sel""}"
9,"GET https://www.bbc.co.uk/  HTTP/1.1
Host: www.bbc.co.uk
User-Agent: Mozilla/5.0 (Windows NT 10.0; rv:102.0) Gecko/20100101 Firefox/102.0
Accept: text/html,application/xhtml+xml,application/xml;q=0.9,image/avif,image/webp,*/*;q=0.8
Accept-Encoding: gzip, deflate, br
Accept-Language: en-US,en;q=0.5
DNT: 1
Connection: keep-alive
Upgrade-Insecure-Requests: 1
Sec-Fetch-Dest: document
Sec-Fetch-Mode: navigate
Sec-Fetch-Site: cross-site

",0,https://www.bbc.co.uk/,449,HTTP/1.1,0.12922382354736328,0.11664390563964844,0.028926610946655273,200,OK,[''],9,9,0,"{""connection"": ""keep-alive"", ""content-length"": ""61861"", ""content-type"": ""text/html"", ""belfrage-cache-status"": ""MISS"", ""bid"": ""bruce"", ""brequestid"": ""5d6157ea59694968bb535db7475a6c66"", ""bsig"": ""416e27484d1b68c30b2594f38934ef00"", ""content-encoding"": ""gzip"", ""content-security-policy"": ""default-src 'none'; script-src 'strict-dynamic' 'nonce-hKxcG+U2mTiUlx8B7kck7FcYEalthRsXLvYduazUkOqCmNqSh5' 'self' 'report-sample' 'unsafe-inline' assets.wearehearken.eu cdn.syndication.twimg.com connect.facebook.net c.files.bbci.co.uk emp.bbci.co.uk ems.wearehearken.eu modules.wearehearken.eu mybbc-analytics.files.bbci.co.uk nav.files.bbci.co.uk news.files.bbci.co.uk platform.twitter.com public.flourish.studio static.bbc.co.uk static.bbci.co.uk static.chartbeat.com static2.chartbeat.com www.bbc.co.uk www.instagram.com www.ons.gov.uk gn-web-assets.api.bbc.com www.google-analytics.com bitesize.files.bbci.co.uk www.tiktok.com lf16-tiktok-web.ttwstatic.com static.files.bbci.co.uk; img-src 'self' https: data:; font-src c.files.bbci.co.uk gel.files.bbci.co.uk static.files.bbci.co.uk static.bbci.co.uk news.files.bbci.co.uk ws-downloads.files.bbci.co.uk bitesize.files.bbci.co.uk; style-src cdn.riddle.com flo.uri.sh news.files.bbci.co.uk platform.twitter.com static.bbc.co.uk static.bbci.co.uk static.files.bbci.co.uk ton.twimg.com www.riddle.com 'unsafe-inline' lf16-tiktok-web.ttwstatic.com; frame-src 'sel""}"
