,Attempt No.,uri,Deviation Count,Status Code,Response_Time,response_header_count,response_header_length,response_body_length,response_header_fields
0,0,https://wordpress.org/,0,200,0.13709449768066406,12,12,807,"{'server': 'nginx', 'date': 'Wed, 25 Oct 2023 12:33:16 GMT', 'content-type': 'text/html; charset=UTF-8', 'transfer-encoding': 'chunked', 'connection': 'keep-alive', 'vary': 'Accept-Encoding', 'strict-transport-security': 'max-age=3600', 'x-olaf': '⛄', 'link': '<https://w.org/>; rel=shortlink', 'x-frame-options': 'SAMEORIGIN', 'content-encoding': 'br', 'x-nc': 'HIT ord 2'}"
1,1,https://wordpress.org/,0,200,0.1252889633178711,12,12,813,"{'server': 'nginx', 'date': 'Wed, 25 Oct 2023 12:33:26 GMT', 'content-type': 'text/html; charset=UTF-8', 'transfer-encoding': 'chunked', 'connection': 'keep-alive', 'vary': 'Accept-Encoding', 'strict-transport-security': 'max-age=3600', 'x-olaf': '⛄', 'link': '<https://w.org/>; rel=shortlink', 'x-frame-options': 'SAMEORIGIN', 'content-encoding': 'br', 'x-nc': 'HIT ord 1'}"
2,2,https://wordpress.org/,0,200,0.19596099853515625,12,12,813,"{'server': 'nginx', 'date': 'Wed, 25 Oct 2023 12:33:37 GMT', 'content-type': 'text/html; charset=UTF-8', 'transfer-encoding': 'chunked', 'connection': 'keep-alive', 'vary': 'Accept-Encoding', 'strict-transport-security': 'max-age=3600', 'x-olaf': '⛄', 'link': '<https://w.org/>; rel=shortlink', 'x-frame-options': 'SAMEORIGIN', 'content-encoding': 'br', 'x-nc': 'HIT ord 1'}"
3,3,https://wordpress.org/,0,200,0.13799166679382324,12,12,813,"{'server': 'nginx', 'date': 'Wed, 25 Oct 2023 12:33:49 GMT', 'content-type': 'text/html; charset=UTF-8', 'transfer-encoding': 'chunked', 'connection': 'keep-alive', 'vary': 'Accept-Encoding', 'strict-transport-security': 'max-age=3600', 'x-olaf': '⛄', 'link': '<https://w.org/>; rel=shortlink', 'x-frame-options': 'SAMEORIGIN', 'content-encoding': 'br', 'x-nc': 'HIT ord 1'}"
4,4,https://wordpress.org/,0,200,0.11908721923828125,12,12,806,"{'server': 'nginx', 'date': 'Wed, 25 Oct 2023 12:33:59 GMT', 'content-type': 'text/html; charset=UTF-8', 'transfer-encoding': 'chunked', 'connection': 'keep-alive', 'vary': 'Accept-Encoding', 'strict-transport-security': 'max-age=3600', 'x-olaf': '⛄', 'link': '<https://w.org/>; rel=shortlink', 'x-frame-options': 'SAMEORIGIN', 'content-encoding': 'br', 'x-nc': 'HIT ord 1'}"
5,5,https://wordpress.org/,0,200,0.14587092399597168,12,12,813,"{'server': 'nginx', 'date': 'Wed, 25 Oct 2023 12:34:10 GMT', 'content-type': 'text/html; charset=UTF-8', 'transfer-encoding': 'chunked', 'connection': 'keep-alive', 'vary': 'Accept-Encoding', 'strict-transport-security': 'max-age=3600', 'x-olaf': '⛄', 'link': '<https://w.org/>; rel=shortlink', 'x-frame-options': 'SAMEORIGIN', 'content-encoding': 'br', 'x-nc': 'HIT ord 2'}"
6,6,https://wordpress.org/,0,200,0.12499570846557617,12,12,806,"{'server': 'nginx', 'date': 'Wed, 25 Oct 2023 12:34:21 GMT', 'content-type': 'text/html; charset=UTF-8', 'transfer-encoding': 'chunked', 'connection': 'keep-alive', 'vary': 'Accept-Encoding', 'strict-transport-security': 'max-age=3600', 'x-olaf': '⛄', 'link': '<https://w.org/>; rel=shortlink', 'x-frame-options': 'SAMEORIGIN', 'content-encoding': 'br', 'x-nc': 'HIT ord 1'}"
7,7,https://wordpress.org/,0,200,0.14564728736877441,12,12,813,"{'server': 'nginx', 'date': 'Wed, 25 Oct 2023 12:34:33 GMT', 'content-type': 'text/html; charset=UTF-8', 'transfer-encoding': 'chunked', 'connection': 'keep-alive', 'vary': 'Accept-Encoding', 'strict-transport-security': 'max-age=3600', 'x-olaf': '⛄', 'link': '<https://w.org/>; rel=shortlink', 'x-frame-options': 'SAMEORIGIN', 'content-encoding': 'br', 'x-nc': 'HIT ord 2'}"
8,8,https://wordpress.org/,0,200,0.1291804313659668,12,12,806,"{'server': 'nginx', 'date': 'Wed, 25 Oct 2023 12:34:43 GMT', 'content-type': 'text/html; charset=UTF-8', 'transfer-encoding': 'chunked', 'connection': 'keep-alive', 'vary': 'Accept-Encoding', 'strict-transport-security': 'max-age=3600', 'x-olaf': '⛄', 'link': '<https://w.org/>; rel=shortlink', 'x-frame-options': 'SAMEORIGIN', 'content-encoding': 'br', 'x-nc': 'HIT ord 1'}"
9,9,https://wordpress.org/,0,200,0.14308619499206543,12,12,802,"{'server': 'nginx', 'date': 'Wed, 25 Oct 2023 12:34:54 GMT', 'content-type': 'text/html; charset=UTF-8', 'transfer-encoding': 'chunked', 'connection': 'keep-alive', 'vary': 'Accept-Encoding', 'strict-transport-security': 'max-age=3600', 'x-olaf': '⛄', 'link': '<https://w.org/>; rel=shortlink', 'x-frame-options': 'SAMEORIGIN', 'content-encoding': 'br', 'x-nc': 'HIT ord 1'}"
