number,request,deviation_count,uri,request_length,http_version,Socket_Connect_Time,Socket_Close_Time,Response_Time,status_code,reason_phrase,error_message,response_header_count,response_header_length,response_body_length,response_header_fields
0,"GET https://wordpress.org/  HTTP/1.1
Host: wordpress.org
User-Agent: Mozilla/5.0 (Windows NT 10.0; rv:102.0) Gecko/20100101 Firefox/102.0
Accept: text/html,application/xhtml+xml,application/xml;q=0.9,image/avif,image/webp,*/*;q=0.8
Accept-Encoding: gzip, deflate, br
Accept-Language: en-US,en;q=0.5
DNT: 1
Connection: keep-alive
Upgrade-Insecure-Requests: 1
Sec-Fetch-Dest: document
Sec-Fetch-Mode: navigate
Sec-Fetch-Site: cross-site

",0,https://wordpress.org/,449,HTTP/1.1,0.276806116104126,0.10577630996704102,0.13709449768066406,200,OK,[''],12,12,807,"{""server"": ""nginx"", ""date"": ""Wed, 25 Oct 2023 12:33:16 GMT"", ""content-type"": ""text/html; charset=UTF-8"", ""transfer-encoding"": ""chunked"", ""connection"": ""keep-alive"", ""vary"": ""Accept-Encoding"", ""strict-transport-security"": ""max-age=3600"", ""x-olaf"": ""\u26c4"", ""link"": ""<https://w.org/>; rel=shortlink"", ""x-frame-options"": ""SAMEORIGIN"", ""content-encoding"": ""br"", ""x-nc"": ""HIT ord 2""}"
1,"GET https://wordpress.org/  HTTP/1.1
Host: wordpress.org
User-Agent: Mozilla/5.0 (Windows NT 10.0; rv:102.0) Gecko/20100101 Firefox/102.0
Accept: text/html,application/xhtml+xml,application/xml;q=0.9,image/avif,image/webp,*/*;q=0.8
Accept-Encoding: gzip, deflate, br
Accept-Language: en-US,en;q=0.5
DNT: 1
Connection: keep-alive
Upgrade-Insecure-Requests: 1
Sec-Fetch-Dest: document
Sec-Fetch-Mode: navigate
Sec-Fetch-Site: cross-site

",0,https://wordpress.org/,449,HTTP/1.1,0.3240828514099121,0.10744094848632812,0.1252889633178711,200,OK,[''],12,12,813,"{""server"": ""nginx"", ""date"": ""Wed, 25 Oct 2023 12:33:26 GMT"", ""content-type"": ""text/html; charset=UTF-8"", ""transfer-encoding"": ""chunked"", ""connection"": ""keep-alive"", ""vary"": ""Accept-Encoding"", ""strict-transport-security"": ""max-age=3600"", ""x-olaf"": ""\u26c4"", ""link"": ""<https://w.org/>; rel=shortlink"", ""x-frame-options"": ""SAMEORIGIN"", ""content-encoding"": ""br"", ""x-nc"": ""HIT ord 1""}"
2,"GET https://wordpress.org/  HTTP/1.1
Host: wordpress.org
User-Agent: Mozilla/5.0 (Windows NT 10.0; rv:102.0) Gecko/20100101 Firefox/102.0
Accept: text/html,application/xhtml+xml,application/xml;q=0.9,image/avif,image/webp,*/*;q=0.8
Accept-Encoding: gzip, deflate, br
Accept-Language: en-US,en;q=0.5
DNT: 1
Connection: keep-alive
Upgrade-Insecure-Requests: 1
Sec-Fetch-Dest: document
Sec-Fetch-Mode: navigate
Sec-Fetch-Site: cross-site

",0,https://wordpress.org/,449,HTTP/1.1,0.31250643730163574,0.15976691246032715,0.19596099853515625,200,OK,[''],12,12,813,"{""server"": ""nginx"", ""date"": ""Wed, 25 Oct 2023 12:33:37 GMT"", ""content-type"": ""text/html; charset=UTF-8"", ""transfer-encoding"": ""chunked"", ""connection"": ""keep-alive"", ""vary"": ""Accept-Encoding"", ""strict-transport-security"": ""max-age=3600"", ""x-olaf"": ""\u26c4"", ""link"": ""<https://w.org/>; rel=shortlink"", ""x-frame-options"": ""SAMEORIGIN"", ""content-encoding"": ""br"", ""x-nc"": ""HIT ord 1""}"
3,"GET https://wordpress.org/  HTTP/1.1
Host: wordpress.org
User-Agent: Mozilla/5.0 (Windows NT 10.0; rv:102.0) Gecko/20100101 Firefox/102.0
Accept: text/html,application/xhtml+xml,application/xml;q=0.9,image/avif,image/webp,*/*;q=0.8
Accept-Encoding: gzip, deflate, br
Accept-Language: en-US,en;q=0.5
DNT: 1
Connection: keep-alive
Upgrade-Insecure-Requests: 1
Sec-Fetch-Dest: document
Sec-Fetch-Mode: navigate
Sec-Fetch-Site: cross-site

",0,https://wordpress.org/,449,HTTP/1.1,0.33161306381225586,0.1561124324798584,0.13799166679382324,200,OK,[''],12,12,813,"{""server"": ""nginx"", ""date"": ""Wed, 25 Oct 2023 12:33:49 GMT"", ""content-type"": ""text/html; charset=UTF-8"", ""transfer-encoding"": ""chunked"", ""connection"": ""keep-alive"", ""vary"": ""Accept-Encoding"", ""strict-transport-security"": ""max-age=3600"", ""x-olaf"": ""\u26c4"", ""link"": ""<https://w.org/>; rel=shortlink"", ""x-frame-options"": ""SAMEORIGIN"", ""content-encoding"": ""br"", ""x-nc"": ""HIT ord 1""}"
4,"GET https://wordpress.org/  HTTP/1.1
Host: wordpress.org
User-Agent: Mozilla/5.0 (Windows NT 10.0; rv:102.0) Gecko/20100101 Firefox/102.0
Accept: text/html,application/xhtml+xml,application/xml;q=0.9,image/avif,image/webp,*/*;q=0.8
Accept-Encoding: gzip, deflate, br
Accept-Language: en-US,en;q=0.5
DNT: 1
Connection: keep-alive
Upgrade-Insecure-Requests: 1
Sec-Fetch-Dest: document
Sec-Fetch-Mode: navigate
Sec-Fetch-Site: cross-site

",0,https://wordpress.org/,449,HTTP/1.1,0.33978724479675293,0.10745525360107422,0.11908721923828125,200,OK,[''],12,12,806,"{""server"": ""nginx"", ""date"": ""Wed, 25 Oct 2023 12:33:59 GMT"", ""content-type"": ""text/html; charset=UTF-8"", ""transfer-encoding"": ""chunked"", ""connection"": ""keep-alive"", ""vary"": ""Accept-Encoding"", ""strict-transport-security"": ""max-age=3600"", ""x-olaf"": ""\u26c4"", ""link"": ""<https://w.org/>; rel=shortlink"", ""x-frame-options"": ""SAMEORIGIN"", ""content-encoding"": ""br"", ""x-nc"": ""HIT ord 1""}"
5,"GET https://wordpress.org/  HTTP/1.1
Host: wordpress.org
User-Agent: Mozilla/5.0 (Windows NT 10.0; rv:102.0) Gecko/20100101 Firefox/102.0
Accept: text/html,application/xhtml+xml,application/xml;q=0.9,image/avif,image/webp,*/*;q=0.8
Accept-Encoding: gzip, deflate, br
Accept-Language: en-US,en;q=0.5
DNT: 1
Connection: keep-alive
Upgrade-Insecure-Requests: 1
Sec-Fetch-Dest: document
Sec-Fetch-Mode: navigate
Sec-Fetch-Site: cross-site

",0,https://wordpress.org/,449,HTTP/1.1,0.3513338565826416,0.1295022964477539,0.14587092399597168,200,OK,[''],12,12,813,"{""server"": ""nginx"", ""date"": ""Wed, 25 Oct 2023 12:34:10 GMT"", ""content-type"": ""text/html; charset=UTF-8"", ""transfer-encoding"": ""chunked"", ""connection"": ""keep-alive"", ""vary"": ""Accept-Encoding"", ""strict-transport-security"": ""max-age=3600"", ""x-olaf"": ""\u26c4"", ""link"": ""<https://w.org/>; rel=shortlink"", ""x-frame-options"": ""SAMEORIGIN"", ""content-encoding"": ""br"", ""x-nc"": ""HIT ord 2""}"
6,"GET https://wordpress.org/  HTTP/1.1
Host: wordpress.org
User-Agent: Mozilla/5.0 (Windows NT 10.0; rv:102.0) Gecko/20100101 Firefox/102.0
Accept: text/html,application/xhtml+xml,application/xml;q=0.9,image/avif,image/webp,*/*;q=0.8
Accept-Encoding: gzip, deflate, br
Accept-Language: en-US,en;q=0.5
DNT: 1
Connection: keep-alive
Upgrade-Insecure-Requests: 1
Sec-Fetch-Dest: document
Sec-Fetch-Mode: navigate
Sec-Fetch-Site: cross-site

",0,https://wordpress.org/,449,HTTP/1.1,0.3394043445587158,0.17081665992736816,0.12499570846557617,200,OK,[''],12,12,806,"{""server"": ""nginx"", ""date"": ""Wed, 25 Oct 2023 12:34:21 GMT"", ""content-type"": ""text/html; charset=UTF-8"", ""transfer-encoding"": ""chunked"", ""connection"": ""keep-alive"", ""vary"": ""Accept-Encoding"", ""strict-transport-security"": ""max-age=3600"", ""x-olaf"": ""\u26c4"", ""link"": ""<https://w.org/>; rel=shortlink"", ""x-frame-options"": ""SAMEORIGIN"", ""content-encoding"": ""br"", ""x-nc"": ""HIT ord 1""}"
7,"GET https://wordpress.org/  HTTP/1.1
Host: wordpress.org
User-Agent: Mozilla/5.0 (Windows NT 10.0; rv:102.0) Gecko/20100101 Firefox/102.0
Accept: text/html,application/xhtml+xml,application/xml;q=0.9,image/avif,image/webp,*/*;q=0.8
Accept-Encoding: gzip, deflate, br
Accept-Language: en-US,en;q=0.5
DNT: 1
Connection: keep-alive
Upgrade-Insecure-Requests: 1
Sec-Fetch-Dest: document
Sec-Fetch-Mode: navigate
Sec-Fetch-Site: cross-site

",0,https://wordpress.org/,449,HTTP/1.1,0.44718360900878906,0.11114883422851562,0.14564728736877441,200,OK,[''],12,12,813,"{""server"": ""nginx"", ""date"": ""Wed, 25 Oct 2023 12:34:33 GMT"", ""content-type"": ""text/html; charset=UTF-8"", ""transfer-encoding"": ""chunked"", ""connection"": ""keep-alive"", ""vary"": ""Accept-Encoding"", ""strict-transport-security"": ""max-age=3600"", ""x-olaf"": ""\u26c4"", ""link"": ""<https://w.org/>; rel=shortlink"", ""x-frame-options"": ""SAMEORIGIN"", ""content-encoding"": ""br"", ""x-nc"": ""HIT ord 2""}"
8,"GET https://wordpress.org/  HTTP/1.1
Host: wordpress.org
User-Agent: Mozilla/5.0 (Windows NT 10.0; rv:102.0) Gecko/20100101 Firefox/102.0
Accept: text/html,application/xhtml+xml,application/xml;q=0.9,image/avif,image/webp,*/*;q=0.8
Accept-Encoding: gzip, deflate, br
Accept-Language: en-US,en;q=0.5
DNT: 1
Connection: keep-alive
Upgrade-Insecure-Requests: 1
Sec-Fetch-Dest: document
Sec-Fetch-Mode: navigate
Sec-Fetch-Site: cross-site

",0,https://wordpress.org/,449,HTTP/1.1,0.37827610969543457,0.10973644256591797,0.1291804313659668,200,OK,[''],12,12,806,"{""server"": ""nginx"", ""date"": ""Wed, 25 Oct 2023 12:34:43 GMT"", ""content-type"": ""text/html; charset=UTF-8"", ""transfer-encoding"": ""chunked"", ""connection"": ""keep-alive"", ""vary"": ""Accept-Encoding"", ""strict-transport-security"": ""max-age=3600"", ""x-olaf"": ""\u26c4"", ""link"": ""<https://w.org/>; rel=shortlink"", ""x-frame-options"": ""SAMEORIGIN"", ""content-encoding"": ""br"", ""x-nc"": ""HIT ord 1""}"
9,"GET https://wordpress.org/  HTTP/1.1
Host: wordpress.org
User-Agent: Mozilla/5.0 (Windows NT 10.0; rv:102.0) Gecko/20100101 Firefox/102.0
Accept: text/html,application/xhtml+xml,application/xml;q=0.9,image/avif,image/webp,*/*;q=0.8
Accept-Encoding: gzip, deflate, br
Accept-Language: en-US,en;q=0.5
DNT: 1
Connection: keep-alive
Upgrade-Insecure-Requests: 1
Sec-Fetch-Dest: document
Sec-Fetch-Mode: navigate
Sec-Fetch-Site: cross-site

",0,https://wordpress.org/,449,HTTP/1.1,0.33164358139038086,0.11376810073852539,0.14308619499206543,200,OK,[''],12,12,802,"{""server"": ""nginx"", ""date"": ""Wed, 25 Oct 2023 12:34:54 GMT"", ""content-type"": ""text/html; charset=UTF-8"", ""transfer-encoding"": ""chunked"", ""connection"": ""keep-alive"", ""vary"": ""Accept-Encoding"", ""strict-transport-security"": ""max-age=3600"", ""x-olaf"": ""\u26c4"", ""link"": ""<https://w.org/>; rel=shortlink"", ""x-frame-options"": ""SAMEORIGIN"", ""content-encoding"": ""br"", ""x-nc"": ""HIT ord 1""}"
