[
    {
        "number": 0,
        "request": "GET https://wordpress.org/  HTTP/1.1\r\nHost: wordpress.org\r\nUser-Agent: Mozilla/5.0 (Windows NT 10.0; rv:102.0) Gecko/20100101 Firefox/102.0\r\nAccept: text/html,application/xhtml+xml,application/xml;q=0.9,image/avif,image/webp,*/*;q=0.8\r\nAccept-Encoding: gzip, deflate, br\r\nAccept-Language: en-US,en;q=0.5\r\nDNT: 1\r\nConnection: keep-alive\r\nUpgrade-Insecure-Requests: 1\r\nSec-Fetch-Dest: document\r\nSec-Fetch-Mode: navigate\r\nSec-Fetch-Site: cross-site\r\n\r\n",
        "deviation_count": 0,
        "uri": "https://wordpress.org/",
        "request_length": 449,
        "Response_Time": 0.13709449768066406,
        "status_code": 200,
        "reason_phrase": "OK",
        "error_message": [
            ""
        ],
        "response_header_count": 12,
        "response_header_length": 12,
        "response_body_length": 807,
        "response_header_fields": {
            "server": "nginx",
            "date": "Wed, 25 Oct 2023 12:33:16 GMT",
            "content-type": "text/html; charset=UTF-8",
            "transfer-encoding": "chunked",
            "connection": "keep-alive",
            "vary": "Accept-Encoding",
            "strict-transport-security": "max-age=3600",
            "x-olaf": "\u26c4",
            "link": "<https://w.org/>; rel=shortlink",
            "x-frame-options": "SAMEORIGIN",
            "content-encoding": "br",
            "x-nc": "HIT ord 2"
        }
    },
    {
        "number": 1,
        "request": "GET https://wordpress.org/  HTTP/1.1\r\nHost: wordpress.org\r\nUser-Agent: Mozilla/5.0 (Windows NT 10.0; rv:102.0) Gecko/20100101 Firefox/102.0\r\nAccept: text/html,application/xhtml+xml,application/xml;q=0.9,image/avif,image/webp,*/*;q=0.8\r\nAccept-Encoding: gzip, deflate, br\r\nAccept-Language: en-US,en;q=0.5\r\nDNT: 1\r\nConnection: keep-alive\r\nUpgrade-Insecure-Requests: 1\r\nSec-Fetch-Dest: document\r\nSec-Fetch-Mode: navigate\r\nSec-Fetch-Site: cross-site\r\n\r\n",
        "deviation_count": 0,
        "uri": "https://wordpress.org/",
        "request_length": 449,
        "Response_Time": 0.1252889633178711,
        "status_code": 200,
        "reason_phrase": "OK",
        "error_message": [
            ""
        ],
        "response_header_count": 12,
        "response_header_length": 12,
        "response_body_length": 813,
        "response_header_fields": {
            "server": "nginx",
            "date": "Wed, 25 Oct 2023 12:33:26 GMT",
            "content-type": "text/html; charset=UTF-8",
            "transfer-encoding": "chunked",
            "connection": "keep-alive",
            "vary": "Accept-Encoding",
            "strict-transport-security": "max-age=3600",
            "x-olaf": "\u26c4",
            "link": "<https://w.org/>; rel=shortlink",
            "x-frame-options": "SAMEORIGIN",
            "content-encoding": "br",
            "x-nc": "HIT ord 1"
        }
    },
    {
        "number": 2,
        "request": "GET https://wordpress.org/  HTTP/1.1\r\nHost: wordpress.org\r\nUser-Agent: Mozilla/5.0 (Windows NT 10.0; rv:102.0) Gecko/20100101 Firefox/102.0\r\nAccept: text/html,application/xhtml+xml,application/xml;q=0.9,image/avif,image/webp,*/*;q=0.8\r\nAccept-Encoding: gzip, deflate, br\r\nAccept-Language: en-US,en;q=0.5\r\nDNT: 1\r\nConnection: keep-alive\r\nUpgrade-Insecure-Requests: 1\r\nSec-Fetch-Dest: document\r\nSec-Fetch-Mode: navigate\r\nSec-Fetch-Site: cross-site\r\n\r\n",
        "deviation_count": 0,
        "uri": "https://wordpress.org/",
        "request_length": 449,
        "Response_Time": 0.19596099853515625,
        "status_code": 200,
        "reason_phrase": "OK",
        "error_message": [
            ""
        ],
        "response_header_count": 12,
        "response_header_length": 12,
        "response_body_length": 813,
        "response_header_fields": {
            "server": "nginx",
            "date": "Wed, 25 Oct 2023 12:33:37 GMT",
            "content-type": "text/html; charset=UTF-8",
            "transfer-encoding": "chunked",
            "connection": "keep-alive",
            "vary": "Accept-Encoding",
            "strict-transport-security": "max-age=3600",
            "x-olaf": "\u26c4",
            "link": "<https://w.org/>; rel=shortlink",
            "x-frame-options": "SAMEORIGIN",
            "content-encoding": "br",
            "x-nc": "HIT ord 1"
        }
    },
    {
        "number": 3,
        "request": "GET https://wordpress.org/  HTTP/1.1\r\nHost: wordpress.org\r\nUser-Agent: Mozilla/5.0 (Windows NT 10.0; rv:102.0) Gecko/20100101 Firefox/102.0\r\nAccept: text/html,application/xhtml+xml,application/xml;q=0.9,image/avif,image/webp,*/*;q=0.8\r\nAccept-Encoding: gzip, deflate, br\r\nAccept-Language: en-US,en;q=0.5\r\nDNT: 1\r\nConnection: keep-alive\r\nUpgrade-Insecure-Requests: 1\r\nSec-Fetch-Dest: document\r\nSec-Fetch-Mode: navigate\r\nSec-Fetch-Site: cross-site\r\n\r\n",
        "deviation_count": 0,
        "uri": "https://wordpress.org/",
        "request_length": 449,
        "Response_Time": 0.13799166679382324,
        "status_code": 200,
        "reason_phrase": "OK",
        "error_message": [
            ""
        ],
        "response_header_count": 12,
        "response_header_length": 12,
        "response_body_length": 813,
        "response_header_fields": {
            "server": "nginx",
            "date": "Wed, 25 Oct 2023 12:33:49 GMT",
            "content-type": "text/html; charset=UTF-8",
            "transfer-encoding": "chunked",
            "connection": "keep-alive",
            "vary": "Accept-Encoding",
            "strict-transport-security": "max-age=3600",
            "x-olaf": "\u26c4",
            "link": "<https://w.org/>; rel=shortlink",
            "x-frame-options": "SAMEORIGIN",
            "content-encoding": "br",
            "x-nc": "HIT ord 1"
        }
    },
    {
        "number": 4,
        "request": "GET https://wordpress.org/  HTTP/1.1\r\nHost: wordpress.org\r\nUser-Agent: Mozilla/5.0 (Windows NT 10.0; rv:102.0) Gecko/20100101 Firefox/102.0\r\nAccept: text/html,application/xhtml+xml,application/xml;q=0.9,image/avif,image/webp,*/*;q=0.8\r\nAccept-Encoding: gzip, deflate, br\r\nAccept-Language: en-US,en;q=0.5\r\nDNT: 1\r\nConnection: keep-alive\r\nUpgrade-Insecure-Requests: 1\r\nSec-Fetch-Dest: document\r\nSec-Fetch-Mode: navigate\r\nSec-Fetch-Site: cross-site\r\n\r\n",
        "deviation_count": 0,
        "uri": "https://wordpress.org/",
        "request_length": 449,
        "Response_Time": 0.11908721923828125,
        "status_code": 200,
        "reason_phrase": "OK",
        "error_message": [
            ""
        ],
        "response_header_count": 12,
        "response_header_length": 12,
        "response_body_length": 806,
        "response_header_fields": {
            "server": "nginx",
            "date": "Wed, 25 Oct 2023 12:33:59 GMT",
            "content-type": "text/html; charset=UTF-8",
            "transfer-encoding": "chunked",
            "connection": "keep-alive",
            "vary": "Accept-Encoding",
            "strict-transport-security": "max-age=3600",
            "x-olaf": "\u26c4",
            "link": "<https://w.org/>; rel=shortlink",
            "x-frame-options": "SAMEORIGIN",
            "content-encoding": "br",
            "x-nc": "HIT ord 1"
        }
    },
    {
        "number": 5,
        "request": "GET https://wordpress.org/  HTTP/1.1\r\nHost: wordpress.org\r\nUser-Agent: Mozilla/5.0 (Windows NT 10.0; rv:102.0) Gecko/20100101 Firefox/102.0\r\nAccept: text/html,application/xhtml+xml,application/xml;q=0.9,image/avif,image/webp,*/*;q=0.8\r\nAccept-Encoding: gzip, deflate, br\r\nAccept-Language: en-US,en;q=0.5\r\nDNT: 1\r\nConnection: keep-alive\r\nUpgrade-Insecure-Requests: 1\r\nSec-Fetch-Dest: document\r\nSec-Fetch-Mode: navigate\r\nSec-Fetch-Site: cross-site\r\n\r\n",
        "deviation_count": 0,
        "uri": "https://wordpress.org/",
        "request_length": 449,
        "Response_Time": 0.14587092399597168,
        "status_code": 200,
        "reason_phrase": "OK",
        "error_message": [
            ""
        ],
        "response_header_count": 12,
        "response_header_length": 12,
        "response_body_length": 813,
        "response_header_fields": {
            "server": "nginx",
            "date": "Wed, 25 Oct 2023 12:34:10 GMT",
            "content-type": "text/html; charset=UTF-8",
            "transfer-encoding": "chunked",
            "connection": "keep-alive",
            "vary": "Accept-Encoding",
            "strict-transport-security": "max-age=3600",
            "x-olaf": "\u26c4",
            "link": "<https://w.org/>; rel=shortlink",
            "x-frame-options": "SAMEORIGIN",
            "content-encoding": "br",
            "x-nc": "HIT ord 2"
        }
    },
    {
        "number": 6,
        "request": "GET https://wordpress.org/  HTTP/1.1\r\nHost: wordpress.org\r\nUser-Agent: Mozilla/5.0 (Windows NT 10.0; rv:102.0) Gecko/20100101 Firefox/102.0\r\nAccept: text/html,application/xhtml+xml,application/xml;q=0.9,image/avif,image/webp,*/*;q=0.8\r\nAccept-Encoding: gzip, deflate, br\r\nAccept-Language: en-US,en;q=0.5\r\nDNT: 1\r\nConnection: keep-alive\r\nUpgrade-Insecure-Requests: 1\r\nSec-Fetch-Dest: document\r\nSec-Fetch-Mode: navigate\r\nSec-Fetch-Site: cross-site\r\n\r\n",
        "deviation_count": 0,
        "uri": "https://wordpress.org/",
        "request_length": 449,
        "Response_Time": 0.12499570846557617,
        "status_code": 200,
        "reason_phrase": "OK",
        "error_message": [
            ""
        ],
        "response_header_count": 12,
        "response_header_length": 12,
        "response_body_length": 806,
        "response_header_fields": {
            "server": "nginx",
            "date": "Wed, 25 Oct 2023 12:34:21 GMT",
            "content-type": "text/html; charset=UTF-8",
            "transfer-encoding": "chunked",
            "connection": "keep-alive",
            "vary": "Accept-Encoding",
            "strict-transport-security": "max-age=3600",
            "x-olaf": "\u26c4",
            "link": "<https://w.org/>; rel=shortlink",
            "x-frame-options": "SAMEORIGIN",
            "content-encoding": "br",
            "x-nc": "HIT ord 1"
        }
    },
    {
        "number": 7,
        "request": "GET https://wordpress.org/  HTTP/1.1\r\nHost: wordpress.org\r\nUser-Agent: Mozilla/5.0 (Windows NT 10.0; rv:102.0) Gecko/20100101 Firefox/102.0\r\nAccept: text/html,application/xhtml+xml,application/xml;q=0.9,image/avif,image/webp,*/*;q=0.8\r\nAccept-Encoding: gzip, deflate, br\r\nAccept-Language: en-US,en;q=0.5\r\nDNT: 1\r\nConnection: keep-alive\r\nUpgrade-Insecure-Requests: 1\r\nSec-Fetch-Dest: document\r\nSec-Fetch-Mode: navigate\r\nSec-Fetch-Site: cross-site\r\n\r\n",
        "deviation_count": 0,
        "uri": "https://wordpress.org/",
        "request_length": 449,
        "Response_Time": 0.14564728736877441,
        "status_code": 200,
        "reason_phrase": "OK",
        "error_message": [
            ""
        ],
        "response_header_count": 12,
        "response_header_length": 12,
        "response_body_length": 813,
        "response_header_fields": {
            "server": "nginx",
            "date": "Wed, 25 Oct 2023 12:34:33 GMT",
            "content-type": "text/html; charset=UTF-8",
            "transfer-encoding": "chunked",
            "connection": "keep-alive",
            "vary": "Accept-Encoding",
            "strict-transport-security": "max-age=3600",
            "x-olaf": "\u26c4",
            "link": "<https://w.org/>; rel=shortlink",
            "x-frame-options": "SAMEORIGIN",
            "content-encoding": "br",
            "x-nc": "HIT ord 2"
        }
    },
    {
        "number": 8,
        "request": "GET https://wordpress.org/  HTTP/1.1\r\nHost: wordpress.org\r\nUser-Agent: Mozilla/5.0 (Windows NT 10.0; rv:102.0) Gecko/20100101 Firefox/102.0\r\nAccept: text/html,application/xhtml+xml,application/xml;q=0.9,image/avif,image/webp,*/*;q=0.8\r\nAccept-Encoding: gzip, deflate, br\r\nAccept-Language: en-US,en;q=0.5\r\nDNT: 1\r\nConnection: keep-alive\r\nUpgrade-Insecure-Requests: 1\r\nSec-Fetch-Dest: document\r\nSec-Fetch-Mode: navigate\r\nSec-Fetch-Site: cross-site\r\n\r\n",
        "deviation_count": 0,
        "uri": "https://wordpress.org/",
        "request_length": 449,
        "Response_Time": 0.1291804313659668,
        "status_code": 200,
        "reason_phrase": "OK",
        "error_message": [
            ""
        ],
        "response_header_count": 12,
        "response_header_length": 12,
        "response_body_length": 806,
        "response_header_fields": {
            "server": "nginx",
            "date": "Wed, 25 Oct 2023 12:34:43 GMT",
            "content-type": "text/html; charset=UTF-8",
            "transfer-encoding": "chunked",
            "connection": "keep-alive",
            "vary": "Accept-Encoding",
            "strict-transport-security": "max-age=3600",
            "x-olaf": "\u26c4",
            "link": "<https://w.org/>; rel=shortlink",
            "x-frame-options": "SAMEORIGIN",
            "content-encoding": "br",
            "x-nc": "HIT ord 1"
        }
    },
    {
        "number": 9,
        "request": "GET https://wordpress.org/  HTTP/1.1\r\nHost: wordpress.org\r\nUser-Agent: Mozilla/5.0 (Windows NT 10.0; rv:102.0) Gecko/20100101 Firefox/102.0\r\nAccept: text/html,application/xhtml+xml,application/xml;q=0.9,image/avif,image/webp,*/*;q=0.8\r\nAccept-Encoding: gzip, deflate, br\r\nAccept-Language: en-US,en;q=0.5\r\nDNT: 1\r\nConnection: keep-alive\r\nUpgrade-Insecure-Requests: 1\r\nSec-Fetch-Dest: document\r\nSec-Fetch-Mode: navigate\r\nSec-Fetch-Site: cross-site\r\n\r\n",
        "deviation_count": 0,
        "uri": "https://wordpress.org/",
        "request_length": 449,
        "Response_Time": 0.14308619499206543,
        "status_code": 200,
        "reason_phrase": "OK",
        "error_message": [
            ""
        ],
        "response_header_count": 12,
        "response_header_length": 12,
        "response_body_length": 802,
        "response_header_fields": {
            "server": "nginx",
            "date": "Wed, 25 Oct 2023 12:34:54 GMT",
            "content-type": "text/html; charset=UTF-8",
            "transfer-encoding": "chunked",
            "connection": "keep-alive",
            "vary": "Accept-Encoding",
            "strict-transport-security": "max-age=3600",
            "x-olaf": "\u26c4",
            "link": "<https://w.org/>; rel=shortlink",
            "x-frame-options": "SAMEORIGIN",
            "content-encoding": "br",
            "x-nc": "HIT ord 1"
        }
    }
]