{
    "host_statistics": {
        "min_2xx": 0.0,
        "max_2xx": 100.0,
        "avg_2xx": 97.0,
        "std_2xx": 17.05872210923198,
        "min_2xx_no": "ntp.org",
        "max_2xx_no": "icloud.com"
    },
    "prerequest_statistics": {
        "min_2xx": 97,
        "max_2xx": 97,
        "avg_2xx": 97.0,
        "std_deviation_2xx": 0.0,
        "min_2xx_no": 0,
        "max_2xx_no": 0,
        "min_deviation_count": 0,
        "max_deviation_count": 0,
        "avg_deviation_count": 0.0,
        "std_deviation_deviation_count": 0.0,
        "min_deviation_count_no": 0,
        "max_deviation_count_no": 0
    }
}