{
    "captured_packages": 40813,
    "Outcome": {
        "1xx(%)": 0.0,
        "2xx(%)": 97.0,
        "3xx(%)": 0.0,
        "4xx(%)": 3.0,
        "5xx(%)": 0.0,
        "9xx(%)": 0.0
    },
    "Experiment_Configuration": {
        "experiment_no": 98,
        "comment": "Test CC3",
        "verbose": false,
        "timestamp": "20231025_143250",
        "covertchannel_request_number": 1,
        "covertchannel_connection_number": 1,
        "covertchannel_timing_number": 1,
        "min_fuzz_value": 0.01,
        "spread_deviation": 0.9,
        "num_attempts": 10,
        "max_targets": 100,
        "max_workers": 20,
        "wait_between_request": 0,
        "base_line_check_frequency": 0,
        "check_basic_request": 1,
        "target_list": "target_list_subdomain_10000.csv",
        "target_subset_size": 20,
        "target_add_www": true,
        "target_port": 443,
        "conn_timeout": 5,
        "nw_interface": "enp0s3",
        "use_ipv4": true,
        "use_TLS": true,
        "use_HTTP2": false,
        "HTTP_version": "HTTP/1.1",
        "method": "GET",
        "url": "",
        "follow_redirects": 1,
        "path": "/",
        "crawl_paths": 0,
        "standard_subdomain": "www",
        "relative_uri": false,
        "include_subdomain": true,
        "include_port": false,
        "include_subdomain_host_header": true,
        "headers": null,
        "standard_headers": "firefox_HTTP/1.1_TLS",
        "content": "random",
        "ip": "89.56.127.202"
    },
    "Experiment_Duration(s)": 145.1731834411621,
    "Experiment_Duration(h)": 0.040325884289211696,
    "Packets_per_second": 281.13318887534956,
    "Messages": 1000,
    "Messages_per_second": 6.888324525894925,
    "Active_Workers": 5,
    "Folder_Size im MB": 68.89013481140137,
    "Invalid Target Entries": 83
}