number,request,deviation_count,uri,request_length,http_version,Socket_Connect_Time,Socket_Close_Time,Response_Time,status_code,reason_phrase,error_message,response_header_count,response_header_length,response_body_length,response_header_fields
0,"GET https://www.tumblr.com/  HTTP/1.1
Host: www.tumblr.com
User-Agent: Mozilla/5.0 (Windows NT 10.0; rv:102.0) Gecko/20100101 Firefox/102.0
Accept: text/html,application/xhtml+xml,application/xml;q=0.9,image/avif,image/webp,*/*;q=0.8
Accept-Encoding: gzip, deflate, br
Accept-Language: en-US,en;q=0.5
DNT: 1
Connection: keep-alive
Upgrade-Insecure-Requests: 1
Sec-Fetch-Dest: document
Sec-Fetch-Mode: navigate
Sec-Fetch-Site: cross-site

",0,https://www.tumblr.com/,451,HTTP/1.1,0.1963179111480713,0.12393832206726074,0.049326181411743164,200,OK,[''],13,13,0,"{""server"": ""nginx"", ""date"": ""Wed, 25 Oct 2023 12:33:19 GMT"", ""content-type"": ""text/html; charset=utf-8"", ""transfer-encoding"": ""chunked"", ""connection"": ""keep-alive"", ""vary"": ""x-ua-device, Accept-Language"", ""x-rid"": ""23235a4775191be5cfe48f93945e89e3"", ""content-security-policy"": ""script-src 'self' 'unsafe-eval' 'unsafe-inline' https://www.recaptcha.net/recaptcha/api.js https://c0.pubmine.com https://s.pubmine.com https://criteo.com https://*.criteo.com https://criteo.net https://*.criteo.net https://*.vexowi.com https://vexowi.com https://c.amazon-adsystem.com https://*.3lift.com https://3lift.com https://z.moatads.com https://*.moatads.com https://*.smartadserver.com https://app.link https://*.sascdn.com https://securepubads.g.doubleclick.net https://tpc.googlesyndication.com https://www.googletagservices.com/ https://cdn.parsely.com https://a.teads.tv/analytics/tag.js https://assets.tumblr.com https://ads.pubmatic.com https://cdn.jsdelivr.net https://*.privacymanager.io https://*.rlcdn.com https://s3-us-west-2.amazonaws.com/sftemp/sf_v1.0.1/ https://assets.tumblr.com/pop/ 'nonce-ODM0ZjU5Y2Q5YWJmOTM5NjFiZDYxYmY4NDlhZmE5MmY='; report-uri /svc/cspreports; object-src 'none'; worker-src blob: 'self'; base-uri 'self'"", ""x-content-type-options"": ""nosniff"", ""x-xss-protection"": ""1; mode=block"", ""x-frame-options"": ""deny"", ""cache-control"": ""no-cache"", ""etag"": ""W/\""b039-Rd""}"
1,"GET https://www.tumblr.com/  HTTP/1.1
Host: www.tumblr.com
User-Agent: Mozilla/5.0 (Windows NT 10.0; rv:102.0) Gecko/20100101 Firefox/102.0
Accept: text/html,application/xhtml+xml,application/xml;q=0.9,image/avif,image/webp,*/*;q=0.8
Accept-Encoding: gzip, deflate, br
Accept-Language: en-US,en;q=0.5
DNT: 1
Connection: keep-alive
Upgrade-Insecure-Requests: 1
Sec-Fetch-Dest: document
Sec-Fetch-Mode: navigate
Sec-Fetch-Site: cross-site

",0,https://www.tumblr.com/,451,HTTP/1.1,0.2683391571044922,0.12351489067077637,0.23276329040527344,200,OK,[''],13,13,0,"{""server"": ""nginx"", ""date"": ""Wed, 25 Oct 2023 12:33:30 GMT"", ""content-type"": ""text/html; charset=utf-8"", ""transfer-encoding"": ""chunked"", ""connection"": ""keep-alive"", ""vary"": ""x-ua-device, Accept-Language"", ""x-rid"": ""3065ca860e50a528391ff611d0363671"", ""content-security-policy"": ""script-src 'self' 'unsafe-eval' 'unsafe-inline' https://www.recaptcha.net/recaptcha/api.js https://c0.pubmine.com https://s.pubmine.com https://criteo.com https://*.criteo.com https://criteo.net https://*.criteo.net https://*.vexowi.com https://vexowi.com https://c.amazon-adsystem.com https://*.3lift.com https://3lift.com https://z.moatads.com https://*.moatads.com https://*.smartadserver.com https://app.link https://*.sascdn.com https://securepubads.g.doubleclick.net https://tpc.googlesyndication.com https://www.googletagservices.com/ https://cdn.parsely.com https://a.teads.tv/analytics/tag.js https://assets.tumblr.com https://ads.pubmatic.com https://cdn.jsdelivr.net https://*.privacymanager.io https://*.rlcdn.com https://s3-us-west-2.amazonaws.com/sftemp/sf_v1.0.1/ https://assets.tumblr.com/pop/ 'nonce-MDRjN2MxNzFhNDNkNGZiYzE2MTg4NDFjNTI0YjIwYmQ='; report-uri /svc/cspreports; object-src 'none'; worker-src blob: 'self'; base-uri 'self'"", ""x-content-type-options"": ""nosniff"", ""x-xss-protection"": ""1; mode=block"", ""x-frame-options"": ""deny"", ""cache-control"": ""no-cache"", ""etag"": ""W/\""b038-9H""}"
2,"GET https://www.tumblr.com/  HTTP/1.1
Host: www.tumblr.com
User-Agent: Mozilla/5.0 (Windows NT 10.0; rv:102.0) Gecko/20100101 Firefox/102.0
Accept: text/html,application/xhtml+xml,application/xml;q=0.9,image/avif,image/webp,*/*;q=0.8
Accept-Encoding: gzip, deflate, br
Accept-Language: en-US,en;q=0.5
DNT: 1
Connection: keep-alive
Upgrade-Insecure-Requests: 1
Sec-Fetch-Dest: document
Sec-Fetch-Mode: navigate
Sec-Fetch-Site: cross-site

",0,https://www.tumblr.com/,451,HTTP/1.1,0.11725473403930664,0.10764169692993164,0.44469666481018066,200,OK,[''],13,13,0,"{""server"": ""nginx"", ""date"": ""Wed, 25 Oct 2023 12:33:43 GMT"", ""content-type"": ""text/html; charset=utf-8"", ""transfer-encoding"": ""chunked"", ""connection"": ""keep-alive"", ""vary"": ""x-ua-device, Accept-Language"", ""x-rid"": ""260e2eeb380b5dee98c892ef18d70389"", ""content-security-policy"": ""script-src 'self' 'unsafe-eval' 'unsafe-inline' https://www.recaptcha.net/recaptcha/api.js https://c0.pubmine.com https://s.pubmine.com https://criteo.com https://*.criteo.com https://criteo.net https://*.criteo.net https://*.vexowi.com https://vexowi.com https://c.amazon-adsystem.com https://*.3lift.com https://3lift.com https://z.moatads.com https://*.moatads.com https://*.smartadserver.com https://app.link https://*.sascdn.com https://securepubads.g.doubleclick.net https://tpc.googlesyndication.com https://www.googletagservices.com/ https://cdn.parsely.com https://a.teads.tv/analytics/tag.js https://assets.tumblr.com https://ads.pubmatic.com https://cdn.jsdelivr.net https://*.privacymanager.io https://*.rlcdn.com https://s3-us-west-2.amazonaws.com/sftemp/sf_v1.0.1/ https://assets.tumblr.com/pop/ 'nonce-MDg2OGYzOWJmMmJkZjcyOGRmMzczODEyYzIzZWNiNDg='; report-uri /svc/cspreports; object-src 'none'; worker-src blob: 'self'; base-uri 'self'"", ""x-content-type-options"": ""nosniff"", ""x-xss-protection"": ""1; mode=block"", ""x-frame-options"": ""deny"", ""cache-control"": ""no-cache"", ""etag"": ""W/\""b039-dQ""}"
3,"GET https://www.tumblr.com/  HTTP/1.1
Host: www.tumblr.com
User-Agent: Mozilla/5.0 (Windows NT 10.0; rv:102.0) Gecko/20100101 Firefox/102.0
Accept: text/html,application/xhtml+xml,application/xml;q=0.9,image/avif,image/webp,*/*;q=0.8
Accept-Encoding: gzip, deflate, br
Accept-Language: en-US,en;q=0.5
DNT: 1
Connection: keep-alive
Upgrade-Insecure-Requests: 1
Sec-Fetch-Dest: document
Sec-Fetch-Mode: navigate
Sec-Fetch-Site: cross-site

",0,https://www.tumblr.com/,451,HTTP/1.1,0.13513898849487305,0.1241762638092041,0.03856372833251953,200,OK,[''],13,13,0,"{""server"": ""nginx"", ""date"": ""Wed, 25 Oct 2023 12:33:55 GMT"", ""content-type"": ""text/html; charset=utf-8"", ""transfer-encoding"": ""chunked"", ""connection"": ""keep-alive"", ""vary"": ""x-ua-device, Accept-Language"", ""x-rid"": ""3065ca860e50a528391ff611d0363671"", ""content-security-policy"": ""script-src 'self' 'unsafe-eval' 'unsafe-inline' https://www.recaptcha.net/recaptcha/api.js https://c0.pubmine.com https://s.pubmine.com https://criteo.com https://*.criteo.com https://criteo.net https://*.criteo.net https://*.vexowi.com https://vexowi.com https://c.amazon-adsystem.com https://*.3lift.com https://3lift.com https://z.moatads.com https://*.moatads.com https://*.smartadserver.com https://app.link https://*.sascdn.com https://securepubads.g.doubleclick.net https://tpc.googlesyndication.com https://www.googletagservices.com/ https://cdn.parsely.com https://a.teads.tv/analytics/tag.js https://assets.tumblr.com https://ads.pubmatic.com https://cdn.jsdelivr.net https://*.privacymanager.io https://*.rlcdn.com https://s3-us-west-2.amazonaws.com/sftemp/sf_v1.0.1/ https://assets.tumblr.com/pop/ 'nonce-MDRjN2MxNzFhNDNkNGZiYzE2MTg4NDFjNTI0YjIwYmQ='; report-uri /svc/cspreports; object-src 'none'; worker-src blob: 'self'; base-uri 'self'"", ""x-content-type-options"": ""nosniff"", ""x-xss-protection"": ""1; mode=block"", ""x-frame-options"": ""deny"", ""cache-control"": ""no-cache"", ""etag"": ""W/\""b038-9H""}"
4,"GET https://www.tumblr.com/  HTTP/1.1
Host: www.tumblr.com
User-Agent: Mozilla/5.0 (Windows NT 10.0; rv:102.0) Gecko/20100101 Firefox/102.0
Accept: text/html,application/xhtml+xml,application/xml;q=0.9,image/avif,image/webp,*/*;q=0.8
Accept-Encoding: gzip, deflate, br
Accept-Language: en-US,en;q=0.5
DNT: 1
Connection: keep-alive
Upgrade-Insecure-Requests: 1
Sec-Fetch-Dest: document
Sec-Fetch-Mode: navigate
Sec-Fetch-Site: cross-site

",0,https://www.tumblr.com/,451,HTTP/1.1,0.11275839805603027,0.10964226722717285,0.22256135940551758,200,OK,[''],13,13,0,"{""server"": ""nginx"", ""date"": ""Wed, 25 Oct 2023 12:34:08 GMT"", ""content-type"": ""text/html; charset=utf-8"", ""transfer-encoding"": ""chunked"", ""connection"": ""keep-alive"", ""vary"": ""x-ua-device, Accept-Language"", ""x-rid"": ""1db5d9a8826ecba19f08a24250be33cd"", ""content-security-policy"": ""script-src 'self' 'unsafe-eval' 'unsafe-inline' https://www.recaptcha.net/recaptcha/api.js https://c0.pubmine.com https://s.pubmine.com https://criteo.com https://*.criteo.com https://criteo.net https://*.criteo.net https://*.vexowi.com https://vexowi.com https://c.amazon-adsystem.com https://*.3lift.com https://3lift.com https://z.moatads.com https://*.moatads.com https://*.smartadserver.com https://app.link https://*.sascdn.com https://securepubads.g.doubleclick.net https://tpc.googlesyndication.com https://www.googletagservices.com/ https://cdn.parsely.com https://a.teads.tv/analytics/tag.js https://assets.tumblr.com https://ads.pubmatic.com https://cdn.jsdelivr.net https://*.privacymanager.io https://*.rlcdn.com https://s3-us-west-2.amazonaws.com/sftemp/sf_v1.0.1/ https://assets.tumblr.com/pop/ 'nonce-ZmU0ODljYWFmYzJiZTJiYzg0NzMxOWI2NDBkYWI5MTk='; report-uri /svc/cspreports; object-src 'none'; worker-src blob: 'self'; base-uri 'self'"", ""x-content-type-options"": ""nosniff"", ""x-xss-protection"": ""1; mode=block"", ""x-frame-options"": ""deny"", ""cache-control"": ""no-cache"", ""etag"": ""W/\""b039-Yy""}"
5,"GET https://www.tumblr.com/  HTTP/1.1
Host: www.tumblr.com
User-Agent: Mozilla/5.0 (Windows NT 10.0; rv:102.0) Gecko/20100101 Firefox/102.0
Accept: text/html,application/xhtml+xml,application/xml;q=0.9,image/avif,image/webp,*/*;q=0.8
Accept-Encoding: gzip, deflate, br
Accept-Language: en-US,en;q=0.5
DNT: 1
Connection: keep-alive
Upgrade-Insecure-Requests: 1
Sec-Fetch-Dest: document
Sec-Fetch-Mode: navigate
Sec-Fetch-Site: cross-site

",0,https://www.tumblr.com/,451,HTTP/1.1,0.22559785842895508,0.13442134857177734,0.23588204383850098,200,OK,[''],13,13,0,"{""server"": ""nginx"", ""date"": ""Wed, 25 Oct 2023 12:34:20 GMT"", ""content-type"": ""text/html; charset=utf-8"", ""transfer-encoding"": ""chunked"", ""connection"": ""keep-alive"", ""vary"": ""x-ua-device, Accept-Language"", ""x-rid"": ""245d30692578d0494df86aaa95f53828"", ""content-security-policy"": ""script-src 'self' 'unsafe-eval' 'unsafe-inline' https://www.recaptcha.net/recaptcha/api.js https://c0.pubmine.com https://s.pubmine.com https://criteo.com https://*.criteo.com https://criteo.net https://*.criteo.net https://*.vexowi.com https://vexowi.com https://c.amazon-adsystem.com https://*.3lift.com https://3lift.com https://z.moatads.com https://*.moatads.com https://*.smartadserver.com https://app.link https://*.sascdn.com https://securepubads.g.doubleclick.net https://tpc.googlesyndication.com https://www.googletagservices.com/ https://cdn.parsely.com https://a.teads.tv/analytics/tag.js https://assets.tumblr.com https://ads.pubmatic.com https://cdn.jsdelivr.net https://*.privacymanager.io https://*.rlcdn.com https://s3-us-west-2.amazonaws.com/sftemp/sf_v1.0.1/ https://assets.tumblr.com/pop/ 'nonce-YTAzOTYwZjAxMjk1ODZiZmM4NjZhN2YxMGE1NjhjNjY='; report-uri /svc/cspreports; object-src 'none'; worker-src blob: 'self'; base-uri 'self'"", ""x-content-type-options"": ""nosniff"", ""x-xss-protection"": ""1; mode=block"", ""x-frame-options"": ""deny"", ""cache-control"": ""no-cache"", ""etag"": ""W/\""b038-ii""}"
6,"GET https://www.tumblr.com/  HTTP/1.1
Host: www.tumblr.com
User-Agent: Mozilla/5.0 (Windows NT 10.0; rv:102.0) Gecko/20100101 Firefox/102.0
Accept: text/html,application/xhtml+xml,application/xml;q=0.9,image/avif,image/webp,*/*;q=0.8
Accept-Encoding: gzip, deflate, br
Accept-Language: en-US,en;q=0.5
DNT: 1
Connection: keep-alive
Upgrade-Insecure-Requests: 1
Sec-Fetch-Dest: document
Sec-Fetch-Mode: navigate
Sec-Fetch-Site: cross-site

",0,https://www.tumblr.com/,451,HTTP/1.1,0.29332685470581055,0.11281847953796387,0.13850140571594238,200,OK,[''],13,13,0,"{""server"": ""nginx"", ""date"": ""Wed, 25 Oct 2023 12:34:32 GMT"", ""content-type"": ""text/html; charset=utf-8"", ""transfer-encoding"": ""chunked"", ""connection"": ""keep-alive"", ""vary"": ""x-ua-device, Accept-Language"", ""x-rid"": ""1db5d9a8826ecba19f08a24250be33cd"", ""content-security-policy"": ""script-src 'self' 'unsafe-eval' 'unsafe-inline' https://www.recaptcha.net/recaptcha/api.js https://c0.pubmine.com https://s.pubmine.com https://criteo.com https://*.criteo.com https://criteo.net https://*.criteo.net https://*.vexowi.com https://vexowi.com https://c.amazon-adsystem.com https://*.3lift.com https://3lift.com https://z.moatads.com https://*.moatads.com https://*.smartadserver.com https://app.link https://*.sascdn.com https://securepubads.g.doubleclick.net https://tpc.googlesyndication.com https://www.googletagservices.com/ https://cdn.parsely.com https://a.teads.tv/analytics/tag.js https://assets.tumblr.com https://ads.pubmatic.com https://cdn.jsdelivr.net https://*.privacymanager.io https://*.rlcdn.com https://s3-us-west-2.amazonaws.com/sftemp/sf_v1.0.1/ https://assets.tumblr.com/pop/ 'nonce-ZmU0ODljYWFmYzJiZTJiYzg0NzMxOWI2NDBkYWI5MTk='; report-uri /svc/cspreports; object-src 'none'; worker-src blob: 'self'; base-uri 'self'"", ""x-content-type-options"": ""nosniff"", ""x-xss-protection"": ""1; mode=block"", ""x-frame-options"": ""deny"", ""cache-control"": ""no-cache"", ""etag"": ""W/\""b039-Yy""}"
7,"GET https://www.tumblr.com/  HTTP/1.1
Host: www.tumblr.com
User-Agent: Mozilla/5.0 (Windows NT 10.0; rv:102.0) Gecko/20100101 Firefox/102.0
Accept: text/html,application/xhtml+xml,application/xml;q=0.9,image/avif,image/webp,*/*;q=0.8
Accept-Encoding: gzip, deflate, br
Accept-Language: en-US,en;q=0.5
DNT: 1
Connection: keep-alive
Upgrade-Insecure-Requests: 1
Sec-Fetch-Dest: document
Sec-Fetch-Mode: navigate
Sec-Fetch-Site: cross-site

",0,https://www.tumblr.com/,451,HTTP/1.1,0.12543201446533203,0.11868166923522949,0.2388627529144287,200,OK,[''],13,13,0,"{""server"": ""nginx"", ""date"": ""Wed, 25 Oct 2023 12:34:43 GMT"", ""content-type"": ""text/html; charset=utf-8"", ""transfer-encoding"": ""chunked"", ""connection"": ""keep-alive"", ""vary"": ""x-ua-device, Accept-Language"", ""x-rid"": ""389c344ca6ffdbfd7bf2aa6cce4382b2"", ""content-security-policy"": ""script-src 'self' 'unsafe-eval' 'unsafe-inline' https://www.recaptcha.net/recaptcha/api.js https://c0.pubmine.com https://s.pubmine.com https://criteo.com https://*.criteo.com https://criteo.net https://*.criteo.net https://*.vexowi.com https://vexowi.com https://c.amazon-adsystem.com https://*.3lift.com https://3lift.com https://z.moatads.com https://*.moatads.com https://*.smartadserver.com https://app.link https://*.sascdn.com https://securepubads.g.doubleclick.net https://tpc.googlesyndication.com https://www.googletagservices.com/ https://cdn.parsely.com https://a.teads.tv/analytics/tag.js https://assets.tumblr.com https://ads.pubmatic.com https://cdn.jsdelivr.net https://*.privacymanager.io https://*.rlcdn.com https://s3-us-west-2.amazonaws.com/sftemp/sf_v1.0.1/ https://assets.tumblr.com/pop/ 'nonce-ZTM3YzlhNGRlYWY5YTY3ZGJmYTg4ZGFkYWRmNzM4Yzg='; report-uri /svc/cspreports; object-src 'none'; worker-src blob: 'self'; base-uri 'self'"", ""x-content-type-options"": ""nosniff"", ""x-xss-protection"": ""1; mode=block"", ""x-frame-options"": ""deny"", ""cache-control"": ""no-cache"", ""etag"": ""W/\""b038-BZ""}"
8,"GET https://www.tumblr.com/  HTTP/1.1
Host: www.tumblr.com
User-Agent: Mozilla/5.0 (Windows NT 10.0; rv:102.0) Gecko/20100101 Firefox/102.0
Accept: text/html,application/xhtml+xml,application/xml;q=0.9,image/avif,image/webp,*/*;q=0.8
Accept-Encoding: gzip, deflate, br
Accept-Language: en-US,en;q=0.5
DNT: 1
Connection: keep-alive
Upgrade-Insecure-Requests: 1
Sec-Fetch-Dest: document
Sec-Fetch-Mode: navigate
Sec-Fetch-Site: cross-site

",0,https://www.tumblr.com/,451,HTTP/1.1,0.20165634155273438,0.10053086280822754,0.1923236846923828,200,OK,[''],13,13,0,"{""server"": ""nginx"", ""date"": ""Wed, 25 Oct 2023 12:34:55 GMT"", ""content-type"": ""text/html; charset=utf-8"", ""transfer-encoding"": ""chunked"", ""connection"": ""keep-alive"", ""vary"": ""x-ua-device, Accept-Language"", ""x-rid"": ""5b7ac3e892339c9bf4944da1b25eaaf0"", ""content-security-policy"": ""script-src 'self' 'unsafe-eval' 'unsafe-inline' https://www.recaptcha.net/recaptcha/api.js https://c0.pubmine.com https://s.pubmine.com https://criteo.com https://*.criteo.com https://criteo.net https://*.criteo.net https://*.vexowi.com https://vexowi.com https://c.amazon-adsystem.com https://*.3lift.com https://3lift.com https://z.moatads.com https://*.moatads.com https://*.smartadserver.com https://app.link https://*.sascdn.com https://securepubads.g.doubleclick.net https://tpc.googlesyndication.com https://www.googletagservices.com/ https://cdn.parsely.com https://a.teads.tv/analytics/tag.js https://assets.tumblr.com https://ads.pubmatic.com https://cdn.jsdelivr.net https://*.privacymanager.io https://*.rlcdn.com https://s3-us-west-2.amazonaws.com/sftemp/sf_v1.0.1/ https://assets.tumblr.com/pop/ 'nonce-NTQzYTQwMTJjNDlkMmM4NDNmNzkzMzZiYTViN2QwODE='; report-uri /svc/cspreports; object-src 'none'; worker-src blob: 'self'; base-uri 'self'"", ""x-content-type-options"": ""nosniff"", ""x-xss-protection"": ""1; mode=block"", ""x-frame-options"": ""deny"", ""cache-control"": ""no-cache"", ""etag"": ""W/\""b05d-lY""}"
9,"GET https://www.tumblr.com/  HTTP/1.1
Host: www.tumblr.com
User-Agent: Mozilla/5.0 (Windows NT 10.0; rv:102.0) Gecko/20100101 Firefox/102.0
Accept: text/html,application/xhtml+xml,application/xml;q=0.9,image/avif,image/webp,*/*;q=0.8
Accept-Encoding: gzip, deflate, br
Accept-Language: en-US,en;q=0.5
DNT: 1
Connection: keep-alive
Upgrade-Insecure-Requests: 1
Sec-Fetch-Dest: document
Sec-Fetch-Mode: navigate
Sec-Fetch-Site: cross-site

",0,https://www.tumblr.com/,451,HTTP/1.1,0.14259910583496094,0.11116337776184082,0.03618788719177246,200,OK,[''],13,13,0,"{""server"": ""nginx"", ""date"": ""Wed, 25 Oct 2023 12:35:06 GMT"", ""content-type"": ""text/html; charset=utf-8"", ""transfer-encoding"": ""chunked"", ""connection"": ""keep-alive"", ""vary"": ""x-ua-device, Accept-Language"", ""x-rid"": ""5b7ac3e892339c9bf4944da1b25eaaf0"", ""content-security-policy"": ""script-src 'self' 'unsafe-eval' 'unsafe-inline' https://www.recaptcha.net/recaptcha/api.js https://c0.pubmine.com https://s.pubmine.com https://criteo.com https://*.criteo.com https://criteo.net https://*.criteo.net https://*.vexowi.com https://vexowi.com https://c.amazon-adsystem.com https://*.3lift.com https://3lift.com https://z.moatads.com https://*.moatads.com https://*.smartadserver.com https://app.link https://*.sascdn.com https://securepubads.g.doubleclick.net https://tpc.googlesyndication.com https://www.googletagservices.com/ https://cdn.parsely.com https://a.teads.tv/analytics/tag.js https://assets.tumblr.com https://ads.pubmatic.com https://cdn.jsdelivr.net https://*.privacymanager.io https://*.rlcdn.com https://s3-us-west-2.amazonaws.com/sftemp/sf_v1.0.1/ https://assets.tumblr.com/pop/ 'nonce-NTQzYTQwMTJjNDlkMmM4NDNmNzkzMzZiYTViN2QwODE='; report-uri /svc/cspreports; object-src 'none'; worker-src blob: 'self'; base-uri 'self'"", ""x-content-type-options"": ""nosniff"", ""x-xss-protection"": ""1; mode=block"", ""x-frame-options"": ""deny"", ""cache-control"": ""no-cache"", ""etag"": ""W/\""b05d-lY""}"
