,Attempt No.,uri,Deviation Count,Status Code,Response_Time,response_header_count,response_header_length,response_body_length,response_header_fields
0,0,https://creativecommons.org/,0,200,0.0435338020324707,13,13,743,"{'date': 'Wed, 25 Oct 2023 12:33:16 GMT', 'content-type': 'text/html; charset=UTF-8', 'transfer-encoding': 'chunked', 'connection': 'keep-alive', 'link': '<https://creativecommons.org/>; rel=shortlink', 'vary': 'Accept-Encoding', 'cache-control': 'max-age=1800', 'cf-cache-status': 'HIT', 'age': '15', 'last-modified': 'Wed, 25 Oct 2023 12:33:01 GMT', 'server': 'cloudflare', 'cf-ray': '81ba7caeeb21665e-AMS', 'content-encoding': 'gzip'}"
1,1,https://creativecommons.org/,0,200,0.05782961845397949,13,13,743,"{'date': 'Wed, 25 Oct 2023 12:33:26 GMT', 'content-type': 'text/html; charset=UTF-8', 'transfer-encoding': 'chunked', 'connection': 'keep-alive', 'link': '<https://creativecommons.org/>; rel=shortlink', 'vary': 'Accept-Encoding', 'cache-control': 'max-age=1800', 'cf-cache-status': 'HIT', 'age': '25', 'last-modified': 'Wed, 25 Oct 2023 12:33:01 GMT', 'server': 'cloudflare', 'cf-ray': '81ba7ceec8cd6661-AMS', 'content-encoding': 'gzip'}"
2,2,https://creativecommons.org/,0,200,0.03480720520019531,13,13,741,"{'date': 'Wed, 25 Oct 2023 12:33:37 GMT', 'content-type': 'text/html; charset=UTF-8', 'transfer-encoding': 'chunked', 'connection': 'keep-alive', 'link': '<https://creativecommons.org/>; rel=shortlink', 'vary': 'Accept-Encoding', 'cache-control': 'max-age=1800', 'cf-cache-status': 'HIT', 'age': '3002', 'last-modified': 'Wed, 25 Oct 2023 11:43:35 GMT', 'server': 'cloudflare', 'cf-ray': '81ba7d345e1c66f6-AMS', 'content-encoding': 'gzip'}"
3,3,https://creativecommons.org/,0,200,0.04125547409057617,13,13,741,"{'date': 'Wed, 25 Oct 2023 12:33:48 GMT', 'content-type': 'text/html; charset=UTF-8', 'transfer-encoding': 'chunked', 'connection': 'keep-alive', 'link': '<https://creativecommons.org/>; rel=shortlink', 'vary': 'Accept-Encoding', 'cache-control': 'max-age=1800', 'cf-cache-status': 'HIT', 'age': '3013', 'last-modified': 'Wed, 25 Oct 2023 11:43:35 GMT', 'server': 'cloudflare', 'cf-ray': '81ba7d741ed3669c-AMS', 'content-encoding': 'gzip'}"
4,4,https://creativecommons.org/,0,200,0.04679155349731445,13,13,743,"{'date': 'Wed, 25 Oct 2023 12:33:58 GMT', 'content-type': 'text/html; charset=UTF-8', 'transfer-encoding': 'chunked', 'connection': 'keep-alive', 'link': '<https://creativecommons.org/>; rel=shortlink', 'vary': 'Accept-Encoding', 'cache-control': 'max-age=1800', 'cf-cache-status': 'HIT', 'age': '57', 'last-modified': 'Wed, 25 Oct 2023 12:33:01 GMT', 'server': 'cloudflare', 'cf-ray': '81ba7db75ea76628-AMS', 'content-encoding': 'gzip'}"
5,5,https://creativecommons.org/,0,200,0.09005498886108398,13,13,741,"{'date': 'Wed, 25 Oct 2023 12:34:09 GMT', 'content-type': 'text/html; charset=UTF-8', 'transfer-encoding': 'chunked', 'connection': 'keep-alive', 'link': '<https://creativecommons.org/>; rel=shortlink', 'vary': 'Accept-Encoding', 'cache-control': 'max-age=1800', 'cf-cache-status': 'HIT', 'age': '2648', 'last-modified': 'Wed, 25 Oct 2023 11:50:01 GMT', 'server': 'cloudflare', 'cf-ray': '81ba7df83c285c3c-AMS', 'content-encoding': 'gzip'}"
6,6,https://creativecommons.org/,0,200,0.1677548885345459,13,13,743,"{'date': 'Wed, 25 Oct 2023 12:34:19 GMT', 'content-type': 'text/html; charset=UTF-8', 'transfer-encoding': 'chunked', 'connection': 'keep-alive', 'link': '<https://creativecommons.org/>; rel=shortlink', 'vary': 'Accept-Encoding', 'cache-control': 'max-age=1800', 'cf-cache-status': 'HIT', 'age': '78', 'last-modified': 'Wed, 25 Oct 2023 12:33:01 GMT', 'server': 'cloudflare', 'cf-ray': '81ba7e35ba836615-AMS', 'content-encoding': 'gzip'}"
7,7,https://creativecommons.org/,0,200,0.03833508491516113,13,13,741,"{'date': 'Wed, 25 Oct 2023 12:34:29 GMT', 'content-type': 'text/html; charset=UTF-8', 'transfer-encoding': 'chunked', 'connection': 'keep-alive', 'link': '<https://creativecommons.org/>; rel=shortlink', 'vary': 'Accept-Encoding', 'cache-control': 'max-age=1800', 'cf-cache-status': 'HIT', 'age': '3041', 'last-modified': 'Wed, 25 Oct 2023 11:43:48 GMT', 'server': 'cloudflare', 'cf-ray': '81ba7e75f885656e-AMS', 'content-encoding': 'gzip'}"
8,8,https://creativecommons.org/,0,200,0.0776216983795166,13,13,743,"{'date': 'Wed, 25 Oct 2023 12:34:39 GMT', 'content-type': 'text/html; charset=UTF-8', 'transfer-encoding': 'chunked', 'connection': 'keep-alive', 'link': '<https://creativecommons.org/>; rel=shortlink', 'vary': 'Accept-Encoding', 'cache-control': 'max-age=1800', 'cf-cache-status': 'HIT', 'age': '98', 'last-modified': 'Wed, 25 Oct 2023 12:33:01 GMT', 'server': 'cloudflare', 'cf-ray': '81ba7eb63e72b963-AMS', 'content-encoding': 'gzip'}"
9,9,https://creativecommons.org/,0,200,0.044096946716308594,13,13,742,"{'date': 'Wed, 25 Oct 2023 12:34:49 GMT', 'content-type': 'text/html; charset=UTF-8', 'transfer-encoding': 'chunked', 'connection': 'keep-alive', 'link': '<https://creativecommons.org/>; rel=shortlink', 'vary': 'Accept-Encoding', 'cache-control': 'max-age=1800', 'cf-cache-status': 'HIT', 'age': '108', 'last-modified': 'Wed, 25 Oct 2023 12:33:01 GMT', 'server': 'cloudflare', 'cf-ray': '81ba7ef32c6bb97e-AMS', 'content-encoding': 'gzip'}"
