number,request,deviation_count,uri,request_length,http_version,Socket_Connect_Time,Socket_Close_Time,Response_Time,status_code,reason_phrase,error_message,response_header_count,response_header_length,response_body_length,response_header_fields
0,"GET https://creativecommons.org/  HTTP/1.1
Host: creativecommons.org
User-Agent: Mozilla/5.0 (Windows NT 10.0; rv:102.0) Gecko/20100101 Firefox/102.0
Accept: text/html,application/xhtml+xml,application/xml;q=0.9,image/avif,image/webp,*/*;q=0.8
Accept-Encoding: gzip, deflate, br
Accept-Language: en-US,en;q=0.5
DNT: 1
Connection: keep-alive
Upgrade-Insecure-Requests: 1
Sec-Fetch-Dest: document
Sec-Fetch-Mode: navigate
Sec-Fetch-Site: cross-site

",0,https://creativecommons.org/,461,HTTP/1.1,0.22077322006225586,0.11319589614868164,0.0435338020324707,200,OK,[''],13,13,743,"{""date"": ""Wed, 25 Oct 2023 12:33:16 GMT"", ""content-type"": ""text/html; charset=UTF-8"", ""transfer-encoding"": ""chunked"", ""connection"": ""keep-alive"", ""link"": ""<https://creativecommons.org/>; rel=shortlink"", ""vary"": ""Accept-Encoding"", ""cache-control"": ""max-age=1800"", ""cf-cache-status"": ""HIT"", ""age"": ""15"", ""last-modified"": ""Wed, 25 Oct 2023 12:33:01 GMT"", ""server"": ""cloudflare"", ""cf-ray"": ""81ba7caeeb21665e-AMS"", ""content-encoding"": ""gzip""}"
1,"GET https://creativecommons.org/  HTTP/1.1
Host: creativecommons.org
User-Agent: Mozilla/5.0 (Windows NT 10.0; rv:102.0) Gecko/20100101 Firefox/102.0
Accept: text/html,application/xhtml+xml,application/xml;q=0.9,image/avif,image/webp,*/*;q=0.8
Accept-Encoding: gzip, deflate, br
Accept-Language: en-US,en;q=0.5
DNT: 1
Connection: keep-alive
Upgrade-Insecure-Requests: 1
Sec-Fetch-Dest: document
Sec-Fetch-Mode: navigate
Sec-Fetch-Site: cross-site

",0,https://creativecommons.org/,461,HTTP/1.1,0.13538765907287598,0.11486268043518066,0.05782961845397949,200,OK,[''],13,13,743,"{""date"": ""Wed, 25 Oct 2023 12:33:26 GMT"", ""content-type"": ""text/html; charset=UTF-8"", ""transfer-encoding"": ""chunked"", ""connection"": ""keep-alive"", ""link"": ""<https://creativecommons.org/>; rel=shortlink"", ""vary"": ""Accept-Encoding"", ""cache-control"": ""max-age=1800"", ""cf-cache-status"": ""HIT"", ""age"": ""25"", ""last-modified"": ""Wed, 25 Oct 2023 12:33:01 GMT"", ""server"": ""cloudflare"", ""cf-ray"": ""81ba7ceec8cd6661-AMS"", ""content-encoding"": ""gzip""}"
2,"GET https://creativecommons.org/  HTTP/1.1
Host: creativecommons.org
User-Agent: Mozilla/5.0 (Windows NT 10.0; rv:102.0) Gecko/20100101 Firefox/102.0
Accept: text/html,application/xhtml+xml,application/xml;q=0.9,image/avif,image/webp,*/*;q=0.8
Accept-Encoding: gzip, deflate, br
Accept-Language: en-US,en;q=0.5
DNT: 1
Connection: keep-alive
Upgrade-Insecure-Requests: 1
Sec-Fetch-Dest: document
Sec-Fetch-Mode: navigate
Sec-Fetch-Site: cross-site

",0,https://creativecommons.org/,461,HTTP/1.1,0.1822047233581543,0.11471891403198242,0.03480720520019531,200,OK,[''],13,13,741,"{""date"": ""Wed, 25 Oct 2023 12:33:37 GMT"", ""content-type"": ""text/html; charset=UTF-8"", ""transfer-encoding"": ""chunked"", ""connection"": ""keep-alive"", ""link"": ""<https://creativecommons.org/>; rel=shortlink"", ""vary"": ""Accept-Encoding"", ""cache-control"": ""max-age=1800"", ""cf-cache-status"": ""HIT"", ""age"": ""3002"", ""last-modified"": ""Wed, 25 Oct 2023 11:43:35 GMT"", ""server"": ""cloudflare"", ""cf-ray"": ""81ba7d345e1c66f6-AMS"", ""content-encoding"": ""gzip""}"
3,"GET https://creativecommons.org/  HTTP/1.1
Host: creativecommons.org
User-Agent: Mozilla/5.0 (Windows NT 10.0; rv:102.0) Gecko/20100101 Firefox/102.0
Accept: text/html,application/xhtml+xml,application/xml;q=0.9,image/avif,image/webp,*/*;q=0.8
Accept-Encoding: gzip, deflate, br
Accept-Language: en-US,en;q=0.5
DNT: 1
Connection: keep-alive
Upgrade-Insecure-Requests: 1
Sec-Fetch-Dest: document
Sec-Fetch-Mode: navigate
Sec-Fetch-Site: cross-site

",0,https://creativecommons.org/,461,HTTP/1.1,0.2571287155151367,0.12662768363952637,0.04125547409057617,200,OK,[''],13,13,741,"{""date"": ""Wed, 25 Oct 2023 12:33:48 GMT"", ""content-type"": ""text/html; charset=UTF-8"", ""transfer-encoding"": ""chunked"", ""connection"": ""keep-alive"", ""link"": ""<https://creativecommons.org/>; rel=shortlink"", ""vary"": ""Accept-Encoding"", ""cache-control"": ""max-age=1800"", ""cf-cache-status"": ""HIT"", ""age"": ""3013"", ""last-modified"": ""Wed, 25 Oct 2023 11:43:35 GMT"", ""server"": ""cloudflare"", ""cf-ray"": ""81ba7d741ed3669c-AMS"", ""content-encoding"": ""gzip""}"
4,"GET https://creativecommons.org/  HTTP/1.1
Host: creativecommons.org
User-Agent: Mozilla/5.0 (Windows NT 10.0; rv:102.0) Gecko/20100101 Firefox/102.0
Accept: text/html,application/xhtml+xml,application/xml;q=0.9,image/avif,image/webp,*/*;q=0.8
Accept-Encoding: gzip, deflate, br
Accept-Language: en-US,en;q=0.5
DNT: 1
Connection: keep-alive
Upgrade-Insecure-Requests: 1
Sec-Fetch-Dest: document
Sec-Fetch-Mode: navigate
Sec-Fetch-Site: cross-site

",0,https://creativecommons.org/,461,HTTP/1.1,0.28927016258239746,0.11719703674316406,0.04679155349731445,200,OK,[''],13,13,743,"{""date"": ""Wed, 25 Oct 2023 12:33:58 GMT"", ""content-type"": ""text/html; charset=UTF-8"", ""transfer-encoding"": ""chunked"", ""connection"": ""keep-alive"", ""link"": ""<https://creativecommons.org/>; rel=shortlink"", ""vary"": ""Accept-Encoding"", ""cache-control"": ""max-age=1800"", ""cf-cache-status"": ""HIT"", ""age"": ""57"", ""last-modified"": ""Wed, 25 Oct 2023 12:33:01 GMT"", ""server"": ""cloudflare"", ""cf-ray"": ""81ba7db75ea76628-AMS"", ""content-encoding"": ""gzip""}"
5,"GET https://creativecommons.org/  HTTP/1.1
Host: creativecommons.org
User-Agent: Mozilla/5.0 (Windows NT 10.0; rv:102.0) Gecko/20100101 Firefox/102.0
Accept: text/html,application/xhtml+xml,application/xml;q=0.9,image/avif,image/webp,*/*;q=0.8
Accept-Encoding: gzip, deflate, br
Accept-Language: en-US,en;q=0.5
DNT: 1
Connection: keep-alive
Upgrade-Insecure-Requests: 1
Sec-Fetch-Dest: document
Sec-Fetch-Mode: navigate
Sec-Fetch-Site: cross-site

",0,https://creativecommons.org/,461,HTTP/1.1,0.247908353805542,0.11159873008728027,0.09005498886108398,200,OK,[''],13,13,741,"{""date"": ""Wed, 25 Oct 2023 12:34:09 GMT"", ""content-type"": ""text/html; charset=UTF-8"", ""transfer-encoding"": ""chunked"", ""connection"": ""keep-alive"", ""link"": ""<https://creativecommons.org/>; rel=shortlink"", ""vary"": ""Accept-Encoding"", ""cache-control"": ""max-age=1800"", ""cf-cache-status"": ""HIT"", ""age"": ""2648"", ""last-modified"": ""Wed, 25 Oct 2023 11:50:01 GMT"", ""server"": ""cloudflare"", ""cf-ray"": ""81ba7df83c285c3c-AMS"", ""content-encoding"": ""gzip""}"
6,"GET https://creativecommons.org/  HTTP/1.1
Host: creativecommons.org
User-Agent: Mozilla/5.0 (Windows NT 10.0; rv:102.0) Gecko/20100101 Firefox/102.0
Accept: text/html,application/xhtml+xml,application/xml;q=0.9,image/avif,image/webp,*/*;q=0.8
Accept-Encoding: gzip, deflate, br
Accept-Language: en-US,en;q=0.5
DNT: 1
Connection: keep-alive
Upgrade-Insecure-Requests: 1
Sec-Fetch-Dest: document
Sec-Fetch-Mode: navigate
Sec-Fetch-Site: cross-site

",0,https://creativecommons.org/,461,HTTP/1.1,0.11819815635681152,0.16981053352355957,0.1677548885345459,200,OK,[''],13,13,743,"{""date"": ""Wed, 25 Oct 2023 12:34:19 GMT"", ""content-type"": ""text/html; charset=UTF-8"", ""transfer-encoding"": ""chunked"", ""connection"": ""keep-alive"", ""link"": ""<https://creativecommons.org/>; rel=shortlink"", ""vary"": ""Accept-Encoding"", ""cache-control"": ""max-age=1800"", ""cf-cache-status"": ""HIT"", ""age"": ""78"", ""last-modified"": ""Wed, 25 Oct 2023 12:33:01 GMT"", ""server"": ""cloudflare"", ""cf-ray"": ""81ba7e35ba836615-AMS"", ""content-encoding"": ""gzip""}"
7,"GET https://creativecommons.org/  HTTP/1.1
Host: creativecommons.org
User-Agent: Mozilla/5.0 (Windows NT 10.0; rv:102.0) Gecko/20100101 Firefox/102.0
Accept: text/html,application/xhtml+xml,application/xml;q=0.9,image/avif,image/webp,*/*;q=0.8
Accept-Encoding: gzip, deflate, br
Accept-Language: en-US,en;q=0.5
DNT: 1
Connection: keep-alive
Upgrade-Insecure-Requests: 1
Sec-Fetch-Dest: document
Sec-Fetch-Mode: navigate
Sec-Fetch-Site: cross-site

",0,https://creativecommons.org/,461,HTTP/1.1,0.1941087245941162,0.1040794849395752,0.03833508491516113,200,OK,[''],13,13,741,"{""date"": ""Wed, 25 Oct 2023 12:34:29 GMT"", ""content-type"": ""text/html; charset=UTF-8"", ""transfer-encoding"": ""chunked"", ""connection"": ""keep-alive"", ""link"": ""<https://creativecommons.org/>; rel=shortlink"", ""vary"": ""Accept-Encoding"", ""cache-control"": ""max-age=1800"", ""cf-cache-status"": ""HIT"", ""age"": ""3041"", ""last-modified"": ""Wed, 25 Oct 2023 11:43:48 GMT"", ""server"": ""cloudflare"", ""cf-ray"": ""81ba7e75f885656e-AMS"", ""content-encoding"": ""gzip""}"
8,"GET https://creativecommons.org/  HTTP/1.1
Host: creativecommons.org
User-Agent: Mozilla/5.0 (Windows NT 10.0; rv:102.0) Gecko/20100101 Firefox/102.0
Accept: text/html,application/xhtml+xml,application/xml;q=0.9,image/avif,image/webp,*/*;q=0.8
Accept-Encoding: gzip, deflate, br
Accept-Language: en-US,en;q=0.5
DNT: 1
Connection: keep-alive
Upgrade-Insecure-Requests: 1
Sec-Fetch-Dest: document
Sec-Fetch-Mode: navigate
Sec-Fetch-Site: cross-site

",0,https://creativecommons.org/,461,HTTP/1.1,0.14438104629516602,0.188584566116333,0.0776216983795166,200,OK,[''],13,13,743,"{""date"": ""Wed, 25 Oct 2023 12:34:39 GMT"", ""content-type"": ""text/html; charset=UTF-8"", ""transfer-encoding"": ""chunked"", ""connection"": ""keep-alive"", ""link"": ""<https://creativecommons.org/>; rel=shortlink"", ""vary"": ""Accept-Encoding"", ""cache-control"": ""max-age=1800"", ""cf-cache-status"": ""HIT"", ""age"": ""98"", ""last-modified"": ""Wed, 25 Oct 2023 12:33:01 GMT"", ""server"": ""cloudflare"", ""cf-ray"": ""81ba7eb63e72b963-AMS"", ""content-encoding"": ""gzip""}"
9,"GET https://creativecommons.org/  HTTP/1.1
Host: creativecommons.org
User-Agent: Mozilla/5.0 (Windows NT 10.0; rv:102.0) Gecko/20100101 Firefox/102.0
Accept: text/html,application/xhtml+xml,application/xml;q=0.9,image/avif,image/webp,*/*;q=0.8
Accept-Encoding: gzip, deflate, br
Accept-Language: en-US,en;q=0.5
DNT: 1
Connection: keep-alive
Upgrade-Insecure-Requests: 1
Sec-Fetch-Dest: document
Sec-Fetch-Mode: navigate
Sec-Fetch-Site: cross-site

",0,https://creativecommons.org/,461,HTTP/1.1,0.15019512176513672,0.11634325981140137,0.044096946716308594,200,OK,[''],13,13,742,"{""date"": ""Wed, 25 Oct 2023 12:34:49 GMT"", ""content-type"": ""text/html; charset=UTF-8"", ""transfer-encoding"": ""chunked"", ""connection"": ""keep-alive"", ""link"": ""<https://creativecommons.org/>; rel=shortlink"", ""vary"": ""Accept-Encoding"", ""cache-control"": ""max-age=1800"", ""cf-cache-status"": ""HIT"", ""age"": ""108"", ""last-modified"": ""Wed, 25 Oct 2023 12:33:01 GMT"", ""server"": ""cloudflare"", ""cf-ray"": ""81ba7ef32c6bb97e-AMS"", ""content-encoding"": ""gzip""}"
