[
    {
        "number": 0,
        "request": "GET https://creativecommons.org/  HTTP/1.1\r\nHost: creativecommons.org\r\nUser-Agent: Mozilla/5.0 (Windows NT 10.0; rv:102.0) Gecko/20100101 Firefox/102.0\r\nAccept: text/html,application/xhtml+xml,application/xml;q=0.9,image/avif,image/webp,*/*;q=0.8\r\nAccept-Encoding: gzip, deflate, br\r\nAccept-Language: en-US,en;q=0.5\r\nDNT: 1\r\nConnection: keep-alive\r\nUpgrade-Insecure-Requests: 1\r\nSec-Fetch-Dest: document\r\nSec-Fetch-Mode: navigate\r\nSec-Fetch-Site: cross-site\r\n\r\n",
        "deviation_count": 0,
        "uri": "https://creativecommons.org/",
        "request_length": 461,
        "Response_Time": 0.0435338020324707,
        "status_code": 200,
        "reason_phrase": "OK",
        "error_message": [
            ""
        ],
        "response_header_count": 13,
        "response_header_length": 13,
        "response_body_length": 743,
        "response_header_fields": {
            "date": "Wed, 25 Oct 2023 12:33:16 GMT",
            "content-type": "text/html; charset=UTF-8",
            "transfer-encoding": "chunked",
            "connection": "keep-alive",
            "link": "<https://creativecommons.org/>; rel=shortlink",
            "vary": "Accept-Encoding",
            "cache-control": "max-age=1800",
            "cf-cache-status": "HIT",
            "age": "15",
            "last-modified": "Wed, 25 Oct 2023 12:33:01 GMT",
            "server": "cloudflare",
            "cf-ray": "81ba7caeeb21665e-AMS",
            "content-encoding": "gzip"
        }
    },
    {
        "number": 1,
        "request": "GET https://creativecommons.org/  HTTP/1.1\r\nHost: creativecommons.org\r\nUser-Agent: Mozilla/5.0 (Windows NT 10.0; rv:102.0) Gecko/20100101 Firefox/102.0\r\nAccept: text/html,application/xhtml+xml,application/xml;q=0.9,image/avif,image/webp,*/*;q=0.8\r\nAccept-Encoding: gzip, deflate, br\r\nAccept-Language: en-US,en;q=0.5\r\nDNT: 1\r\nConnection: keep-alive\r\nUpgrade-Insecure-Requests: 1\r\nSec-Fetch-Dest: document\r\nSec-Fetch-Mode: navigate\r\nSec-Fetch-Site: cross-site\r\n\r\n",
        "deviation_count": 0,
        "uri": "https://creativecommons.org/",
        "request_length": 461,
        "Response_Time": 0.05782961845397949,
        "status_code": 200,
        "reason_phrase": "OK",
        "error_message": [
            ""
        ],
        "response_header_count": 13,
        "response_header_length": 13,
        "response_body_length": 743,
        "response_header_fields": {
            "date": "Wed, 25 Oct 2023 12:33:26 GMT",
            "content-type": "text/html; charset=UTF-8",
            "transfer-encoding": "chunked",
            "connection": "keep-alive",
            "link": "<https://creativecommons.org/>; rel=shortlink",
            "vary": "Accept-Encoding",
            "cache-control": "max-age=1800",
            "cf-cache-status": "HIT",
            "age": "25",
            "last-modified": "Wed, 25 Oct 2023 12:33:01 GMT",
            "server": "cloudflare",
            "cf-ray": "81ba7ceec8cd6661-AMS",
            "content-encoding": "gzip"
        }
    },
    {
        "number": 2,
        "request": "GET https://creativecommons.org/  HTTP/1.1\r\nHost: creativecommons.org\r\nUser-Agent: Mozilla/5.0 (Windows NT 10.0; rv:102.0) Gecko/20100101 Firefox/102.0\r\nAccept: text/html,application/xhtml+xml,application/xml;q=0.9,image/avif,image/webp,*/*;q=0.8\r\nAccept-Encoding: gzip, deflate, br\r\nAccept-Language: en-US,en;q=0.5\r\nDNT: 1\r\nConnection: keep-alive\r\nUpgrade-Insecure-Requests: 1\r\nSec-Fetch-Dest: document\r\nSec-Fetch-Mode: navigate\r\nSec-Fetch-Site: cross-site\r\n\r\n",
        "deviation_count": 0,
        "uri": "https://creativecommons.org/",
        "request_length": 461,
        "Response_Time": 0.03480720520019531,
        "status_code": 200,
        "reason_phrase": "OK",
        "error_message": [
            ""
        ],
        "response_header_count": 13,
        "response_header_length": 13,
        "response_body_length": 741,
        "response_header_fields": {
            "date": "Wed, 25 Oct 2023 12:33:37 GMT",
            "content-type": "text/html; charset=UTF-8",
            "transfer-encoding": "chunked",
            "connection": "keep-alive",
            "link": "<https://creativecommons.org/>; rel=shortlink",
            "vary": "Accept-Encoding",
            "cache-control": "max-age=1800",
            "cf-cache-status": "HIT",
            "age": "3002",
            "last-modified": "Wed, 25 Oct 2023 11:43:35 GMT",
            "server": "cloudflare",
            "cf-ray": "81ba7d345e1c66f6-AMS",
            "content-encoding": "gzip"
        }
    },
    {
        "number": 3,
        "request": "GET https://creativecommons.org/  HTTP/1.1\r\nHost: creativecommons.org\r\nUser-Agent: Mozilla/5.0 (Windows NT 10.0; rv:102.0) Gecko/20100101 Firefox/102.0\r\nAccept: text/html,application/xhtml+xml,application/xml;q=0.9,image/avif,image/webp,*/*;q=0.8\r\nAccept-Encoding: gzip, deflate, br\r\nAccept-Language: en-US,en;q=0.5\r\nDNT: 1\r\nConnection: keep-alive\r\nUpgrade-Insecure-Requests: 1\r\nSec-Fetch-Dest: document\r\nSec-Fetch-Mode: navigate\r\nSec-Fetch-Site: cross-site\r\n\r\n",
        "deviation_count": 0,
        "uri": "https://creativecommons.org/",
        "request_length": 461,
        "Response_Time": 0.04125547409057617,
        "status_code": 200,
        "reason_phrase": "OK",
        "error_message": [
            ""
        ],
        "response_header_count": 13,
        "response_header_length": 13,
        "response_body_length": 741,
        "response_header_fields": {
            "date": "Wed, 25 Oct 2023 12:33:48 GMT",
            "content-type": "text/html; charset=UTF-8",
            "transfer-encoding": "chunked",
            "connection": "keep-alive",
            "link": "<https://creativecommons.org/>; rel=shortlink",
            "vary": "Accept-Encoding",
            "cache-control": "max-age=1800",
            "cf-cache-status": "HIT",
            "age": "3013",
            "last-modified": "Wed, 25 Oct 2023 11:43:35 GMT",
            "server": "cloudflare",
            "cf-ray": "81ba7d741ed3669c-AMS",
            "content-encoding": "gzip"
        }
    },
    {
        "number": 4,
        "request": "GET https://creativecommons.org/  HTTP/1.1\r\nHost: creativecommons.org\r\nUser-Agent: Mozilla/5.0 (Windows NT 10.0; rv:102.0) Gecko/20100101 Firefox/102.0\r\nAccept: text/html,application/xhtml+xml,application/xml;q=0.9,image/avif,image/webp,*/*;q=0.8\r\nAccept-Encoding: gzip, deflate, br\r\nAccept-Language: en-US,en;q=0.5\r\nDNT: 1\r\nConnection: keep-alive\r\nUpgrade-Insecure-Requests: 1\r\nSec-Fetch-Dest: document\r\nSec-Fetch-Mode: navigate\r\nSec-Fetch-Site: cross-site\r\n\r\n",
        "deviation_count": 0,
        "uri": "https://creativecommons.org/",
        "request_length": 461,
        "Response_Time": 0.04679155349731445,
        "status_code": 200,
        "reason_phrase": "OK",
        "error_message": [
            ""
        ],
        "response_header_count": 13,
        "response_header_length": 13,
        "response_body_length": 743,
        "response_header_fields": {
            "date": "Wed, 25 Oct 2023 12:33:58 GMT",
            "content-type": "text/html; charset=UTF-8",
            "transfer-encoding": "chunked",
            "connection": "keep-alive",
            "link": "<https://creativecommons.org/>; rel=shortlink",
            "vary": "Accept-Encoding",
            "cache-control": "max-age=1800",
            "cf-cache-status": "HIT",
            "age": "57",
            "last-modified": "Wed, 25 Oct 2023 12:33:01 GMT",
            "server": "cloudflare",
            "cf-ray": "81ba7db75ea76628-AMS",
            "content-encoding": "gzip"
        }
    },
    {
        "number": 5,
        "request": "GET https://creativecommons.org/  HTTP/1.1\r\nHost: creativecommons.org\r\nUser-Agent: Mozilla/5.0 (Windows NT 10.0; rv:102.0) Gecko/20100101 Firefox/102.0\r\nAccept: text/html,application/xhtml+xml,application/xml;q=0.9,image/avif,image/webp,*/*;q=0.8\r\nAccept-Encoding: gzip, deflate, br\r\nAccept-Language: en-US,en;q=0.5\r\nDNT: 1\r\nConnection: keep-alive\r\nUpgrade-Insecure-Requests: 1\r\nSec-Fetch-Dest: document\r\nSec-Fetch-Mode: navigate\r\nSec-Fetch-Site: cross-site\r\n\r\n",
        "deviation_count": 0,
        "uri": "https://creativecommons.org/",
        "request_length": 461,
        "Response_Time": 0.09005498886108398,
        "status_code": 200,
        "reason_phrase": "OK",
        "error_message": [
            ""
        ],
        "response_header_count": 13,
        "response_header_length": 13,
        "response_body_length": 741,
        "response_header_fields": {
            "date": "Wed, 25 Oct 2023 12:34:09 GMT",
            "content-type": "text/html; charset=UTF-8",
            "transfer-encoding": "chunked",
            "connection": "keep-alive",
            "link": "<https://creativecommons.org/>; rel=shortlink",
            "vary": "Accept-Encoding",
            "cache-control": "max-age=1800",
            "cf-cache-status": "HIT",
            "age": "2648",
            "last-modified": "Wed, 25 Oct 2023 11:50:01 GMT",
            "server": "cloudflare",
            "cf-ray": "81ba7df83c285c3c-AMS",
            "content-encoding": "gzip"
        }
    },
    {
        "number": 6,
        "request": "GET https://creativecommons.org/  HTTP/1.1\r\nHost: creativecommons.org\r\nUser-Agent: Mozilla/5.0 (Windows NT 10.0; rv:102.0) Gecko/20100101 Firefox/102.0\r\nAccept: text/html,application/xhtml+xml,application/xml;q=0.9,image/avif,image/webp,*/*;q=0.8\r\nAccept-Encoding: gzip, deflate, br\r\nAccept-Language: en-US,en;q=0.5\r\nDNT: 1\r\nConnection: keep-alive\r\nUpgrade-Insecure-Requests: 1\r\nSec-Fetch-Dest: document\r\nSec-Fetch-Mode: navigate\r\nSec-Fetch-Site: cross-site\r\n\r\n",
        "deviation_count": 0,
        "uri": "https://creativecommons.org/",
        "request_length": 461,
        "Response_Time": 0.1677548885345459,
        "status_code": 200,
        "reason_phrase": "OK",
        "error_message": [
            ""
        ],
        "response_header_count": 13,
        "response_header_length": 13,
        "response_body_length": 743,
        "response_header_fields": {
            "date": "Wed, 25 Oct 2023 12:34:19 GMT",
            "content-type": "text/html; charset=UTF-8",
            "transfer-encoding": "chunked",
            "connection": "keep-alive",
            "link": "<https://creativecommons.org/>; rel=shortlink",
            "vary": "Accept-Encoding",
            "cache-control": "max-age=1800",
            "cf-cache-status": "HIT",
            "age": "78",
            "last-modified": "Wed, 25 Oct 2023 12:33:01 GMT",
            "server": "cloudflare",
            "cf-ray": "81ba7e35ba836615-AMS",
            "content-encoding": "gzip"
        }
    },
    {
        "number": 7,
        "request": "GET https://creativecommons.org/  HTTP/1.1\r\nHost: creativecommons.org\r\nUser-Agent: Mozilla/5.0 (Windows NT 10.0; rv:102.0) Gecko/20100101 Firefox/102.0\r\nAccept: text/html,application/xhtml+xml,application/xml;q=0.9,image/avif,image/webp,*/*;q=0.8\r\nAccept-Encoding: gzip, deflate, br\r\nAccept-Language: en-US,en;q=0.5\r\nDNT: 1\r\nConnection: keep-alive\r\nUpgrade-Insecure-Requests: 1\r\nSec-Fetch-Dest: document\r\nSec-Fetch-Mode: navigate\r\nSec-Fetch-Site: cross-site\r\n\r\n",
        "deviation_count": 0,
        "uri": "https://creativecommons.org/",
        "request_length": 461,
        "Response_Time": 0.03833508491516113,
        "status_code": 200,
        "reason_phrase": "OK",
        "error_message": [
            ""
        ],
        "response_header_count": 13,
        "response_header_length": 13,
        "response_body_length": 741,
        "response_header_fields": {
            "date": "Wed, 25 Oct 2023 12:34:29 GMT",
            "content-type": "text/html; charset=UTF-8",
            "transfer-encoding": "chunked",
            "connection": "keep-alive",
            "link": "<https://creativecommons.org/>; rel=shortlink",
            "vary": "Accept-Encoding",
            "cache-control": "max-age=1800",
            "cf-cache-status": "HIT",
            "age": "3041",
            "last-modified": "Wed, 25 Oct 2023 11:43:48 GMT",
            "server": "cloudflare",
            "cf-ray": "81ba7e75f885656e-AMS",
            "content-encoding": "gzip"
        }
    },
    {
        "number": 8,
        "request": "GET https://creativecommons.org/  HTTP/1.1\r\nHost: creativecommons.org\r\nUser-Agent: Mozilla/5.0 (Windows NT 10.0; rv:102.0) Gecko/20100101 Firefox/102.0\r\nAccept: text/html,application/xhtml+xml,application/xml;q=0.9,image/avif,image/webp,*/*;q=0.8\r\nAccept-Encoding: gzip, deflate, br\r\nAccept-Language: en-US,en;q=0.5\r\nDNT: 1\r\nConnection: keep-alive\r\nUpgrade-Insecure-Requests: 1\r\nSec-Fetch-Dest: document\r\nSec-Fetch-Mode: navigate\r\nSec-Fetch-Site: cross-site\r\n\r\n",
        "deviation_count": 0,
        "uri": "https://creativecommons.org/",
        "request_length": 461,
        "Response_Time": 0.0776216983795166,
        "status_code": 200,
        "reason_phrase": "OK",
        "error_message": [
            ""
        ],
        "response_header_count": 13,
        "response_header_length": 13,
        "response_body_length": 743,
        "response_header_fields": {
            "date": "Wed, 25 Oct 2023 12:34:39 GMT",
            "content-type": "text/html; charset=UTF-8",
            "transfer-encoding": "chunked",
            "connection": "keep-alive",
            "link": "<https://creativecommons.org/>; rel=shortlink",
            "vary": "Accept-Encoding",
            "cache-control": "max-age=1800",
            "cf-cache-status": "HIT",
            "age": "98",
            "last-modified": "Wed, 25 Oct 2023 12:33:01 GMT",
            "server": "cloudflare",
            "cf-ray": "81ba7eb63e72b963-AMS",
            "content-encoding": "gzip"
        }
    },
    {
        "number": 9,
        "request": "GET https://creativecommons.org/  HTTP/1.1\r\nHost: creativecommons.org\r\nUser-Agent: Mozilla/5.0 (Windows NT 10.0; rv:102.0) Gecko/20100101 Firefox/102.0\r\nAccept: text/html,application/xhtml+xml,application/xml;q=0.9,image/avif,image/webp,*/*;q=0.8\r\nAccept-Encoding: gzip, deflate, br\r\nAccept-Language: en-US,en;q=0.5\r\nDNT: 1\r\nConnection: keep-alive\r\nUpgrade-Insecure-Requests: 1\r\nSec-Fetch-Dest: document\r\nSec-Fetch-Mode: navigate\r\nSec-Fetch-Site: cross-site\r\n\r\n",
        "deviation_count": 0,
        "uri": "https://creativecommons.org/",
        "request_length": 461,
        "Response_Time": 0.044096946716308594,
        "status_code": 200,
        "reason_phrase": "OK",
        "error_message": [
            ""
        ],
        "response_header_count": 13,
        "response_header_length": 13,
        "response_body_length": 742,
        "response_header_fields": {
            "date": "Wed, 25 Oct 2023 12:34:49 GMT",
            "content-type": "text/html; charset=UTF-8",
            "transfer-encoding": "chunked",
            "connection": "keep-alive",
            "link": "<https://creativecommons.org/>; rel=shortlink",
            "vary": "Accept-Encoding",
            "cache-control": "max-age=1800",
            "cf-cache-status": "HIT",
            "age": "108",
            "last-modified": "Wed, 25 Oct 2023 12:33:01 GMT",
            "server": "cloudflare",
            "cf-ray": "81ba7ef32c6bb97e-AMS",
            "content-encoding": "gzip"
        }
    }
]