,Attempt No.,uri,Deviation Count,Status Code,Response_Time,response_header_count,response_header_length,response_body_length,response_header_fields
0,0,https://marketingplatform.google.com/about/analytics/,0,200,0.03310823440551758,17,17,471,"{'accept-ranges': 'bytes', 'vary': 'Accept-Encoding', 'content-encoding': 'br', 'content-type': 'text/html', 'content-security-policy-report-only': ""require-trusted-types-for 'script'; report-uri https://csp.withgoogle.com/csp/uxe-owners-acl/marketing_platform"", 'cross-origin-resource-policy': 'cross-origin', 'cross-origin-opener-policy-report-only': 'same-origin; report-to=""uxe-owners-acl/marketing_platform""', 'report-to': '{""group"":""uxe-owners-acl/marketing_platform"",""max_age"":2592000,""endpoints"":[{""url"":""https://csp.withgoogle.com/csp/report-to/uxe-owners-acl/marketing_platform""}]}', 'content-length': '18433', 'date': 'Wed, 25 Oct 2023 12:33:12 GMT', 'expires': 'Wed, 25 Oct 2023 12:33:12 GMT', 'cache-control': 'private, max-age=3000', 'last-modified': 'Tue, 26 Sep 2023 07:08:00 GMT', 'x-content-type-options': 'nosniff', 'server': 'sffe', 'x-xss-protection': '0', 'alt-svc': 'h3="":443""; ma=2592000,h3-29="":443""; ma=2592000'}"
1,1,https://marketingplatform.google.com/about/analytics/,0,200,0.046724796295166016,17,17,471,"{'accept-ranges': 'bytes', 'vary': 'Accept-Encoding', 'content-encoding': 'br', 'content-type': 'text/html', 'content-security-policy-report-only': ""require-trusted-types-for 'script'; report-uri https://csp.withgoogle.com/csp/uxe-owners-acl/marketing_platform"", 'cross-origin-resource-policy': 'cross-origin', 'cross-origin-opener-policy-report-only': 'same-origin; report-to=""uxe-owners-acl/marketing_platform""', 'report-to': '{""group"":""uxe-owners-acl/marketing_platform"",""max_age"":2592000,""endpoints"":[{""url"":""https://csp.withgoogle.com/csp/report-to/uxe-owners-acl/marketing_platform""}]}', 'content-length': '18433', 'date': 'Wed, 25 Oct 2023 12:33:23 GMT', 'expires': 'Wed, 25 Oct 2023 12:33:23 GMT', 'cache-control': 'private, max-age=3000', 'last-modified': 'Tue, 26 Sep 2023 07:08:00 GMT', 'x-content-type-options': 'nosniff', 'server': 'sffe', 'x-xss-protection': '0', 'alt-svc': 'h3="":443""; ma=2592000,h3-29="":443""; ma=2592000'}"
2,2,https://marketingplatform.google.com/about/analytics/,0,200,0.051476478576660156,17,17,471,"{'accept-ranges': 'bytes', 'vary': 'Accept-Encoding', 'content-encoding': 'br', 'content-type': 'text/html', 'content-security-policy-report-only': ""require-trusted-types-for 'script'; report-uri https://csp.withgoogle.com/csp/uxe-owners-acl/marketing_platform"", 'cross-origin-resource-policy': 'cross-origin', 'cross-origin-opener-policy-report-only': 'same-origin; report-to=""uxe-owners-acl/marketing_platform""', 'report-to': '{""group"":""uxe-owners-acl/marketing_platform"",""max_age"":2592000,""endpoints"":[{""url"":""https://csp.withgoogle.com/csp/report-to/uxe-owners-acl/marketing_platform""}]}', 'content-length': '18433', 'date': 'Wed, 25 Oct 2023 12:33:33 GMT', 'expires': 'Wed, 25 Oct 2023 12:33:33 GMT', 'cache-control': 'private, max-age=3000', 'last-modified': 'Tue, 26 Sep 2023 07:08:00 GMT', 'x-content-type-options': 'nosniff', 'server': 'sffe', 'x-xss-protection': '0', 'alt-svc': 'h3="":443""; ma=2592000,h3-29="":443""; ma=2592000'}"
3,3,https://marketingplatform.google.com/about/analytics/,0,200,0.06144285202026367,17,17,471,"{'accept-ranges': 'bytes', 'vary': 'Accept-Encoding', 'content-encoding': 'br', 'content-type': 'text/html', 'content-security-policy-report-only': ""require-trusted-types-for 'script'; report-uri https://csp.withgoogle.com/csp/uxe-owners-acl/marketing_platform"", 'cross-origin-resource-policy': 'cross-origin', 'cross-origin-opener-policy-report-only': 'same-origin; report-to=""uxe-owners-acl/marketing_platform""', 'report-to': '{""group"":""uxe-owners-acl/marketing_platform"",""max_age"":2592000,""endpoints"":[{""url"":""https://csp.withgoogle.com/csp/report-to/uxe-owners-acl/marketing_platform""}]}', 'content-length': '18433', 'date': 'Wed, 25 Oct 2023 12:33:45 GMT', 'expires': 'Wed, 25 Oct 2023 12:33:45 GMT', 'cache-control': 'private, max-age=3000', 'last-modified': 'Tue, 26 Sep 2023 07:08:00 GMT', 'x-content-type-options': 'nosniff', 'server': 'sffe', 'x-xss-protection': '0', 'alt-svc': 'h3="":443""; ma=2592000,h3-29="":443""; ma=2592000'}"
4,4,https://marketingplatform.google.com/about/analytics/,0,200,0.0844268798828125,17,17,471,"{'accept-ranges': 'bytes', 'vary': 'Accept-Encoding', 'content-encoding': 'br', 'content-type': 'text/html', 'content-security-policy-report-only': ""require-trusted-types-for 'script'; report-uri https://csp.withgoogle.com/csp/uxe-owners-acl/marketing_platform"", 'cross-origin-resource-policy': 'cross-origin', 'cross-origin-opener-policy-report-only': 'same-origin; report-to=""uxe-owners-acl/marketing_platform""', 'report-to': '{""group"":""uxe-owners-acl/marketing_platform"",""max_age"":2592000,""endpoints"":[{""url"":""https://csp.withgoogle.com/csp/report-to/uxe-owners-acl/marketing_platform""}]}', 'content-length': '18433', 'date': 'Wed, 25 Oct 2023 12:33:56 GMT', 'expires': 'Wed, 25 Oct 2023 12:33:56 GMT', 'cache-control': 'private, max-age=3000', 'last-modified': 'Tue, 26 Sep 2023 07:08:00 GMT', 'x-content-type-options': 'nosniff', 'server': 'sffe', 'x-xss-protection': '0', 'alt-svc': 'h3="":443""; ma=2592000,h3-29="":443""; ma=2592000'}"
5,5,https://marketingplatform.google.com/about/analytics/,0,200,0.06556940078735352,17,17,471,"{'accept-ranges': 'bytes', 'vary': 'Accept-Encoding', 'content-encoding': 'br', 'content-type': 'text/html', 'content-security-policy-report-only': ""require-trusted-types-for 'script'; report-uri https://csp.withgoogle.com/csp/uxe-owners-acl/marketing_platform"", 'cross-origin-resource-policy': 'cross-origin', 'cross-origin-opener-policy-report-only': 'same-origin; report-to=""uxe-owners-acl/marketing_platform""', 'report-to': '{""group"":""uxe-owners-acl/marketing_platform"",""max_age"":2592000,""endpoints"":[{""url"":""https://csp.withgoogle.com/csp/report-to/uxe-owners-acl/marketing_platform""}]}', 'content-length': '18433', 'date': 'Wed, 25 Oct 2023 12:34:07 GMT', 'expires': 'Wed, 25 Oct 2023 12:34:07 GMT', 'cache-control': 'private, max-age=3000', 'last-modified': 'Tue, 26 Sep 2023 07:08:00 GMT', 'x-content-type-options': 'nosniff', 'server': 'sffe', 'x-xss-protection': '0', 'alt-svc': 'h3="":443""; ma=2592000,h3-29="":443""; ma=2592000'}"
6,6,https://marketingplatform.google.com/about/analytics/,0,200,0.051055192947387695,17,17,471,"{'accept-ranges': 'bytes', 'vary': 'Accept-Encoding', 'content-encoding': 'br', 'content-type': 'text/html', 'content-security-policy-report-only': ""require-trusted-types-for 'script'; report-uri https://csp.withgoogle.com/csp/uxe-owners-acl/marketing_platform"", 'cross-origin-resource-policy': 'cross-origin', 'cross-origin-opener-policy-report-only': 'same-origin; report-to=""uxe-owners-acl/marketing_platform""', 'report-to': '{""group"":""uxe-owners-acl/marketing_platform"",""max_age"":2592000,""endpoints"":[{""url"":""https://csp.withgoogle.com/csp/report-to/uxe-owners-acl/marketing_platform""}]}', 'content-length': '18433', 'date': 'Wed, 25 Oct 2023 12:34:18 GMT', 'expires': 'Wed, 25 Oct 2023 12:34:18 GMT', 'cache-control': 'private, max-age=3000', 'last-modified': 'Tue, 26 Sep 2023 07:08:00 GMT', 'x-content-type-options': 'nosniff', 'server': 'sffe', 'x-xss-protection': '0', 'alt-svc': 'h3="":443""; ma=2592000,h3-29="":443""; ma=2592000'}"
7,7,https://marketingplatform.google.com/about/analytics/,0,200,0.04190516471862793,17,17,471,"{'accept-ranges': 'bytes', 'vary': 'Accept-Encoding', 'content-encoding': 'br', 'content-type': 'text/html', 'content-security-policy-report-only': ""require-trusted-types-for 'script'; report-uri https://csp.withgoogle.com/csp/uxe-owners-acl/marketing_platform"", 'cross-origin-resource-policy': 'cross-origin', 'cross-origin-opener-policy-report-only': 'same-origin; report-to=""uxe-owners-acl/marketing_platform""', 'report-to': '{""group"":""uxe-owners-acl/marketing_platform"",""max_age"":2592000,""endpoints"":[{""url"":""https://csp.withgoogle.com/csp/report-to/uxe-owners-acl/marketing_platform""}]}', 'content-length': '18433', 'date': 'Wed, 25 Oct 2023 12:34:29 GMT', 'expires': 'Wed, 25 Oct 2023 12:34:29 GMT', 'cache-control': 'private, max-age=3000', 'last-modified': 'Tue, 26 Sep 2023 07:08:00 GMT', 'x-content-type-options': 'nosniff', 'server': 'sffe', 'x-xss-protection': '0', 'alt-svc': 'h3="":443""; ma=2592000,h3-29="":443""; ma=2592000'}"
8,8,https://marketingplatform.google.com/about/analytics/,0,200,0.06061983108520508,17,17,471,"{'accept-ranges': 'bytes', 'vary': 'Accept-Encoding', 'content-encoding': 'br', 'content-type': 'text/html', 'content-security-policy-report-only': ""require-trusted-types-for 'script'; report-uri https://csp.withgoogle.com/csp/uxe-owners-acl/marketing_platform"", 'cross-origin-resource-policy': 'cross-origin', 'cross-origin-opener-policy-report-only': 'same-origin; report-to=""uxe-owners-acl/marketing_platform""', 'report-to': '{""group"":""uxe-owners-acl/marketing_platform"",""max_age"":2592000,""endpoints"":[{""url"":""https://csp.withgoogle.com/csp/report-to/uxe-owners-acl/marketing_platform""}]}', 'content-length': '18433', 'date': 'Wed, 25 Oct 2023 12:34:40 GMT', 'expires': 'Wed, 25 Oct 2023 12:34:40 GMT', 'cache-control': 'private, max-age=3000', 'last-modified': 'Tue, 26 Sep 2023 07:08:00 GMT', 'x-content-type-options': 'nosniff', 'server': 'sffe', 'x-xss-protection': '0', 'alt-svc': 'h3="":443""; ma=2592000,h3-29="":443""; ma=2592000'}"
9,9,https://marketingplatform.google.com/about/analytics/,0,200,0.03861832618713379,17,17,471,"{'accept-ranges': 'bytes', 'vary': 'Accept-Encoding', 'content-encoding': 'br', 'content-type': 'text/html', 'content-security-policy-report-only': ""require-trusted-types-for 'script'; report-uri https://csp.withgoogle.com/csp/uxe-owners-acl/marketing_platform"", 'cross-origin-resource-policy': 'cross-origin', 'cross-origin-opener-policy-report-only': 'same-origin; report-to=""uxe-owners-acl/marketing_platform""', 'report-to': '{""group"":""uxe-owners-acl/marketing_platform"",""max_age"":2592000,""endpoints"":[{""url"":""https://csp.withgoogle.com/csp/report-to/uxe-owners-acl/marketing_platform""}]}', 'content-length': '18433', 'date': 'Wed, 25 Oct 2023 12:34:50 GMT', 'expires': 'Wed, 25 Oct 2023 12:34:50 GMT', 'cache-control': 'private, max-age=3000', 'last-modified': 'Tue, 26 Sep 2023 07:08:00 GMT', 'x-content-type-options': 'nosniff', 'server': 'sffe', 'x-xss-protection': '0', 'alt-svc': 'h3="":443""; ma=2592000,h3-29="":443""; ma=2592000'}"
