number,request,deviation_count,uri,request_length,http_version,Socket_Connect_Time,Socket_Close_Time,Response_Time,status_code,reason_phrase,error_message,response_header_count,response_header_length,response_body_length,response_header_fields
0,"GET https://marketingplatform.google.com/about/analytics/ HTTP/1.1
Host: marketingplatform.google.com
User-Agent: Mozilla/5.0 (Windows NT 10.0; rv:102.0) Gecko/20100101 Firefox/102.0
Accept: text/html,application/xhtml+xml,application/xml;q=0.9,image/avif,image/webp,*/*;q=0.8
Accept-Encoding: gzip, deflate, br
Accept-Language: en-US,en;q=0.5
DNT: 1
Connection: keep-alive
Upgrade-Insecure-Requests: 1
Sec-Fetch-Dest: document
Sec-Fetch-Mode: navigate
Sec-Fetch-Site: cross-site

",0,https://marketingplatform.google.com/about/analytics/,494,HTTP/1.1,0.1826460361480713,0.19960451126098633,0.03310823440551758,200,OK,[''],17,17,471,"{""accept-ranges"": ""bytes"", ""vary"": ""Accept-Encoding"", ""content-encoding"": ""br"", ""content-type"": ""text/html"", ""content-security-policy-report-only"": ""require-trusted-types-for 'script'; report-uri https://csp.withgoogle.com/csp/uxe-owners-acl/marketing_platform"", ""cross-origin-resource-policy"": ""cross-origin"", ""cross-origin-opener-policy-report-only"": ""same-origin; report-to=\""uxe-owners-acl/marketing_platform\"""", ""report-to"": ""{\""group\"":\""uxe-owners-acl/marketing_platform\"",\""max_age\"":2592000,\""endpoints\"":[{\""url\"":\""https://csp.withgoogle.com/csp/report-to/uxe-owners-acl/marketing_platform\""}]}"", ""content-length"": ""18433"", ""date"": ""Wed, 25 Oct 2023 12:33:12 GMT"", ""expires"": ""Wed, 25 Oct 2023 12:33:12 GMT"", ""cache-control"": ""private, max-age=3000"", ""last-modified"": ""Tue, 26 Sep 2023 07:08:00 GMT"", ""x-content-type-options"": ""nosniff"", ""server"": ""sffe"", ""x-xss-protection"": ""0"", ""alt-svc"": ""h3=\"":443\""; ma=2592000,h3-29=\"":443\""; ma=2592000""}"
1,"GET https://marketingplatform.google.com/about/analytics/ HTTP/1.1
Host: marketingplatform.google.com
User-Agent: Mozilla/5.0 (Windows NT 10.0; rv:102.0) Gecko/20100101 Firefox/102.0
Accept: text/html,application/xhtml+xml,application/xml;q=0.9,image/avif,image/webp,*/*;q=0.8
Accept-Encoding: gzip, deflate, br
Accept-Language: en-US,en;q=0.5
DNT: 1
Connection: keep-alive
Upgrade-Insecure-Requests: 1
Sec-Fetch-Dest: document
Sec-Fetch-Mode: navigate
Sec-Fetch-Site: cross-site

",0,https://marketingplatform.google.com/about/analytics/,494,HTTP/1.1,0.13747787475585938,0.12776708602905273,0.046724796295166016,200,OK,[''],17,17,471,"{""accept-ranges"": ""bytes"", ""vary"": ""Accept-Encoding"", ""content-encoding"": ""br"", ""content-type"": ""text/html"", ""content-security-policy-report-only"": ""require-trusted-types-for 'script'; report-uri https://csp.withgoogle.com/csp/uxe-owners-acl/marketing_platform"", ""cross-origin-resource-policy"": ""cross-origin"", ""cross-origin-opener-policy-report-only"": ""same-origin; report-to=\""uxe-owners-acl/marketing_platform\"""", ""report-to"": ""{\""group\"":\""uxe-owners-acl/marketing_platform\"",\""max_age\"":2592000,\""endpoints\"":[{\""url\"":\""https://csp.withgoogle.com/csp/report-to/uxe-owners-acl/marketing_platform\""}]}"", ""content-length"": ""18433"", ""date"": ""Wed, 25 Oct 2023 12:33:23 GMT"", ""expires"": ""Wed, 25 Oct 2023 12:33:23 GMT"", ""cache-control"": ""private, max-age=3000"", ""last-modified"": ""Tue, 26 Sep 2023 07:08:00 GMT"", ""x-content-type-options"": ""nosniff"", ""server"": ""sffe"", ""x-xss-protection"": ""0"", ""alt-svc"": ""h3=\"":443\""; ma=2592000,h3-29=\"":443\""; ma=2592000""}"
2,"GET https://marketingplatform.google.com/about/analytics/ HTTP/1.1
Host: marketingplatform.google.com
User-Agent: Mozilla/5.0 (Windows NT 10.0; rv:102.0) Gecko/20100101 Firefox/102.0
Accept: text/html,application/xhtml+xml,application/xml;q=0.9,image/avif,image/webp,*/*;q=0.8
Accept-Encoding: gzip, deflate, br
Accept-Language: en-US,en;q=0.5
DNT: 1
Connection: keep-alive
Upgrade-Insecure-Requests: 1
Sec-Fetch-Dest: document
Sec-Fetch-Mode: navigate
Sec-Fetch-Site: cross-site

",0,https://marketingplatform.google.com/about/analytics/,494,HTTP/1.1,0.21535038948059082,0.1616830825805664,0.051476478576660156,200,OK,[''],17,17,471,"{""accept-ranges"": ""bytes"", ""vary"": ""Accept-Encoding"", ""content-encoding"": ""br"", ""content-type"": ""text/html"", ""content-security-policy-report-only"": ""require-trusted-types-for 'script'; report-uri https://csp.withgoogle.com/csp/uxe-owners-acl/marketing_platform"", ""cross-origin-resource-policy"": ""cross-origin"", ""cross-origin-opener-policy-report-only"": ""same-origin; report-to=\""uxe-owners-acl/marketing_platform\"""", ""report-to"": ""{\""group\"":\""uxe-owners-acl/marketing_platform\"",\""max_age\"":2592000,\""endpoints\"":[{\""url\"":\""https://csp.withgoogle.com/csp/report-to/uxe-owners-acl/marketing_platform\""}]}"", ""content-length"": ""18433"", ""date"": ""Wed, 25 Oct 2023 12:33:33 GMT"", ""expires"": ""Wed, 25 Oct 2023 12:33:33 GMT"", ""cache-control"": ""private, max-age=3000"", ""last-modified"": ""Tue, 26 Sep 2023 07:08:00 GMT"", ""x-content-type-options"": ""nosniff"", ""server"": ""sffe"", ""x-xss-protection"": ""0"", ""alt-svc"": ""h3=\"":443\""; ma=2592000,h3-29=\"":443\""; ma=2592000""}"
3,"GET https://marketingplatform.google.com/about/analytics/ HTTP/1.1
Host: marketingplatform.google.com
User-Agent: Mozilla/5.0 (Windows NT 10.0; rv:102.0) Gecko/20100101 Firefox/102.0
Accept: text/html,application/xhtml+xml,application/xml;q=0.9,image/avif,image/webp,*/*;q=0.8
Accept-Encoding: gzip, deflate, br
Accept-Language: en-US,en;q=0.5
DNT: 1
Connection: keep-alive
Upgrade-Insecure-Requests: 1
Sec-Fetch-Dest: document
Sec-Fetch-Mode: navigate
Sec-Fetch-Site: cross-site

",0,https://marketingplatform.google.com/about/analytics/,494,HTTP/1.1,0.1955723762512207,0.12036466598510742,0.06144285202026367,200,OK,[''],17,17,471,"{""accept-ranges"": ""bytes"", ""vary"": ""Accept-Encoding"", ""content-encoding"": ""br"", ""content-type"": ""text/html"", ""content-security-policy-report-only"": ""require-trusted-types-for 'script'; report-uri https://csp.withgoogle.com/csp/uxe-owners-acl/marketing_platform"", ""cross-origin-resource-policy"": ""cross-origin"", ""cross-origin-opener-policy-report-only"": ""same-origin; report-to=\""uxe-owners-acl/marketing_platform\"""", ""report-to"": ""{\""group\"":\""uxe-owners-acl/marketing_platform\"",\""max_age\"":2592000,\""endpoints\"":[{\""url\"":\""https://csp.withgoogle.com/csp/report-to/uxe-owners-acl/marketing_platform\""}]}"", ""content-length"": ""18433"", ""date"": ""Wed, 25 Oct 2023 12:33:45 GMT"", ""expires"": ""Wed, 25 Oct 2023 12:33:45 GMT"", ""cache-control"": ""private, max-age=3000"", ""last-modified"": ""Tue, 26 Sep 2023 07:08:00 GMT"", ""x-content-type-options"": ""nosniff"", ""server"": ""sffe"", ""x-xss-protection"": ""0"", ""alt-svc"": ""h3=\"":443\""; ma=2592000,h3-29=\"":443\""; ma=2592000""}"
4,"GET https://marketingplatform.google.com/about/analytics/ HTTP/1.1
Host: marketingplatform.google.com
User-Agent: Mozilla/5.0 (Windows NT 10.0; rv:102.0) Gecko/20100101 Firefox/102.0
Accept: text/html,application/xhtml+xml,application/xml;q=0.9,image/avif,image/webp,*/*;q=0.8
Accept-Encoding: gzip, deflate, br
Accept-Language: en-US,en;q=0.5
DNT: 1
Connection: keep-alive
Upgrade-Insecure-Requests: 1
Sec-Fetch-Dest: document
Sec-Fetch-Mode: navigate
Sec-Fetch-Site: cross-site

",0,https://marketingplatform.google.com/about/analytics/,494,HTTP/1.1,0.24218201637268066,0.11915445327758789,0.0844268798828125,200,OK,[''],17,17,471,"{""accept-ranges"": ""bytes"", ""vary"": ""Accept-Encoding"", ""content-encoding"": ""br"", ""content-type"": ""text/html"", ""content-security-policy-report-only"": ""require-trusted-types-for 'script'; report-uri https://csp.withgoogle.com/csp/uxe-owners-acl/marketing_platform"", ""cross-origin-resource-policy"": ""cross-origin"", ""cross-origin-opener-policy-report-only"": ""same-origin; report-to=\""uxe-owners-acl/marketing_platform\"""", ""report-to"": ""{\""group\"":\""uxe-owners-acl/marketing_platform\"",\""max_age\"":2592000,\""endpoints\"":[{\""url\"":\""https://csp.withgoogle.com/csp/report-to/uxe-owners-acl/marketing_platform\""}]}"", ""content-length"": ""18433"", ""date"": ""Wed, 25 Oct 2023 12:33:56 GMT"", ""expires"": ""Wed, 25 Oct 2023 12:33:56 GMT"", ""cache-control"": ""private, max-age=3000"", ""last-modified"": ""Tue, 26 Sep 2023 07:08:00 GMT"", ""x-content-type-options"": ""nosniff"", ""server"": ""sffe"", ""x-xss-protection"": ""0"", ""alt-svc"": ""h3=\"":443\""; ma=2592000,h3-29=\"":443\""; ma=2592000""}"
5,"GET https://marketingplatform.google.com/about/analytics/ HTTP/1.1
Host: marketingplatform.google.com
User-Agent: Mozilla/5.0 (Windows NT 10.0; rv:102.0) Gecko/20100101 Firefox/102.0
Accept: text/html,application/xhtml+xml,application/xml;q=0.9,image/avif,image/webp,*/*;q=0.8
Accept-Encoding: gzip, deflate, br
Accept-Language: en-US,en;q=0.5
DNT: 1
Connection: keep-alive
Upgrade-Insecure-Requests: 1
Sec-Fetch-Dest: document
Sec-Fetch-Mode: navigate
Sec-Fetch-Site: cross-site

",0,https://marketingplatform.google.com/about/analytics/,494,HTTP/1.1,0.26082944869995117,0.11294341087341309,0.06556940078735352,200,OK,[''],17,17,471,"{""accept-ranges"": ""bytes"", ""vary"": ""Accept-Encoding"", ""content-encoding"": ""br"", ""content-type"": ""text/html"", ""content-security-policy-report-only"": ""require-trusted-types-for 'script'; report-uri https://csp.withgoogle.com/csp/uxe-owners-acl/marketing_platform"", ""cross-origin-resource-policy"": ""cross-origin"", ""cross-origin-opener-policy-report-only"": ""same-origin; report-to=\""uxe-owners-acl/marketing_platform\"""", ""report-to"": ""{\""group\"":\""uxe-owners-acl/marketing_platform\"",\""max_age\"":2592000,\""endpoints\"":[{\""url\"":\""https://csp.withgoogle.com/csp/report-to/uxe-owners-acl/marketing_platform\""}]}"", ""content-length"": ""18433"", ""date"": ""Wed, 25 Oct 2023 12:34:07 GMT"", ""expires"": ""Wed, 25 Oct 2023 12:34:07 GMT"", ""cache-control"": ""private, max-age=3000"", ""last-modified"": ""Tue, 26 Sep 2023 07:08:00 GMT"", ""x-content-type-options"": ""nosniff"", ""server"": ""sffe"", ""x-xss-protection"": ""0"", ""alt-svc"": ""h3=\"":443\""; ma=2592000,h3-29=\"":443\""; ma=2592000""}"
6,"GET https://marketingplatform.google.com/about/analytics/ HTTP/1.1
Host: marketingplatform.google.com
User-Agent: Mozilla/5.0 (Windows NT 10.0; rv:102.0) Gecko/20100101 Firefox/102.0
Accept: text/html,application/xhtml+xml,application/xml;q=0.9,image/avif,image/webp,*/*;q=0.8
Accept-Encoding: gzip, deflate, br
Accept-Language: en-US,en;q=0.5
DNT: 1
Connection: keep-alive
Upgrade-Insecure-Requests: 1
Sec-Fetch-Dest: document
Sec-Fetch-Mode: navigate
Sec-Fetch-Site: cross-site

",0,https://marketingplatform.google.com/about/analytics/,494,HTTP/1.1,0.20296573638916016,0.12045025825500488,0.051055192947387695,200,OK,[''],17,17,471,"{""accept-ranges"": ""bytes"", ""vary"": ""Accept-Encoding"", ""content-encoding"": ""br"", ""content-type"": ""text/html"", ""content-security-policy-report-only"": ""require-trusted-types-for 'script'; report-uri https://csp.withgoogle.com/csp/uxe-owners-acl/marketing_platform"", ""cross-origin-resource-policy"": ""cross-origin"", ""cross-origin-opener-policy-report-only"": ""same-origin; report-to=\""uxe-owners-acl/marketing_platform\"""", ""report-to"": ""{\""group\"":\""uxe-owners-acl/marketing_platform\"",\""max_age\"":2592000,\""endpoints\"":[{\""url\"":\""https://csp.withgoogle.com/csp/report-to/uxe-owners-acl/marketing_platform\""}]}"", ""content-length"": ""18433"", ""date"": ""Wed, 25 Oct 2023 12:34:18 GMT"", ""expires"": ""Wed, 25 Oct 2023 12:34:18 GMT"", ""cache-control"": ""private, max-age=3000"", ""last-modified"": ""Tue, 26 Sep 2023 07:08:00 GMT"", ""x-content-type-options"": ""nosniff"", ""server"": ""sffe"", ""x-xss-protection"": ""0"", ""alt-svc"": ""h3=\"":443\""; ma=2592000,h3-29=\"":443\""; ma=2592000""}"
7,"GET https://marketingplatform.google.com/about/analytics/ HTTP/1.1
Host: marketingplatform.google.com
User-Agent: Mozilla/5.0 (Windows NT 10.0; rv:102.0) Gecko/20100101 Firefox/102.0
Accept: text/html,application/xhtml+xml,application/xml;q=0.9,image/avif,image/webp,*/*;q=0.8
Accept-Encoding: gzip, deflate, br
Accept-Language: en-US,en;q=0.5
DNT: 1
Connection: keep-alive
Upgrade-Insecure-Requests: 1
Sec-Fetch-Dest: document
Sec-Fetch-Mode: navigate
Sec-Fetch-Site: cross-site

",0,https://marketingplatform.google.com/about/analytics/,494,HTTP/1.1,0.18122649192810059,0.10469698905944824,0.04190516471862793,200,OK,[''],17,17,471,"{""accept-ranges"": ""bytes"", ""vary"": ""Accept-Encoding"", ""content-encoding"": ""br"", ""content-type"": ""text/html"", ""content-security-policy-report-only"": ""require-trusted-types-for 'script'; report-uri https://csp.withgoogle.com/csp/uxe-owners-acl/marketing_platform"", ""cross-origin-resource-policy"": ""cross-origin"", ""cross-origin-opener-policy-report-only"": ""same-origin; report-to=\""uxe-owners-acl/marketing_platform\"""", ""report-to"": ""{\""group\"":\""uxe-owners-acl/marketing_platform\"",\""max_age\"":2592000,\""endpoints\"":[{\""url\"":\""https://csp.withgoogle.com/csp/report-to/uxe-owners-acl/marketing_platform\""}]}"", ""content-length"": ""18433"", ""date"": ""Wed, 25 Oct 2023 12:34:29 GMT"", ""expires"": ""Wed, 25 Oct 2023 12:34:29 GMT"", ""cache-control"": ""private, max-age=3000"", ""last-modified"": ""Tue, 26 Sep 2023 07:08:00 GMT"", ""x-content-type-options"": ""nosniff"", ""server"": ""sffe"", ""x-xss-protection"": ""0"", ""alt-svc"": ""h3=\"":443\""; ma=2592000,h3-29=\"":443\""; ma=2592000""}"
8,"GET https://marketingplatform.google.com/about/analytics/ HTTP/1.1
Host: marketingplatform.google.com
User-Agent: Mozilla/5.0 (Windows NT 10.0; rv:102.0) Gecko/20100101 Firefox/102.0
Accept: text/html,application/xhtml+xml,application/xml;q=0.9,image/avif,image/webp,*/*;q=0.8
Accept-Encoding: gzip, deflate, br
Accept-Language: en-US,en;q=0.5
DNT: 1
Connection: keep-alive
Upgrade-Insecure-Requests: 1
Sec-Fetch-Dest: document
Sec-Fetch-Mode: navigate
Sec-Fetch-Site: cross-site

",0,https://marketingplatform.google.com/about/analytics/,494,HTTP/1.1,0.20762252807617188,0.11642026901245117,0.06061983108520508,200,OK,[''],17,17,471,"{""accept-ranges"": ""bytes"", ""vary"": ""Accept-Encoding"", ""content-encoding"": ""br"", ""content-type"": ""text/html"", ""content-security-policy-report-only"": ""require-trusted-types-for 'script'; report-uri https://csp.withgoogle.com/csp/uxe-owners-acl/marketing_platform"", ""cross-origin-resource-policy"": ""cross-origin"", ""cross-origin-opener-policy-report-only"": ""same-origin; report-to=\""uxe-owners-acl/marketing_platform\"""", ""report-to"": ""{\""group\"":\""uxe-owners-acl/marketing_platform\"",\""max_age\"":2592000,\""endpoints\"":[{\""url\"":\""https://csp.withgoogle.com/csp/report-to/uxe-owners-acl/marketing_platform\""}]}"", ""content-length"": ""18433"", ""date"": ""Wed, 25 Oct 2023 12:34:40 GMT"", ""expires"": ""Wed, 25 Oct 2023 12:34:40 GMT"", ""cache-control"": ""private, max-age=3000"", ""last-modified"": ""Tue, 26 Sep 2023 07:08:00 GMT"", ""x-content-type-options"": ""nosniff"", ""server"": ""sffe"", ""x-xss-protection"": ""0"", ""alt-svc"": ""h3=\"":443\""; ma=2592000,h3-29=\"":443\""; ma=2592000""}"
9,"GET https://marketingplatform.google.com/about/analytics/ HTTP/1.1
Host: marketingplatform.google.com
User-Agent: Mozilla/5.0 (Windows NT 10.0; rv:102.0) Gecko/20100101 Firefox/102.0
Accept: text/html,application/xhtml+xml,application/xml;q=0.9,image/avif,image/webp,*/*;q=0.8
Accept-Encoding: gzip, deflate, br
Accept-Language: en-US,en;q=0.5
DNT: 1
Connection: keep-alive
Upgrade-Insecure-Requests: 1
Sec-Fetch-Dest: document
Sec-Fetch-Mode: navigate
Sec-Fetch-Site: cross-site

",0,https://marketingplatform.google.com/about/analytics/,494,HTTP/1.1,0.23311996459960938,0.10811543464660645,0.03861832618713379,200,OK,[''],17,17,471,"{""accept-ranges"": ""bytes"", ""vary"": ""Accept-Encoding"", ""content-encoding"": ""br"", ""content-type"": ""text/html"", ""content-security-policy-report-only"": ""require-trusted-types-for 'script'; report-uri https://csp.withgoogle.com/csp/uxe-owners-acl/marketing_platform"", ""cross-origin-resource-policy"": ""cross-origin"", ""cross-origin-opener-policy-report-only"": ""same-origin; report-to=\""uxe-owners-acl/marketing_platform\"""", ""report-to"": ""{\""group\"":\""uxe-owners-acl/marketing_platform\"",\""max_age\"":2592000,\""endpoints\"":[{\""url\"":\""https://csp.withgoogle.com/csp/report-to/uxe-owners-acl/marketing_platform\""}]}"", ""content-length"": ""18433"", ""date"": ""Wed, 25 Oct 2023 12:34:50 GMT"", ""expires"": ""Wed, 25 Oct 2023 12:34:50 GMT"", ""cache-control"": ""private, max-age=3000"", ""last-modified"": ""Tue, 26 Sep 2023 07:08:00 GMT"", ""x-content-type-options"": ""nosniff"", ""server"": ""sffe"", ""x-xss-protection"": ""0"", ""alt-svc"": ""h3=\"":443\""; ma=2592000,h3-29=\"":443\""; ma=2592000""}"
