number,request,deviation_count,uri,request_length,http_version,Socket_Connect_Time,Socket_Close_Time,Response_Time,status_code,reason_phrase,error_message,response_header_count,response_header_length,response_body_length,response_header_fields
0,"GET https://github.com/  HTTP/1.1
Host: github.com
User-Agent: Mozilla/5.0 (Windows NT 10.0; rv:102.0) Gecko/20100101 Firefox/102.0
Accept: text/html,application/xhtml+xml,application/xml;q=0.9,image/avif,image/webp,*/*;q=0.8
Accept-Encoding: gzip, deflate, br
Accept-Language: en-US,en;q=0.5
DNT: 1
Connection: keep-alive
Upgrade-Insecure-Requests: 1
Sec-Fetch-Dest: document
Sec-Fetch-Mode: navigate
Sec-Fetch-Site: cross-site

",0,https://github.com/,443,HTTP/1.1,0.33858370780944824,0.10456633567810059,0.0347447395324707,200,OK,[''],13,13,0,"{""server"": ""GitHub.com"", ""date"": ""Wed, 25 Oct 2023 12:33:06 GMT"", ""content-type"": ""text/html; charset=utf-8"", ""vary"": ""X-PJAX, X-PJAX-Container, Turbo-Visit, Turbo-Frame, Accept-Language, Accept-Encoding, Accept, X-Requested-With"", ""content-language"": ""en-US"", ""etag"": ""W/\""8c03525b3768312882a27529f3585805\"""", ""cache-control"": ""max-age=0, private, must-revalidate"", ""strict-transport-security"": ""max-age=31536000; includeSubdomains; preload"", ""x-frame-options"": ""deny"", ""x-content-type-options"": ""nosniff"", ""x-xss-protection"": ""0"", ""referrer-policy"": ""origin-when-cross-origin, strict-origin-when-cross-origin"", ""content-security-policy"": ""default-src 'none'; base-uri 'self'; child-src github.com/assets-cdn/worker/ gist.github.com/assets-cdn/worker/; connect-src 'self' uploads.github.com www.githubstatus.com collector.github.com raw.githubusercontent.com api.githubcopilot.com api.github.com github-cloud.s3.amazonaws.com github-production-repository-file-5c1aeb.s3.amazonaws.com github-production-upload-manifest-file-7fdce7.s3.amazonaws.com github-production-user-asset-6210df.s3.amazonaws.com cdn.optimizely.com logx.optimizely.com/v1/events objects-origin.githubusercontent.com *.actions.githubusercontent.com productionresultssa0.blob.core.windows.net/ productionresultssa1.blob.core.windows.net/ productionresultssa2.blob.core.windows.net/ productionresultssa3.blob.core.windows.net/ productionre""}"
1,"GET https://github.com/  HTTP/1.1
Host: github.com
User-Agent: Mozilla/5.0 (Windows NT 10.0; rv:102.0) Gecko/20100101 Firefox/102.0
Accept: text/html,application/xhtml+xml,application/xml;q=0.9,image/avif,image/webp,*/*;q=0.8
Accept-Encoding: gzip, deflate, br
Accept-Language: en-US,en;q=0.5
DNT: 1
Connection: keep-alive
Upgrade-Insecure-Requests: 1
Sec-Fetch-Dest: document
Sec-Fetch-Mode: navigate
Sec-Fetch-Site: cross-site

",0,https://github.com/,443,HTTP/1.1,0.2091364860534668,0.13982081413269043,0.06186223030090332,200,OK,[''],13,13,0,"{""server"": ""GitHub.com"", ""date"": ""Wed, 25 Oct 2023 12:33:16 GMT"", ""content-type"": ""text/html; charset=utf-8"", ""vary"": ""X-PJAX, X-PJAX-Container, Turbo-Visit, Turbo-Frame, Accept-Language, Accept-Encoding, Accept, X-Requested-With"", ""content-language"": ""en-US"", ""etag"": ""W/\""e770ce8ffc398508af9473d571e0b67a\"""", ""cache-control"": ""max-age=0, private, must-revalidate"", ""strict-transport-security"": ""max-age=31536000; includeSubdomains; preload"", ""x-frame-options"": ""deny"", ""x-content-type-options"": ""nosniff"", ""x-xss-protection"": ""0"", ""referrer-policy"": ""origin-when-cross-origin, strict-origin-when-cross-origin"", ""content-security-policy"": ""default-src 'none'; base-uri 'self'; child-src github.com/assets-cdn/worker/ gist.github.com/assets-cdn/worker/; connect-src 'self' uploads.github.com www.githubstatus.com collector.github.com raw.githubusercontent.com api.githubcopilot.com api.github.com github-cloud.s3.amazonaws.com github-production-repository-file-5c1aeb.s3.amazonaws.com github-production-upload-manifest-file-7fdce7.s3.amazonaws.com github-production-user-asset-6210df.s3.amazonaws.com cdn.optimizely.com logx.optimizely.com/v1/events objects-origin.githubusercontent.com *.actions.githubusercontent.com productionresultssa0.blob.core.windows.net/ productionresultssa1.blob.core.windows.net/ productionresultssa2.blob.core.windows.net/ productionresultssa3.blob.core.windows.net/ productionre""}"
2,"GET https://github.com/  HTTP/1.1
Host: github.com
User-Agent: Mozilla/5.0 (Windows NT 10.0; rv:102.0) Gecko/20100101 Firefox/102.0
Accept: text/html,application/xhtml+xml,application/xml;q=0.9,image/avif,image/webp,*/*;q=0.8
Accept-Encoding: gzip, deflate, br
Accept-Language: en-US,en;q=0.5
DNT: 1
Connection: keep-alive
Upgrade-Insecure-Requests: 1
Sec-Fetch-Dest: document
Sec-Fetch-Mode: navigate
Sec-Fetch-Site: cross-site

",0,https://github.com/,443,HTTP/1.1,0.15173673629760742,0.16584110260009766,0.048859357833862305,200,OK,[''],13,13,0,"{""server"": ""GitHub.com"", ""date"": ""Wed, 25 Oct 2023 12:33:26 GMT"", ""content-type"": ""text/html; charset=utf-8"", ""vary"": ""X-PJAX, X-PJAX-Container, Turbo-Visit, Turbo-Frame, Accept-Language, Accept-Encoding, Accept, X-Requested-With"", ""content-language"": ""en-US"", ""etag"": ""W/\""109c710cecca3c78bfebbb348badb6a2\"""", ""cache-control"": ""max-age=0, private, must-revalidate"", ""strict-transport-security"": ""max-age=31536000; includeSubdomains; preload"", ""x-frame-options"": ""deny"", ""x-content-type-options"": ""nosniff"", ""x-xss-protection"": ""0"", ""referrer-policy"": ""origin-when-cross-origin, strict-origin-when-cross-origin"", ""content-security-policy"": ""default-src 'none'; base-uri 'self'; child-src github.com/assets-cdn/worker/ gist.github.com/assets-cdn/worker/; connect-src 'self' uploads.github.com www.githubstatus.com collector.github.com raw.githubusercontent.com api.githubcopilot.com api.github.com github-cloud.s3.amazonaws.com github-production-repository-file-5c1aeb.s3.amazonaws.com github-production-upload-manifest-file-7fdce7.s3.amazonaws.com github-production-user-asset-6210df.s3.amazonaws.com cdn.optimizely.com logx.optimizely.com/v1/events objects-origin.githubusercontent.com *.actions.githubusercontent.com productionresultssa0.blob.core.windows.net/ productionresultssa1.blob.core.windows.net/ productionresultssa2.blob.core.windows.net/ productionresultssa3.blob.core.windows.net/ productionre""}"
3,"GET https://github.com/  HTTP/1.1
Host: github.com
User-Agent: Mozilla/5.0 (Windows NT 10.0; rv:102.0) Gecko/20100101 Firefox/102.0
Accept: text/html,application/xhtml+xml,application/xml;q=0.9,image/avif,image/webp,*/*;q=0.8
Accept-Encoding: gzip, deflate, br
Accept-Language: en-US,en;q=0.5
DNT: 1
Connection: keep-alive
Upgrade-Insecure-Requests: 1
Sec-Fetch-Dest: document
Sec-Fetch-Mode: navigate
Sec-Fetch-Site: cross-site

",0,https://github.com/,443,HTTP/1.1,0.2223966121673584,0.11821651458740234,0.02201223373413086,200,OK,[''],13,13,0,"{""server"": ""GitHub.com"", ""date"": ""Wed, 25 Oct 2023 12:33:33 GMT"", ""content-type"": ""text/html; charset=utf-8"", ""vary"": ""X-PJAX, X-PJAX-Container, Turbo-Visit, Turbo-Frame, Accept-Language, Accept-Encoding, Accept, X-Requested-With"", ""content-language"": ""en-US"", ""etag"": ""W/\""bdfc00b63e4c9d044817a80774d5b594\"""", ""cache-control"": ""max-age=0, private, must-revalidate"", ""strict-transport-security"": ""max-age=31536000; includeSubdomains; preload"", ""x-frame-options"": ""deny"", ""x-content-type-options"": ""nosniff"", ""x-xss-protection"": ""0"", ""referrer-policy"": ""origin-when-cross-origin, strict-origin-when-cross-origin"", ""content-security-policy"": ""default-src 'none'; base-uri 'self'; child-src github.com/assets-cdn/worker/ gist.github.com/assets-cdn/worker/; connect-src 'self' uploads.github.com www.githubstatus.com collector.github.com raw.githubusercontent.com api.githubcopilot.com api.github.com github-cloud.s3.amazonaws.com github-production-repository-file-5c1aeb.s3.amazonaws.com github-production-upload-manifest-file-7fdce7.s3.amazonaws.com github-production-user-asset-6210df.s3.amazonaws.com cdn.optimizely.com logx.optimizely.com/v1/events objects-origin.githubusercontent.com *.actions.githubusercontent.com productionresultssa0.blob.core.windows.net/ productionresultssa1.blob.core.windows.net/ productionresultssa2.blob.core.windows.net/ productionresultssa3.blob.core.windows.net/ productionre""}"
4,"GET https://github.com/  HTTP/1.1
Host: github.com
User-Agent: Mozilla/5.0 (Windows NT 10.0; rv:102.0) Gecko/20100101 Firefox/102.0
Accept: text/html,application/xhtml+xml,application/xml;q=0.9,image/avif,image/webp,*/*;q=0.8
Accept-Encoding: gzip, deflate, br
Accept-Language: en-US,en;q=0.5
DNT: 1
Connection: keep-alive
Upgrade-Insecure-Requests: 1
Sec-Fetch-Dest: document
Sec-Fetch-Mode: navigate
Sec-Fetch-Site: cross-site

",0,https://github.com/,443,HTTP/1.1,0.20171308517456055,0.10671663284301758,0.026599645614624023,200,OK,[''],13,13,0,"{""server"": ""GitHub.com"", ""date"": ""Wed, 25 Oct 2023 12:33:44 GMT"", ""content-type"": ""text/html; charset=utf-8"", ""vary"": ""X-PJAX, X-PJAX-Container, Turbo-Visit, Turbo-Frame, Accept-Language, Accept-Encoding, Accept, X-Requested-With"", ""content-language"": ""en-US"", ""etag"": ""W/\""3d0c110050ab7f52511441141e3765a9\"""", ""cache-control"": ""max-age=0, private, must-revalidate"", ""strict-transport-security"": ""max-age=31536000; includeSubdomains; preload"", ""x-frame-options"": ""deny"", ""x-content-type-options"": ""nosniff"", ""x-xss-protection"": ""0"", ""referrer-policy"": ""origin-when-cross-origin, strict-origin-when-cross-origin"", ""content-security-policy"": ""default-src 'none'; base-uri 'self'; child-src github.com/assets-cdn/worker/ gist.github.com/assets-cdn/worker/; connect-src 'self' uploads.github.com www.githubstatus.com collector.github.com raw.githubusercontent.com api.githubcopilot.com api.github.com github-cloud.s3.amazonaws.com github-production-repository-file-5c1aeb.s3.amazonaws.com github-production-upload-manifest-file-7fdce7.s3.amazonaws.com github-production-user-asset-6210df.s3.amazonaws.com cdn.optimizely.com logx.optimizely.com/v1/events objects-origin.githubusercontent.com *.actions.githubusercontent.com productionresultssa0.blob.core.windows.net/ productionresultssa1.blob.core.windows.net/ productionresultssa2.blob.core.windows.net/ productionresultssa3.blob.core.windows.net/ productionre""}"
5,"GET https://github.com/  HTTP/1.1
Host: github.com
User-Agent: Mozilla/5.0 (Windows NT 10.0; rv:102.0) Gecko/20100101 Firefox/102.0
Accept: text/html,application/xhtml+xml,application/xml;q=0.9,image/avif,image/webp,*/*;q=0.8
Accept-Encoding: gzip, deflate, br
Accept-Language: en-US,en;q=0.5
DNT: 1
Connection: keep-alive
Upgrade-Insecure-Requests: 1
Sec-Fetch-Dest: document
Sec-Fetch-Mode: navigate
Sec-Fetch-Site: cross-site

",0,https://github.com/,443,HTTP/1.1,0.2897682189941406,0.11155867576599121,0.026766300201416016,200,OK,[''],13,13,0,"{""server"": ""GitHub.com"", ""date"": ""Wed, 25 Oct 2023 12:34:00 GMT"", ""content-type"": ""text/html; charset=utf-8"", ""vary"": ""X-PJAX, X-PJAX-Container, Turbo-Visit, Turbo-Frame, Accept-Language, Accept-Encoding, Accept, X-Requested-With"", ""content-language"": ""en-US"", ""etag"": ""W/\""a1e8f700c2a413155c8fda02b708455c\"""", ""cache-control"": ""max-age=0, private, must-revalidate"", ""strict-transport-security"": ""max-age=31536000; includeSubdomains; preload"", ""x-frame-options"": ""deny"", ""x-content-type-options"": ""nosniff"", ""x-xss-protection"": ""0"", ""referrer-policy"": ""origin-when-cross-origin, strict-origin-when-cross-origin"", ""content-security-policy"": ""default-src 'none'; base-uri 'self'; child-src github.com/assets-cdn/worker/ gist.github.com/assets-cdn/worker/; connect-src 'self' uploads.github.com www.githubstatus.com collector.github.com raw.githubusercontent.com api.githubcopilot.com api.github.com github-cloud.s3.amazonaws.com github-production-repository-file-5c1aeb.s3.amazonaws.com github-production-upload-manifest-file-7fdce7.s3.amazonaws.com github-production-user-asset-6210df.s3.amazonaws.com cdn.optimizely.com logx.optimizely.com/v1/events objects-origin.githubusercontent.com *.actions.githubusercontent.com productionresultssa0.blob.core.windows.net/ productionresultssa1.blob.core.windows.net/ productionresultssa2.blob.core.windows.net/ productionresultssa3.blob.core.windows.net/ productionre""}"
6,"GET https://github.com/  HTTP/1.1
Host: github.com
User-Agent: Mozilla/5.0 (Windows NT 10.0; rv:102.0) Gecko/20100101 Firefox/102.0
Accept: text/html,application/xhtml+xml,application/xml;q=0.9,image/avif,image/webp,*/*;q=0.8
Accept-Encoding: gzip, deflate, br
Accept-Language: en-US,en;q=0.5
DNT: 1
Connection: keep-alive
Upgrade-Insecure-Requests: 1
Sec-Fetch-Dest: document
Sec-Fetch-Mode: navigate
Sec-Fetch-Site: cross-site

",0,https://github.com/,443,HTTP/1.1,0.09610486030578613,0.11485838890075684,0.026114463806152344,200,OK,[''],13,13,0,"{""server"": ""GitHub.com"", ""date"": ""Wed, 25 Oct 2023 12:34:04 GMT"", ""content-type"": ""text/html; charset=utf-8"", ""vary"": ""X-PJAX, X-PJAX-Container, Turbo-Visit, Turbo-Frame, Accept-Language, Accept-Encoding, Accept, X-Requested-With"", ""content-language"": ""en-US"", ""etag"": ""W/\""db0cde9a6436fd893b92994d55ce5fcb\"""", ""cache-control"": ""max-age=0, private, must-revalidate"", ""strict-transport-security"": ""max-age=31536000; includeSubdomains; preload"", ""x-frame-options"": ""deny"", ""x-content-type-options"": ""nosniff"", ""x-xss-protection"": ""0"", ""referrer-policy"": ""origin-when-cross-origin, strict-origin-when-cross-origin"", ""content-security-policy"": ""default-src 'none'; base-uri 'self'; child-src github.com/assets-cdn/worker/ gist.github.com/assets-cdn/worker/; connect-src 'self' uploads.github.com www.githubstatus.com collector.github.com raw.githubusercontent.com api.githubcopilot.com api.github.com github-cloud.s3.amazonaws.com github-production-repository-file-5c1aeb.s3.amazonaws.com github-production-upload-manifest-file-7fdce7.s3.amazonaws.com github-production-user-asset-6210df.s3.amazonaws.com cdn.optimizely.com logx.optimizely.com/v1/events objects-origin.githubusercontent.com *.actions.githubusercontent.com productionresultssa0.blob.core.windows.net/ productionresultssa1.blob.core.windows.net/ productionresultssa2.blob.core.windows.net/ productionresultssa3.blob.core.windows.net/ productionre""}"
7,"GET https://github.com/  HTTP/1.1
Host: github.com
User-Agent: Mozilla/5.0 (Windows NT 10.0; rv:102.0) Gecko/20100101 Firefox/102.0
Accept: text/html,application/xhtml+xml,application/xml;q=0.9,image/avif,image/webp,*/*;q=0.8
Accept-Encoding: gzip, deflate, br
Accept-Language: en-US,en;q=0.5
DNT: 1
Connection: keep-alive
Upgrade-Insecure-Requests: 1
Sec-Fetch-Dest: document
Sec-Fetch-Mode: navigate
Sec-Fetch-Site: cross-site

",0,https://github.com/,443,HTTP/1.1,0.19436073303222656,0.11847257614135742,0.036485910415649414,200,OK,[''],13,13,0,"{""server"": ""GitHub.com"", ""date"": ""Wed, 25 Oct 2023 12:34:14 GMT"", ""content-type"": ""text/html; charset=utf-8"", ""vary"": ""X-PJAX, X-PJAX-Container, Turbo-Visit, Turbo-Frame, Accept-Language, Accept-Encoding, Accept, X-Requested-With"", ""content-language"": ""en-US"", ""etag"": ""W/\""5d627f126191d7d1ec4c528c742189dc\"""", ""cache-control"": ""max-age=0, private, must-revalidate"", ""strict-transport-security"": ""max-age=31536000; includeSubdomains; preload"", ""x-frame-options"": ""deny"", ""x-content-type-options"": ""nosniff"", ""x-xss-protection"": ""0"", ""referrer-policy"": ""origin-when-cross-origin, strict-origin-when-cross-origin"", ""content-security-policy"": ""default-src 'none'; base-uri 'self'; child-src github.com/assets-cdn/worker/ gist.github.com/assets-cdn/worker/; connect-src 'self' uploads.github.com www.githubstatus.com collector.github.com raw.githubusercontent.com api.githubcopilot.com api.github.com github-cloud.s3.amazonaws.com github-production-repository-file-5c1aeb.s3.amazonaws.com github-production-upload-manifest-file-7fdce7.s3.amazonaws.com github-production-user-asset-6210df.s3.amazonaws.com cdn.optimizely.com logx.optimizely.com/v1/events objects-origin.githubusercontent.com *.actions.githubusercontent.com productionresultssa0.blob.core.windows.net/ productionresultssa1.blob.core.windows.net/ productionresultssa2.blob.core.windows.net/ productionresultssa3.blob.core.windows.net/ productionre""}"
8,"GET https://github.com/  HTTP/1.1
Host: github.com
User-Agent: Mozilla/5.0 (Windows NT 10.0; rv:102.0) Gecko/20100101 Firefox/102.0
Accept: text/html,application/xhtml+xml,application/xml;q=0.9,image/avif,image/webp,*/*;q=0.8
Accept-Encoding: gzip, deflate, br
Accept-Language: en-US,en;q=0.5
DNT: 1
Connection: keep-alive
Upgrade-Insecure-Requests: 1
Sec-Fetch-Dest: document
Sec-Fetch-Mode: navigate
Sec-Fetch-Site: cross-site

",0,https://github.com/,443,HTTP/1.1,0.2629718780517578,0.11382889747619629,0.14395880699157715,200,OK,[''],13,13,0,"{""server"": ""GitHub.com"", ""date"": ""Wed, 25 Oct 2023 12:34:15 GMT"", ""content-type"": ""text/html; charset=utf-8"", ""vary"": ""X-PJAX, X-PJAX-Container, Turbo-Visit, Turbo-Frame, Accept-Language, Accept-Encoding, Accept, X-Requested-With"", ""content-language"": ""en-US"", ""etag"": ""W/\""d83a5201473fb3deae6fe62ef3d5cbc1\"""", ""cache-control"": ""max-age=0, private, must-revalidate"", ""strict-transport-security"": ""max-age=31536000; includeSubdomains; preload"", ""x-frame-options"": ""deny"", ""x-content-type-options"": ""nosniff"", ""x-xss-protection"": ""0"", ""referrer-policy"": ""origin-when-cross-origin, strict-origin-when-cross-origin"", ""content-security-policy"": ""default-src 'none'; base-uri 'self'; child-src github.com/assets-cdn/worker/ gist.github.com/assets-cdn/worker/; connect-src 'self' uploads.github.com www.githubstatus.com collector.github.com raw.githubusercontent.com api.githubcopilot.com api.github.com github-cloud.s3.amazonaws.com github-production-repository-file-5c1aeb.s3.amazonaws.com github-production-upload-manifest-file-7fdce7.s3.amazonaws.com github-production-user-asset-6210df.s3.amazonaws.com cdn.optimizely.com logx.optimizely.com/v1/events objects-origin.githubusercontent.com *.actions.githubusercontent.com productionresultssa0.blob.core.windows.net/ productionresultssa1.blob.core.windows.net/ productionresultssa2.blob.core.windows.net/ productionresultssa3.blob.core.windows.net/ productionre""}"
9,"GET https://github.com/  HTTP/1.1
Host: github.com
User-Agent: Mozilla/5.0 (Windows NT 10.0; rv:102.0) Gecko/20100101 Firefox/102.0
Accept: text/html,application/xhtml+xml,application/xml;q=0.9,image/avif,image/webp,*/*;q=0.8
Accept-Encoding: gzip, deflate, br
Accept-Language: en-US,en;q=0.5
DNT: 1
Connection: keep-alive
Upgrade-Insecure-Requests: 1
Sec-Fetch-Dest: document
Sec-Fetch-Mode: navigate
Sec-Fetch-Site: cross-site

",0,https://github.com/,443,HTTP/1.1,0.13946843147277832,0.10191893577575684,0.03450918197631836,200,OK,[''],13,13,0,"{""server"": ""GitHub.com"", ""date"": ""Wed, 25 Oct 2023 12:34:32 GMT"", ""content-type"": ""text/html; charset=utf-8"", ""vary"": ""X-PJAX, X-PJAX-Container, Turbo-Visit, Turbo-Frame, Accept-Language, Accept-Encoding, Accept, X-Requested-With"", ""content-language"": ""en-US"", ""etag"": ""W/\""5e78565c5530057587c5cc4ac31b17d1\"""", ""cache-control"": ""max-age=0, private, must-revalidate"", ""strict-transport-security"": ""max-age=31536000; includeSubdomains; preload"", ""x-frame-options"": ""deny"", ""x-content-type-options"": ""nosniff"", ""x-xss-protection"": ""0"", ""referrer-policy"": ""origin-when-cross-origin, strict-origin-when-cross-origin"", ""content-security-policy"": ""default-src 'none'; base-uri 'self'; child-src github.com/assets-cdn/worker/ gist.github.com/assets-cdn/worker/; connect-src 'self' uploads.github.com www.githubstatus.com collector.github.com raw.githubusercontent.com api.githubcopilot.com api.github.com github-cloud.s3.amazonaws.com github-production-repository-file-5c1aeb.s3.amazonaws.com github-production-upload-manifest-file-7fdce7.s3.amazonaws.com github-production-user-asset-6210df.s3.amazonaws.com cdn.optimizely.com logx.optimizely.com/v1/events objects-origin.githubusercontent.com *.actions.githubusercontent.com productionresultssa0.blob.core.windows.net/ productionresultssa1.blob.core.windows.net/ productionresultssa2.blob.core.windows.net/ productionresultssa3.blob.core.windows.net/ productionre""}"
