[
    {
        "number": 0,
        "request": "GET https://github.com/  HTTP/1.1\r\nHost: github.com\r\nUser-Agent: Mozilla/5.0 (Windows NT 10.0; rv:102.0) Gecko/20100101 Firefox/102.0\r\nAccept: text/html,application/xhtml+xml,application/xml;q=0.9,image/avif,image/webp,*/*;q=0.8\r\nAccept-Encoding: gzip, deflate, br\r\nAccept-Language: en-US,en;q=0.5\r\nDNT: 1\r\nConnection: keep-alive\r\nUpgrade-Insecure-Requests: 1\r\nSec-Fetch-Dest: document\r\nSec-Fetch-Mode: navigate\r\nSec-Fetch-Site: cross-site\r\n\r\n",
        "deviation_count": 0,
        "uri": "https://github.com/",
        "request_length": 443,
        "Response_Time": 0.0347447395324707,
        "status_code": 200,
        "reason_phrase": "OK",
        "error_message": [
            ""
        ],
        "response_header_count": 13,
        "response_header_length": 13,
        "response_body_length": 0,
        "response_header_fields": {
            "server": "GitHub.com",
            "date": "Wed, 25 Oct 2023 12:33:06 GMT",
            "content-type": "text/html; charset=utf-8",
            "vary": "X-PJAX, X-PJAX-Container, Turbo-Visit, Turbo-Frame, Accept-Language, Accept-Encoding, Accept, X-Requested-With",
            "content-language": "en-US",
            "etag": "W/\"8c03525b3768312882a27529f3585805\"",
            "cache-control": "max-age=0, private, must-revalidate",
            "strict-transport-security": "max-age=31536000; includeSubdomains; preload",
            "x-frame-options": "deny",
            "x-content-type-options": "nosniff",
            "x-xss-protection": "0",
            "referrer-policy": "origin-when-cross-origin, strict-origin-when-cross-origin",
            "content-security-policy": "default-src 'none'; base-uri 'self'; child-src github.com/assets-cdn/worker/ gist.github.com/assets-cdn/worker/; connect-src 'self' uploads.github.com www.githubstatus.com collector.github.com raw.githubusercontent.com api.githubcopilot.com api.github.com github-cloud.s3.amazonaws.com github-production-repository-file-5c1aeb.s3.amazonaws.com github-production-upload-manifest-file-7fdce7.s3.amazonaws.com github-production-user-asset-6210df.s3.amazonaws.com cdn.optimizely.com logx.optimizely.com/v1/events objects-origin.githubusercontent.com *.actions.githubusercontent.com productionresultssa0.blob.core.windows.net/ productionresultssa1.blob.core.windows.net/ productionresultssa2.blob.core.windows.net/ productionresultssa3.blob.core.windows.net/ productionre"
        }
    },
    {
        "number": 1,
        "request": "GET https://github.com/  HTTP/1.1\r\nHost: github.com\r\nUser-Agent: Mozilla/5.0 (Windows NT 10.0; rv:102.0) Gecko/20100101 Firefox/102.0\r\nAccept: text/html,application/xhtml+xml,application/xml;q=0.9,image/avif,image/webp,*/*;q=0.8\r\nAccept-Encoding: gzip, deflate, br\r\nAccept-Language: en-US,en;q=0.5\r\nDNT: 1\r\nConnection: keep-alive\r\nUpgrade-Insecure-Requests: 1\r\nSec-Fetch-Dest: document\r\nSec-Fetch-Mode: navigate\r\nSec-Fetch-Site: cross-site\r\n\r\n",
        "deviation_count": 0,
        "uri": "https://github.com/",
        "request_length": 443,
        "Response_Time": 0.06186223030090332,
        "status_code": 200,
        "reason_phrase": "OK",
        "error_message": [
            ""
        ],
        "response_header_count": 13,
        "response_header_length": 13,
        "response_body_length": 0,
        "response_header_fields": {
            "server": "GitHub.com",
            "date": "Wed, 25 Oct 2023 12:33:16 GMT",
            "content-type": "text/html; charset=utf-8",
            "vary": "X-PJAX, X-PJAX-Container, Turbo-Visit, Turbo-Frame, Accept-Language, Accept-Encoding, Accept, X-Requested-With",
            "content-language": "en-US",
            "etag": "W/\"e770ce8ffc398508af9473d571e0b67a\"",
            "cache-control": "max-age=0, private, must-revalidate",
            "strict-transport-security": "max-age=31536000; includeSubdomains; preload",
            "x-frame-options": "deny",
            "x-content-type-options": "nosniff",
            "x-xss-protection": "0",
            "referrer-policy": "origin-when-cross-origin, strict-origin-when-cross-origin",
            "content-security-policy": "default-src 'none'; base-uri 'self'; child-src github.com/assets-cdn/worker/ gist.github.com/assets-cdn/worker/; connect-src 'self' uploads.github.com www.githubstatus.com collector.github.com raw.githubusercontent.com api.githubcopilot.com api.github.com github-cloud.s3.amazonaws.com github-production-repository-file-5c1aeb.s3.amazonaws.com github-production-upload-manifest-file-7fdce7.s3.amazonaws.com github-production-user-asset-6210df.s3.amazonaws.com cdn.optimizely.com logx.optimizely.com/v1/events objects-origin.githubusercontent.com *.actions.githubusercontent.com productionresultssa0.blob.core.windows.net/ productionresultssa1.blob.core.windows.net/ productionresultssa2.blob.core.windows.net/ productionresultssa3.blob.core.windows.net/ productionre"
        }
    },
    {
        "number": 2,
        "request": "GET https://github.com/  HTTP/1.1\r\nHost: github.com\r\nUser-Agent: Mozilla/5.0 (Windows NT 10.0; rv:102.0) Gecko/20100101 Firefox/102.0\r\nAccept: text/html,application/xhtml+xml,application/xml;q=0.9,image/avif,image/webp,*/*;q=0.8\r\nAccept-Encoding: gzip, deflate, br\r\nAccept-Language: en-US,en;q=0.5\r\nDNT: 1\r\nConnection: keep-alive\r\nUpgrade-Insecure-Requests: 1\r\nSec-Fetch-Dest: document\r\nSec-Fetch-Mode: navigate\r\nSec-Fetch-Site: cross-site\r\n\r\n",
        "deviation_count": 0,
        "uri": "https://github.com/",
        "request_length": 443,
        "Response_Time": 0.048859357833862305,
        "status_code": 200,
        "reason_phrase": "OK",
        "error_message": [
            ""
        ],
        "response_header_count": 13,
        "response_header_length": 13,
        "response_body_length": 0,
        "response_header_fields": {
            "server": "GitHub.com",
            "date": "Wed, 25 Oct 2023 12:33:26 GMT",
            "content-type": "text/html; charset=utf-8",
            "vary": "X-PJAX, X-PJAX-Container, Turbo-Visit, Turbo-Frame, Accept-Language, Accept-Encoding, Accept, X-Requested-With",
            "content-language": "en-US",
            "etag": "W/\"109c710cecca3c78bfebbb348badb6a2\"",
            "cache-control": "max-age=0, private, must-revalidate",
            "strict-transport-security": "max-age=31536000; includeSubdomains; preload",
            "x-frame-options": "deny",
            "x-content-type-options": "nosniff",
            "x-xss-protection": "0",
            "referrer-policy": "origin-when-cross-origin, strict-origin-when-cross-origin",
            "content-security-policy": "default-src 'none'; base-uri 'self'; child-src github.com/assets-cdn/worker/ gist.github.com/assets-cdn/worker/; connect-src 'self' uploads.github.com www.githubstatus.com collector.github.com raw.githubusercontent.com api.githubcopilot.com api.github.com github-cloud.s3.amazonaws.com github-production-repository-file-5c1aeb.s3.amazonaws.com github-production-upload-manifest-file-7fdce7.s3.amazonaws.com github-production-user-asset-6210df.s3.amazonaws.com cdn.optimizely.com logx.optimizely.com/v1/events objects-origin.githubusercontent.com *.actions.githubusercontent.com productionresultssa0.blob.core.windows.net/ productionresultssa1.blob.core.windows.net/ productionresultssa2.blob.core.windows.net/ productionresultssa3.blob.core.windows.net/ productionre"
        }
    },
    {
        "number": 3,
        "request": "GET https://github.com/  HTTP/1.1\r\nHost: github.com\r\nUser-Agent: Mozilla/5.0 (Windows NT 10.0; rv:102.0) Gecko/20100101 Firefox/102.0\r\nAccept: text/html,application/xhtml+xml,application/xml;q=0.9,image/avif,image/webp,*/*;q=0.8\r\nAccept-Encoding: gzip, deflate, br\r\nAccept-Language: en-US,en;q=0.5\r\nDNT: 1\r\nConnection: keep-alive\r\nUpgrade-Insecure-Requests: 1\r\nSec-Fetch-Dest: document\r\nSec-Fetch-Mode: navigate\r\nSec-Fetch-Site: cross-site\r\n\r\n",
        "deviation_count": 0,
        "uri": "https://github.com/",
        "request_length": 443,
        "Response_Time": 0.02201223373413086,
        "status_code": 200,
        "reason_phrase": "OK",
        "error_message": [
            ""
        ],
        "response_header_count": 13,
        "response_header_length": 13,
        "response_body_length": 0,
        "response_header_fields": {
            "server": "GitHub.com",
            "date": "Wed, 25 Oct 2023 12:33:33 GMT",
            "content-type": "text/html; charset=utf-8",
            "vary": "X-PJAX, X-PJAX-Container, Turbo-Visit, Turbo-Frame, Accept-Language, Accept-Encoding, Accept, X-Requested-With",
            "content-language": "en-US",
            "etag": "W/\"bdfc00b63e4c9d044817a80774d5b594\"",
            "cache-control": "max-age=0, private, must-revalidate",
            "strict-transport-security": "max-age=31536000; includeSubdomains; preload",
            "x-frame-options": "deny",
            "x-content-type-options": "nosniff",
            "x-xss-protection": "0",
            "referrer-policy": "origin-when-cross-origin, strict-origin-when-cross-origin",
            "content-security-policy": "default-src 'none'; base-uri 'self'; child-src github.com/assets-cdn/worker/ gist.github.com/assets-cdn/worker/; connect-src 'self' uploads.github.com www.githubstatus.com collector.github.com raw.githubusercontent.com api.githubcopilot.com api.github.com github-cloud.s3.amazonaws.com github-production-repository-file-5c1aeb.s3.amazonaws.com github-production-upload-manifest-file-7fdce7.s3.amazonaws.com github-production-user-asset-6210df.s3.amazonaws.com cdn.optimizely.com logx.optimizely.com/v1/events objects-origin.githubusercontent.com *.actions.githubusercontent.com productionresultssa0.blob.core.windows.net/ productionresultssa1.blob.core.windows.net/ productionresultssa2.blob.core.windows.net/ productionresultssa3.blob.core.windows.net/ productionre"
        }
    },
    {
        "number": 4,
        "request": "GET https://github.com/  HTTP/1.1\r\nHost: github.com\r\nUser-Agent: Mozilla/5.0 (Windows NT 10.0; rv:102.0) Gecko/20100101 Firefox/102.0\r\nAccept: text/html,application/xhtml+xml,application/xml;q=0.9,image/avif,image/webp,*/*;q=0.8\r\nAccept-Encoding: gzip, deflate, br\r\nAccept-Language: en-US,en;q=0.5\r\nDNT: 1\r\nConnection: keep-alive\r\nUpgrade-Insecure-Requests: 1\r\nSec-Fetch-Dest: document\r\nSec-Fetch-Mode: navigate\r\nSec-Fetch-Site: cross-site\r\n\r\n",
        "deviation_count": 0,
        "uri": "https://github.com/",
        "request_length": 443,
        "Response_Time": 0.026599645614624023,
        "status_code": 200,
        "reason_phrase": "OK",
        "error_message": [
            ""
        ],
        "response_header_count": 13,
        "response_header_length": 13,
        "response_body_length": 0,
        "response_header_fields": {
            "server": "GitHub.com",
            "date": "Wed, 25 Oct 2023 12:33:44 GMT",
            "content-type": "text/html; charset=utf-8",
            "vary": "X-PJAX, X-PJAX-Container, Turbo-Visit, Turbo-Frame, Accept-Language, Accept-Encoding, Accept, X-Requested-With",
            "content-language": "en-US",
            "etag": "W/\"3d0c110050ab7f52511441141e3765a9\"",
            "cache-control": "max-age=0, private, must-revalidate",
            "strict-transport-security": "max-age=31536000; includeSubdomains; preload",
            "x-frame-options": "deny",
            "x-content-type-options": "nosniff",
            "x-xss-protection": "0",
            "referrer-policy": "origin-when-cross-origin, strict-origin-when-cross-origin",
            "content-security-policy": "default-src 'none'; base-uri 'self'; child-src github.com/assets-cdn/worker/ gist.github.com/assets-cdn/worker/; connect-src 'self' uploads.github.com www.githubstatus.com collector.github.com raw.githubusercontent.com api.githubcopilot.com api.github.com github-cloud.s3.amazonaws.com github-production-repository-file-5c1aeb.s3.amazonaws.com github-production-upload-manifest-file-7fdce7.s3.amazonaws.com github-production-user-asset-6210df.s3.amazonaws.com cdn.optimizely.com logx.optimizely.com/v1/events objects-origin.githubusercontent.com *.actions.githubusercontent.com productionresultssa0.blob.core.windows.net/ productionresultssa1.blob.core.windows.net/ productionresultssa2.blob.core.windows.net/ productionresultssa3.blob.core.windows.net/ productionre"
        }
    },
    {
        "number": 5,
        "request": "GET https://github.com/  HTTP/1.1\r\nHost: github.com\r\nUser-Agent: Mozilla/5.0 (Windows NT 10.0; rv:102.0) Gecko/20100101 Firefox/102.0\r\nAccept: text/html,application/xhtml+xml,application/xml;q=0.9,image/avif,image/webp,*/*;q=0.8\r\nAccept-Encoding: gzip, deflate, br\r\nAccept-Language: en-US,en;q=0.5\r\nDNT: 1\r\nConnection: keep-alive\r\nUpgrade-Insecure-Requests: 1\r\nSec-Fetch-Dest: document\r\nSec-Fetch-Mode: navigate\r\nSec-Fetch-Site: cross-site\r\n\r\n",
        "deviation_count": 0,
        "uri": "https://github.com/",
        "request_length": 443,
        "Response_Time": 0.026766300201416016,
        "status_code": 200,
        "reason_phrase": "OK",
        "error_message": [
            ""
        ],
        "response_header_count": 13,
        "response_header_length": 13,
        "response_body_length": 0,
        "response_header_fields": {
            "server": "GitHub.com",
            "date": "Wed, 25 Oct 2023 12:34:00 GMT",
            "content-type": "text/html; charset=utf-8",
            "vary": "X-PJAX, X-PJAX-Container, Turbo-Visit, Turbo-Frame, Accept-Language, Accept-Encoding, Accept, X-Requested-With",
            "content-language": "en-US",
            "etag": "W/\"a1e8f700c2a413155c8fda02b708455c\"",
            "cache-control": "max-age=0, private, must-revalidate",
            "strict-transport-security": "max-age=31536000; includeSubdomains; preload",
            "x-frame-options": "deny",
            "x-content-type-options": "nosniff",
            "x-xss-protection": "0",
            "referrer-policy": "origin-when-cross-origin, strict-origin-when-cross-origin",
            "content-security-policy": "default-src 'none'; base-uri 'self'; child-src github.com/assets-cdn/worker/ gist.github.com/assets-cdn/worker/; connect-src 'self' uploads.github.com www.githubstatus.com collector.github.com raw.githubusercontent.com api.githubcopilot.com api.github.com github-cloud.s3.amazonaws.com github-production-repository-file-5c1aeb.s3.amazonaws.com github-production-upload-manifest-file-7fdce7.s3.amazonaws.com github-production-user-asset-6210df.s3.amazonaws.com cdn.optimizely.com logx.optimizely.com/v1/events objects-origin.githubusercontent.com *.actions.githubusercontent.com productionresultssa0.blob.core.windows.net/ productionresultssa1.blob.core.windows.net/ productionresultssa2.blob.core.windows.net/ productionresultssa3.blob.core.windows.net/ productionre"
        }
    },
    {
        "number": 6,
        "request": "GET https://github.com/  HTTP/1.1\r\nHost: github.com\r\nUser-Agent: Mozilla/5.0 (Windows NT 10.0; rv:102.0) Gecko/20100101 Firefox/102.0\r\nAccept: text/html,application/xhtml+xml,application/xml;q=0.9,image/avif,image/webp,*/*;q=0.8\r\nAccept-Encoding: gzip, deflate, br\r\nAccept-Language: en-US,en;q=0.5\r\nDNT: 1\r\nConnection: keep-alive\r\nUpgrade-Insecure-Requests: 1\r\nSec-Fetch-Dest: document\r\nSec-Fetch-Mode: navigate\r\nSec-Fetch-Site: cross-site\r\n\r\n",
        "deviation_count": 0,
        "uri": "https://github.com/",
        "request_length": 443,
        "Response_Time": 0.026114463806152344,
        "status_code": 200,
        "reason_phrase": "OK",
        "error_message": [
            ""
        ],
        "response_header_count": 13,
        "response_header_length": 13,
        "response_body_length": 0,
        "response_header_fields": {
            "server": "GitHub.com",
            "date": "Wed, 25 Oct 2023 12:34:04 GMT",
            "content-type": "text/html; charset=utf-8",
            "vary": "X-PJAX, X-PJAX-Container, Turbo-Visit, Turbo-Frame, Accept-Language, Accept-Encoding, Accept, X-Requested-With",
            "content-language": "en-US",
            "etag": "W/\"db0cde9a6436fd893b92994d55ce5fcb\"",
            "cache-control": "max-age=0, private, must-revalidate",
            "strict-transport-security": "max-age=31536000; includeSubdomains; preload",
            "x-frame-options": "deny",
            "x-content-type-options": "nosniff",
            "x-xss-protection": "0",
            "referrer-policy": "origin-when-cross-origin, strict-origin-when-cross-origin",
            "content-security-policy": "default-src 'none'; base-uri 'self'; child-src github.com/assets-cdn/worker/ gist.github.com/assets-cdn/worker/; connect-src 'self' uploads.github.com www.githubstatus.com collector.github.com raw.githubusercontent.com api.githubcopilot.com api.github.com github-cloud.s3.amazonaws.com github-production-repository-file-5c1aeb.s3.amazonaws.com github-production-upload-manifest-file-7fdce7.s3.amazonaws.com github-production-user-asset-6210df.s3.amazonaws.com cdn.optimizely.com logx.optimizely.com/v1/events objects-origin.githubusercontent.com *.actions.githubusercontent.com productionresultssa0.blob.core.windows.net/ productionresultssa1.blob.core.windows.net/ productionresultssa2.blob.core.windows.net/ productionresultssa3.blob.core.windows.net/ productionre"
        }
    },
    {
        "number": 7,
        "request": "GET https://github.com/  HTTP/1.1\r\nHost: github.com\r\nUser-Agent: Mozilla/5.0 (Windows NT 10.0; rv:102.0) Gecko/20100101 Firefox/102.0\r\nAccept: text/html,application/xhtml+xml,application/xml;q=0.9,image/avif,image/webp,*/*;q=0.8\r\nAccept-Encoding: gzip, deflate, br\r\nAccept-Language: en-US,en;q=0.5\r\nDNT: 1\r\nConnection: keep-alive\r\nUpgrade-Insecure-Requests: 1\r\nSec-Fetch-Dest: document\r\nSec-Fetch-Mode: navigate\r\nSec-Fetch-Site: cross-site\r\n\r\n",
        "deviation_count": 0,
        "uri": "https://github.com/",
        "request_length": 443,
        "Response_Time": 0.036485910415649414,
        "status_code": 200,
        "reason_phrase": "OK",
        "error_message": [
            ""
        ],
        "response_header_count": 13,
        "response_header_length": 13,
        "response_body_length": 0,
        "response_header_fields": {
            "server": "GitHub.com",
            "date": "Wed, 25 Oct 2023 12:34:14 GMT",
            "content-type": "text/html; charset=utf-8",
            "vary": "X-PJAX, X-PJAX-Container, Turbo-Visit, Turbo-Frame, Accept-Language, Accept-Encoding, Accept, X-Requested-With",
            "content-language": "en-US",
            "etag": "W/\"5d627f126191d7d1ec4c528c742189dc\"",
            "cache-control": "max-age=0, private, must-revalidate",
            "strict-transport-security": "max-age=31536000; includeSubdomains; preload",
            "x-frame-options": "deny",
            "x-content-type-options": "nosniff",
            "x-xss-protection": "0",
            "referrer-policy": "origin-when-cross-origin, strict-origin-when-cross-origin",
            "content-security-policy": "default-src 'none'; base-uri 'self'; child-src github.com/assets-cdn/worker/ gist.github.com/assets-cdn/worker/; connect-src 'self' uploads.github.com www.githubstatus.com collector.github.com raw.githubusercontent.com api.githubcopilot.com api.github.com github-cloud.s3.amazonaws.com github-production-repository-file-5c1aeb.s3.amazonaws.com github-production-upload-manifest-file-7fdce7.s3.amazonaws.com github-production-user-asset-6210df.s3.amazonaws.com cdn.optimizely.com logx.optimizely.com/v1/events objects-origin.githubusercontent.com *.actions.githubusercontent.com productionresultssa0.blob.core.windows.net/ productionresultssa1.blob.core.windows.net/ productionresultssa2.blob.core.windows.net/ productionresultssa3.blob.core.windows.net/ productionre"
        }
    },
    {
        "number": 8,
        "request": "GET https://github.com/  HTTP/1.1\r\nHost: github.com\r\nUser-Agent: Mozilla/5.0 (Windows NT 10.0; rv:102.0) Gecko/20100101 Firefox/102.0\r\nAccept: text/html,application/xhtml+xml,application/xml;q=0.9,image/avif,image/webp,*/*;q=0.8\r\nAccept-Encoding: gzip, deflate, br\r\nAccept-Language: en-US,en;q=0.5\r\nDNT: 1\r\nConnection: keep-alive\r\nUpgrade-Insecure-Requests: 1\r\nSec-Fetch-Dest: document\r\nSec-Fetch-Mode: navigate\r\nSec-Fetch-Site: cross-site\r\n\r\n",
        "deviation_count": 0,
        "uri": "https://github.com/",
        "request_length": 443,
        "Response_Time": 0.14395880699157715,
        "status_code": 200,
        "reason_phrase": "OK",
        "error_message": [
            ""
        ],
        "response_header_count": 13,
        "response_header_length": 13,
        "response_body_length": 0,
        "response_header_fields": {
            "server": "GitHub.com",
            "date": "Wed, 25 Oct 2023 12:34:15 GMT",
            "content-type": "text/html; charset=utf-8",
            "vary": "X-PJAX, X-PJAX-Container, Turbo-Visit, Turbo-Frame, Accept-Language, Accept-Encoding, Accept, X-Requested-With",
            "content-language": "en-US",
            "etag": "W/\"d83a5201473fb3deae6fe62ef3d5cbc1\"",
            "cache-control": "max-age=0, private, must-revalidate",
            "strict-transport-security": "max-age=31536000; includeSubdomains; preload",
            "x-frame-options": "deny",
            "x-content-type-options": "nosniff",
            "x-xss-protection": "0",
            "referrer-policy": "origin-when-cross-origin, strict-origin-when-cross-origin",
            "content-security-policy": "default-src 'none'; base-uri 'self'; child-src github.com/assets-cdn/worker/ gist.github.com/assets-cdn/worker/; connect-src 'self' uploads.github.com www.githubstatus.com collector.github.com raw.githubusercontent.com api.githubcopilot.com api.github.com github-cloud.s3.amazonaws.com github-production-repository-file-5c1aeb.s3.amazonaws.com github-production-upload-manifest-file-7fdce7.s3.amazonaws.com github-production-user-asset-6210df.s3.amazonaws.com cdn.optimizely.com logx.optimizely.com/v1/events objects-origin.githubusercontent.com *.actions.githubusercontent.com productionresultssa0.blob.core.windows.net/ productionresultssa1.blob.core.windows.net/ productionresultssa2.blob.core.windows.net/ productionresultssa3.blob.core.windows.net/ productionre"
        }
    },
    {
        "number": 9,
        "request": "GET https://github.com/  HTTP/1.1\r\nHost: github.com\r\nUser-Agent: Mozilla/5.0 (Windows NT 10.0; rv:102.0) Gecko/20100101 Firefox/102.0\r\nAccept: text/html,application/xhtml+xml,application/xml;q=0.9,image/avif,image/webp,*/*;q=0.8\r\nAccept-Encoding: gzip, deflate, br\r\nAccept-Language: en-US,en;q=0.5\r\nDNT: 1\r\nConnection: keep-alive\r\nUpgrade-Insecure-Requests: 1\r\nSec-Fetch-Dest: document\r\nSec-Fetch-Mode: navigate\r\nSec-Fetch-Site: cross-site\r\n\r\n",
        "deviation_count": 0,
        "uri": "https://github.com/",
        "request_length": 443,
        "Response_Time": 0.03450918197631836,
        "status_code": 200,
        "reason_phrase": "OK",
        "error_message": [
            ""
        ],
        "response_header_count": 13,
        "response_header_length": 13,
        "response_body_length": 0,
        "response_header_fields": {
            "server": "GitHub.com",
            "date": "Wed, 25 Oct 2023 12:34:32 GMT",
            "content-type": "text/html; charset=utf-8",
            "vary": "X-PJAX, X-PJAX-Container, Turbo-Visit, Turbo-Frame, Accept-Language, Accept-Encoding, Accept, X-Requested-With",
            "content-language": "en-US",
            "etag": "W/\"5e78565c5530057587c5cc4ac31b17d1\"",
            "cache-control": "max-age=0, private, must-revalidate",
            "strict-transport-security": "max-age=31536000; includeSubdomains; preload",
            "x-frame-options": "deny",
            "x-content-type-options": "nosniff",
            "x-xss-protection": "0",
            "referrer-policy": "origin-when-cross-origin, strict-origin-when-cross-origin",
            "content-security-policy": "default-src 'none'; base-uri 'self'; child-src github.com/assets-cdn/worker/ gist.github.com/assets-cdn/worker/; connect-src 'self' uploads.github.com www.githubstatus.com collector.github.com raw.githubusercontent.com api.githubcopilot.com api.github.com github-cloud.s3.amazonaws.com github-production-repository-file-5c1aeb.s3.amazonaws.com github-production-upload-manifest-file-7fdce7.s3.amazonaws.com github-production-user-asset-6210df.s3.amazonaws.com cdn.optimizely.com logx.optimizely.com/v1/events objects-origin.githubusercontent.com *.actions.githubusercontent.com productionresultssa0.blob.core.windows.net/ productionresultssa1.blob.core.windows.net/ productionresultssa2.blob.core.windows.net/ productionresultssa3.blob.core.windows.net/ productionre"
        }
    }
]