number,request,deviation_count,uri,request_length,http_version,Socket_Connect_Time,Socket_Close_Time,Response_Time,status_code,reason_phrase,error_message,response_header_count,response_header_length,response_body_length,response_header_fields
0,"GET https://www.mozilla.org/en-US/firefox/ HTTP/1.1
Host: www.mozilla.org
User-Agent: Mozilla/5.0 (Windows NT 10.0; rv:102.0) Gecko/20100101 Firefox/102.0
Accept: text/html,application/xhtml+xml,application/xml;q=0.9,image/avif,image/webp,*/*;q=0.8
Accept-Encoding: gzip, deflate, br
Accept-Language: en-US,en;q=0.5
DNT: 1
Connection: keep-alive
Upgrade-Insecure-Requests: 1
Sec-Fetch-Dest: document
Sec-Fetch-Mode: navigate
Sec-Fetch-Site: cross-site

",0,https://www.mozilla.org/en-US/firefox/,466,HTTP/1.1,0.199021577835083,0.10738372802734375,0.05185246467590332,200,OK,[''],23,23,79270,"{""content-type"": ""text/html; charset=utf-8"", ""transfer-encoding"": ""chunked"", ""connection"": ""keep-alive"", ""server"": ""meinheld/1.0.2"", ""date"": ""Wed, 25 Oct 2023 12:29:24 GMT"", ""x-frame-options"": ""DENY"", ""content-security-policy"": ""frame-src 'self' *.mozilla.net *.mozilla.org *.mozilla.com *.mozilla.org www.googletagmanager.com www.google-analytics.com www.youtube-nocookie.com trackertest.org www.surveygizmo.com accounts.firefox.com accounts.firefox.com.cn www.youtube.com js.stripe.com; script-src 'self' *.mozilla.net *.mozilla.org *.mozilla.com *.mozilla.org 'unsafe-inline' 'unsafe-eval' www.googletagmanager.com www.google-analytics.com tagmanager.google.com www.youtube.com s.ytimg.com cdn-4.convertexperiments.com app.convert.com data.track.convertexperiments.com 1003350.track.convertexperiments.com 1003343.track.convertexperiments.com js.stripe.com; img-src 'self' *.mozilla.net *.mozilla.org *.mozilla.com *.mozilla.org data: mozilla.org www.googletagmanager.com www.google-analytics.com creativecommons.org cdn-4.convertexperiments.com logs.convertexperiments.com images.ctfassets.net; connect-src 'self' *.mozilla.net *.mozilla.org *.mozilla.com *.mozilla.org www.googletagmanager.com www.google-analytics.com region1.google-analytics.com logs.convertexperiments.com 1003350.metrics.convertexperiments.com 1003343.metrics.convertexperiments.com sentry.prod.mozaws.net o1069899.sentry.io o1069899.ingest.sentry.io https://accounts.firefox.com/ stage.cjms.nonprod.cloudops.mozgcp.net cjms.services.mozilla.com; default-src 'self' *.mozilla.net *.mozilla.org *.mozilla.com *.mozilla.org; style-src 'self' *.mozilla.net *.mozilla.org *.mozilla.com *.mozilla.org 'unsafe-inline' app.convert.com; child-src 'self' *.mozilla.net *.mozilla.org *.mozilla.com *.mozilla.org www.googletagmanager.com www.google-analytics.com www.youtube-nocookie.com trackertest.org www.surveygizmo.com accounts.firefox.com accounts.firefox.com.cn www.youtube.com js.stripe.com; font-src 'self'"", ""cache-control"": ""max-age=600"", ""expires"": ""Wed, 25 Oct 2023 12:39:25 GMT"", ""x-clacks-overhead"": ""GNU Terry Pratchett"", ""x-backend-server"": ""bedrock-6d4f8bd7f6-k2n6m.gcp-eu-west1"", ""strict-transport-security"": ""max-age=31536000"", ""x-content-type-options"": ""nosniff"", ""x-xss-protection"": ""1; mode=block"", ""referrer-policy"": ""strict-origin-when-cross-origin"", ""via"": ""1.1 google, 1.1 8f9305e858931aa6ae96c1310e7ea596.cloudfront.net (CloudFront)"", ""content-encoding"": ""br"", ""etag"": ""W/\""d72bfb541697beeaae492572ba41acc8\"""", ""vary"": ""Accept-Encoding"", ""x-cache"": ""Hit from cloudfront"", ""x-amz-cf-pop"": ""HAM50-C2"", ""x-amz-cf-id"": ""55ULPQqxWcalX8zGVvUcdOmYpG4BmY69O-tfscjEyT4av6fiMq6okg=="", ""age"": ""230""}"
1,"GET https://www.mozilla.org/en-US/firefox/ HTTP/1.1
Host: www.mozilla.org
User-Agent: Mozilla/5.0 (Windows NT 10.0; rv:102.0) Gecko/20100101 Firefox/102.0
Accept: text/html,application/xhtml+xml,application/xml;q=0.9,image/avif,image/webp,*/*;q=0.8
Accept-Encoding: gzip, deflate, br
Accept-Language: en-US,en;q=0.5
DNT: 1
Connection: keep-alive
Upgrade-Insecure-Requests: 1
Sec-Fetch-Dest: document
Sec-Fetch-Mode: navigate
Sec-Fetch-Site: cross-site

",0,https://www.mozilla.org/en-US/firefox/,466,HTTP/1.1,0.08792901039123535,0.11459040641784668,0.06001019477844238,200,OK,[''],23,23,79270,"{""content-type"": ""text/html; charset=utf-8"", ""transfer-encoding"": ""chunked"", ""connection"": ""keep-alive"", ""server"": ""meinheld/1.0.2"", ""date"": ""Wed, 25 Oct 2023 12:29:24 GMT"", ""x-frame-options"": ""DENY"", ""content-security-policy"": ""frame-src 'self' *.mozilla.net *.mozilla.org *.mozilla.com *.mozilla.org www.googletagmanager.com www.google-analytics.com www.youtube-nocookie.com trackertest.org www.surveygizmo.com accounts.firefox.com accounts.firefox.com.cn www.youtube.com js.stripe.com; script-src 'self' *.mozilla.net *.mozilla.org *.mozilla.com *.mozilla.org 'unsafe-inline' 'unsafe-eval' www.googletagmanager.com www.google-analytics.com tagmanager.google.com www.youtube.com s.ytimg.com cdn-4.convertexperiments.com app.convert.com data.track.convertexperiments.com 1003350.track.convertexperiments.com 1003343.track.convertexperiments.com js.stripe.com; img-src 'self' *.mozilla.net *.mozilla.org *.mozilla.com *.mozilla.org data: mozilla.org www.googletagmanager.com www.google-analytics.com creativecommons.org cdn-4.convertexperiments.com logs.convertexperiments.com images.ctfassets.net; connect-src 'self' *.mozilla.net *.mozilla.org *.mozilla.com *.mozilla.org www.googletagmanager.com www.google-analytics.com region1.google-analytics.com logs.convertexperiments.com 1003350.metrics.convertexperiments.com 1003343.metrics.convertexperiments.com sentry.prod.mozaws.net o1069899.sentry.io o1069899.ingest.sentry.io https://accounts.firefox.com/ stage.cjms.nonprod.cloudops.mozgcp.net cjms.services.mozilla.com; default-src 'self' *.mozilla.net *.mozilla.org *.mozilla.com *.mozilla.org; style-src 'self' *.mozilla.net *.mozilla.org *.mozilla.com *.mozilla.org 'unsafe-inline' app.convert.com; child-src 'self' *.mozilla.net *.mozilla.org *.mozilla.com *.mozilla.org www.googletagmanager.com www.google-analytics.com www.youtube-nocookie.com trackertest.org www.surveygizmo.com accounts.firefox.com accounts.firefox.com.cn www.youtube.com js.stripe.com; font-src 'self'"", ""cache-control"": ""max-age=600"", ""expires"": ""Wed, 25 Oct 2023 12:39:25 GMT"", ""x-clacks-overhead"": ""GNU Terry Pratchett"", ""x-backend-server"": ""bedrock-6d4f8bd7f6-k2n6m.gcp-eu-west1"", ""strict-transport-security"": ""max-age=31536000"", ""x-content-type-options"": ""nosniff"", ""x-xss-protection"": ""1; mode=block"", ""referrer-policy"": ""strict-origin-when-cross-origin"", ""via"": ""1.1 google, 1.1 205ffb8e514fb7232a031d1454df1292.cloudfront.net (CloudFront)"", ""content-encoding"": ""br"", ""etag"": ""W/\""d72bfb541697beeaae492572ba41acc8\"""", ""vary"": ""Accept-Encoding"", ""x-cache"": ""Hit from cloudfront"", ""x-amz-cf-pop"": ""HAM50-C2"", ""x-amz-cf-id"": ""6aCQha5ZX-3TE44ywB7aXXsojmnPDpam_cJqV-fsl1wPfqdWZbdEDg=="", ""age"": ""241""}"
2,"GET https://www.mozilla.org/en-US/firefox/ HTTP/1.1
Host: www.mozilla.org
User-Agent: Mozilla/5.0 (Windows NT 10.0; rv:102.0) Gecko/20100101 Firefox/102.0
Accept: text/html,application/xhtml+xml,application/xml;q=0.9,image/avif,image/webp,*/*;q=0.8
Accept-Encoding: gzip, deflate, br
Accept-Language: en-US,en;q=0.5
DNT: 1
Connection: keep-alive
Upgrade-Insecure-Requests: 1
Sec-Fetch-Dest: document
Sec-Fetch-Mode: navigate
Sec-Fetch-Site: cross-site

",0,https://www.mozilla.org/en-US/firefox/,466,HTTP/1.1,0.1623232364654541,0.10882878303527832,0.02172231674194336,200,OK,[''],23,23,79270,"{""content-type"": ""text/html; charset=utf-8"", ""transfer-encoding"": ""chunked"", ""connection"": ""keep-alive"", ""server"": ""meinheld/1.0.2"", ""date"": ""Wed, 25 Oct 2023 12:29:24 GMT"", ""x-frame-options"": ""DENY"", ""content-security-policy"": ""frame-src 'self' *.mozilla.net *.mozilla.org *.mozilla.com *.mozilla.org www.googletagmanager.com www.google-analytics.com www.youtube-nocookie.com trackertest.org www.surveygizmo.com accounts.firefox.com accounts.firefox.com.cn www.youtube.com js.stripe.com; script-src 'self' *.mozilla.net *.mozilla.org *.mozilla.com *.mozilla.org 'unsafe-inline' 'unsafe-eval' www.googletagmanager.com www.google-analytics.com tagmanager.google.com www.youtube.com s.ytimg.com cdn-4.convertexperiments.com app.convert.com data.track.convertexperiments.com 1003350.track.convertexperiments.com 1003343.track.convertexperiments.com js.stripe.com; img-src 'self' *.mozilla.net *.mozilla.org *.mozilla.com *.mozilla.org data: mozilla.org www.googletagmanager.com www.google-analytics.com creativecommons.org cdn-4.convertexperiments.com logs.convertexperiments.com images.ctfassets.net; connect-src 'self' *.mozilla.net *.mozilla.org *.mozilla.com *.mozilla.org www.googletagmanager.com www.google-analytics.com region1.google-analytics.com logs.convertexperiments.com 1003350.metrics.convertexperiments.com 1003343.metrics.convertexperiments.com sentry.prod.mozaws.net o1069899.sentry.io o1069899.ingest.sentry.io https://accounts.firefox.com/ stage.cjms.nonprod.cloudops.mozgcp.net cjms.services.mozilla.com; default-src 'self' *.mozilla.net *.mozilla.org *.mozilla.com *.mozilla.org; style-src 'self' *.mozilla.net *.mozilla.org *.mozilla.com *.mozilla.org 'unsafe-inline' app.convert.com; child-src 'self' *.mozilla.net *.mozilla.org *.mozilla.com *.mozilla.org www.googletagmanager.com www.google-analytics.com www.youtube-nocookie.com trackertest.org www.surveygizmo.com accounts.firefox.com accounts.firefox.com.cn www.youtube.com js.stripe.com; font-src 'self'"", ""cache-control"": ""max-age=600"", ""expires"": ""Wed, 25 Oct 2023 12:39:25 GMT"", ""x-clacks-overhead"": ""GNU Terry Pratchett"", ""x-backend-server"": ""bedrock-6d4f8bd7f6-k2n6m.gcp-eu-west1"", ""strict-transport-security"": ""max-age=31536000"", ""x-content-type-options"": ""nosniff"", ""x-xss-protection"": ""1; mode=block"", ""referrer-policy"": ""strict-origin-when-cross-origin"", ""via"": ""1.1 google, 1.1 a0c82b0230a7e14a68e3ce4ae3eed806.cloudfront.net (CloudFront)"", ""content-encoding"": ""br"", ""etag"": ""W/\""d72bfb541697beeaae492572ba41acc8\"""", ""vary"": ""Accept-Encoding"", ""x-cache"": ""Hit from cloudfront"", ""x-amz-cf-pop"": ""HAM50-C2"", ""x-amz-cf-id"": ""kJqjqv_XK2zmJfdSkgPJVbR8arIBPDD5iZ-jAviT0h3ILy4koPOqzA=="", ""age"": ""252""}"
3,"GET https://www.mozilla.org/en-US/firefox/ HTTP/1.1
Host: www.mozilla.org
User-Agent: Mozilla/5.0 (Windows NT 10.0; rv:102.0) Gecko/20100101 Firefox/102.0
Accept: text/html,application/xhtml+xml,application/xml;q=0.9,image/avif,image/webp,*/*;q=0.8
Accept-Encoding: gzip, deflate, br
Accept-Language: en-US,en;q=0.5
DNT: 1
Connection: keep-alive
Upgrade-Insecure-Requests: 1
Sec-Fetch-Dest: document
Sec-Fetch-Mode: navigate
Sec-Fetch-Site: cross-site

",0,https://www.mozilla.org/en-US/firefox/,466,HTTP/1.1,0.11099863052368164,0.12399721145629883,0.05705404281616211,200,OK,[''],23,23,79270,"{""content-type"": ""text/html; charset=utf-8"", ""transfer-encoding"": ""chunked"", ""connection"": ""keep-alive"", ""server"": ""meinheld/1.0.2"", ""date"": ""Wed, 25 Oct 2023 12:29:24 GMT"", ""x-frame-options"": ""DENY"", ""content-security-policy"": ""frame-src 'self' *.mozilla.net *.mozilla.org *.mozilla.com *.mozilla.org www.googletagmanager.com www.google-analytics.com www.youtube-nocookie.com trackertest.org www.surveygizmo.com accounts.firefox.com accounts.firefox.com.cn www.youtube.com js.stripe.com; script-src 'self' *.mozilla.net *.mozilla.org *.mozilla.com *.mozilla.org 'unsafe-inline' 'unsafe-eval' www.googletagmanager.com www.google-analytics.com tagmanager.google.com www.youtube.com s.ytimg.com cdn-4.convertexperiments.com app.convert.com data.track.convertexperiments.com 1003350.track.convertexperiments.com 1003343.track.convertexperiments.com js.stripe.com; img-src 'self' *.mozilla.net *.mozilla.org *.mozilla.com *.mozilla.org data: mozilla.org www.googletagmanager.com www.google-analytics.com creativecommons.org cdn-4.convertexperiments.com logs.convertexperiments.com images.ctfassets.net; connect-src 'self' *.mozilla.net *.mozilla.org *.mozilla.com *.mozilla.org www.googletagmanager.com www.google-analytics.com region1.google-analytics.com logs.convertexperiments.com 1003350.metrics.convertexperiments.com 1003343.metrics.convertexperiments.com sentry.prod.mozaws.net o1069899.sentry.io o1069899.ingest.sentry.io https://accounts.firefox.com/ stage.cjms.nonprod.cloudops.mozgcp.net cjms.services.mozilla.com; default-src 'self' *.mozilla.net *.mozilla.org *.mozilla.com *.mozilla.org; style-src 'self' *.mozilla.net *.mozilla.org *.mozilla.com *.mozilla.org 'unsafe-inline' app.convert.com; child-src 'self' *.mozilla.net *.mozilla.org *.mozilla.com *.mozilla.org www.googletagmanager.com www.google-analytics.com www.youtube-nocookie.com trackertest.org www.surveygizmo.com accounts.firefox.com accounts.firefox.com.cn www.youtube.com js.stripe.com; font-src 'self'"", ""cache-control"": ""max-age=600"", ""expires"": ""Wed, 25 Oct 2023 12:39:25 GMT"", ""x-clacks-overhead"": ""GNU Terry Pratchett"", ""x-backend-server"": ""bedrock-6d4f8bd7f6-k2n6m.gcp-eu-west1"", ""strict-transport-security"": ""max-age=31536000"", ""x-content-type-options"": ""nosniff"", ""x-xss-protection"": ""1; mode=block"", ""referrer-policy"": ""strict-origin-when-cross-origin"", ""via"": ""1.1 google, 1.1 fec18be10cd069f0dd74ab4667ba5e26.cloudfront.net (CloudFront)"", ""content-encoding"": ""br"", ""etag"": ""W/\""d72bfb541697beeaae492572ba41acc8\"""", ""vary"": ""Accept-Encoding"", ""x-cache"": ""Hit from cloudfront"", ""x-amz-cf-pop"": ""HAM50-C2"", ""x-amz-cf-id"": ""CRZSZ1dnajENHU14UfqKq6qTL0XsIS1Miw_Ia9St0N72NJIIivu8aA=="", ""age"": ""262""}"
4,"GET https://www.mozilla.org/en-US/firefox/ HTTP/1.1
Host: www.mozilla.org
User-Agent: Mozilla/5.0 (Windows NT 10.0; rv:102.0) Gecko/20100101 Firefox/102.0
Accept: text/html,application/xhtml+xml,application/xml;q=0.9,image/avif,image/webp,*/*;q=0.8
Accept-Encoding: gzip, deflate, br
Accept-Language: en-US,en;q=0.5
DNT: 1
Connection: keep-alive
Upgrade-Insecure-Requests: 1
Sec-Fetch-Dest: document
Sec-Fetch-Mode: navigate
Sec-Fetch-Site: cross-site

",0,https://www.mozilla.org/en-US/firefox/,466,HTTP/1.1,0.16261506080627441,0.11688041687011719,0.02781510353088379,200,OK,[''],23,23,79270,"{""content-type"": ""text/html; charset=utf-8"", ""transfer-encoding"": ""chunked"", ""connection"": ""keep-alive"", ""server"": ""meinheld/1.0.2"", ""date"": ""Wed, 25 Oct 2023 12:29:24 GMT"", ""x-frame-options"": ""DENY"", ""content-security-policy"": ""frame-src 'self' *.mozilla.net *.mozilla.org *.mozilla.com *.mozilla.org www.googletagmanager.com www.google-analytics.com www.youtube-nocookie.com trackertest.org www.surveygizmo.com accounts.firefox.com accounts.firefox.com.cn www.youtube.com js.stripe.com; script-src 'self' *.mozilla.net *.mozilla.org *.mozilla.com *.mozilla.org 'unsafe-inline' 'unsafe-eval' www.googletagmanager.com www.google-analytics.com tagmanager.google.com www.youtube.com s.ytimg.com cdn-4.convertexperiments.com app.convert.com data.track.convertexperiments.com 1003350.track.convertexperiments.com 1003343.track.convertexperiments.com js.stripe.com; img-src 'self' *.mozilla.net *.mozilla.org *.mozilla.com *.mozilla.org data: mozilla.org www.googletagmanager.com www.google-analytics.com creativecommons.org cdn-4.convertexperiments.com logs.convertexperiments.com images.ctfassets.net; connect-src 'self' *.mozilla.net *.mozilla.org *.mozilla.com *.mozilla.org www.googletagmanager.com www.google-analytics.com region1.google-analytics.com logs.convertexperiments.com 1003350.metrics.convertexperiments.com 1003343.metrics.convertexperiments.com sentry.prod.mozaws.net o1069899.sentry.io o1069899.ingest.sentry.io https://accounts.firefox.com/ stage.cjms.nonprod.cloudops.mozgcp.net cjms.services.mozilla.com; default-src 'self' *.mozilla.net *.mozilla.org *.mozilla.com *.mozilla.org; style-src 'self' *.mozilla.net *.mozilla.org *.mozilla.com *.mozilla.org 'unsafe-inline' app.convert.com; child-src 'self' *.mozilla.net *.mozilla.org *.mozilla.com *.mozilla.org www.googletagmanager.com www.google-analytics.com www.youtube-nocookie.com trackertest.org www.surveygizmo.com accounts.firefox.com accounts.firefox.com.cn www.youtube.com js.stripe.com; font-src 'self'"", ""cache-control"": ""max-age=600"", ""expires"": ""Wed, 25 Oct 2023 12:39:25 GMT"", ""x-clacks-overhead"": ""GNU Terry Pratchett"", ""x-backend-server"": ""bedrock-6d4f8bd7f6-k2n6m.gcp-eu-west1"", ""strict-transport-security"": ""max-age=31536000"", ""x-content-type-options"": ""nosniff"", ""x-xss-protection"": ""1; mode=block"", ""referrer-policy"": ""strict-origin-when-cross-origin"", ""via"": ""1.1 google, 1.1 729c9decceac24f1bd37b7aa21870c5a.cloudfront.net (CloudFront)"", ""content-encoding"": ""br"", ""etag"": ""W/\""d72bfb541697beeaae492572ba41acc8\"""", ""vary"": ""Accept-Encoding"", ""x-cache"": ""Hit from cloudfront"", ""x-amz-cf-pop"": ""HAM50-C2"", ""x-amz-cf-id"": ""Wxnl03O6uPOGxED8inKrWnucZxinu9Y7ZBJdXZpBVfxiBaa-MhHcIg=="", ""age"": ""273""}"
5,"GET https://www.mozilla.org/en-US/firefox/ HTTP/1.1
Host: www.mozilla.org
User-Agent: Mozilla/5.0 (Windows NT 10.0; rv:102.0) Gecko/20100101 Firefox/102.0
Accept: text/html,application/xhtml+xml,application/xml;q=0.9,image/avif,image/webp,*/*;q=0.8
Accept-Encoding: gzip, deflate, br
Accept-Language: en-US,en;q=0.5
DNT: 1
Connection: keep-alive
Upgrade-Insecure-Requests: 1
Sec-Fetch-Dest: document
Sec-Fetch-Mode: navigate
Sec-Fetch-Site: cross-site

",0,https://www.mozilla.org/en-US/firefox/,466,HTTP/1.1,0.19173145294189453,0.13414239883422852,0.024136781692504883,200,OK,[''],23,23,79270,"{""content-type"": ""text/html; charset=utf-8"", ""transfer-encoding"": ""chunked"", ""connection"": ""keep-alive"", ""server"": ""meinheld/1.0.2"", ""date"": ""Wed, 25 Oct 2023 12:29:24 GMT"", ""x-frame-options"": ""DENY"", ""content-security-policy"": ""frame-src 'self' *.mozilla.net *.mozilla.org *.mozilla.com *.mozilla.org www.googletagmanager.com www.google-analytics.com www.youtube-nocookie.com trackertest.org www.surveygizmo.com accounts.firefox.com accounts.firefox.com.cn www.youtube.com js.stripe.com; script-src 'self' *.mozilla.net *.mozilla.org *.mozilla.com *.mozilla.org 'unsafe-inline' 'unsafe-eval' www.googletagmanager.com www.google-analytics.com tagmanager.google.com www.youtube.com s.ytimg.com cdn-4.convertexperiments.com app.convert.com data.track.convertexperiments.com 1003350.track.convertexperiments.com 1003343.track.convertexperiments.com js.stripe.com; img-src 'self' *.mozilla.net *.mozilla.org *.mozilla.com *.mozilla.org data: mozilla.org www.googletagmanager.com www.google-analytics.com creativecommons.org cdn-4.convertexperiments.com logs.convertexperiments.com images.ctfassets.net; connect-src 'self' *.mozilla.net *.mozilla.org *.mozilla.com *.mozilla.org www.googletagmanager.com www.google-analytics.com region1.google-analytics.com logs.convertexperiments.com 1003350.metrics.convertexperiments.com 1003343.metrics.convertexperiments.com sentry.prod.mozaws.net o1069899.sentry.io o1069899.ingest.sentry.io https://accounts.firefox.com/ stage.cjms.nonprod.cloudops.mozgcp.net cjms.services.mozilla.com; default-src 'self' *.mozilla.net *.mozilla.org *.mozilla.com *.mozilla.org; style-src 'self' *.mozilla.net *.mozilla.org *.mozilla.com *.mozilla.org 'unsafe-inline' app.convert.com; child-src 'self' *.mozilla.net *.mozilla.org *.mozilla.com *.mozilla.org www.googletagmanager.com www.google-analytics.com www.youtube-nocookie.com trackertest.org www.surveygizmo.com accounts.firefox.com accounts.firefox.com.cn www.youtube.com js.stripe.com; font-src 'self'"", ""cache-control"": ""max-age=600"", ""expires"": ""Wed, 25 Oct 2023 12:39:25 GMT"", ""x-clacks-overhead"": ""GNU Terry Pratchett"", ""x-backend-server"": ""bedrock-6d4f8bd7f6-k2n6m.gcp-eu-west1"", ""strict-transport-security"": ""max-age=31536000"", ""x-content-type-options"": ""nosniff"", ""x-xss-protection"": ""1; mode=block"", ""referrer-policy"": ""strict-origin-when-cross-origin"", ""via"": ""1.1 google, 1.1 2aad8fcd2689a21927951e9c238dbd00.cloudfront.net (CloudFront)"", ""content-encoding"": ""br"", ""etag"": ""W/\""d72bfb541697beeaae492572ba41acc8\"""", ""vary"": ""Accept-Encoding"", ""x-cache"": ""Hit from cloudfront"", ""x-amz-cf-pop"": ""HAM50-C2"", ""x-amz-cf-id"": ""aaxfkGAWRJUgFIwXgluYxmfo_8_dgcQNJwzy5KSaUrybpf3rK7TCJw=="", ""age"": ""283""}"
6,"GET https://www.mozilla.org/en-US/firefox/ HTTP/1.1
Host: www.mozilla.org
User-Agent: Mozilla/5.0 (Windows NT 10.0; rv:102.0) Gecko/20100101 Firefox/102.0
Accept: text/html,application/xhtml+xml,application/xml;q=0.9,image/avif,image/webp,*/*;q=0.8
Accept-Encoding: gzip, deflate, br
Accept-Language: en-US,en;q=0.5
DNT: 1
Connection: keep-alive
Upgrade-Insecure-Requests: 1
Sec-Fetch-Dest: document
Sec-Fetch-Mode: navigate
Sec-Fetch-Site: cross-site

",0,https://www.mozilla.org/en-US/firefox/,466,HTTP/1.1,0.18878388404846191,0.10959458351135254,0.11255192756652832,200,OK,[''],23,23,79270,"{""content-type"": ""text/html; charset=utf-8"", ""transfer-encoding"": ""chunked"", ""connection"": ""keep-alive"", ""server"": ""meinheld/1.0.2"", ""date"": ""Wed, 25 Oct 2023 12:29:24 GMT"", ""x-frame-options"": ""DENY"", ""content-security-policy"": ""frame-src 'self' *.mozilla.net *.mozilla.org *.mozilla.com *.mozilla.org www.googletagmanager.com www.google-analytics.com www.youtube-nocookie.com trackertest.org www.surveygizmo.com accounts.firefox.com accounts.firefox.com.cn www.youtube.com js.stripe.com; script-src 'self' *.mozilla.net *.mozilla.org *.mozilla.com *.mozilla.org 'unsafe-inline' 'unsafe-eval' www.googletagmanager.com www.google-analytics.com tagmanager.google.com www.youtube.com s.ytimg.com cdn-4.convertexperiments.com app.convert.com data.track.convertexperiments.com 1003350.track.convertexperiments.com 1003343.track.convertexperiments.com js.stripe.com; img-src 'self' *.mozilla.net *.mozilla.org *.mozilla.com *.mozilla.org data: mozilla.org www.googletagmanager.com www.google-analytics.com creativecommons.org cdn-4.convertexperiments.com logs.convertexperiments.com images.ctfassets.net; connect-src 'self' *.mozilla.net *.mozilla.org *.mozilla.com *.mozilla.org www.googletagmanager.com www.google-analytics.com region1.google-analytics.com logs.convertexperiments.com 1003350.metrics.convertexperiments.com 1003343.metrics.convertexperiments.com sentry.prod.mozaws.net o1069899.sentry.io o1069899.ingest.sentry.io https://accounts.firefox.com/ stage.cjms.nonprod.cloudops.mozgcp.net cjms.services.mozilla.com; default-src 'self' *.mozilla.net *.mozilla.org *.mozilla.com *.mozilla.org; style-src 'self' *.mozilla.net *.mozilla.org *.mozilla.com *.mozilla.org 'unsafe-inline' app.convert.com; child-src 'self' *.mozilla.net *.mozilla.org *.mozilla.com *.mozilla.org www.googletagmanager.com www.google-analytics.com www.youtube-nocookie.com trackertest.org www.surveygizmo.com accounts.firefox.com accounts.firefox.com.cn www.youtube.com js.stripe.com; font-src 'self'"", ""cache-control"": ""max-age=600"", ""expires"": ""Wed, 25 Oct 2023 12:39:25 GMT"", ""x-clacks-overhead"": ""GNU Terry Pratchett"", ""x-backend-server"": ""bedrock-6d4f8bd7f6-k2n6m.gcp-eu-west1"", ""strict-transport-security"": ""max-age=31536000"", ""x-content-type-options"": ""nosniff"", ""x-xss-protection"": ""1; mode=block"", ""referrer-policy"": ""strict-origin-when-cross-origin"", ""via"": ""1.1 google, 1.1 3db7f91696447b8891fcb8247d1ed788.cloudfront.net (CloudFront)"", ""content-encoding"": ""br"", ""etag"": ""W/\""d72bfb541697beeaae492572ba41acc8\"""", ""vary"": ""Accept-Encoding"", ""x-cache"": ""Hit from cloudfront"", ""x-amz-cf-pop"": ""HAM50-C2"", ""x-amz-cf-id"": ""SX7IWKqW38zfqhF2QWixn2-xGPrnsb6AF9cuuqe5mgLsT5bx5fynnQ=="", ""age"": ""293""}"
7,"GET https://www.mozilla.org/en-US/firefox/ HTTP/1.1
Host: www.mozilla.org
User-Agent: Mozilla/5.0 (Windows NT 10.0; rv:102.0) Gecko/20100101 Firefox/102.0
Accept: text/html,application/xhtml+xml,application/xml;q=0.9,image/avif,image/webp,*/*;q=0.8
Accept-Encoding: gzip, deflate, br
Accept-Language: en-US,en;q=0.5
DNT: 1
Connection: keep-alive
Upgrade-Insecure-Requests: 1
Sec-Fetch-Dest: document
Sec-Fetch-Mode: navigate
Sec-Fetch-Site: cross-site

",0,https://www.mozilla.org/en-US/firefox/,466,HTTP/1.1,0.09870004653930664,0.1096196174621582,0.033365488052368164,200,OK,[''],23,23,79270,"{""content-type"": ""text/html; charset=utf-8"", ""transfer-encoding"": ""chunked"", ""connection"": ""keep-alive"", ""server"": ""meinheld/1.0.2"", ""date"": ""Wed, 25 Oct 2023 12:29:24 GMT"", ""x-frame-options"": ""DENY"", ""content-security-policy"": ""frame-src 'self' *.mozilla.net *.mozilla.org *.mozilla.com *.mozilla.org www.googletagmanager.com www.google-analytics.com www.youtube-nocookie.com trackertest.org www.surveygizmo.com accounts.firefox.com accounts.firefox.com.cn www.youtube.com js.stripe.com; script-src 'self' *.mozilla.net *.mozilla.org *.mozilla.com *.mozilla.org 'unsafe-inline' 'unsafe-eval' www.googletagmanager.com www.google-analytics.com tagmanager.google.com www.youtube.com s.ytimg.com cdn-4.convertexperiments.com app.convert.com data.track.convertexperiments.com 1003350.track.convertexperiments.com 1003343.track.convertexperiments.com js.stripe.com; img-src 'self' *.mozilla.net *.mozilla.org *.mozilla.com *.mozilla.org data: mozilla.org www.googletagmanager.com www.google-analytics.com creativecommons.org cdn-4.convertexperiments.com logs.convertexperiments.com images.ctfassets.net; connect-src 'self' *.mozilla.net *.mozilla.org *.mozilla.com *.mozilla.org www.googletagmanager.com www.google-analytics.com region1.google-analytics.com logs.convertexperiments.com 1003350.metrics.convertexperiments.com 1003343.metrics.convertexperiments.com sentry.prod.mozaws.net o1069899.sentry.io o1069899.ingest.sentry.io https://accounts.firefox.com/ stage.cjms.nonprod.cloudops.mozgcp.net cjms.services.mozilla.com; default-src 'self' *.mozilla.net *.mozilla.org *.mozilla.com *.mozilla.org; style-src 'self' *.mozilla.net *.mozilla.org *.mozilla.com *.mozilla.org 'unsafe-inline' app.convert.com; child-src 'self' *.mozilla.net *.mozilla.org *.mozilla.com *.mozilla.org www.googletagmanager.com www.google-analytics.com www.youtube-nocookie.com trackertest.org www.surveygizmo.com accounts.firefox.com accounts.firefox.com.cn www.youtube.com js.stripe.com; font-src 'self'"", ""cache-control"": ""max-age=600"", ""expires"": ""Wed, 25 Oct 2023 12:39:25 GMT"", ""x-clacks-overhead"": ""GNU Terry Pratchett"", ""x-backend-server"": ""bedrock-6d4f8bd7f6-k2n6m.gcp-eu-west1"", ""strict-transport-security"": ""max-age=31536000"", ""x-content-type-options"": ""nosniff"", ""x-xss-protection"": ""1; mode=block"", ""referrer-policy"": ""strict-origin-when-cross-origin"", ""via"": ""1.1 google, 1.1 93a0d7f8920098ec4cffab828f70f5cc.cloudfront.net (CloudFront)"", ""content-encoding"": ""br"", ""etag"": ""W/\""d72bfb541697beeaae492572ba41acc8\"""", ""vary"": ""Accept-Encoding"", ""x-cache"": ""Hit from cloudfront"", ""x-amz-cf-pop"": ""HAM50-C2"", ""x-amz-cf-id"": ""_lb3PN1_T8Xgy68MKDgD68ViAl5eIHaULptPtfuQHfpcUYgjT0tMHQ=="", ""age"": ""303""}"
8,"GET https://www.mozilla.org/en-US/firefox/ HTTP/1.1
Host: www.mozilla.org
User-Agent: Mozilla/5.0 (Windows NT 10.0; rv:102.0) Gecko/20100101 Firefox/102.0
Accept: text/html,application/xhtml+xml,application/xml;q=0.9,image/avif,image/webp,*/*;q=0.8
Accept-Encoding: gzip, deflate, br
Accept-Language: en-US,en;q=0.5
DNT: 1
Connection: keep-alive
Upgrade-Insecure-Requests: 1
Sec-Fetch-Dest: document
Sec-Fetch-Mode: navigate
Sec-Fetch-Site: cross-site

",0,https://www.mozilla.org/en-US/firefox/,466,HTTP/1.1,0.12521815299987793,0.11740946769714355,0.032553911209106445,200,OK,[''],23,23,79270,"{""content-type"": ""text/html; charset=utf-8"", ""transfer-encoding"": ""chunked"", ""connection"": ""keep-alive"", ""server"": ""meinheld/1.0.2"", ""date"": ""Wed, 25 Oct 2023 12:29:24 GMT"", ""x-frame-options"": ""DENY"", ""content-security-policy"": ""frame-src 'self' *.mozilla.net *.mozilla.org *.mozilla.com *.mozilla.org www.googletagmanager.com www.google-analytics.com www.youtube-nocookie.com trackertest.org www.surveygizmo.com accounts.firefox.com accounts.firefox.com.cn www.youtube.com js.stripe.com; script-src 'self' *.mozilla.net *.mozilla.org *.mozilla.com *.mozilla.org 'unsafe-inline' 'unsafe-eval' www.googletagmanager.com www.google-analytics.com tagmanager.google.com www.youtube.com s.ytimg.com cdn-4.convertexperiments.com app.convert.com data.track.convertexperiments.com 1003350.track.convertexperiments.com 1003343.track.convertexperiments.com js.stripe.com; img-src 'self' *.mozilla.net *.mozilla.org *.mozilla.com *.mozilla.org data: mozilla.org www.googletagmanager.com www.google-analytics.com creativecommons.org cdn-4.convertexperiments.com logs.convertexperiments.com images.ctfassets.net; connect-src 'self' *.mozilla.net *.mozilla.org *.mozilla.com *.mozilla.org www.googletagmanager.com www.google-analytics.com region1.google-analytics.com logs.convertexperiments.com 1003350.metrics.convertexperiments.com 1003343.metrics.convertexperiments.com sentry.prod.mozaws.net o1069899.sentry.io o1069899.ingest.sentry.io https://accounts.firefox.com/ stage.cjms.nonprod.cloudops.mozgcp.net cjms.services.mozilla.com; default-src 'self' *.mozilla.net *.mozilla.org *.mozilla.com *.mozilla.org; style-src 'self' *.mozilla.net *.mozilla.org *.mozilla.com *.mozilla.org 'unsafe-inline' app.convert.com; child-src 'self' *.mozilla.net *.mozilla.org *.mozilla.com *.mozilla.org www.googletagmanager.com www.google-analytics.com www.youtube-nocookie.com trackertest.org www.surveygizmo.com accounts.firefox.com accounts.firefox.com.cn www.youtube.com js.stripe.com; font-src 'self'"", ""cache-control"": ""max-age=600"", ""expires"": ""Wed, 25 Oct 2023 12:39:25 GMT"", ""x-clacks-overhead"": ""GNU Terry Pratchett"", ""x-backend-server"": ""bedrock-6d4f8bd7f6-k2n6m.gcp-eu-west1"", ""strict-transport-security"": ""max-age=31536000"", ""x-content-type-options"": ""nosniff"", ""x-xss-protection"": ""1; mode=block"", ""referrer-policy"": ""strict-origin-when-cross-origin"", ""via"": ""1.1 google, 1.1 e028ce7d5e71301b0e973ef66c9bbff8.cloudfront.net (CloudFront)"", ""content-encoding"": ""br"", ""etag"": ""W/\""d72bfb541697beeaae492572ba41acc8\"""", ""vary"": ""Accept-Encoding"", ""x-cache"": ""Hit from cloudfront"", ""x-amz-cf-pop"": ""HAM50-C2"", ""x-amz-cf-id"": ""8oSbNFdBukOacjaY6UfVZAchzSLYDpyJdoCE-hxmWjKmuX_6vAFOnQ=="", ""age"": ""314""}"
9,"GET https://www.mozilla.org/en-US/firefox/ HTTP/1.1
Host: www.mozilla.org
User-Agent: Mozilla/5.0 (Windows NT 10.0; rv:102.0) Gecko/20100101 Firefox/102.0
Accept: text/html,application/xhtml+xml,application/xml;q=0.9,image/avif,image/webp,*/*;q=0.8
Accept-Encoding: gzip, deflate, br
Accept-Language: en-US,en;q=0.5
DNT: 1
Connection: keep-alive
Upgrade-Insecure-Requests: 1
Sec-Fetch-Dest: document
Sec-Fetch-Mode: navigate
Sec-Fetch-Site: cross-site

",0,https://www.mozilla.org/en-US/firefox/,466,HTTP/1.1,0.1743638515472412,0.11244654655456543,0.028078079223632812,200,OK,[''],23,23,79270,"{""content-type"": ""text/html; charset=utf-8"", ""transfer-encoding"": ""chunked"", ""connection"": ""keep-alive"", ""server"": ""meinheld/1.0.2"", ""date"": ""Wed, 25 Oct 2023 12:29:24 GMT"", ""x-frame-options"": ""DENY"", ""content-security-policy"": ""frame-src 'self' *.mozilla.net *.mozilla.org *.mozilla.com *.mozilla.org www.googletagmanager.com www.google-analytics.com www.youtube-nocookie.com trackertest.org www.surveygizmo.com accounts.firefox.com accounts.firefox.com.cn www.youtube.com js.stripe.com; script-src 'self' *.mozilla.net *.mozilla.org *.mozilla.com *.mozilla.org 'unsafe-inline' 'unsafe-eval' www.googletagmanager.com www.google-analytics.com tagmanager.google.com www.youtube.com s.ytimg.com cdn-4.convertexperiments.com app.convert.com data.track.convertexperiments.com 1003350.track.convertexperiments.com 1003343.track.convertexperiments.com js.stripe.com; img-src 'self' *.mozilla.net *.mozilla.org *.mozilla.com *.mozilla.org data: mozilla.org www.googletagmanager.com www.google-analytics.com creativecommons.org cdn-4.convertexperiments.com logs.convertexperiments.com images.ctfassets.net; connect-src 'self' *.mozilla.net *.mozilla.org *.mozilla.com *.mozilla.org www.googletagmanager.com www.google-analytics.com region1.google-analytics.com logs.convertexperiments.com 1003350.metrics.convertexperiments.com 1003343.metrics.convertexperiments.com sentry.prod.mozaws.net o1069899.sentry.io o1069899.ingest.sentry.io https://accounts.firefox.com/ stage.cjms.nonprod.cloudops.mozgcp.net cjms.services.mozilla.com; default-src 'self' *.mozilla.net *.mozilla.org *.mozilla.com *.mozilla.org; style-src 'self' *.mozilla.net *.mozilla.org *.mozilla.com *.mozilla.org 'unsafe-inline' app.convert.com; child-src 'self' *.mozilla.net *.mozilla.org *.mozilla.com *.mozilla.org www.googletagmanager.com www.google-analytics.com www.youtube-nocookie.com trackertest.org www.surveygizmo.com accounts.firefox.com accounts.firefox.com.cn www.youtube.com js.stripe.com; font-src 'self'"", ""cache-control"": ""max-age=600"", ""expires"": ""Wed, 25 Oct 2023 12:39:25 GMT"", ""x-clacks-overhead"": ""GNU Terry Pratchett"", ""x-backend-server"": ""bedrock-6d4f8bd7f6-k2n6m.gcp-eu-west1"", ""strict-transport-security"": ""max-age=31536000"", ""x-content-type-options"": ""nosniff"", ""x-xss-protection"": ""1; mode=block"", ""referrer-policy"": ""strict-origin-when-cross-origin"", ""via"": ""1.1 google, 1.1 6c26a6f006166d6418b47ce1f42cffd6.cloudfront.net (CloudFront)"", ""content-encoding"": ""br"", ""etag"": ""W/\""d72bfb541697beeaae492572ba41acc8\"""", ""vary"": ""Accept-Encoding"", ""x-cache"": ""Hit from cloudfront"", ""x-amz-cf-pop"": ""HAM50-C2"", ""x-amz-cf-id"": ""4gzrWaLU0PXyEMbLZpHxANfFoyd9lJ4qGDRBsLvIxzMYZsp13uppUQ=="", ""age"": ""323""}"
