[
    {
        "number": 0,
        "request": "GET https://www.mozilla.org/en-US/firefox/ HTTP/1.1\r\nHost: www.mozilla.org\r\nUser-Agent: Mozilla/5.0 (Windows NT 10.0; rv:102.0) Gecko/20100101 Firefox/102.0\r\nAccept: text/html,application/xhtml+xml,application/xml;q=0.9,image/avif,image/webp,*/*;q=0.8\r\nAccept-Encoding: gzip, deflate, br\r\nAccept-Language: en-US,en;q=0.5\r\nDNT: 1\r\nConnection: keep-alive\r\nUpgrade-Insecure-Requests: 1\r\nSec-Fetch-Dest: document\r\nSec-Fetch-Mode: navigate\r\nSec-Fetch-Site: cross-site\r\n\r\n",
        "deviation_count": 0,
        "uri": "https://www.mozilla.org/en-US/firefox/",
        "request_length": 466,
        "Response_Time": 0.05185246467590332,
        "status_code": 200,
        "reason_phrase": "OK",
        "error_message": [
            ""
        ],
        "response_header_count": 23,
        "response_header_length": 23,
        "response_body_length": 79270,
        "response_header_fields": {
            "content-type": "text/html; charset=utf-8",
            "transfer-encoding": "chunked",
            "connection": "keep-alive",
            "server": "meinheld/1.0.2",
            "date": "Wed, 25 Oct 2023 12:29:24 GMT",
            "x-frame-options": "DENY",
            "content-security-policy": "frame-src 'self' *.mozilla.net *.mozilla.org *.mozilla.com *.mozilla.org www.googletagmanager.com www.google-analytics.com www.youtube-nocookie.com trackertest.org www.surveygizmo.com accounts.firefox.com accounts.firefox.com.cn www.youtube.com js.stripe.com; script-src 'self' *.mozilla.net *.mozilla.org *.mozilla.com *.mozilla.org 'unsafe-inline' 'unsafe-eval' www.googletagmanager.com www.google-analytics.com tagmanager.google.com www.youtube.com s.ytimg.com cdn-4.convertexperiments.com app.convert.com data.track.convertexperiments.com 1003350.track.convertexperiments.com 1003343.track.convertexperiments.com js.stripe.com; img-src 'self' *.mozilla.net *.mozilla.org *.mozilla.com *.mozilla.org data: mozilla.org www.googletagmanager.com www.google-analytics.com creativecommons.org cdn-4.convertexperiments.com logs.convertexperiments.com images.ctfassets.net; connect-src 'self' *.mozilla.net *.mozilla.org *.mozilla.com *.mozilla.org www.googletagmanager.com www.google-analytics.com region1.google-analytics.com logs.convertexperiments.com 1003350.metrics.convertexperiments.com 1003343.metrics.convertexperiments.com sentry.prod.mozaws.net o1069899.sentry.io o1069899.ingest.sentry.io https://accounts.firefox.com/ stage.cjms.nonprod.cloudops.mozgcp.net cjms.services.mozilla.com; default-src 'self' *.mozilla.net *.mozilla.org *.mozilla.com *.mozilla.org; style-src 'self' *.mozilla.net *.mozilla.org *.mozilla.com *.mozilla.org 'unsafe-inline' app.convert.com; child-src 'self' *.mozilla.net *.mozilla.org *.mozilla.com *.mozilla.org www.googletagmanager.com www.google-analytics.com www.youtube-nocookie.com trackertest.org www.surveygizmo.com accounts.firefox.com accounts.firefox.com.cn www.youtube.com js.stripe.com; font-src 'self'",
            "cache-control": "max-age=600",
            "expires": "Wed, 25 Oct 2023 12:39:25 GMT",
            "x-clacks-overhead": "GNU Terry Pratchett",
            "x-backend-server": "bedrock-6d4f8bd7f6-k2n6m.gcp-eu-west1",
            "strict-transport-security": "max-age=31536000",
            "x-content-type-options": "nosniff",
            "x-xss-protection": "1; mode=block",
            "referrer-policy": "strict-origin-when-cross-origin",
            "via": "1.1 google, 1.1 8f9305e858931aa6ae96c1310e7ea596.cloudfront.net (CloudFront)",
            "content-encoding": "br",
            "etag": "W/\"d72bfb541697beeaae492572ba41acc8\"",
            "vary": "Accept-Encoding",
            "x-cache": "Hit from cloudfront",
            "x-amz-cf-pop": "HAM50-C2",
            "x-amz-cf-id": "55ULPQqxWcalX8zGVvUcdOmYpG4BmY69O-tfscjEyT4av6fiMq6okg==",
            "age": "230"
        }
    },
    {
        "number": 1,
        "request": "GET https://www.mozilla.org/en-US/firefox/ HTTP/1.1\r\nHost: www.mozilla.org\r\nUser-Agent: Mozilla/5.0 (Windows NT 10.0; rv:102.0) Gecko/20100101 Firefox/102.0\r\nAccept: text/html,application/xhtml+xml,application/xml;q=0.9,image/avif,image/webp,*/*;q=0.8\r\nAccept-Encoding: gzip, deflate, br\r\nAccept-Language: en-US,en;q=0.5\r\nDNT: 1\r\nConnection: keep-alive\r\nUpgrade-Insecure-Requests: 1\r\nSec-Fetch-Dest: document\r\nSec-Fetch-Mode: navigate\r\nSec-Fetch-Site: cross-site\r\n\r\n",
        "deviation_count": 0,
        "uri": "https://www.mozilla.org/en-US/firefox/",
        "request_length": 466,
        "Response_Time": 0.06001019477844238,
        "status_code": 200,
        "reason_phrase": "OK",
        "error_message": [
            ""
        ],
        "response_header_count": 23,
        "response_header_length": 23,
        "response_body_length": 79270,
        "response_header_fields": {
            "content-type": "text/html; charset=utf-8",
            "transfer-encoding": "chunked",
            "connection": "keep-alive",
            "server": "meinheld/1.0.2",
            "date": "Wed, 25 Oct 2023 12:29:24 GMT",
            "x-frame-options": "DENY",
            "content-security-policy": "frame-src 'self' *.mozilla.net *.mozilla.org *.mozilla.com *.mozilla.org www.googletagmanager.com www.google-analytics.com www.youtube-nocookie.com trackertest.org www.surveygizmo.com accounts.firefox.com accounts.firefox.com.cn www.youtube.com js.stripe.com; script-src 'self' *.mozilla.net *.mozilla.org *.mozilla.com *.mozilla.org 'unsafe-inline' 'unsafe-eval' www.googletagmanager.com www.google-analytics.com tagmanager.google.com www.youtube.com s.ytimg.com cdn-4.convertexperiments.com app.convert.com data.track.convertexperiments.com 1003350.track.convertexperiments.com 1003343.track.convertexperiments.com js.stripe.com; img-src 'self' *.mozilla.net *.mozilla.org *.mozilla.com *.mozilla.org data: mozilla.org www.googletagmanager.com www.google-analytics.com creativecommons.org cdn-4.convertexperiments.com logs.convertexperiments.com images.ctfassets.net; connect-src 'self' *.mozilla.net *.mozilla.org *.mozilla.com *.mozilla.org www.googletagmanager.com www.google-analytics.com region1.google-analytics.com logs.convertexperiments.com 1003350.metrics.convertexperiments.com 1003343.metrics.convertexperiments.com sentry.prod.mozaws.net o1069899.sentry.io o1069899.ingest.sentry.io https://accounts.firefox.com/ stage.cjms.nonprod.cloudops.mozgcp.net cjms.services.mozilla.com; default-src 'self' *.mozilla.net *.mozilla.org *.mozilla.com *.mozilla.org; style-src 'self' *.mozilla.net *.mozilla.org *.mozilla.com *.mozilla.org 'unsafe-inline' app.convert.com; child-src 'self' *.mozilla.net *.mozilla.org *.mozilla.com *.mozilla.org www.googletagmanager.com www.google-analytics.com www.youtube-nocookie.com trackertest.org www.surveygizmo.com accounts.firefox.com accounts.firefox.com.cn www.youtube.com js.stripe.com; font-src 'self'",
            "cache-control": "max-age=600",
            "expires": "Wed, 25 Oct 2023 12:39:25 GMT",
            "x-clacks-overhead": "GNU Terry Pratchett",
            "x-backend-server": "bedrock-6d4f8bd7f6-k2n6m.gcp-eu-west1",
            "strict-transport-security": "max-age=31536000",
            "x-content-type-options": "nosniff",
            "x-xss-protection": "1; mode=block",
            "referrer-policy": "strict-origin-when-cross-origin",
            "via": "1.1 google, 1.1 205ffb8e514fb7232a031d1454df1292.cloudfront.net (CloudFront)",
            "content-encoding": "br",
            "etag": "W/\"d72bfb541697beeaae492572ba41acc8\"",
            "vary": "Accept-Encoding",
            "x-cache": "Hit from cloudfront",
            "x-amz-cf-pop": "HAM50-C2",
            "x-amz-cf-id": "6aCQha5ZX-3TE44ywB7aXXsojmnPDpam_cJqV-fsl1wPfqdWZbdEDg==",
            "age": "241"
        }
    },
    {
        "number": 2,
        "request": "GET https://www.mozilla.org/en-US/firefox/ HTTP/1.1\r\nHost: www.mozilla.org\r\nUser-Agent: Mozilla/5.0 (Windows NT 10.0; rv:102.0) Gecko/20100101 Firefox/102.0\r\nAccept: text/html,application/xhtml+xml,application/xml;q=0.9,image/avif,image/webp,*/*;q=0.8\r\nAccept-Encoding: gzip, deflate, br\r\nAccept-Language: en-US,en;q=0.5\r\nDNT: 1\r\nConnection: keep-alive\r\nUpgrade-Insecure-Requests: 1\r\nSec-Fetch-Dest: document\r\nSec-Fetch-Mode: navigate\r\nSec-Fetch-Site: cross-site\r\n\r\n",
        "deviation_count": 0,
        "uri": "https://www.mozilla.org/en-US/firefox/",
        "request_length": 466,
        "Response_Time": 0.02172231674194336,
        "status_code": 200,
        "reason_phrase": "OK",
        "error_message": [
            ""
        ],
        "response_header_count": 23,
        "response_header_length": 23,
        "response_body_length": 79270,
        "response_header_fields": {
            "content-type": "text/html; charset=utf-8",
            "transfer-encoding": "chunked",
            "connection": "keep-alive",
            "server": "meinheld/1.0.2",
            "date": "Wed, 25 Oct 2023 12:29:24 GMT",
            "x-frame-options": "DENY",
            "content-security-policy": "frame-src 'self' *.mozilla.net *.mozilla.org *.mozilla.com *.mozilla.org www.googletagmanager.com www.google-analytics.com www.youtube-nocookie.com trackertest.org www.surveygizmo.com accounts.firefox.com accounts.firefox.com.cn www.youtube.com js.stripe.com; script-src 'self' *.mozilla.net *.mozilla.org *.mozilla.com *.mozilla.org 'unsafe-inline' 'unsafe-eval' www.googletagmanager.com www.google-analytics.com tagmanager.google.com www.youtube.com s.ytimg.com cdn-4.convertexperiments.com app.convert.com data.track.convertexperiments.com 1003350.track.convertexperiments.com 1003343.track.convertexperiments.com js.stripe.com; img-src 'self' *.mozilla.net *.mozilla.org *.mozilla.com *.mozilla.org data: mozilla.org www.googletagmanager.com www.google-analytics.com creativecommons.org cdn-4.convertexperiments.com logs.convertexperiments.com images.ctfassets.net; connect-src 'self' *.mozilla.net *.mozilla.org *.mozilla.com *.mozilla.org www.googletagmanager.com www.google-analytics.com region1.google-analytics.com logs.convertexperiments.com 1003350.metrics.convertexperiments.com 1003343.metrics.convertexperiments.com sentry.prod.mozaws.net o1069899.sentry.io o1069899.ingest.sentry.io https://accounts.firefox.com/ stage.cjms.nonprod.cloudops.mozgcp.net cjms.services.mozilla.com; default-src 'self' *.mozilla.net *.mozilla.org *.mozilla.com *.mozilla.org; style-src 'self' *.mozilla.net *.mozilla.org *.mozilla.com *.mozilla.org 'unsafe-inline' app.convert.com; child-src 'self' *.mozilla.net *.mozilla.org *.mozilla.com *.mozilla.org www.googletagmanager.com www.google-analytics.com www.youtube-nocookie.com trackertest.org www.surveygizmo.com accounts.firefox.com accounts.firefox.com.cn www.youtube.com js.stripe.com; font-src 'self'",
            "cache-control": "max-age=600",
            "expires": "Wed, 25 Oct 2023 12:39:25 GMT",
            "x-clacks-overhead": "GNU Terry Pratchett",
            "x-backend-server": "bedrock-6d4f8bd7f6-k2n6m.gcp-eu-west1",
            "strict-transport-security": "max-age=31536000",
            "x-content-type-options": "nosniff",
            "x-xss-protection": "1; mode=block",
            "referrer-policy": "strict-origin-when-cross-origin",
            "via": "1.1 google, 1.1 a0c82b0230a7e14a68e3ce4ae3eed806.cloudfront.net (CloudFront)",
            "content-encoding": "br",
            "etag": "W/\"d72bfb541697beeaae492572ba41acc8\"",
            "vary": "Accept-Encoding",
            "x-cache": "Hit from cloudfront",
            "x-amz-cf-pop": "HAM50-C2",
            "x-amz-cf-id": "kJqjqv_XK2zmJfdSkgPJVbR8arIBPDD5iZ-jAviT0h3ILy4koPOqzA==",
            "age": "252"
        }
    },
    {
        "number": 3,
        "request": "GET https://www.mozilla.org/en-US/firefox/ HTTP/1.1\r\nHost: www.mozilla.org\r\nUser-Agent: Mozilla/5.0 (Windows NT 10.0; rv:102.0) Gecko/20100101 Firefox/102.0\r\nAccept: text/html,application/xhtml+xml,application/xml;q=0.9,image/avif,image/webp,*/*;q=0.8\r\nAccept-Encoding: gzip, deflate, br\r\nAccept-Language: en-US,en;q=0.5\r\nDNT: 1\r\nConnection: keep-alive\r\nUpgrade-Insecure-Requests: 1\r\nSec-Fetch-Dest: document\r\nSec-Fetch-Mode: navigate\r\nSec-Fetch-Site: cross-site\r\n\r\n",
        "deviation_count": 0,
        "uri": "https://www.mozilla.org/en-US/firefox/",
        "request_length": 466,
        "Response_Time": 0.05705404281616211,
        "status_code": 200,
        "reason_phrase": "OK",
        "error_message": [
            ""
        ],
        "response_header_count": 23,
        "response_header_length": 23,
        "response_body_length": 79270,
        "response_header_fields": {
            "content-type": "text/html; charset=utf-8",
            "transfer-encoding": "chunked",
            "connection": "keep-alive",
            "server": "meinheld/1.0.2",
            "date": "Wed, 25 Oct 2023 12:29:24 GMT",
            "x-frame-options": "DENY",
            "content-security-policy": "frame-src 'self' *.mozilla.net *.mozilla.org *.mozilla.com *.mozilla.org www.googletagmanager.com www.google-analytics.com www.youtube-nocookie.com trackertest.org www.surveygizmo.com accounts.firefox.com accounts.firefox.com.cn www.youtube.com js.stripe.com; script-src 'self' *.mozilla.net *.mozilla.org *.mozilla.com *.mozilla.org 'unsafe-inline' 'unsafe-eval' www.googletagmanager.com www.google-analytics.com tagmanager.google.com www.youtube.com s.ytimg.com cdn-4.convertexperiments.com app.convert.com data.track.convertexperiments.com 1003350.track.convertexperiments.com 1003343.track.convertexperiments.com js.stripe.com; img-src 'self' *.mozilla.net *.mozilla.org *.mozilla.com *.mozilla.org data: mozilla.org www.googletagmanager.com www.google-analytics.com creativecommons.org cdn-4.convertexperiments.com logs.convertexperiments.com images.ctfassets.net; connect-src 'self' *.mozilla.net *.mozilla.org *.mozilla.com *.mozilla.org www.googletagmanager.com www.google-analytics.com region1.google-analytics.com logs.convertexperiments.com 1003350.metrics.convertexperiments.com 1003343.metrics.convertexperiments.com sentry.prod.mozaws.net o1069899.sentry.io o1069899.ingest.sentry.io https://accounts.firefox.com/ stage.cjms.nonprod.cloudops.mozgcp.net cjms.services.mozilla.com; default-src 'self' *.mozilla.net *.mozilla.org *.mozilla.com *.mozilla.org; style-src 'self' *.mozilla.net *.mozilla.org *.mozilla.com *.mozilla.org 'unsafe-inline' app.convert.com; child-src 'self' *.mozilla.net *.mozilla.org *.mozilla.com *.mozilla.org www.googletagmanager.com www.google-analytics.com www.youtube-nocookie.com trackertest.org www.surveygizmo.com accounts.firefox.com accounts.firefox.com.cn www.youtube.com js.stripe.com; font-src 'self'",
            "cache-control": "max-age=600",
            "expires": "Wed, 25 Oct 2023 12:39:25 GMT",
            "x-clacks-overhead": "GNU Terry Pratchett",
            "x-backend-server": "bedrock-6d4f8bd7f6-k2n6m.gcp-eu-west1",
            "strict-transport-security": "max-age=31536000",
            "x-content-type-options": "nosniff",
            "x-xss-protection": "1; mode=block",
            "referrer-policy": "strict-origin-when-cross-origin",
            "via": "1.1 google, 1.1 fec18be10cd069f0dd74ab4667ba5e26.cloudfront.net (CloudFront)",
            "content-encoding": "br",
            "etag": "W/\"d72bfb541697beeaae492572ba41acc8\"",
            "vary": "Accept-Encoding",
            "x-cache": "Hit from cloudfront",
            "x-amz-cf-pop": "HAM50-C2",
            "x-amz-cf-id": "CRZSZ1dnajENHU14UfqKq6qTL0XsIS1Miw_Ia9St0N72NJIIivu8aA==",
            "age": "262"
        }
    },
    {
        "number": 4,
        "request": "GET https://www.mozilla.org/en-US/firefox/ HTTP/1.1\r\nHost: www.mozilla.org\r\nUser-Agent: Mozilla/5.0 (Windows NT 10.0; rv:102.0) Gecko/20100101 Firefox/102.0\r\nAccept: text/html,application/xhtml+xml,application/xml;q=0.9,image/avif,image/webp,*/*;q=0.8\r\nAccept-Encoding: gzip, deflate, br\r\nAccept-Language: en-US,en;q=0.5\r\nDNT: 1\r\nConnection: keep-alive\r\nUpgrade-Insecure-Requests: 1\r\nSec-Fetch-Dest: document\r\nSec-Fetch-Mode: navigate\r\nSec-Fetch-Site: cross-site\r\n\r\n",
        "deviation_count": 0,
        "uri": "https://www.mozilla.org/en-US/firefox/",
        "request_length": 466,
        "Response_Time": 0.02781510353088379,
        "status_code": 200,
        "reason_phrase": "OK",
        "error_message": [
            ""
        ],
        "response_header_count": 23,
        "response_header_length": 23,
        "response_body_length": 79270,
        "response_header_fields": {
            "content-type": "text/html; charset=utf-8",
            "transfer-encoding": "chunked",
            "connection": "keep-alive",
            "server": "meinheld/1.0.2",
            "date": "Wed, 25 Oct 2023 12:29:24 GMT",
            "x-frame-options": "DENY",
            "content-security-policy": "frame-src 'self' *.mozilla.net *.mozilla.org *.mozilla.com *.mozilla.org www.googletagmanager.com www.google-analytics.com www.youtube-nocookie.com trackertest.org www.surveygizmo.com accounts.firefox.com accounts.firefox.com.cn www.youtube.com js.stripe.com; script-src 'self' *.mozilla.net *.mozilla.org *.mozilla.com *.mozilla.org 'unsafe-inline' 'unsafe-eval' www.googletagmanager.com www.google-analytics.com tagmanager.google.com www.youtube.com s.ytimg.com cdn-4.convertexperiments.com app.convert.com data.track.convertexperiments.com 1003350.track.convertexperiments.com 1003343.track.convertexperiments.com js.stripe.com; img-src 'self' *.mozilla.net *.mozilla.org *.mozilla.com *.mozilla.org data: mozilla.org www.googletagmanager.com www.google-analytics.com creativecommons.org cdn-4.convertexperiments.com logs.convertexperiments.com images.ctfassets.net; connect-src 'self' *.mozilla.net *.mozilla.org *.mozilla.com *.mozilla.org www.googletagmanager.com www.google-analytics.com region1.google-analytics.com logs.convertexperiments.com 1003350.metrics.convertexperiments.com 1003343.metrics.convertexperiments.com sentry.prod.mozaws.net o1069899.sentry.io o1069899.ingest.sentry.io https://accounts.firefox.com/ stage.cjms.nonprod.cloudops.mozgcp.net cjms.services.mozilla.com; default-src 'self' *.mozilla.net *.mozilla.org *.mozilla.com *.mozilla.org; style-src 'self' *.mozilla.net *.mozilla.org *.mozilla.com *.mozilla.org 'unsafe-inline' app.convert.com; child-src 'self' *.mozilla.net *.mozilla.org *.mozilla.com *.mozilla.org www.googletagmanager.com www.google-analytics.com www.youtube-nocookie.com trackertest.org www.surveygizmo.com accounts.firefox.com accounts.firefox.com.cn www.youtube.com js.stripe.com; font-src 'self'",
            "cache-control": "max-age=600",
            "expires": "Wed, 25 Oct 2023 12:39:25 GMT",
            "x-clacks-overhead": "GNU Terry Pratchett",
            "x-backend-server": "bedrock-6d4f8bd7f6-k2n6m.gcp-eu-west1",
            "strict-transport-security": "max-age=31536000",
            "x-content-type-options": "nosniff",
            "x-xss-protection": "1; mode=block",
            "referrer-policy": "strict-origin-when-cross-origin",
            "via": "1.1 google, 1.1 729c9decceac24f1bd37b7aa21870c5a.cloudfront.net (CloudFront)",
            "content-encoding": "br",
            "etag": "W/\"d72bfb541697beeaae492572ba41acc8\"",
            "vary": "Accept-Encoding",
            "x-cache": "Hit from cloudfront",
            "x-amz-cf-pop": "HAM50-C2",
            "x-amz-cf-id": "Wxnl03O6uPOGxED8inKrWnucZxinu9Y7ZBJdXZpBVfxiBaa-MhHcIg==",
            "age": "273"
        }
    },
    {
        "number": 5,
        "request": "GET https://www.mozilla.org/en-US/firefox/ HTTP/1.1\r\nHost: www.mozilla.org\r\nUser-Agent: Mozilla/5.0 (Windows NT 10.0; rv:102.0) Gecko/20100101 Firefox/102.0\r\nAccept: text/html,application/xhtml+xml,application/xml;q=0.9,image/avif,image/webp,*/*;q=0.8\r\nAccept-Encoding: gzip, deflate, br\r\nAccept-Language: en-US,en;q=0.5\r\nDNT: 1\r\nConnection: keep-alive\r\nUpgrade-Insecure-Requests: 1\r\nSec-Fetch-Dest: document\r\nSec-Fetch-Mode: navigate\r\nSec-Fetch-Site: cross-site\r\n\r\n",
        "deviation_count": 0,
        "uri": "https://www.mozilla.org/en-US/firefox/",
        "request_length": 466,
        "Response_Time": 0.024136781692504883,
        "status_code": 200,
        "reason_phrase": "OK",
        "error_message": [
            ""
        ],
        "response_header_count": 23,
        "response_header_length": 23,
        "response_body_length": 79270,
        "response_header_fields": {
            "content-type": "text/html; charset=utf-8",
            "transfer-encoding": "chunked",
            "connection": "keep-alive",
            "server": "meinheld/1.0.2",
            "date": "Wed, 25 Oct 2023 12:29:24 GMT",
            "x-frame-options": "DENY",
            "content-security-policy": "frame-src 'self' *.mozilla.net *.mozilla.org *.mozilla.com *.mozilla.org www.googletagmanager.com www.google-analytics.com www.youtube-nocookie.com trackertest.org www.surveygizmo.com accounts.firefox.com accounts.firefox.com.cn www.youtube.com js.stripe.com; script-src 'self' *.mozilla.net *.mozilla.org *.mozilla.com *.mozilla.org 'unsafe-inline' 'unsafe-eval' www.googletagmanager.com www.google-analytics.com tagmanager.google.com www.youtube.com s.ytimg.com cdn-4.convertexperiments.com app.convert.com data.track.convertexperiments.com 1003350.track.convertexperiments.com 1003343.track.convertexperiments.com js.stripe.com; img-src 'self' *.mozilla.net *.mozilla.org *.mozilla.com *.mozilla.org data: mozilla.org www.googletagmanager.com www.google-analytics.com creativecommons.org cdn-4.convertexperiments.com logs.convertexperiments.com images.ctfassets.net; connect-src 'self' *.mozilla.net *.mozilla.org *.mozilla.com *.mozilla.org www.googletagmanager.com www.google-analytics.com region1.google-analytics.com logs.convertexperiments.com 1003350.metrics.convertexperiments.com 1003343.metrics.convertexperiments.com sentry.prod.mozaws.net o1069899.sentry.io o1069899.ingest.sentry.io https://accounts.firefox.com/ stage.cjms.nonprod.cloudops.mozgcp.net cjms.services.mozilla.com; default-src 'self' *.mozilla.net *.mozilla.org *.mozilla.com *.mozilla.org; style-src 'self' *.mozilla.net *.mozilla.org *.mozilla.com *.mozilla.org 'unsafe-inline' app.convert.com; child-src 'self' *.mozilla.net *.mozilla.org *.mozilla.com *.mozilla.org www.googletagmanager.com www.google-analytics.com www.youtube-nocookie.com trackertest.org www.surveygizmo.com accounts.firefox.com accounts.firefox.com.cn www.youtube.com js.stripe.com; font-src 'self'",
            "cache-control": "max-age=600",
            "expires": "Wed, 25 Oct 2023 12:39:25 GMT",
            "x-clacks-overhead": "GNU Terry Pratchett",
            "x-backend-server": "bedrock-6d4f8bd7f6-k2n6m.gcp-eu-west1",
            "strict-transport-security": "max-age=31536000",
            "x-content-type-options": "nosniff",
            "x-xss-protection": "1; mode=block",
            "referrer-policy": "strict-origin-when-cross-origin",
            "via": "1.1 google, 1.1 2aad8fcd2689a21927951e9c238dbd00.cloudfront.net (CloudFront)",
            "content-encoding": "br",
            "etag": "W/\"d72bfb541697beeaae492572ba41acc8\"",
            "vary": "Accept-Encoding",
            "x-cache": "Hit from cloudfront",
            "x-amz-cf-pop": "HAM50-C2",
            "x-amz-cf-id": "aaxfkGAWRJUgFIwXgluYxmfo_8_dgcQNJwzy5KSaUrybpf3rK7TCJw==",
            "age": "283"
        }
    },
    {
        "number": 6,
        "request": "GET https://www.mozilla.org/en-US/firefox/ HTTP/1.1\r\nHost: www.mozilla.org\r\nUser-Agent: Mozilla/5.0 (Windows NT 10.0; rv:102.0) Gecko/20100101 Firefox/102.0\r\nAccept: text/html,application/xhtml+xml,application/xml;q=0.9,image/avif,image/webp,*/*;q=0.8\r\nAccept-Encoding: gzip, deflate, br\r\nAccept-Language: en-US,en;q=0.5\r\nDNT: 1\r\nConnection: keep-alive\r\nUpgrade-Insecure-Requests: 1\r\nSec-Fetch-Dest: document\r\nSec-Fetch-Mode: navigate\r\nSec-Fetch-Site: cross-site\r\n\r\n",
        "deviation_count": 0,
        "uri": "https://www.mozilla.org/en-US/firefox/",
        "request_length": 466,
        "Response_Time": 0.11255192756652832,
        "status_code": 200,
        "reason_phrase": "OK",
        "error_message": [
            ""
        ],
        "response_header_count": 23,
        "response_header_length": 23,
        "response_body_length": 79270,
        "response_header_fields": {
            "content-type": "text/html; charset=utf-8",
            "transfer-encoding": "chunked",
            "connection": "keep-alive",
            "server": "meinheld/1.0.2",
            "date": "Wed, 25 Oct 2023 12:29:24 GMT",
            "x-frame-options": "DENY",
            "content-security-policy": "frame-src 'self' *.mozilla.net *.mozilla.org *.mozilla.com *.mozilla.org www.googletagmanager.com www.google-analytics.com www.youtube-nocookie.com trackertest.org www.surveygizmo.com accounts.firefox.com accounts.firefox.com.cn www.youtube.com js.stripe.com; script-src 'self' *.mozilla.net *.mozilla.org *.mozilla.com *.mozilla.org 'unsafe-inline' 'unsafe-eval' www.googletagmanager.com www.google-analytics.com tagmanager.google.com www.youtube.com s.ytimg.com cdn-4.convertexperiments.com app.convert.com data.track.convertexperiments.com 1003350.track.convertexperiments.com 1003343.track.convertexperiments.com js.stripe.com; img-src 'self' *.mozilla.net *.mozilla.org *.mozilla.com *.mozilla.org data: mozilla.org www.googletagmanager.com www.google-analytics.com creativecommons.org cdn-4.convertexperiments.com logs.convertexperiments.com images.ctfassets.net; connect-src 'self' *.mozilla.net *.mozilla.org *.mozilla.com *.mozilla.org www.googletagmanager.com www.google-analytics.com region1.google-analytics.com logs.convertexperiments.com 1003350.metrics.convertexperiments.com 1003343.metrics.convertexperiments.com sentry.prod.mozaws.net o1069899.sentry.io o1069899.ingest.sentry.io https://accounts.firefox.com/ stage.cjms.nonprod.cloudops.mozgcp.net cjms.services.mozilla.com; default-src 'self' *.mozilla.net *.mozilla.org *.mozilla.com *.mozilla.org; style-src 'self' *.mozilla.net *.mozilla.org *.mozilla.com *.mozilla.org 'unsafe-inline' app.convert.com; child-src 'self' *.mozilla.net *.mozilla.org *.mozilla.com *.mozilla.org www.googletagmanager.com www.google-analytics.com www.youtube-nocookie.com trackertest.org www.surveygizmo.com accounts.firefox.com accounts.firefox.com.cn www.youtube.com js.stripe.com; font-src 'self'",
            "cache-control": "max-age=600",
            "expires": "Wed, 25 Oct 2023 12:39:25 GMT",
            "x-clacks-overhead": "GNU Terry Pratchett",
            "x-backend-server": "bedrock-6d4f8bd7f6-k2n6m.gcp-eu-west1",
            "strict-transport-security": "max-age=31536000",
            "x-content-type-options": "nosniff",
            "x-xss-protection": "1; mode=block",
            "referrer-policy": "strict-origin-when-cross-origin",
            "via": "1.1 google, 1.1 3db7f91696447b8891fcb8247d1ed788.cloudfront.net (CloudFront)",
            "content-encoding": "br",
            "etag": "W/\"d72bfb541697beeaae492572ba41acc8\"",
            "vary": "Accept-Encoding",
            "x-cache": "Hit from cloudfront",
            "x-amz-cf-pop": "HAM50-C2",
            "x-amz-cf-id": "SX7IWKqW38zfqhF2QWixn2-xGPrnsb6AF9cuuqe5mgLsT5bx5fynnQ==",
            "age": "293"
        }
    },
    {
        "number": 7,
        "request": "GET https://www.mozilla.org/en-US/firefox/ HTTP/1.1\r\nHost: www.mozilla.org\r\nUser-Agent: Mozilla/5.0 (Windows NT 10.0; rv:102.0) Gecko/20100101 Firefox/102.0\r\nAccept: text/html,application/xhtml+xml,application/xml;q=0.9,image/avif,image/webp,*/*;q=0.8\r\nAccept-Encoding: gzip, deflate, br\r\nAccept-Language: en-US,en;q=0.5\r\nDNT: 1\r\nConnection: keep-alive\r\nUpgrade-Insecure-Requests: 1\r\nSec-Fetch-Dest: document\r\nSec-Fetch-Mode: navigate\r\nSec-Fetch-Site: cross-site\r\n\r\n",
        "deviation_count": 0,
        "uri": "https://www.mozilla.org/en-US/firefox/",
        "request_length": 466,
        "Response_Time": 0.033365488052368164,
        "status_code": 200,
        "reason_phrase": "OK",
        "error_message": [
            ""
        ],
        "response_header_count": 23,
        "response_header_length": 23,
        "response_body_length": 79270,
        "response_header_fields": {
            "content-type": "text/html; charset=utf-8",
            "transfer-encoding": "chunked",
            "connection": "keep-alive",
            "server": "meinheld/1.0.2",
            "date": "Wed, 25 Oct 2023 12:29:24 GMT",
            "x-frame-options": "DENY",
            "content-security-policy": "frame-src 'self' *.mozilla.net *.mozilla.org *.mozilla.com *.mozilla.org www.googletagmanager.com www.google-analytics.com www.youtube-nocookie.com trackertest.org www.surveygizmo.com accounts.firefox.com accounts.firefox.com.cn www.youtube.com js.stripe.com; script-src 'self' *.mozilla.net *.mozilla.org *.mozilla.com *.mozilla.org 'unsafe-inline' 'unsafe-eval' www.googletagmanager.com www.google-analytics.com tagmanager.google.com www.youtube.com s.ytimg.com cdn-4.convertexperiments.com app.convert.com data.track.convertexperiments.com 1003350.track.convertexperiments.com 1003343.track.convertexperiments.com js.stripe.com; img-src 'self' *.mozilla.net *.mozilla.org *.mozilla.com *.mozilla.org data: mozilla.org www.googletagmanager.com www.google-analytics.com creativecommons.org cdn-4.convertexperiments.com logs.convertexperiments.com images.ctfassets.net; connect-src 'self' *.mozilla.net *.mozilla.org *.mozilla.com *.mozilla.org www.googletagmanager.com www.google-analytics.com region1.google-analytics.com logs.convertexperiments.com 1003350.metrics.convertexperiments.com 1003343.metrics.convertexperiments.com sentry.prod.mozaws.net o1069899.sentry.io o1069899.ingest.sentry.io https://accounts.firefox.com/ stage.cjms.nonprod.cloudops.mozgcp.net cjms.services.mozilla.com; default-src 'self' *.mozilla.net *.mozilla.org *.mozilla.com *.mozilla.org; style-src 'self' *.mozilla.net *.mozilla.org *.mozilla.com *.mozilla.org 'unsafe-inline' app.convert.com; child-src 'self' *.mozilla.net *.mozilla.org *.mozilla.com *.mozilla.org www.googletagmanager.com www.google-analytics.com www.youtube-nocookie.com trackertest.org www.surveygizmo.com accounts.firefox.com accounts.firefox.com.cn www.youtube.com js.stripe.com; font-src 'self'",
            "cache-control": "max-age=600",
            "expires": "Wed, 25 Oct 2023 12:39:25 GMT",
            "x-clacks-overhead": "GNU Terry Pratchett",
            "x-backend-server": "bedrock-6d4f8bd7f6-k2n6m.gcp-eu-west1",
            "strict-transport-security": "max-age=31536000",
            "x-content-type-options": "nosniff",
            "x-xss-protection": "1; mode=block",
            "referrer-policy": "strict-origin-when-cross-origin",
            "via": "1.1 google, 1.1 93a0d7f8920098ec4cffab828f70f5cc.cloudfront.net (CloudFront)",
            "content-encoding": "br",
            "etag": "W/\"d72bfb541697beeaae492572ba41acc8\"",
            "vary": "Accept-Encoding",
            "x-cache": "Hit from cloudfront",
            "x-amz-cf-pop": "HAM50-C2",
            "x-amz-cf-id": "_lb3PN1_T8Xgy68MKDgD68ViAl5eIHaULptPtfuQHfpcUYgjT0tMHQ==",
            "age": "303"
        }
    },
    {
        "number": 8,
        "request": "GET https://www.mozilla.org/en-US/firefox/ HTTP/1.1\r\nHost: www.mozilla.org\r\nUser-Agent: Mozilla/5.0 (Windows NT 10.0; rv:102.0) Gecko/20100101 Firefox/102.0\r\nAccept: text/html,application/xhtml+xml,application/xml;q=0.9,image/avif,image/webp,*/*;q=0.8\r\nAccept-Encoding: gzip, deflate, br\r\nAccept-Language: en-US,en;q=0.5\r\nDNT: 1\r\nConnection: keep-alive\r\nUpgrade-Insecure-Requests: 1\r\nSec-Fetch-Dest: document\r\nSec-Fetch-Mode: navigate\r\nSec-Fetch-Site: cross-site\r\n\r\n",
        "deviation_count": 0,
        "uri": "https://www.mozilla.org/en-US/firefox/",
        "request_length": 466,
        "Response_Time": 0.032553911209106445,
        "status_code": 200,
        "reason_phrase": "OK",
        "error_message": [
            ""
        ],
        "response_header_count": 23,
        "response_header_length": 23,
        "response_body_length": 79270,
        "response_header_fields": {
            "content-type": "text/html; charset=utf-8",
            "transfer-encoding": "chunked",
            "connection": "keep-alive",
            "server": "meinheld/1.0.2",
            "date": "Wed, 25 Oct 2023 12:29:24 GMT",
            "x-frame-options": "DENY",
            "content-security-policy": "frame-src 'self' *.mozilla.net *.mozilla.org *.mozilla.com *.mozilla.org www.googletagmanager.com www.google-analytics.com www.youtube-nocookie.com trackertest.org www.surveygizmo.com accounts.firefox.com accounts.firefox.com.cn www.youtube.com js.stripe.com; script-src 'self' *.mozilla.net *.mozilla.org *.mozilla.com *.mozilla.org 'unsafe-inline' 'unsafe-eval' www.googletagmanager.com www.google-analytics.com tagmanager.google.com www.youtube.com s.ytimg.com cdn-4.convertexperiments.com app.convert.com data.track.convertexperiments.com 1003350.track.convertexperiments.com 1003343.track.convertexperiments.com js.stripe.com; img-src 'self' *.mozilla.net *.mozilla.org *.mozilla.com *.mozilla.org data: mozilla.org www.googletagmanager.com www.google-analytics.com creativecommons.org cdn-4.convertexperiments.com logs.convertexperiments.com images.ctfassets.net; connect-src 'self' *.mozilla.net *.mozilla.org *.mozilla.com *.mozilla.org www.googletagmanager.com www.google-analytics.com region1.google-analytics.com logs.convertexperiments.com 1003350.metrics.convertexperiments.com 1003343.metrics.convertexperiments.com sentry.prod.mozaws.net o1069899.sentry.io o1069899.ingest.sentry.io https://accounts.firefox.com/ stage.cjms.nonprod.cloudops.mozgcp.net cjms.services.mozilla.com; default-src 'self' *.mozilla.net *.mozilla.org *.mozilla.com *.mozilla.org; style-src 'self' *.mozilla.net *.mozilla.org *.mozilla.com *.mozilla.org 'unsafe-inline' app.convert.com; child-src 'self' *.mozilla.net *.mozilla.org *.mozilla.com *.mozilla.org www.googletagmanager.com www.google-analytics.com www.youtube-nocookie.com trackertest.org www.surveygizmo.com accounts.firefox.com accounts.firefox.com.cn www.youtube.com js.stripe.com; font-src 'self'",
            "cache-control": "max-age=600",
            "expires": "Wed, 25 Oct 2023 12:39:25 GMT",
            "x-clacks-overhead": "GNU Terry Pratchett",
            "x-backend-server": "bedrock-6d4f8bd7f6-k2n6m.gcp-eu-west1",
            "strict-transport-security": "max-age=31536000",
            "x-content-type-options": "nosniff",
            "x-xss-protection": "1; mode=block",
            "referrer-policy": "strict-origin-when-cross-origin",
            "via": "1.1 google, 1.1 e028ce7d5e71301b0e973ef66c9bbff8.cloudfront.net (CloudFront)",
            "content-encoding": "br",
            "etag": "W/\"d72bfb541697beeaae492572ba41acc8\"",
            "vary": "Accept-Encoding",
            "x-cache": "Hit from cloudfront",
            "x-amz-cf-pop": "HAM50-C2",
            "x-amz-cf-id": "8oSbNFdBukOacjaY6UfVZAchzSLYDpyJdoCE-hxmWjKmuX_6vAFOnQ==",
            "age": "314"
        }
    },
    {
        "number": 9,
        "request": "GET https://www.mozilla.org/en-US/firefox/ HTTP/1.1\r\nHost: www.mozilla.org\r\nUser-Agent: Mozilla/5.0 (Windows NT 10.0; rv:102.0) Gecko/20100101 Firefox/102.0\r\nAccept: text/html,application/xhtml+xml,application/xml;q=0.9,image/avif,image/webp,*/*;q=0.8\r\nAccept-Encoding: gzip, deflate, br\r\nAccept-Language: en-US,en;q=0.5\r\nDNT: 1\r\nConnection: keep-alive\r\nUpgrade-Insecure-Requests: 1\r\nSec-Fetch-Dest: document\r\nSec-Fetch-Mode: navigate\r\nSec-Fetch-Site: cross-site\r\n\r\n",
        "deviation_count": 0,
        "uri": "https://www.mozilla.org/en-US/firefox/",
        "request_length": 466,
        "Response_Time": 0.028078079223632812,
        "status_code": 200,
        "reason_phrase": "OK",
        "error_message": [
            ""
        ],
        "response_header_count": 23,
        "response_header_length": 23,
        "response_body_length": 79270,
        "response_header_fields": {
            "content-type": "text/html; charset=utf-8",
            "transfer-encoding": "chunked",
            "connection": "keep-alive",
            "server": "meinheld/1.0.2",
            "date": "Wed, 25 Oct 2023 12:29:24 GMT",
            "x-frame-options": "DENY",
            "content-security-policy": "frame-src 'self' *.mozilla.net *.mozilla.org *.mozilla.com *.mozilla.org www.googletagmanager.com www.google-analytics.com www.youtube-nocookie.com trackertest.org www.surveygizmo.com accounts.firefox.com accounts.firefox.com.cn www.youtube.com js.stripe.com; script-src 'self' *.mozilla.net *.mozilla.org *.mozilla.com *.mozilla.org 'unsafe-inline' 'unsafe-eval' www.googletagmanager.com www.google-analytics.com tagmanager.google.com www.youtube.com s.ytimg.com cdn-4.convertexperiments.com app.convert.com data.track.convertexperiments.com 1003350.track.convertexperiments.com 1003343.track.convertexperiments.com js.stripe.com; img-src 'self' *.mozilla.net *.mozilla.org *.mozilla.com *.mozilla.org data: mozilla.org www.googletagmanager.com www.google-analytics.com creativecommons.org cdn-4.convertexperiments.com logs.convertexperiments.com images.ctfassets.net; connect-src 'self' *.mozilla.net *.mozilla.org *.mozilla.com *.mozilla.org www.googletagmanager.com www.google-analytics.com region1.google-analytics.com logs.convertexperiments.com 1003350.metrics.convertexperiments.com 1003343.metrics.convertexperiments.com sentry.prod.mozaws.net o1069899.sentry.io o1069899.ingest.sentry.io https://accounts.firefox.com/ stage.cjms.nonprod.cloudops.mozgcp.net cjms.services.mozilla.com; default-src 'self' *.mozilla.net *.mozilla.org *.mozilla.com *.mozilla.org; style-src 'self' *.mozilla.net *.mozilla.org *.mozilla.com *.mozilla.org 'unsafe-inline' app.convert.com; child-src 'self' *.mozilla.net *.mozilla.org *.mozilla.com *.mozilla.org www.googletagmanager.com www.google-analytics.com www.youtube-nocookie.com trackertest.org www.surveygizmo.com accounts.firefox.com accounts.firefox.com.cn www.youtube.com js.stripe.com; font-src 'self'",
            "cache-control": "max-age=600",
            "expires": "Wed, 25 Oct 2023 12:39:25 GMT",
            "x-clacks-overhead": "GNU Terry Pratchett",
            "x-backend-server": "bedrock-6d4f8bd7f6-k2n6m.gcp-eu-west1",
            "strict-transport-security": "max-age=31536000",
            "x-content-type-options": "nosniff",
            "x-xss-protection": "1; mode=block",
            "referrer-policy": "strict-origin-when-cross-origin",
            "via": "1.1 google, 1.1 6c26a6f006166d6418b47ce1f42cffd6.cloudfront.net (CloudFront)",
            "content-encoding": "br",
            "etag": "W/\"d72bfb541697beeaae492572ba41acc8\"",
            "vary": "Accept-Encoding",
            "x-cache": "Hit from cloudfront",
            "x-amz-cf-pop": "HAM50-C2",
            "x-amz-cf-id": "4gzrWaLU0PXyEMbLZpHxANfFoyd9lJ4qGDRBsLvIxzMYZsp13uppUQ==",
            "age": "323"
        }
    }
]