,Attempt No.,uri,Deviation Count,Status Code,Response_Time,response_header_count,response_header_length,response_body_length,response_header_fields
0,0,https://workspaceupdates.googleblog.com/2023/04/new-community-features-for-google-chat-and-an-update-currents%20.html,0,200,0.1561267375946045,15,15,0,"{'strict-transport-security': 'max-age=86400; includeSubDomains', 'content-type': 'text/html; charset=UTF-8', 'expires': 'Wed, 25 Oct 2023 12:33:19 GMT', 'date': 'Wed, 25 Oct 2023 12:33:19 GMT', 'cache-control': 'private, max-age=0', 'last-modified': 'Mon, 23 Oct 2023 23:20:47 GMT', 'etag': 'W/""f989d6d5666dd1b5b75ec5b87e61621cef8dab31067240b0d98828571cc202a2""', 'content-encoding': 'gzip', 'x-content-type-options': 'nosniff', 'x-frame-options': 'SAMEORIGIN', 'content-security-policy': ""frame-ancestors 'self'"", 'x-xss-protection': '1; mode=block', 'server': 'GSE', 'alt-svc': 'h3="":443""; ma=2592000,h3-29="":443""; ma=2592000', 'transfer-encoding': 'chunked'}"
1,1,https://workspaceupdates.googleblog.com/2023/04/new-community-features-for-google-chat-and-an-update-currents%20.html,0,200,0.25484323501586914,15,15,0,"{'strict-transport-security': 'max-age=86400; includeSubDomains', 'content-type': 'text/html; charset=UTF-8', 'expires': 'Wed, 25 Oct 2023 12:33:28 GMT', 'date': 'Wed, 25 Oct 2023 12:33:28 GMT', 'cache-control': 'private, max-age=0', 'last-modified': 'Mon, 23 Oct 2023 23:20:47 GMT', 'etag': 'W/""f989d6d5666dd1b5b75ec5b87e61621cef8dab31067240b0d98828571cc202a2""', 'content-encoding': 'gzip', 'x-content-type-options': 'nosniff', 'x-frame-options': 'SAMEORIGIN', 'content-security-policy': ""frame-ancestors 'self'"", 'x-xss-protection': '1; mode=block', 'server': 'GSE', 'alt-svc': 'h3="":443""; ma=2592000,h3-29="":443""; ma=2592000', 'transfer-encoding': 'chunked'}"
2,2,https://workspaceupdates.googleblog.com/2023/04/new-community-features-for-google-chat-and-an-update-currents%20.html,0,200,0.6249358654022217,15,15,0,"{'strict-transport-security': 'max-age=86400; includeSubDomains', 'content-type': 'text/html; charset=UTF-8', 'expires': 'Wed, 25 Oct 2023 12:33:38 GMT', 'date': 'Wed, 25 Oct 2023 12:33:38 GMT', 'cache-control': 'private, max-age=0', 'last-modified': 'Mon, 23 Oct 2023 23:20:47 GMT', 'etag': 'W/""f989d6d5666dd1b5b75ec5b87e61621cef8dab31067240b0d98828571cc202a2""', 'content-encoding': 'gzip', 'x-content-type-options': 'nosniff', 'x-frame-options': 'SAMEORIGIN', 'content-security-policy': ""frame-ancestors 'self'"", 'x-xss-protection': '1; mode=block', 'server': 'GSE', 'alt-svc': 'h3="":443""; ma=2592000,h3-29="":443""; ma=2592000', 'transfer-encoding': 'chunked'}"
3,3,https://workspaceupdates.googleblog.com/2023/04/new-community-features-for-google-chat-and-an-update-currents%20.html,0,200,0.6344761848449707,15,15,0,"{'strict-transport-security': 'max-age=86400; includeSubDomains', 'content-type': 'text/html; charset=UTF-8', 'expires': 'Wed, 25 Oct 2023 12:33:48 GMT', 'date': 'Wed, 25 Oct 2023 12:33:48 GMT', 'cache-control': 'private, max-age=0', 'last-modified': 'Mon, 23 Oct 2023 23:20:47 GMT', 'etag': 'W/""f989d6d5666dd1b5b75ec5b87e61621cef8dab31067240b0d98828571cc202a2""', 'content-encoding': 'gzip', 'x-content-type-options': 'nosniff', 'x-frame-options': 'SAMEORIGIN', 'content-security-policy': ""frame-ancestors 'self'"", 'x-xss-protection': '1; mode=block', 'server': 'GSE', 'alt-svc': 'h3="":443""; ma=2592000,h3-29="":443""; ma=2592000', 'transfer-encoding': 'chunked'}"
4,4,https://workspaceupdates.googleblog.com/2023/04/new-community-features-for-google-chat-and-an-update-currents%20.html,0,200,0.635998010635376,15,15,0,"{'strict-transport-security': 'max-age=86400; includeSubDomains', 'content-type': 'text/html; charset=UTF-8', 'expires': 'Wed, 25 Oct 2023 12:33:57 GMT', 'date': 'Wed, 25 Oct 2023 12:33:57 GMT', 'cache-control': 'private, max-age=0', 'last-modified': 'Mon, 23 Oct 2023 23:20:47 GMT', 'etag': 'W/""f989d6d5666dd1b5b75ec5b87e61621cef8dab31067240b0d98828571cc202a2""', 'content-encoding': 'gzip', 'x-content-type-options': 'nosniff', 'x-frame-options': 'SAMEORIGIN', 'content-security-policy': ""frame-ancestors 'self'"", 'x-xss-protection': '1; mode=block', 'server': 'GSE', 'alt-svc': 'h3="":443""; ma=2592000,h3-29="":443""; ma=2592000', 'transfer-encoding': 'chunked'}"
5,5,https://workspaceupdates.googleblog.com/2023/04/new-community-features-for-google-chat-and-an-update-currents%20.html,0,200,0.6351673603057861,15,15,0,"{'strict-transport-security': 'max-age=86400; includeSubDomains', 'content-type': 'text/html; charset=UTF-8', 'expires': 'Wed, 25 Oct 2023 12:34:08 GMT', 'date': 'Wed, 25 Oct 2023 12:34:08 GMT', 'cache-control': 'private, max-age=0', 'last-modified': 'Mon, 23 Oct 2023 23:20:47 GMT', 'etag': 'W/""f989d6d5666dd1b5b75ec5b87e61621cef8dab31067240b0d98828571cc202a2""', 'content-encoding': 'gzip', 'x-content-type-options': 'nosniff', 'x-frame-options': 'SAMEORIGIN', 'content-security-policy': ""frame-ancestors 'self'"", 'x-xss-protection': '1; mode=block', 'server': 'GSE', 'alt-svc': 'h3="":443""; ma=2592000,h3-29="":443""; ma=2592000', 'transfer-encoding': 'chunked'}"
6,6,https://workspaceupdates.googleblog.com/2023/04/new-community-features-for-google-chat-and-an-update-currents%20.html,0,200,0.6271178722381592,15,15,0,"{'strict-transport-security': 'max-age=86400; includeSubDomains', 'content-type': 'text/html; charset=UTF-8', 'expires': 'Wed, 25 Oct 2023 12:34:17 GMT', 'date': 'Wed, 25 Oct 2023 12:34:17 GMT', 'cache-control': 'private, max-age=0', 'last-modified': 'Mon, 23 Oct 2023 23:20:47 GMT', 'etag': 'W/""f989d6d5666dd1b5b75ec5b87e61621cef8dab31067240b0d98828571cc202a2""', 'content-encoding': 'gzip', 'x-content-type-options': 'nosniff', 'x-frame-options': 'SAMEORIGIN', 'content-security-policy': ""frame-ancestors 'self'"", 'x-xss-protection': '1; mode=block', 'server': 'GSE', 'alt-svc': 'h3="":443""; ma=2592000,h3-29="":443""; ma=2592000', 'transfer-encoding': 'chunked'}"
7,7,https://workspaceupdates.googleblog.com/2023/04/new-community-features-for-google-chat-and-an-update-currents%20.html,0,200,0.2542126178741455,15,15,0,"{'strict-transport-security': 'max-age=86400; includeSubDomains', 'content-type': 'text/html; charset=UTF-8', 'expires': 'Wed, 25 Oct 2023 12:34:26 GMT', 'date': 'Wed, 25 Oct 2023 12:34:26 GMT', 'cache-control': 'private, max-age=0', 'last-modified': 'Mon, 23 Oct 2023 23:20:47 GMT', 'etag': 'W/""f989d6d5666dd1b5b75ec5b87e61621cef8dab31067240b0d98828571cc202a2""', 'content-encoding': 'gzip', 'x-content-type-options': 'nosniff', 'x-frame-options': 'SAMEORIGIN', 'content-security-policy': ""frame-ancestors 'self'"", 'x-xss-protection': '1; mode=block', 'server': 'GSE', 'alt-svc': 'h3="":443""; ma=2592000,h3-29="":443""; ma=2592000', 'transfer-encoding': 'chunked'}"
8,8,https://workspaceupdates.googleblog.com/2023/04/new-community-features-for-google-chat-and-an-update-currents%20.html,0,200,0.6262593269348145,15,15,0,"{'strict-transport-security': 'max-age=86400; includeSubDomains', 'content-type': 'text/html; charset=UTF-8', 'expires': 'Wed, 25 Oct 2023 12:34:37 GMT', 'date': 'Wed, 25 Oct 2023 12:34:37 GMT', 'cache-control': 'private, max-age=0', 'last-modified': 'Mon, 23 Oct 2023 23:20:47 GMT', 'etag': 'W/""f989d6d5666dd1b5b75ec5b87e61621cef8dab31067240b0d98828571cc202a2""', 'content-encoding': 'gzip', 'x-content-type-options': 'nosniff', 'x-frame-options': 'SAMEORIGIN', 'content-security-policy': ""frame-ancestors 'self'"", 'x-xss-protection': '1; mode=block', 'server': 'GSE', 'alt-svc': 'h3="":443""; ma=2592000,h3-29="":443""; ma=2592000', 'transfer-encoding': 'chunked'}"
9,9,https://workspaceupdates.googleblog.com/2023/04/new-community-features-for-google-chat-and-an-update-currents%20.html,0,200,0.6289229393005371,15,15,0,"{'strict-transport-security': 'max-age=86400; includeSubDomains', 'content-type': 'text/html; charset=UTF-8', 'expires': 'Wed, 25 Oct 2023 12:34:46 GMT', 'date': 'Wed, 25 Oct 2023 12:34:46 GMT', 'cache-control': 'private, max-age=0', 'last-modified': 'Mon, 23 Oct 2023 23:20:47 GMT', 'etag': 'W/""f989d6d5666dd1b5b75ec5b87e61621cef8dab31067240b0d98828571cc202a2""', 'content-encoding': 'gzip', 'x-content-type-options': 'nosniff', 'x-frame-options': 'SAMEORIGIN', 'content-security-policy': ""frame-ancestors 'self'"", 'x-xss-protection': '1; mode=block', 'server': 'GSE', 'alt-svc': 'h3="":443""; ma=2592000,h3-29="":443""; ma=2592000', 'transfer-encoding': 'chunked'}"
