number,request,deviation_count,uri,request_length,http_version,Socket_Connect_Time,Socket_Close_Time,Response_Time,status_code,reason_phrase,error_message,response_header_count,response_header_length,response_body_length,response_header_fields
0,"GET https://workspaceupdates.googleblog.com/2023/04/new-community-features-for-google-chat-and-an-update-currents%20.html HTTP/1.1
Host: workspaceupdates.googleblog.com
User-Agent: Mozilla/5.0 (Windows NT 10.0; rv:102.0) Gecko/20100101 Firefox/102.0
Accept: text/html,application/xhtml+xml,application/xml;q=0.9,image/avif,image/webp,*/*;q=0.8
Accept-Encoding: gzip, deflate, br
Accept-Language: en-US,en;q=0.5
DNT: 1
Connection: keep-alive
Upgrade-Insecure-Requests: 1
Sec-Fetch-Dest: document
Sec-Fetch-Mode: navigate
Sec-Fetch-Site: cross-site

",0,https://workspaceupdates.googleblog.com/2023/04/new-community-features-for-google-chat-and-an-update-currents%20.html,561,HTTP/1.1,0.21705269813537598,0.11321139335632324,0.1561267375946045,200,OK,[''],15,15,0,"{""strict-transport-security"": ""max-age=86400; includeSubDomains"", ""content-type"": ""text/html; charset=UTF-8"", ""expires"": ""Wed, 25 Oct 2023 12:33:19 GMT"", ""date"": ""Wed, 25 Oct 2023 12:33:19 GMT"", ""cache-control"": ""private, max-age=0"", ""last-modified"": ""Mon, 23 Oct 2023 23:20:47 GMT"", ""etag"": ""W/\""f989d6d5666dd1b5b75ec5b87e61621cef8dab31067240b0d98828571cc202a2\"""", ""content-encoding"": ""gzip"", ""x-content-type-options"": ""nosniff"", ""x-frame-options"": ""SAMEORIGIN"", ""content-security-policy"": ""frame-ancestors 'self'"", ""x-xss-protection"": ""1; mode=block"", ""server"": ""GSE"", ""alt-svc"": ""h3=\"":443\""; ma=2592000,h3-29=\"":443\""; ma=2592000"", ""transfer-encoding"": ""chunked""}"
1,"GET https://workspaceupdates.googleblog.com/2023/04/new-community-features-for-google-chat-and-an-update-currents%20.html HTTP/1.1
Host: workspaceupdates.googleblog.com
User-Agent: Mozilla/5.0 (Windows NT 10.0; rv:102.0) Gecko/20100101 Firefox/102.0
Accept: text/html,application/xhtml+xml,application/xml;q=0.9,image/avif,image/webp,*/*;q=0.8
Accept-Encoding: gzip, deflate, br
Accept-Language: en-US,en;q=0.5
DNT: 1
Connection: keep-alive
Upgrade-Insecure-Requests: 1
Sec-Fetch-Dest: document
Sec-Fetch-Mode: navigate
Sec-Fetch-Site: cross-site

",0,https://workspaceupdates.googleblog.com/2023/04/new-community-features-for-google-chat-and-an-update-currents%20.html,561,HTTP/1.1,0.08455824851989746,0.11161088943481445,0.25484323501586914,200,OK,[''],15,15,0,"{""strict-transport-security"": ""max-age=86400; includeSubDomains"", ""content-type"": ""text/html; charset=UTF-8"", ""expires"": ""Wed, 25 Oct 2023 12:33:28 GMT"", ""date"": ""Wed, 25 Oct 2023 12:33:28 GMT"", ""cache-control"": ""private, max-age=0"", ""last-modified"": ""Mon, 23 Oct 2023 23:20:47 GMT"", ""etag"": ""W/\""f989d6d5666dd1b5b75ec5b87e61621cef8dab31067240b0d98828571cc202a2\"""", ""content-encoding"": ""gzip"", ""x-content-type-options"": ""nosniff"", ""x-frame-options"": ""SAMEORIGIN"", ""content-security-policy"": ""frame-ancestors 'self'"", ""x-xss-protection"": ""1; mode=block"", ""server"": ""GSE"", ""alt-svc"": ""h3=\"":443\""; ma=2592000,h3-29=\"":443\""; ma=2592000"", ""transfer-encoding"": ""chunked""}"
2,"GET https://workspaceupdates.googleblog.com/2023/04/new-community-features-for-google-chat-and-an-update-currents%20.html HTTP/1.1
Host: workspaceupdates.googleblog.com
User-Agent: Mozilla/5.0 (Windows NT 10.0; rv:102.0) Gecko/20100101 Firefox/102.0
Accept: text/html,application/xhtml+xml,application/xml;q=0.9,image/avif,image/webp,*/*;q=0.8
Accept-Encoding: gzip, deflate, br
Accept-Language: en-US,en;q=0.5
DNT: 1
Connection: keep-alive
Upgrade-Insecure-Requests: 1
Sec-Fetch-Dest: document
Sec-Fetch-Mode: navigate
Sec-Fetch-Site: cross-site

",0,https://workspaceupdates.googleblog.com/2023/04/new-community-features-for-google-chat-and-an-update-currents%20.html,561,HTTP/1.1,0.12014555931091309,0.12065649032592773,0.6249358654022217,200,OK,[''],15,15,0,"{""strict-transport-security"": ""max-age=86400; includeSubDomains"", ""content-type"": ""text/html; charset=UTF-8"", ""expires"": ""Wed, 25 Oct 2023 12:33:38 GMT"", ""date"": ""Wed, 25 Oct 2023 12:33:38 GMT"", ""cache-control"": ""private, max-age=0"", ""last-modified"": ""Mon, 23 Oct 2023 23:20:47 GMT"", ""etag"": ""W/\""f989d6d5666dd1b5b75ec5b87e61621cef8dab31067240b0d98828571cc202a2\"""", ""content-encoding"": ""gzip"", ""x-content-type-options"": ""nosniff"", ""x-frame-options"": ""SAMEORIGIN"", ""content-security-policy"": ""frame-ancestors 'self'"", ""x-xss-protection"": ""1; mode=block"", ""server"": ""GSE"", ""alt-svc"": ""h3=\"":443\""; ma=2592000,h3-29=\"":443\""; ma=2592000"", ""transfer-encoding"": ""chunked""}"
3,"GET https://workspaceupdates.googleblog.com/2023/04/new-community-features-for-google-chat-and-an-update-currents%20.html HTTP/1.1
Host: workspaceupdates.googleblog.com
User-Agent: Mozilla/5.0 (Windows NT 10.0; rv:102.0) Gecko/20100101 Firefox/102.0
Accept: text/html,application/xhtml+xml,application/xml;q=0.9,image/avif,image/webp,*/*;q=0.8
Accept-Encoding: gzip, deflate, br
Accept-Language: en-US,en;q=0.5
DNT: 1
Connection: keep-alive
Upgrade-Insecure-Requests: 1
Sec-Fetch-Dest: document
Sec-Fetch-Mode: navigate
Sec-Fetch-Site: cross-site

",0,https://workspaceupdates.googleblog.com/2023/04/new-community-features-for-google-chat-and-an-update-currents%20.html,561,HTTP/1.1,0.08092236518859863,0.12594318389892578,0.6344761848449707,200,OK,[''],15,15,0,"{""strict-transport-security"": ""max-age=86400; includeSubDomains"", ""content-type"": ""text/html; charset=UTF-8"", ""expires"": ""Wed, 25 Oct 2023 12:33:48 GMT"", ""date"": ""Wed, 25 Oct 2023 12:33:48 GMT"", ""cache-control"": ""private, max-age=0"", ""last-modified"": ""Mon, 23 Oct 2023 23:20:47 GMT"", ""etag"": ""W/\""f989d6d5666dd1b5b75ec5b87e61621cef8dab31067240b0d98828571cc202a2\"""", ""content-encoding"": ""gzip"", ""x-content-type-options"": ""nosniff"", ""x-frame-options"": ""SAMEORIGIN"", ""content-security-policy"": ""frame-ancestors 'self'"", ""x-xss-protection"": ""1; mode=block"", ""server"": ""GSE"", ""alt-svc"": ""h3=\"":443\""; ma=2592000,h3-29=\"":443\""; ma=2592000"", ""transfer-encoding"": ""chunked""}"
4,"GET https://workspaceupdates.googleblog.com/2023/04/new-community-features-for-google-chat-and-an-update-currents%20.html HTTP/1.1
Host: workspaceupdates.googleblog.com
User-Agent: Mozilla/5.0 (Windows NT 10.0; rv:102.0) Gecko/20100101 Firefox/102.0
Accept: text/html,application/xhtml+xml,application/xml;q=0.9,image/avif,image/webp,*/*;q=0.8
Accept-Encoding: gzip, deflate, br
Accept-Language: en-US,en;q=0.5
DNT: 1
Connection: keep-alive
Upgrade-Insecure-Requests: 1
Sec-Fetch-Dest: document
Sec-Fetch-Mode: navigate
Sec-Fetch-Site: cross-site

",0,https://workspaceupdates.googleblog.com/2023/04/new-community-features-for-google-chat-and-an-update-currents%20.html,561,HTTP/1.1,0.1634070873260498,0.1321725845336914,0.635998010635376,200,OK,[''],15,15,0,"{""strict-transport-security"": ""max-age=86400; includeSubDomains"", ""content-type"": ""text/html; charset=UTF-8"", ""expires"": ""Wed, 25 Oct 2023 12:33:57 GMT"", ""date"": ""Wed, 25 Oct 2023 12:33:57 GMT"", ""cache-control"": ""private, max-age=0"", ""last-modified"": ""Mon, 23 Oct 2023 23:20:47 GMT"", ""etag"": ""W/\""f989d6d5666dd1b5b75ec5b87e61621cef8dab31067240b0d98828571cc202a2\"""", ""content-encoding"": ""gzip"", ""x-content-type-options"": ""nosniff"", ""x-frame-options"": ""SAMEORIGIN"", ""content-security-policy"": ""frame-ancestors 'self'"", ""x-xss-protection"": ""1; mode=block"", ""server"": ""GSE"", ""alt-svc"": ""h3=\"":443\""; ma=2592000,h3-29=\"":443\""; ma=2592000"", ""transfer-encoding"": ""chunked""}"
5,"GET https://workspaceupdates.googleblog.com/2023/04/new-community-features-for-google-chat-and-an-update-currents%20.html HTTP/1.1
Host: workspaceupdates.googleblog.com
User-Agent: Mozilla/5.0 (Windows NT 10.0; rv:102.0) Gecko/20100101 Firefox/102.0
Accept: text/html,application/xhtml+xml,application/xml;q=0.9,image/avif,image/webp,*/*;q=0.8
Accept-Encoding: gzip, deflate, br
Accept-Language: en-US,en;q=0.5
DNT: 1
Connection: keep-alive
Upgrade-Insecure-Requests: 1
Sec-Fetch-Dest: document
Sec-Fetch-Mode: navigate
Sec-Fetch-Site: cross-site

",0,https://workspaceupdates.googleblog.com/2023/04/new-community-features-for-google-chat-and-an-update-currents%20.html,561,HTTP/1.1,0.12655067443847656,0.10172677040100098,0.6351673603057861,200,OK,[''],15,15,0,"{""strict-transport-security"": ""max-age=86400; includeSubDomains"", ""content-type"": ""text/html; charset=UTF-8"", ""expires"": ""Wed, 25 Oct 2023 12:34:08 GMT"", ""date"": ""Wed, 25 Oct 2023 12:34:08 GMT"", ""cache-control"": ""private, max-age=0"", ""last-modified"": ""Mon, 23 Oct 2023 23:20:47 GMT"", ""etag"": ""W/\""f989d6d5666dd1b5b75ec5b87e61621cef8dab31067240b0d98828571cc202a2\"""", ""content-encoding"": ""gzip"", ""x-content-type-options"": ""nosniff"", ""x-frame-options"": ""SAMEORIGIN"", ""content-security-policy"": ""frame-ancestors 'self'"", ""x-xss-protection"": ""1; mode=block"", ""server"": ""GSE"", ""alt-svc"": ""h3=\"":443\""; ma=2592000,h3-29=\"":443\""; ma=2592000"", ""transfer-encoding"": ""chunked""}"
6,"GET https://workspaceupdates.googleblog.com/2023/04/new-community-features-for-google-chat-and-an-update-currents%20.html HTTP/1.1
Host: workspaceupdates.googleblog.com
User-Agent: Mozilla/5.0 (Windows NT 10.0; rv:102.0) Gecko/20100101 Firefox/102.0
Accept: text/html,application/xhtml+xml,application/xml;q=0.9,image/avif,image/webp,*/*;q=0.8
Accept-Encoding: gzip, deflate, br
Accept-Language: en-US,en;q=0.5
DNT: 1
Connection: keep-alive
Upgrade-Insecure-Requests: 1
Sec-Fetch-Dest: document
Sec-Fetch-Mode: navigate
Sec-Fetch-Site: cross-site

",0,https://workspaceupdates.googleblog.com/2023/04/new-community-features-for-google-chat-and-an-update-currents%20.html,561,HTTP/1.1,0.10969257354736328,0.11349797248840332,0.6271178722381592,200,OK,[''],15,15,0,"{""strict-transport-security"": ""max-age=86400; includeSubDomains"", ""content-type"": ""text/html; charset=UTF-8"", ""expires"": ""Wed, 25 Oct 2023 12:34:17 GMT"", ""date"": ""Wed, 25 Oct 2023 12:34:17 GMT"", ""cache-control"": ""private, max-age=0"", ""last-modified"": ""Mon, 23 Oct 2023 23:20:47 GMT"", ""etag"": ""W/\""f989d6d5666dd1b5b75ec5b87e61621cef8dab31067240b0d98828571cc202a2\"""", ""content-encoding"": ""gzip"", ""x-content-type-options"": ""nosniff"", ""x-frame-options"": ""SAMEORIGIN"", ""content-security-policy"": ""frame-ancestors 'self'"", ""x-xss-protection"": ""1; mode=block"", ""server"": ""GSE"", ""alt-svc"": ""h3=\"":443\""; ma=2592000,h3-29=\"":443\""; ma=2592000"", ""transfer-encoding"": ""chunked""}"
7,"GET https://workspaceupdates.googleblog.com/2023/04/new-community-features-for-google-chat-and-an-update-currents%20.html HTTP/1.1
Host: workspaceupdates.googleblog.com
User-Agent: Mozilla/5.0 (Windows NT 10.0; rv:102.0) Gecko/20100101 Firefox/102.0
Accept: text/html,application/xhtml+xml,application/xml;q=0.9,image/avif,image/webp,*/*;q=0.8
Accept-Encoding: gzip, deflate, br
Accept-Language: en-US,en;q=0.5
DNT: 1
Connection: keep-alive
Upgrade-Insecure-Requests: 1
Sec-Fetch-Dest: document
Sec-Fetch-Mode: navigate
Sec-Fetch-Site: cross-site

",0,https://workspaceupdates.googleblog.com/2023/04/new-community-features-for-google-chat-and-an-update-currents%20.html,561,HTTP/1.1,0.16200852394104004,0.11175370216369629,0.2542126178741455,200,OK,[''],15,15,0,"{""strict-transport-security"": ""max-age=86400; includeSubDomains"", ""content-type"": ""text/html; charset=UTF-8"", ""expires"": ""Wed, 25 Oct 2023 12:34:26 GMT"", ""date"": ""Wed, 25 Oct 2023 12:34:26 GMT"", ""cache-control"": ""private, max-age=0"", ""last-modified"": ""Mon, 23 Oct 2023 23:20:47 GMT"", ""etag"": ""W/\""f989d6d5666dd1b5b75ec5b87e61621cef8dab31067240b0d98828571cc202a2\"""", ""content-encoding"": ""gzip"", ""x-content-type-options"": ""nosniff"", ""x-frame-options"": ""SAMEORIGIN"", ""content-security-policy"": ""frame-ancestors 'self'"", ""x-xss-protection"": ""1; mode=block"", ""server"": ""GSE"", ""alt-svc"": ""h3=\"":443\""; ma=2592000,h3-29=\"":443\""; ma=2592000"", ""transfer-encoding"": ""chunked""}"
8,"GET https://workspaceupdates.googleblog.com/2023/04/new-community-features-for-google-chat-and-an-update-currents%20.html HTTP/1.1
Host: workspaceupdates.googleblog.com
User-Agent: Mozilla/5.0 (Windows NT 10.0; rv:102.0) Gecko/20100101 Firefox/102.0
Accept: text/html,application/xhtml+xml,application/xml;q=0.9,image/avif,image/webp,*/*;q=0.8
Accept-Encoding: gzip, deflate, br
Accept-Language: en-US,en;q=0.5
DNT: 1
Connection: keep-alive
Upgrade-Insecure-Requests: 1
Sec-Fetch-Dest: document
Sec-Fetch-Mode: navigate
Sec-Fetch-Site: cross-site

",0,https://workspaceupdates.googleblog.com/2023/04/new-community-features-for-google-chat-and-an-update-currents%20.html,561,HTTP/1.1,0.11849856376647949,0.11119890213012695,0.6262593269348145,200,OK,[''],15,15,0,"{""strict-transport-security"": ""max-age=86400; includeSubDomains"", ""content-type"": ""text/html; charset=UTF-8"", ""expires"": ""Wed, 25 Oct 2023 12:34:37 GMT"", ""date"": ""Wed, 25 Oct 2023 12:34:37 GMT"", ""cache-control"": ""private, max-age=0"", ""last-modified"": ""Mon, 23 Oct 2023 23:20:47 GMT"", ""etag"": ""W/\""f989d6d5666dd1b5b75ec5b87e61621cef8dab31067240b0d98828571cc202a2\"""", ""content-encoding"": ""gzip"", ""x-content-type-options"": ""nosniff"", ""x-frame-options"": ""SAMEORIGIN"", ""content-security-policy"": ""frame-ancestors 'self'"", ""x-xss-protection"": ""1; mode=block"", ""server"": ""GSE"", ""alt-svc"": ""h3=\"":443\""; ma=2592000,h3-29=\"":443\""; ma=2592000"", ""transfer-encoding"": ""chunked""}"
9,"GET https://workspaceupdates.googleblog.com/2023/04/new-community-features-for-google-chat-and-an-update-currents%20.html HTTP/1.1
Host: workspaceupdates.googleblog.com
User-Agent: Mozilla/5.0 (Windows NT 10.0; rv:102.0) Gecko/20100101 Firefox/102.0
Accept: text/html,application/xhtml+xml,application/xml;q=0.9,image/avif,image/webp,*/*;q=0.8
Accept-Encoding: gzip, deflate, br
Accept-Language: en-US,en;q=0.5
DNT: 1
Connection: keep-alive
Upgrade-Insecure-Requests: 1
Sec-Fetch-Dest: document
Sec-Fetch-Mode: navigate
Sec-Fetch-Site: cross-site

",0,https://workspaceupdates.googleblog.com/2023/04/new-community-features-for-google-chat-and-an-update-currents%20.html,561,HTTP/1.1,0.2215878963470459,0.10587739944458008,0.6289229393005371,200,OK,[''],15,15,0,"{""strict-transport-security"": ""max-age=86400; includeSubDomains"", ""content-type"": ""text/html; charset=UTF-8"", ""expires"": ""Wed, 25 Oct 2023 12:34:46 GMT"", ""date"": ""Wed, 25 Oct 2023 12:34:46 GMT"", ""cache-control"": ""private, max-age=0"", ""last-modified"": ""Mon, 23 Oct 2023 23:20:47 GMT"", ""etag"": ""W/\""f989d6d5666dd1b5b75ec5b87e61621cef8dab31067240b0d98828571cc202a2\"""", ""content-encoding"": ""gzip"", ""x-content-type-options"": ""nosniff"", ""x-frame-options"": ""SAMEORIGIN"", ""content-security-policy"": ""frame-ancestors 'self'"", ""x-xss-protection"": ""1; mode=block"", ""server"": ""GSE"", ""alt-svc"": ""h3=\"":443\""; ma=2592000,h3-29=\"":443\""; ma=2592000"", ""transfer-encoding"": ""chunked""}"
