[
    {
        "number": 0,
        "request": "GET https://workspaceupdates.googleblog.com/2023/04/new-community-features-for-google-chat-and-an-update-currents%20.html HTTP/1.1\r\nHost: workspaceupdates.googleblog.com\r\nUser-Agent: Mozilla/5.0 (Windows NT 10.0; rv:102.0) Gecko/20100101 Firefox/102.0\r\nAccept: text/html,application/xhtml+xml,application/xml;q=0.9,image/avif,image/webp,*/*;q=0.8\r\nAccept-Encoding: gzip, deflate, br\r\nAccept-Language: en-US,en;q=0.5\r\nDNT: 1\r\nConnection: keep-alive\r\nUpgrade-Insecure-Requests: 1\r\nSec-Fetch-Dest: document\r\nSec-Fetch-Mode: navigate\r\nSec-Fetch-Site: cross-site\r\n\r\n",
        "deviation_count": 0,
        "uri": "https://workspaceupdates.googleblog.com/2023/04/new-community-features-for-google-chat-and-an-update-currents%20.html",
        "request_length": 561,
        "Response_Time": 0.1561267375946045,
        "status_code": 200,
        "reason_phrase": "OK",
        "error_message": [
            ""
        ],
        "response_header_count": 15,
        "response_header_length": 15,
        "response_body_length": 0,
        "response_header_fields": {
            "strict-transport-security": "max-age=86400; includeSubDomains",
            "content-type": "text/html; charset=UTF-8",
            "expires": "Wed, 25 Oct 2023 12:33:19 GMT",
            "date": "Wed, 25 Oct 2023 12:33:19 GMT",
            "cache-control": "private, max-age=0",
            "last-modified": "Mon, 23 Oct 2023 23:20:47 GMT",
            "etag": "W/\"f989d6d5666dd1b5b75ec5b87e61621cef8dab31067240b0d98828571cc202a2\"",
            "content-encoding": "gzip",
            "x-content-type-options": "nosniff",
            "x-frame-options": "SAMEORIGIN",
            "content-security-policy": "frame-ancestors 'self'",
            "x-xss-protection": "1; mode=block",
            "server": "GSE",
            "alt-svc": "h3=\":443\"; ma=2592000,h3-29=\":443\"; ma=2592000",
            "transfer-encoding": "chunked"
        }
    },
    {
        "number": 1,
        "request": "GET https://workspaceupdates.googleblog.com/2023/04/new-community-features-for-google-chat-and-an-update-currents%20.html HTTP/1.1\r\nHost: workspaceupdates.googleblog.com\r\nUser-Agent: Mozilla/5.0 (Windows NT 10.0; rv:102.0) Gecko/20100101 Firefox/102.0\r\nAccept: text/html,application/xhtml+xml,application/xml;q=0.9,image/avif,image/webp,*/*;q=0.8\r\nAccept-Encoding: gzip, deflate, br\r\nAccept-Language: en-US,en;q=0.5\r\nDNT: 1\r\nConnection: keep-alive\r\nUpgrade-Insecure-Requests: 1\r\nSec-Fetch-Dest: document\r\nSec-Fetch-Mode: navigate\r\nSec-Fetch-Site: cross-site\r\n\r\n",
        "deviation_count": 0,
        "uri": "https://workspaceupdates.googleblog.com/2023/04/new-community-features-for-google-chat-and-an-update-currents%20.html",
        "request_length": 561,
        "Response_Time": 0.25484323501586914,
        "status_code": 200,
        "reason_phrase": "OK",
        "error_message": [
            ""
        ],
        "response_header_count": 15,
        "response_header_length": 15,
        "response_body_length": 0,
        "response_header_fields": {
            "strict-transport-security": "max-age=86400; includeSubDomains",
            "content-type": "text/html; charset=UTF-8",
            "expires": "Wed, 25 Oct 2023 12:33:28 GMT",
            "date": "Wed, 25 Oct 2023 12:33:28 GMT",
            "cache-control": "private, max-age=0",
            "last-modified": "Mon, 23 Oct 2023 23:20:47 GMT",
            "etag": "W/\"f989d6d5666dd1b5b75ec5b87e61621cef8dab31067240b0d98828571cc202a2\"",
            "content-encoding": "gzip",
            "x-content-type-options": "nosniff",
            "x-frame-options": "SAMEORIGIN",
            "content-security-policy": "frame-ancestors 'self'",
            "x-xss-protection": "1; mode=block",
            "server": "GSE",
            "alt-svc": "h3=\":443\"; ma=2592000,h3-29=\":443\"; ma=2592000",
            "transfer-encoding": "chunked"
        }
    },
    {
        "number": 2,
        "request": "GET https://workspaceupdates.googleblog.com/2023/04/new-community-features-for-google-chat-and-an-update-currents%20.html HTTP/1.1\r\nHost: workspaceupdates.googleblog.com\r\nUser-Agent: Mozilla/5.0 (Windows NT 10.0; rv:102.0) Gecko/20100101 Firefox/102.0\r\nAccept: text/html,application/xhtml+xml,application/xml;q=0.9,image/avif,image/webp,*/*;q=0.8\r\nAccept-Encoding: gzip, deflate, br\r\nAccept-Language: en-US,en;q=0.5\r\nDNT: 1\r\nConnection: keep-alive\r\nUpgrade-Insecure-Requests: 1\r\nSec-Fetch-Dest: document\r\nSec-Fetch-Mode: navigate\r\nSec-Fetch-Site: cross-site\r\n\r\n",
        "deviation_count": 0,
        "uri": "https://workspaceupdates.googleblog.com/2023/04/new-community-features-for-google-chat-and-an-update-currents%20.html",
        "request_length": 561,
        "Response_Time": 0.6249358654022217,
        "status_code": 200,
        "reason_phrase": "OK",
        "error_message": [
            ""
        ],
        "response_header_count": 15,
        "response_header_length": 15,
        "response_body_length": 0,
        "response_header_fields": {
            "strict-transport-security": "max-age=86400; includeSubDomains",
            "content-type": "text/html; charset=UTF-8",
            "expires": "Wed, 25 Oct 2023 12:33:38 GMT",
            "date": "Wed, 25 Oct 2023 12:33:38 GMT",
            "cache-control": "private, max-age=0",
            "last-modified": "Mon, 23 Oct 2023 23:20:47 GMT",
            "etag": "W/\"f989d6d5666dd1b5b75ec5b87e61621cef8dab31067240b0d98828571cc202a2\"",
            "content-encoding": "gzip",
            "x-content-type-options": "nosniff",
            "x-frame-options": "SAMEORIGIN",
            "content-security-policy": "frame-ancestors 'self'",
            "x-xss-protection": "1; mode=block",
            "server": "GSE",
            "alt-svc": "h3=\":443\"; ma=2592000,h3-29=\":443\"; ma=2592000",
            "transfer-encoding": "chunked"
        }
    },
    {
        "number": 3,
        "request": "GET https://workspaceupdates.googleblog.com/2023/04/new-community-features-for-google-chat-and-an-update-currents%20.html HTTP/1.1\r\nHost: workspaceupdates.googleblog.com\r\nUser-Agent: Mozilla/5.0 (Windows NT 10.0; rv:102.0) Gecko/20100101 Firefox/102.0\r\nAccept: text/html,application/xhtml+xml,application/xml;q=0.9,image/avif,image/webp,*/*;q=0.8\r\nAccept-Encoding: gzip, deflate, br\r\nAccept-Language: en-US,en;q=0.5\r\nDNT: 1\r\nConnection: keep-alive\r\nUpgrade-Insecure-Requests: 1\r\nSec-Fetch-Dest: document\r\nSec-Fetch-Mode: navigate\r\nSec-Fetch-Site: cross-site\r\n\r\n",
        "deviation_count": 0,
        "uri": "https://workspaceupdates.googleblog.com/2023/04/new-community-features-for-google-chat-and-an-update-currents%20.html",
        "request_length": 561,
        "Response_Time": 0.6344761848449707,
        "status_code": 200,
        "reason_phrase": "OK",
        "error_message": [
            ""
        ],
        "response_header_count": 15,
        "response_header_length": 15,
        "response_body_length": 0,
        "response_header_fields": {
            "strict-transport-security": "max-age=86400; includeSubDomains",
            "content-type": "text/html; charset=UTF-8",
            "expires": "Wed, 25 Oct 2023 12:33:48 GMT",
            "date": "Wed, 25 Oct 2023 12:33:48 GMT",
            "cache-control": "private, max-age=0",
            "last-modified": "Mon, 23 Oct 2023 23:20:47 GMT",
            "etag": "W/\"f989d6d5666dd1b5b75ec5b87e61621cef8dab31067240b0d98828571cc202a2\"",
            "content-encoding": "gzip",
            "x-content-type-options": "nosniff",
            "x-frame-options": "SAMEORIGIN",
            "content-security-policy": "frame-ancestors 'self'",
            "x-xss-protection": "1; mode=block",
            "server": "GSE",
            "alt-svc": "h3=\":443\"; ma=2592000,h3-29=\":443\"; ma=2592000",
            "transfer-encoding": "chunked"
        }
    },
    {
        "number": 4,
        "request": "GET https://workspaceupdates.googleblog.com/2023/04/new-community-features-for-google-chat-and-an-update-currents%20.html HTTP/1.1\r\nHost: workspaceupdates.googleblog.com\r\nUser-Agent: Mozilla/5.0 (Windows NT 10.0; rv:102.0) Gecko/20100101 Firefox/102.0\r\nAccept: text/html,application/xhtml+xml,application/xml;q=0.9,image/avif,image/webp,*/*;q=0.8\r\nAccept-Encoding: gzip, deflate, br\r\nAccept-Language: en-US,en;q=0.5\r\nDNT: 1\r\nConnection: keep-alive\r\nUpgrade-Insecure-Requests: 1\r\nSec-Fetch-Dest: document\r\nSec-Fetch-Mode: navigate\r\nSec-Fetch-Site: cross-site\r\n\r\n",
        "deviation_count": 0,
        "uri": "https://workspaceupdates.googleblog.com/2023/04/new-community-features-for-google-chat-and-an-update-currents%20.html",
        "request_length": 561,
        "Response_Time": 0.635998010635376,
        "status_code": 200,
        "reason_phrase": "OK",
        "error_message": [
            ""
        ],
        "response_header_count": 15,
        "response_header_length": 15,
        "response_body_length": 0,
        "response_header_fields": {
            "strict-transport-security": "max-age=86400; includeSubDomains",
            "content-type": "text/html; charset=UTF-8",
            "expires": "Wed, 25 Oct 2023 12:33:57 GMT",
            "date": "Wed, 25 Oct 2023 12:33:57 GMT",
            "cache-control": "private, max-age=0",
            "last-modified": "Mon, 23 Oct 2023 23:20:47 GMT",
            "etag": "W/\"f989d6d5666dd1b5b75ec5b87e61621cef8dab31067240b0d98828571cc202a2\"",
            "content-encoding": "gzip",
            "x-content-type-options": "nosniff",
            "x-frame-options": "SAMEORIGIN",
            "content-security-policy": "frame-ancestors 'self'",
            "x-xss-protection": "1; mode=block",
            "server": "GSE",
            "alt-svc": "h3=\":443\"; ma=2592000,h3-29=\":443\"; ma=2592000",
            "transfer-encoding": "chunked"
        }
    },
    {
        "number": 5,
        "request": "GET https://workspaceupdates.googleblog.com/2023/04/new-community-features-for-google-chat-and-an-update-currents%20.html HTTP/1.1\r\nHost: workspaceupdates.googleblog.com\r\nUser-Agent: Mozilla/5.0 (Windows NT 10.0; rv:102.0) Gecko/20100101 Firefox/102.0\r\nAccept: text/html,application/xhtml+xml,application/xml;q=0.9,image/avif,image/webp,*/*;q=0.8\r\nAccept-Encoding: gzip, deflate, br\r\nAccept-Language: en-US,en;q=0.5\r\nDNT: 1\r\nConnection: keep-alive\r\nUpgrade-Insecure-Requests: 1\r\nSec-Fetch-Dest: document\r\nSec-Fetch-Mode: navigate\r\nSec-Fetch-Site: cross-site\r\n\r\n",
        "deviation_count": 0,
        "uri": "https://workspaceupdates.googleblog.com/2023/04/new-community-features-for-google-chat-and-an-update-currents%20.html",
        "request_length": 561,
        "Response_Time": 0.6351673603057861,
        "status_code": 200,
        "reason_phrase": "OK",
        "error_message": [
            ""
        ],
        "response_header_count": 15,
        "response_header_length": 15,
        "response_body_length": 0,
        "response_header_fields": {
            "strict-transport-security": "max-age=86400; includeSubDomains",
            "content-type": "text/html; charset=UTF-8",
            "expires": "Wed, 25 Oct 2023 12:34:08 GMT",
            "date": "Wed, 25 Oct 2023 12:34:08 GMT",
            "cache-control": "private, max-age=0",
            "last-modified": "Mon, 23 Oct 2023 23:20:47 GMT",
            "etag": "W/\"f989d6d5666dd1b5b75ec5b87e61621cef8dab31067240b0d98828571cc202a2\"",
            "content-encoding": "gzip",
            "x-content-type-options": "nosniff",
            "x-frame-options": "SAMEORIGIN",
            "content-security-policy": "frame-ancestors 'self'",
            "x-xss-protection": "1; mode=block",
            "server": "GSE",
            "alt-svc": "h3=\":443\"; ma=2592000,h3-29=\":443\"; ma=2592000",
            "transfer-encoding": "chunked"
        }
    },
    {
        "number": 6,
        "request": "GET https://workspaceupdates.googleblog.com/2023/04/new-community-features-for-google-chat-and-an-update-currents%20.html HTTP/1.1\r\nHost: workspaceupdates.googleblog.com\r\nUser-Agent: Mozilla/5.0 (Windows NT 10.0; rv:102.0) Gecko/20100101 Firefox/102.0\r\nAccept: text/html,application/xhtml+xml,application/xml;q=0.9,image/avif,image/webp,*/*;q=0.8\r\nAccept-Encoding: gzip, deflate, br\r\nAccept-Language: en-US,en;q=0.5\r\nDNT: 1\r\nConnection: keep-alive\r\nUpgrade-Insecure-Requests: 1\r\nSec-Fetch-Dest: document\r\nSec-Fetch-Mode: navigate\r\nSec-Fetch-Site: cross-site\r\n\r\n",
        "deviation_count": 0,
        "uri": "https://workspaceupdates.googleblog.com/2023/04/new-community-features-for-google-chat-and-an-update-currents%20.html",
        "request_length": 561,
        "Response_Time": 0.6271178722381592,
        "status_code": 200,
        "reason_phrase": "OK",
        "error_message": [
            ""
        ],
        "response_header_count": 15,
        "response_header_length": 15,
        "response_body_length": 0,
        "response_header_fields": {
            "strict-transport-security": "max-age=86400; includeSubDomains",
            "content-type": "text/html; charset=UTF-8",
            "expires": "Wed, 25 Oct 2023 12:34:17 GMT",
            "date": "Wed, 25 Oct 2023 12:34:17 GMT",
            "cache-control": "private, max-age=0",
            "last-modified": "Mon, 23 Oct 2023 23:20:47 GMT",
            "etag": "W/\"f989d6d5666dd1b5b75ec5b87e61621cef8dab31067240b0d98828571cc202a2\"",
            "content-encoding": "gzip",
            "x-content-type-options": "nosniff",
            "x-frame-options": "SAMEORIGIN",
            "content-security-policy": "frame-ancestors 'self'",
            "x-xss-protection": "1; mode=block",
            "server": "GSE",
            "alt-svc": "h3=\":443\"; ma=2592000,h3-29=\":443\"; ma=2592000",
            "transfer-encoding": "chunked"
        }
    },
    {
        "number": 7,
        "request": "GET https://workspaceupdates.googleblog.com/2023/04/new-community-features-for-google-chat-and-an-update-currents%20.html HTTP/1.1\r\nHost: workspaceupdates.googleblog.com\r\nUser-Agent: Mozilla/5.0 (Windows NT 10.0; rv:102.0) Gecko/20100101 Firefox/102.0\r\nAccept: text/html,application/xhtml+xml,application/xml;q=0.9,image/avif,image/webp,*/*;q=0.8\r\nAccept-Encoding: gzip, deflate, br\r\nAccept-Language: en-US,en;q=0.5\r\nDNT: 1\r\nConnection: keep-alive\r\nUpgrade-Insecure-Requests: 1\r\nSec-Fetch-Dest: document\r\nSec-Fetch-Mode: navigate\r\nSec-Fetch-Site: cross-site\r\n\r\n",
        "deviation_count": 0,
        "uri": "https://workspaceupdates.googleblog.com/2023/04/new-community-features-for-google-chat-and-an-update-currents%20.html",
        "request_length": 561,
        "Response_Time": 0.2542126178741455,
        "status_code": 200,
        "reason_phrase": "OK",
        "error_message": [
            ""
        ],
        "response_header_count": 15,
        "response_header_length": 15,
        "response_body_length": 0,
        "response_header_fields": {
            "strict-transport-security": "max-age=86400; includeSubDomains",
            "content-type": "text/html; charset=UTF-8",
            "expires": "Wed, 25 Oct 2023 12:34:26 GMT",
            "date": "Wed, 25 Oct 2023 12:34:26 GMT",
            "cache-control": "private, max-age=0",
            "last-modified": "Mon, 23 Oct 2023 23:20:47 GMT",
            "etag": "W/\"f989d6d5666dd1b5b75ec5b87e61621cef8dab31067240b0d98828571cc202a2\"",
            "content-encoding": "gzip",
            "x-content-type-options": "nosniff",
            "x-frame-options": "SAMEORIGIN",
            "content-security-policy": "frame-ancestors 'self'",
            "x-xss-protection": "1; mode=block",
            "server": "GSE",
            "alt-svc": "h3=\":443\"; ma=2592000,h3-29=\":443\"; ma=2592000",
            "transfer-encoding": "chunked"
        }
    },
    {
        "number": 8,
        "request": "GET https://workspaceupdates.googleblog.com/2023/04/new-community-features-for-google-chat-and-an-update-currents%20.html HTTP/1.1\r\nHost: workspaceupdates.googleblog.com\r\nUser-Agent: Mozilla/5.0 (Windows NT 10.0; rv:102.0) Gecko/20100101 Firefox/102.0\r\nAccept: text/html,application/xhtml+xml,application/xml;q=0.9,image/avif,image/webp,*/*;q=0.8\r\nAccept-Encoding: gzip, deflate, br\r\nAccept-Language: en-US,en;q=0.5\r\nDNT: 1\r\nConnection: keep-alive\r\nUpgrade-Insecure-Requests: 1\r\nSec-Fetch-Dest: document\r\nSec-Fetch-Mode: navigate\r\nSec-Fetch-Site: cross-site\r\n\r\n",
        "deviation_count": 0,
        "uri": "https://workspaceupdates.googleblog.com/2023/04/new-community-features-for-google-chat-and-an-update-currents%20.html",
        "request_length": 561,
        "Response_Time": 0.6262593269348145,
        "status_code": 200,
        "reason_phrase": "OK",
        "error_message": [
            ""
        ],
        "response_header_count": 15,
        "response_header_length": 15,
        "response_body_length": 0,
        "response_header_fields": {
            "strict-transport-security": "max-age=86400; includeSubDomains",
            "content-type": "text/html; charset=UTF-8",
            "expires": "Wed, 25 Oct 2023 12:34:37 GMT",
            "date": "Wed, 25 Oct 2023 12:34:37 GMT",
            "cache-control": "private, max-age=0",
            "last-modified": "Mon, 23 Oct 2023 23:20:47 GMT",
            "etag": "W/\"f989d6d5666dd1b5b75ec5b87e61621cef8dab31067240b0d98828571cc202a2\"",
            "content-encoding": "gzip",
            "x-content-type-options": "nosniff",
            "x-frame-options": "SAMEORIGIN",
            "content-security-policy": "frame-ancestors 'self'",
            "x-xss-protection": "1; mode=block",
            "server": "GSE",
            "alt-svc": "h3=\":443\"; ma=2592000,h3-29=\":443\"; ma=2592000",
            "transfer-encoding": "chunked"
        }
    },
    {
        "number": 9,
        "request": "GET https://workspaceupdates.googleblog.com/2023/04/new-community-features-for-google-chat-and-an-update-currents%20.html HTTP/1.1\r\nHost: workspaceupdates.googleblog.com\r\nUser-Agent: Mozilla/5.0 (Windows NT 10.0; rv:102.0) Gecko/20100101 Firefox/102.0\r\nAccept: text/html,application/xhtml+xml,application/xml;q=0.9,image/avif,image/webp,*/*;q=0.8\r\nAccept-Encoding: gzip, deflate, br\r\nAccept-Language: en-US,en;q=0.5\r\nDNT: 1\r\nConnection: keep-alive\r\nUpgrade-Insecure-Requests: 1\r\nSec-Fetch-Dest: document\r\nSec-Fetch-Mode: navigate\r\nSec-Fetch-Site: cross-site\r\n\r\n",
        "deviation_count": 0,
        "uri": "https://workspaceupdates.googleblog.com/2023/04/new-community-features-for-google-chat-and-an-update-currents%20.html",
        "request_length": 561,
        "Response_Time": 0.6289229393005371,
        "status_code": 200,
        "reason_phrase": "OK",
        "error_message": [
            ""
        ],
        "response_header_count": 15,
        "response_header_length": 15,
        "response_body_length": 0,
        "response_header_fields": {
            "strict-transport-security": "max-age=86400; includeSubDomains",
            "content-type": "text/html; charset=UTF-8",
            "expires": "Wed, 25 Oct 2023 12:34:46 GMT",
            "date": "Wed, 25 Oct 2023 12:34:46 GMT",
            "cache-control": "private, max-age=0",
            "last-modified": "Mon, 23 Oct 2023 23:20:47 GMT",
            "etag": "W/\"f989d6d5666dd1b5b75ec5b87e61621cef8dab31067240b0d98828571cc202a2\"",
            "content-encoding": "gzip",
            "x-content-type-options": "nosniff",
            "x-frame-options": "SAMEORIGIN",
            "content-security-policy": "frame-ancestors 'self'",
            "x-xss-protection": "1; mode=block",
            "server": "GSE",
            "alt-svc": "h3=\":443\"; ma=2592000,h3-29=\":443\"; ma=2592000",
            "transfer-encoding": "chunked"
        }
    }
]