,Attempt No.,uri,Deviation Count,Status Code,Response_Time,response_header_count,response_header_length,response_body_length,response_header_fields
0,0,https://en.wikipedia.org/wiki/Main_Page,0,200,0.060517072677612305,21,21,12683,"{'date': 'Wed, 25 Oct 2023 11:03:51 GMT', 'server': 'mw1413.eqiad.wmnet', 'x-content-type-options': 'nosniff', 'content-language': 'en', 'accept-ch': '', 'vary': 'Accept-Encoding,Cookie', 'last-modified': 'Wed, 25 Oct 2023 11:03:50 GMT', 'content-type': 'text/html; charset=UTF-8', 'content-encoding': 'gzip', 'age': '5366', 'x-cache': 'cp3066 miss, cp3066 hit/42666', 'x-cache-status': 'hit-front', 'server-timing': 'cache;desc=""hit-front"", host;desc=""cp3066""', 'strict-transport-security': 'max-age=106384710; includeSubDomains; preload', 'report-to': '{ ""group"": ""wm_nel"", ""max_age"": 604800, ""endpoints"": [{ ""url"": ""https://intake-logging.wikimedia.org/v1/events?stream=w3c.reportingapi.network_error&schema_uri=/w3c/reportingapi/network_error/1.0.0"" }] }', 'nel': '{ ""report_to"": ""wm_nel"", ""max_age"": 604800, ""failure_fraction"": 0.05, ""success_fraction"": 0.0}', 'set-cookie': 'NetworkProbeLimit=0.001;Path=/;Secure;Max-Age=3600', 'x-client-ip': '89.56.127.202', 'cache-control': 'private, s-maxage=0, max-age=0, must-revalidate', 'accept-ranges': 'bytes', 'content-length': '22314'}"
1,1,https://en.wikipedia.org/wiki/Main_Page,0,200,0.08762431144714355,21,21,12683,"{'date': 'Wed, 25 Oct 2023 11:03:51 GMT', 'server': 'mw1413.eqiad.wmnet', 'x-content-type-options': 'nosniff', 'content-language': 'en', 'accept-ch': '', 'vary': 'Accept-Encoding,Cookie', 'last-modified': 'Wed, 25 Oct 2023 11:03:50 GMT', 'content-type': 'text/html; charset=UTF-8', 'content-encoding': 'gzip', 'age': '5376', 'x-cache': 'cp3066 miss, cp3066 hit/42727', 'x-cache-status': 'hit-front', 'server-timing': 'cache;desc=""hit-front"", host;desc=""cp3066""', 'strict-transport-security': 'max-age=106384710; includeSubDomains; preload', 'report-to': '{ ""group"": ""wm_nel"", ""max_age"": 604800, ""endpoints"": [{ ""url"": ""https://intake-logging.wikimedia.org/v1/events?stream=w3c.reportingapi.network_error&schema_uri=/w3c/reportingapi/network_error/1.0.0"" }] }', 'nel': '{ ""report_to"": ""wm_nel"", ""max_age"": 604800, ""failure_fraction"": 0.05, ""success_fraction"": 0.0}', 'set-cookie': 'NetworkProbeLimit=0.001;Path=/;Secure;Max-Age=3600', 'x-client-ip': '89.56.127.202', 'cache-control': 'private, s-maxage=0, max-age=0, must-revalidate', 'accept-ranges': 'bytes', 'content-length': '22314'}"
2,2,https://en.wikipedia.org/wiki/Main_Page,0,200,0.08504295349121094,21,21,12683,"{'date': 'Wed, 25 Oct 2023 11:03:51 GMT', 'server': 'mw1413.eqiad.wmnet', 'x-content-type-options': 'nosniff', 'content-language': 'en', 'accept-ch': '', 'vary': 'Accept-Encoding,Cookie', 'last-modified': 'Wed, 25 Oct 2023 11:03:50 GMT', 'content-type': 'text/html; charset=UTF-8', 'content-encoding': 'gzip', 'age': '5387', 'x-cache': 'cp3066 miss, cp3066 hit/42793', 'x-cache-status': 'hit-front', 'server-timing': 'cache;desc=""hit-front"", host;desc=""cp3066""', 'strict-transport-security': 'max-age=106384710; includeSubDomains; preload', 'report-to': '{ ""group"": ""wm_nel"", ""max_age"": 604800, ""endpoints"": [{ ""url"": ""https://intake-logging.wikimedia.org/v1/events?stream=w3c.reportingapi.network_error&schema_uri=/w3c/reportingapi/network_error/1.0.0"" }] }', 'nel': '{ ""report_to"": ""wm_nel"", ""max_age"": 604800, ""failure_fraction"": 0.05, ""success_fraction"": 0.0}', 'set-cookie': 'NetworkProbeLimit=0.001;Path=/;Secure;Max-Age=3600', 'x-client-ip': '89.56.127.202', 'cache-control': 'private, s-maxage=0, max-age=0, must-revalidate', 'accept-ranges': 'bytes', 'content-length': '22314'}"
3,3,https://en.wikipedia.org/wiki/Main_Page,0,200,0.1161961555480957,21,21,12683,"{'date': 'Wed, 25 Oct 2023 11:03:51 GMT', 'server': 'mw1413.eqiad.wmnet', 'x-content-type-options': 'nosniff', 'content-language': 'en', 'accept-ch': '', 'vary': 'Accept-Encoding,Cookie', 'last-modified': 'Wed, 25 Oct 2023 11:03:50 GMT', 'content-type': 'text/html; charset=UTF-8', 'content-encoding': 'gzip', 'age': '5398', 'x-cache': 'cp3066 miss, cp3066 hit/42864', 'x-cache-status': 'hit-front', 'server-timing': 'cache;desc=""hit-front"", host;desc=""cp3066""', 'strict-transport-security': 'max-age=106384710; includeSubDomains; preload', 'report-to': '{ ""group"": ""wm_nel"", ""max_age"": 604800, ""endpoints"": [{ ""url"": ""https://intake-logging.wikimedia.org/v1/events?stream=w3c.reportingapi.network_error&schema_uri=/w3c/reportingapi/network_error/1.0.0"" }] }', 'nel': '{ ""report_to"": ""wm_nel"", ""max_age"": 604800, ""failure_fraction"": 0.05, ""success_fraction"": 0.0}', 'set-cookie': 'NetworkProbeLimit=0.001;Path=/;Secure;Max-Age=3600', 'x-client-ip': '89.56.127.202', 'cache-control': 'private, s-maxage=0, max-age=0, must-revalidate', 'accept-ranges': 'bytes', 'content-length': '22314'}"
4,4,https://en.wikipedia.org/wiki/Main_Page,0,200,0.19043779373168945,21,21,12683,"{'date': 'Wed, 25 Oct 2023 11:03:51 GMT', 'server': 'mw1413.eqiad.wmnet', 'x-content-type-options': 'nosniff', 'content-language': 'en', 'accept-ch': '', 'vary': 'Accept-Encoding,Cookie', 'last-modified': 'Wed, 25 Oct 2023 11:03:50 GMT', 'content-type': 'text/html; charset=UTF-8', 'content-encoding': 'gzip', 'age': '5409', 'x-cache': 'cp3066 miss, cp3066 hit/42933', 'x-cache-status': 'hit-front', 'server-timing': 'cache;desc=""hit-front"", host;desc=""cp3066""', 'strict-transport-security': 'max-age=106384710; includeSubDomains; preload', 'report-to': '{ ""group"": ""wm_nel"", ""max_age"": 604800, ""endpoints"": [{ ""url"": ""https://intake-logging.wikimedia.org/v1/events?stream=w3c.reportingapi.network_error&schema_uri=/w3c/reportingapi/network_error/1.0.0"" }] }', 'nel': '{ ""report_to"": ""wm_nel"", ""max_age"": 604800, ""failure_fraction"": 0.05, ""success_fraction"": 0.0}', 'set-cookie': 'NetworkProbeLimit=0.001;Path=/;Secure;Max-Age=3600', 'x-client-ip': '89.56.127.202', 'cache-control': 'private, s-maxage=0, max-age=0, must-revalidate', 'accept-ranges': 'bytes', 'content-length': '22314'}"
5,5,https://en.wikipedia.org/wiki/Main_Page,0,200,0.035071372985839844,21,21,12683,"{'date': 'Wed, 25 Oct 2023 11:03:51 GMT', 'server': 'mw1413.eqiad.wmnet', 'x-content-type-options': 'nosniff', 'content-language': 'en', 'accept-ch': '', 'vary': 'Accept-Encoding,Cookie', 'last-modified': 'Wed, 25 Oct 2023 11:03:50 GMT', 'content-type': 'text/html; charset=UTF-8', 'content-encoding': 'gzip', 'age': '5420', 'x-cache': 'cp3066 miss, cp3066 hit/43004', 'x-cache-status': 'hit-front', 'server-timing': 'cache;desc=""hit-front"", host;desc=""cp3066""', 'strict-transport-security': 'max-age=106384710; includeSubDomains; preload', 'report-to': '{ ""group"": ""wm_nel"", ""max_age"": 604800, ""endpoints"": [{ ""url"": ""https://intake-logging.wikimedia.org/v1/events?stream=w3c.reportingapi.network_error&schema_uri=/w3c/reportingapi/network_error/1.0.0"" }] }', 'nel': '{ ""report_to"": ""wm_nel"", ""max_age"": 604800, ""failure_fraction"": 0.05, ""success_fraction"": 0.0}', 'set-cookie': 'NetworkProbeLimit=0.001;Path=/;Secure;Max-Age=3600', 'x-client-ip': '89.56.127.202', 'cache-control': 'private, s-maxage=0, max-age=0, must-revalidate', 'accept-ranges': 'bytes', 'content-length': '22314'}"
6,6,https://en.wikipedia.org/wiki/Main_Page,0,200,0.0829935073852539,21,21,12683,"{'date': 'Wed, 25 Oct 2023 11:03:51 GMT', 'server': 'mw1413.eqiad.wmnet', 'x-content-type-options': 'nosniff', 'content-language': 'en', 'accept-ch': '', 'vary': 'Accept-Encoding,Cookie', 'last-modified': 'Wed, 25 Oct 2023 11:03:50 GMT', 'content-type': 'text/html; charset=UTF-8', 'content-encoding': 'gzip', 'age': '5431', 'x-cache': 'cp3066 miss, cp3066 hit/43075', 'x-cache-status': 'hit-front', 'server-timing': 'cache;desc=""hit-front"", host;desc=""cp3066""', 'strict-transport-security': 'max-age=106384710; includeSubDomains; preload', 'report-to': '{ ""group"": ""wm_nel"", ""max_age"": 604800, ""endpoints"": [{ ""url"": ""https://intake-logging.wikimedia.org/v1/events?stream=w3c.reportingapi.network_error&schema_uri=/w3c/reportingapi/network_error/1.0.0"" }] }', 'nel': '{ ""report_to"": ""wm_nel"", ""max_age"": 604800, ""failure_fraction"": 0.05, ""success_fraction"": 0.0}', 'set-cookie': 'NetworkProbeLimit=0.001;Path=/;Secure;Max-Age=3600', 'x-client-ip': '89.56.127.202', 'cache-control': 'private, s-maxage=0, max-age=0, must-revalidate', 'accept-ranges': 'bytes', 'content-length': '22314'}"
7,7,https://en.wikipedia.org/wiki/Main_Page,0,200,0.19421648979187012,21,21,12683,"{'date': 'Wed, 25 Oct 2023 11:03:51 GMT', 'server': 'mw1413.eqiad.wmnet', 'x-content-type-options': 'nosniff', 'content-language': 'en', 'accept-ch': '', 'vary': 'Accept-Encoding,Cookie', 'last-modified': 'Wed, 25 Oct 2023 11:03:50 GMT', 'content-type': 'text/html; charset=UTF-8', 'content-encoding': 'gzip', 'age': '5442', 'x-cache': 'cp3066 miss, cp3066 hit/43146', 'x-cache-status': 'hit-front', 'server-timing': 'cache;desc=""hit-front"", host;desc=""cp3066""', 'strict-transport-security': 'max-age=106384710; includeSubDomains; preload', 'report-to': '{ ""group"": ""wm_nel"", ""max_age"": 604800, ""endpoints"": [{ ""url"": ""https://intake-logging.wikimedia.org/v1/events?stream=w3c.reportingapi.network_error&schema_uri=/w3c/reportingapi/network_error/1.0.0"" }] }', 'nel': '{ ""report_to"": ""wm_nel"", ""max_age"": 604800, ""failure_fraction"": 0.05, ""success_fraction"": 0.0}', 'set-cookie': 'NetworkProbeLimit=0.001;Path=/;Secure;Max-Age=3600', 'x-client-ip': '89.56.127.202', 'cache-control': 'private, s-maxage=0, max-age=0, must-revalidate', 'accept-ranges': 'bytes', 'content-length': '22314'}"
8,8,https://en.wikipedia.org/wiki/Main_Page,0,200,0.07075810432434082,21,21,12683,"{'date': 'Wed, 25 Oct 2023 11:03:51 GMT', 'server': 'mw1413.eqiad.wmnet', 'x-content-type-options': 'nosniff', 'content-language': 'en', 'accept-ch': '', 'vary': 'Accept-Encoding,Cookie', 'last-modified': 'Wed, 25 Oct 2023 11:03:50 GMT', 'content-type': 'text/html; charset=UTF-8', 'content-encoding': 'gzip', 'age': '5453', 'x-cache': 'cp3066 miss, cp3066 hit/43213', 'x-cache-status': 'hit-front', 'server-timing': 'cache;desc=""hit-front"", host;desc=""cp3066""', 'strict-transport-security': 'max-age=106384710; includeSubDomains; preload', 'report-to': '{ ""group"": ""wm_nel"", ""max_age"": 604800, ""endpoints"": [{ ""url"": ""https://intake-logging.wikimedia.org/v1/events?stream=w3c.reportingapi.network_error&schema_uri=/w3c/reportingapi/network_error/1.0.0"" }] }', 'nel': '{ ""report_to"": ""wm_nel"", ""max_age"": 604800, ""failure_fraction"": 0.05, ""success_fraction"": 0.0}', 'set-cookie': 'NetworkProbeLimit=0.001;Path=/;Secure;Max-Age=3600', 'x-client-ip': '89.56.127.202', 'cache-control': 'private, s-maxage=0, max-age=0, must-revalidate', 'accept-ranges': 'bytes', 'content-length': '22314'}"
9,9,https://en.wikipedia.org/wiki/Main_Page,0,200,0.06840157508850098,21,21,12683,"{'date': 'Wed, 25 Oct 2023 11:03:51 GMT', 'server': 'mw1413.eqiad.wmnet', 'x-content-type-options': 'nosniff', 'content-language': 'en', 'accept-ch': '', 'vary': 'Accept-Encoding,Cookie', 'last-modified': 'Wed, 25 Oct 2023 11:03:50 GMT', 'content-type': 'text/html; charset=UTF-8', 'content-encoding': 'gzip', 'age': '5463', 'x-cache': 'cp3066 miss, cp3066 hit/43276', 'x-cache-status': 'hit-front', 'server-timing': 'cache;desc=""hit-front"", host;desc=""cp3066""', 'strict-transport-security': 'max-age=106384710; includeSubDomains; preload', 'report-to': '{ ""group"": ""wm_nel"", ""max_age"": 604800, ""endpoints"": [{ ""url"": ""https://intake-logging.wikimedia.org/v1/events?stream=w3c.reportingapi.network_error&schema_uri=/w3c/reportingapi/network_error/1.0.0"" }] }', 'nel': '{ ""report_to"": ""wm_nel"", ""max_age"": 604800, ""failure_fraction"": 0.05, ""success_fraction"": 0.0}', 'set-cookie': 'NetworkProbeLimit=0.001;Path=/;Secure;Max-Age=3600', 'x-client-ip': '89.56.127.202', 'cache-control': 'private, s-maxage=0, max-age=0, must-revalidate', 'accept-ranges': 'bytes', 'content-length': '22314'}"
