number,request,deviation_count,uri,request_length,http_version,Socket_Connect_Time,Socket_Close_Time,Response_Time,status_code,reason_phrase,error_message,response_header_count,response_header_length,response_body_length,response_header_fields
0,"GET https://en.wikipedia.org/wiki/Main_Page HTTP/1.1
Host: en.wikipedia.org
User-Agent: Mozilla/5.0 (Windows NT 10.0; rv:102.0) Gecko/20100101 Firefox/102.0
Accept: text/html,application/xhtml+xml,application/xml;q=0.9,image/avif,image/webp,*/*;q=0.8
Accept-Encoding: gzip, deflate, br
Accept-Language: en-US,en;q=0.5
DNT: 1
Connection: keep-alive
Upgrade-Insecure-Requests: 1
Sec-Fetch-Dest: document
Sec-Fetch-Mode: navigate
Sec-Fetch-Site: cross-site

",0,https://en.wikipedia.org/wiki/Main_Page,468,HTTP/1.1,0.2707173824310303,0.1078948974609375,0.060517072677612305,200,OK,[''],21,21,12683,"{""date"": ""Wed, 25 Oct 2023 11:03:51 GMT"", ""server"": ""mw1413.eqiad.wmnet"", ""x-content-type-options"": ""nosniff"", ""content-language"": ""en"", ""accept-ch"": """", ""vary"": ""Accept-Encoding,Cookie"", ""last-modified"": ""Wed, 25 Oct 2023 11:03:50 GMT"", ""content-type"": ""text/html; charset=UTF-8"", ""content-encoding"": ""gzip"", ""age"": ""5366"", ""x-cache"": ""cp3066 miss, cp3066 hit/42666"", ""x-cache-status"": ""hit-front"", ""server-timing"": ""cache;desc=\""hit-front\"", host;desc=\""cp3066\"""", ""strict-transport-security"": ""max-age=106384710; includeSubDomains; preload"", ""report-to"": ""{ \""group\"": \""wm_nel\"", \""max_age\"": 604800, \""endpoints\"": [{ \""url\"": \""https://intake-logging.wikimedia.org/v1/events?stream=w3c.reportingapi.network_error&schema_uri=/w3c/reportingapi/network_error/1.0.0\"" }] }"", ""nel"": ""{ \""report_to\"": \""wm_nel\"", \""max_age\"": 604800, \""failure_fraction\"": 0.05, \""success_fraction\"": 0.0}"", ""set-cookie"": ""NetworkProbeLimit=0.001;Path=/;Secure;Max-Age=3600"", ""x-client-ip"": ""89.56.127.202"", ""cache-control"": ""private, s-maxage=0, max-age=0, must-revalidate"", ""accept-ranges"": ""bytes"", ""content-length"": ""22314""}"
1,"GET https://en.wikipedia.org/wiki/Main_Page HTTP/1.1
Host: en.wikipedia.org
User-Agent: Mozilla/5.0 (Windows NT 10.0; rv:102.0) Gecko/20100101 Firefox/102.0
Accept: text/html,application/xhtml+xml,application/xml;q=0.9,image/avif,image/webp,*/*;q=0.8
Accept-Encoding: gzip, deflate, br
Accept-Language: en-US,en;q=0.5
DNT: 1
Connection: keep-alive
Upgrade-Insecure-Requests: 1
Sec-Fetch-Dest: document
Sec-Fetch-Mode: navigate
Sec-Fetch-Site: cross-site

",0,https://en.wikipedia.org/wiki/Main_Page,468,HTTP/1.1,0.11830854415893555,0.11304378509521484,0.08762431144714355,200,OK,[''],21,21,12683,"{""date"": ""Wed, 25 Oct 2023 11:03:51 GMT"", ""server"": ""mw1413.eqiad.wmnet"", ""x-content-type-options"": ""nosniff"", ""content-language"": ""en"", ""accept-ch"": """", ""vary"": ""Accept-Encoding,Cookie"", ""last-modified"": ""Wed, 25 Oct 2023 11:03:50 GMT"", ""content-type"": ""text/html; charset=UTF-8"", ""content-encoding"": ""gzip"", ""age"": ""5376"", ""x-cache"": ""cp3066 miss, cp3066 hit/42727"", ""x-cache-status"": ""hit-front"", ""server-timing"": ""cache;desc=\""hit-front\"", host;desc=\""cp3066\"""", ""strict-transport-security"": ""max-age=106384710; includeSubDomains; preload"", ""report-to"": ""{ \""group\"": \""wm_nel\"", \""max_age\"": 604800, \""endpoints\"": [{ \""url\"": \""https://intake-logging.wikimedia.org/v1/events?stream=w3c.reportingapi.network_error&schema_uri=/w3c/reportingapi/network_error/1.0.0\"" }] }"", ""nel"": ""{ \""report_to\"": \""wm_nel\"", \""max_age\"": 604800, \""failure_fraction\"": 0.05, \""success_fraction\"": 0.0}"", ""set-cookie"": ""NetworkProbeLimit=0.001;Path=/;Secure;Max-Age=3600"", ""x-client-ip"": ""89.56.127.202"", ""cache-control"": ""private, s-maxage=0, max-age=0, must-revalidate"", ""accept-ranges"": ""bytes"", ""content-length"": ""22314""}"
2,"GET https://en.wikipedia.org/wiki/Main_Page HTTP/1.1
Host: en.wikipedia.org
User-Agent: Mozilla/5.0 (Windows NT 10.0; rv:102.0) Gecko/20100101 Firefox/102.0
Accept: text/html,application/xhtml+xml,application/xml;q=0.9,image/avif,image/webp,*/*;q=0.8
Accept-Encoding: gzip, deflate, br
Accept-Language: en-US,en;q=0.5
DNT: 1
Connection: keep-alive
Upgrade-Insecure-Requests: 1
Sec-Fetch-Dest: document
Sec-Fetch-Mode: navigate
Sec-Fetch-Site: cross-site

",0,https://en.wikipedia.org/wiki/Main_Page,468,HTTP/1.1,0.21856451034545898,0.11422085762023926,0.08504295349121094,200,OK,[''],21,21,12683,"{""date"": ""Wed, 25 Oct 2023 11:03:51 GMT"", ""server"": ""mw1413.eqiad.wmnet"", ""x-content-type-options"": ""nosniff"", ""content-language"": ""en"", ""accept-ch"": """", ""vary"": ""Accept-Encoding,Cookie"", ""last-modified"": ""Wed, 25 Oct 2023 11:03:50 GMT"", ""content-type"": ""text/html; charset=UTF-8"", ""content-encoding"": ""gzip"", ""age"": ""5387"", ""x-cache"": ""cp3066 miss, cp3066 hit/42793"", ""x-cache-status"": ""hit-front"", ""server-timing"": ""cache;desc=\""hit-front\"", host;desc=\""cp3066\"""", ""strict-transport-security"": ""max-age=106384710; includeSubDomains; preload"", ""report-to"": ""{ \""group\"": \""wm_nel\"", \""max_age\"": 604800, \""endpoints\"": [{ \""url\"": \""https://intake-logging.wikimedia.org/v1/events?stream=w3c.reportingapi.network_error&schema_uri=/w3c/reportingapi/network_error/1.0.0\"" }] }"", ""nel"": ""{ \""report_to\"": \""wm_nel\"", \""max_age\"": 604800, \""failure_fraction\"": 0.05, \""success_fraction\"": 0.0}"", ""set-cookie"": ""NetworkProbeLimit=0.001;Path=/;Secure;Max-Age=3600"", ""x-client-ip"": ""89.56.127.202"", ""cache-control"": ""private, s-maxage=0, max-age=0, must-revalidate"", ""accept-ranges"": ""bytes"", ""content-length"": ""22314""}"
3,"GET https://en.wikipedia.org/wiki/Main_Page HTTP/1.1
Host: en.wikipedia.org
User-Agent: Mozilla/5.0 (Windows NT 10.0; rv:102.0) Gecko/20100101 Firefox/102.0
Accept: text/html,application/xhtml+xml,application/xml;q=0.9,image/avif,image/webp,*/*;q=0.8
Accept-Encoding: gzip, deflate, br
Accept-Language: en-US,en;q=0.5
DNT: 1
Connection: keep-alive
Upgrade-Insecure-Requests: 1
Sec-Fetch-Dest: document
Sec-Fetch-Mode: navigate
Sec-Fetch-Site: cross-site

",0,https://en.wikipedia.org/wiki/Main_Page,468,HTTP/1.1,0.16950249671936035,0.1098480224609375,0.1161961555480957,200,OK,[''],21,21,12683,"{""date"": ""Wed, 25 Oct 2023 11:03:51 GMT"", ""server"": ""mw1413.eqiad.wmnet"", ""x-content-type-options"": ""nosniff"", ""content-language"": ""en"", ""accept-ch"": """", ""vary"": ""Accept-Encoding,Cookie"", ""last-modified"": ""Wed, 25 Oct 2023 11:03:50 GMT"", ""content-type"": ""text/html; charset=UTF-8"", ""content-encoding"": ""gzip"", ""age"": ""5398"", ""x-cache"": ""cp3066 miss, cp3066 hit/42864"", ""x-cache-status"": ""hit-front"", ""server-timing"": ""cache;desc=\""hit-front\"", host;desc=\""cp3066\"""", ""strict-transport-security"": ""max-age=106384710; includeSubDomains; preload"", ""report-to"": ""{ \""group\"": \""wm_nel\"", \""max_age\"": 604800, \""endpoints\"": [{ \""url\"": \""https://intake-logging.wikimedia.org/v1/events?stream=w3c.reportingapi.network_error&schema_uri=/w3c/reportingapi/network_error/1.0.0\"" }] }"", ""nel"": ""{ \""report_to\"": \""wm_nel\"", \""max_age\"": 604800, \""failure_fraction\"": 0.05, \""success_fraction\"": 0.0}"", ""set-cookie"": ""NetworkProbeLimit=0.001;Path=/;Secure;Max-Age=3600"", ""x-client-ip"": ""89.56.127.202"", ""cache-control"": ""private, s-maxage=0, max-age=0, must-revalidate"", ""accept-ranges"": ""bytes"", ""content-length"": ""22314""}"
4,"GET https://en.wikipedia.org/wiki/Main_Page HTTP/1.1
Host: en.wikipedia.org
User-Agent: Mozilla/5.0 (Windows NT 10.0; rv:102.0) Gecko/20100101 Firefox/102.0
Accept: text/html,application/xhtml+xml,application/xml;q=0.9,image/avif,image/webp,*/*;q=0.8
Accept-Encoding: gzip, deflate, br
Accept-Language: en-US,en;q=0.5
DNT: 1
Connection: keep-alive
Upgrade-Insecure-Requests: 1
Sec-Fetch-Dest: document
Sec-Fetch-Mode: navigate
Sec-Fetch-Site: cross-site

",0,https://en.wikipedia.org/wiki/Main_Page,468,HTTP/1.1,0.19600701332092285,0.10726046562194824,0.19043779373168945,200,OK,[''],21,21,12683,"{""date"": ""Wed, 25 Oct 2023 11:03:51 GMT"", ""server"": ""mw1413.eqiad.wmnet"", ""x-content-type-options"": ""nosniff"", ""content-language"": ""en"", ""accept-ch"": """", ""vary"": ""Accept-Encoding,Cookie"", ""last-modified"": ""Wed, 25 Oct 2023 11:03:50 GMT"", ""content-type"": ""text/html; charset=UTF-8"", ""content-encoding"": ""gzip"", ""age"": ""5409"", ""x-cache"": ""cp3066 miss, cp3066 hit/42933"", ""x-cache-status"": ""hit-front"", ""server-timing"": ""cache;desc=\""hit-front\"", host;desc=\""cp3066\"""", ""strict-transport-security"": ""max-age=106384710; includeSubDomains; preload"", ""report-to"": ""{ \""group\"": \""wm_nel\"", \""max_age\"": 604800, \""endpoints\"": [{ \""url\"": \""https://intake-logging.wikimedia.org/v1/events?stream=w3c.reportingapi.network_error&schema_uri=/w3c/reportingapi/network_error/1.0.0\"" }] }"", ""nel"": ""{ \""report_to\"": \""wm_nel\"", \""max_age\"": 604800, \""failure_fraction\"": 0.05, \""success_fraction\"": 0.0}"", ""set-cookie"": ""NetworkProbeLimit=0.001;Path=/;Secure;Max-Age=3600"", ""x-client-ip"": ""89.56.127.202"", ""cache-control"": ""private, s-maxage=0, max-age=0, must-revalidate"", ""accept-ranges"": ""bytes"", ""content-length"": ""22314""}"
5,"GET https://en.wikipedia.org/wiki/Main_Page HTTP/1.1
Host: en.wikipedia.org
User-Agent: Mozilla/5.0 (Windows NT 10.0; rv:102.0) Gecko/20100101 Firefox/102.0
Accept: text/html,application/xhtml+xml,application/xml;q=0.9,image/avif,image/webp,*/*;q=0.8
Accept-Encoding: gzip, deflate, br
Accept-Language: en-US,en;q=0.5
DNT: 1
Connection: keep-alive
Upgrade-Insecure-Requests: 1
Sec-Fetch-Dest: document
Sec-Fetch-Mode: navigate
Sec-Fetch-Site: cross-site

",0,https://en.wikipedia.org/wiki/Main_Page,468,HTTP/1.1,0.1682422161102295,0.1031191349029541,0.035071372985839844,200,OK,[''],21,21,12683,"{""date"": ""Wed, 25 Oct 2023 11:03:51 GMT"", ""server"": ""mw1413.eqiad.wmnet"", ""x-content-type-options"": ""nosniff"", ""content-language"": ""en"", ""accept-ch"": """", ""vary"": ""Accept-Encoding,Cookie"", ""last-modified"": ""Wed, 25 Oct 2023 11:03:50 GMT"", ""content-type"": ""text/html; charset=UTF-8"", ""content-encoding"": ""gzip"", ""age"": ""5420"", ""x-cache"": ""cp3066 miss, cp3066 hit/43004"", ""x-cache-status"": ""hit-front"", ""server-timing"": ""cache;desc=\""hit-front\"", host;desc=\""cp3066\"""", ""strict-transport-security"": ""max-age=106384710; includeSubDomains; preload"", ""report-to"": ""{ \""group\"": \""wm_nel\"", \""max_age\"": 604800, \""endpoints\"": [{ \""url\"": \""https://intake-logging.wikimedia.org/v1/events?stream=w3c.reportingapi.network_error&schema_uri=/w3c/reportingapi/network_error/1.0.0\"" }] }"", ""nel"": ""{ \""report_to\"": \""wm_nel\"", \""max_age\"": 604800, \""failure_fraction\"": 0.05, \""success_fraction\"": 0.0}"", ""set-cookie"": ""NetworkProbeLimit=0.001;Path=/;Secure;Max-Age=3600"", ""x-client-ip"": ""89.56.127.202"", ""cache-control"": ""private, s-maxage=0, max-age=0, must-revalidate"", ""accept-ranges"": ""bytes"", ""content-length"": ""22314""}"
6,"GET https://en.wikipedia.org/wiki/Main_Page HTTP/1.1
Host: en.wikipedia.org
User-Agent: Mozilla/5.0 (Windows NT 10.0; rv:102.0) Gecko/20100101 Firefox/102.0
Accept: text/html,application/xhtml+xml,application/xml;q=0.9,image/avif,image/webp,*/*;q=0.8
Accept-Encoding: gzip, deflate, br
Accept-Language: en-US,en;q=0.5
DNT: 1
Connection: keep-alive
Upgrade-Insecure-Requests: 1
Sec-Fetch-Dest: document
Sec-Fetch-Mode: navigate
Sec-Fetch-Site: cross-site

",0,https://en.wikipedia.org/wiki/Main_Page,468,HTTP/1.1,0.12800168991088867,0.10516166687011719,0.0829935073852539,200,OK,[''],21,21,12683,"{""date"": ""Wed, 25 Oct 2023 11:03:51 GMT"", ""server"": ""mw1413.eqiad.wmnet"", ""x-content-type-options"": ""nosniff"", ""content-language"": ""en"", ""accept-ch"": """", ""vary"": ""Accept-Encoding,Cookie"", ""last-modified"": ""Wed, 25 Oct 2023 11:03:50 GMT"", ""content-type"": ""text/html; charset=UTF-8"", ""content-encoding"": ""gzip"", ""age"": ""5431"", ""x-cache"": ""cp3066 miss, cp3066 hit/43075"", ""x-cache-status"": ""hit-front"", ""server-timing"": ""cache;desc=\""hit-front\"", host;desc=\""cp3066\"""", ""strict-transport-security"": ""max-age=106384710; includeSubDomains; preload"", ""report-to"": ""{ \""group\"": \""wm_nel\"", \""max_age\"": 604800, \""endpoints\"": [{ \""url\"": \""https://intake-logging.wikimedia.org/v1/events?stream=w3c.reportingapi.network_error&schema_uri=/w3c/reportingapi/network_error/1.0.0\"" }] }"", ""nel"": ""{ \""report_to\"": \""wm_nel\"", \""max_age\"": 604800, \""failure_fraction\"": 0.05, \""success_fraction\"": 0.0}"", ""set-cookie"": ""NetworkProbeLimit=0.001;Path=/;Secure;Max-Age=3600"", ""x-client-ip"": ""89.56.127.202"", ""cache-control"": ""private, s-maxage=0, max-age=0, must-revalidate"", ""accept-ranges"": ""bytes"", ""content-length"": ""22314""}"
7,"GET https://en.wikipedia.org/wiki/Main_Page HTTP/1.1
Host: en.wikipedia.org
User-Agent: Mozilla/5.0 (Windows NT 10.0; rv:102.0) Gecko/20100101 Firefox/102.0
Accept: text/html,application/xhtml+xml,application/xml;q=0.9,image/avif,image/webp,*/*;q=0.8
Accept-Encoding: gzip, deflate, br
Accept-Language: en-US,en;q=0.5
DNT: 1
Connection: keep-alive
Upgrade-Insecure-Requests: 1
Sec-Fetch-Dest: document
Sec-Fetch-Mode: navigate
Sec-Fetch-Site: cross-site

",0,https://en.wikipedia.org/wiki/Main_Page,468,HTTP/1.1,0.12074875831604004,0.10730886459350586,0.19421648979187012,200,OK,[''],21,21,12683,"{""date"": ""Wed, 25 Oct 2023 11:03:51 GMT"", ""server"": ""mw1413.eqiad.wmnet"", ""x-content-type-options"": ""nosniff"", ""content-language"": ""en"", ""accept-ch"": """", ""vary"": ""Accept-Encoding,Cookie"", ""last-modified"": ""Wed, 25 Oct 2023 11:03:50 GMT"", ""content-type"": ""text/html; charset=UTF-8"", ""content-encoding"": ""gzip"", ""age"": ""5442"", ""x-cache"": ""cp3066 miss, cp3066 hit/43146"", ""x-cache-status"": ""hit-front"", ""server-timing"": ""cache;desc=\""hit-front\"", host;desc=\""cp3066\"""", ""strict-transport-security"": ""max-age=106384710; includeSubDomains; preload"", ""report-to"": ""{ \""group\"": \""wm_nel\"", \""max_age\"": 604800, \""endpoints\"": [{ \""url\"": \""https://intake-logging.wikimedia.org/v1/events?stream=w3c.reportingapi.network_error&schema_uri=/w3c/reportingapi/network_error/1.0.0\"" }] }"", ""nel"": ""{ \""report_to\"": \""wm_nel\"", \""max_age\"": 604800, \""failure_fraction\"": 0.05, \""success_fraction\"": 0.0}"", ""set-cookie"": ""NetworkProbeLimit=0.001;Path=/;Secure;Max-Age=3600"", ""x-client-ip"": ""89.56.127.202"", ""cache-control"": ""private, s-maxage=0, max-age=0, must-revalidate"", ""accept-ranges"": ""bytes"", ""content-length"": ""22314""}"
8,"GET https://en.wikipedia.org/wiki/Main_Page HTTP/1.1
Host: en.wikipedia.org
User-Agent: Mozilla/5.0 (Windows NT 10.0; rv:102.0) Gecko/20100101 Firefox/102.0
Accept: text/html,application/xhtml+xml,application/xml;q=0.9,image/avif,image/webp,*/*;q=0.8
Accept-Encoding: gzip, deflate, br
Accept-Language: en-US,en;q=0.5
DNT: 1
Connection: keep-alive
Upgrade-Insecure-Requests: 1
Sec-Fetch-Dest: document
Sec-Fetch-Mode: navigate
Sec-Fetch-Site: cross-site

",0,https://en.wikipedia.org/wiki/Main_Page,468,HTTP/1.1,0.10486888885498047,0.1094825267791748,0.07075810432434082,200,OK,[''],21,21,12683,"{""date"": ""Wed, 25 Oct 2023 11:03:51 GMT"", ""server"": ""mw1413.eqiad.wmnet"", ""x-content-type-options"": ""nosniff"", ""content-language"": ""en"", ""accept-ch"": """", ""vary"": ""Accept-Encoding,Cookie"", ""last-modified"": ""Wed, 25 Oct 2023 11:03:50 GMT"", ""content-type"": ""text/html; charset=UTF-8"", ""content-encoding"": ""gzip"", ""age"": ""5453"", ""x-cache"": ""cp3066 miss, cp3066 hit/43213"", ""x-cache-status"": ""hit-front"", ""server-timing"": ""cache;desc=\""hit-front\"", host;desc=\""cp3066\"""", ""strict-transport-security"": ""max-age=106384710; includeSubDomains; preload"", ""report-to"": ""{ \""group\"": \""wm_nel\"", \""max_age\"": 604800, \""endpoints\"": [{ \""url\"": \""https://intake-logging.wikimedia.org/v1/events?stream=w3c.reportingapi.network_error&schema_uri=/w3c/reportingapi/network_error/1.0.0\"" }] }"", ""nel"": ""{ \""report_to\"": \""wm_nel\"", \""max_age\"": 604800, \""failure_fraction\"": 0.05, \""success_fraction\"": 0.0}"", ""set-cookie"": ""NetworkProbeLimit=0.001;Path=/;Secure;Max-Age=3600"", ""x-client-ip"": ""89.56.127.202"", ""cache-control"": ""private, s-maxage=0, max-age=0, must-revalidate"", ""accept-ranges"": ""bytes"", ""content-length"": ""22314""}"
9,"GET https://en.wikipedia.org/wiki/Main_Page HTTP/1.1
Host: en.wikipedia.org
User-Agent: Mozilla/5.0 (Windows NT 10.0; rv:102.0) Gecko/20100101 Firefox/102.0
Accept: text/html,application/xhtml+xml,application/xml;q=0.9,image/avif,image/webp,*/*;q=0.8
Accept-Encoding: gzip, deflate, br
Accept-Language: en-US,en;q=0.5
DNT: 1
Connection: keep-alive
Upgrade-Insecure-Requests: 1
Sec-Fetch-Dest: document
Sec-Fetch-Mode: navigate
Sec-Fetch-Site: cross-site

",0,https://en.wikipedia.org/wiki/Main_Page,468,HTTP/1.1,0.1670055389404297,0.1193244457244873,0.06840157508850098,200,OK,[''],21,21,12683,"{""date"": ""Wed, 25 Oct 2023 11:03:51 GMT"", ""server"": ""mw1413.eqiad.wmnet"", ""x-content-type-options"": ""nosniff"", ""content-language"": ""en"", ""accept-ch"": """", ""vary"": ""Accept-Encoding,Cookie"", ""last-modified"": ""Wed, 25 Oct 2023 11:03:50 GMT"", ""content-type"": ""text/html; charset=UTF-8"", ""content-encoding"": ""gzip"", ""age"": ""5463"", ""x-cache"": ""cp3066 miss, cp3066 hit/43276"", ""x-cache-status"": ""hit-front"", ""server-timing"": ""cache;desc=\""hit-front\"", host;desc=\""cp3066\"""", ""strict-transport-security"": ""max-age=106384710; includeSubDomains; preload"", ""report-to"": ""{ \""group\"": \""wm_nel\"", \""max_age\"": 604800, \""endpoints\"": [{ \""url\"": \""https://intake-logging.wikimedia.org/v1/events?stream=w3c.reportingapi.network_error&schema_uri=/w3c/reportingapi/network_error/1.0.0\"" }] }"", ""nel"": ""{ \""report_to\"": \""wm_nel\"", \""max_age\"": 604800, \""failure_fraction\"": 0.05, \""success_fraction\"": 0.0}"", ""set-cookie"": ""NetworkProbeLimit=0.001;Path=/;Secure;Max-Age=3600"", ""x-client-ip"": ""89.56.127.202"", ""cache-control"": ""private, s-maxage=0, max-age=0, must-revalidate"", ""accept-ranges"": ""bytes"", ""content-length"": ""22314""}"
