[
    {
        "number": 0,
        "request": "GET https://en.wikipedia.org/wiki/Main_Page HTTP/1.1\r\nHost: en.wikipedia.org\r\nUser-Agent: Mozilla/5.0 (Windows NT 10.0; rv:102.0) Gecko/20100101 Firefox/102.0\r\nAccept: text/html,application/xhtml+xml,application/xml;q=0.9,image/avif,image/webp,*/*;q=0.8\r\nAccept-Encoding: gzip, deflate, br\r\nAccept-Language: en-US,en;q=0.5\r\nDNT: 1\r\nConnection: keep-alive\r\nUpgrade-Insecure-Requests: 1\r\nSec-Fetch-Dest: document\r\nSec-Fetch-Mode: navigate\r\nSec-Fetch-Site: cross-site\r\n\r\n",
        "deviation_count": 0,
        "uri": "https://en.wikipedia.org/wiki/Main_Page",
        "request_length": 468,
        "Response_Time": 0.060517072677612305,
        "status_code": 200,
        "reason_phrase": "OK",
        "error_message": [
            ""
        ],
        "response_header_count": 21,
        "response_header_length": 21,
        "response_body_length": 12683,
        "response_header_fields": {
            "date": "Wed, 25 Oct 2023 11:03:51 GMT",
            "server": "mw1413.eqiad.wmnet",
            "x-content-type-options": "nosniff",
            "content-language": "en",
            "accept-ch": "",
            "vary": "Accept-Encoding,Cookie",
            "last-modified": "Wed, 25 Oct 2023 11:03:50 GMT",
            "content-type": "text/html; charset=UTF-8",
            "content-encoding": "gzip",
            "age": "5366",
            "x-cache": "cp3066 miss, cp3066 hit/42666",
            "x-cache-status": "hit-front",
            "server-timing": "cache;desc=\"hit-front\", host;desc=\"cp3066\"",
            "strict-transport-security": "max-age=106384710; includeSubDomains; preload",
            "report-to": "{ \"group\": \"wm_nel\", \"max_age\": 604800, \"endpoints\": [{ \"url\": \"https://intake-logging.wikimedia.org/v1/events?stream=w3c.reportingapi.network_error&schema_uri=/w3c/reportingapi/network_error/1.0.0\" }] }",
            "nel": "{ \"report_to\": \"wm_nel\", \"max_age\": 604800, \"failure_fraction\": 0.05, \"success_fraction\": 0.0}",
            "set-cookie": "NetworkProbeLimit=0.001;Path=/;Secure;Max-Age=3600",
            "x-client-ip": "89.56.127.202",
            "cache-control": "private, s-maxage=0, max-age=0, must-revalidate",
            "accept-ranges": "bytes",
            "content-length": "22314"
        }
    },
    {
        "number": 1,
        "request": "GET https://en.wikipedia.org/wiki/Main_Page HTTP/1.1\r\nHost: en.wikipedia.org\r\nUser-Agent: Mozilla/5.0 (Windows NT 10.0; rv:102.0) Gecko/20100101 Firefox/102.0\r\nAccept: text/html,application/xhtml+xml,application/xml;q=0.9,image/avif,image/webp,*/*;q=0.8\r\nAccept-Encoding: gzip, deflate, br\r\nAccept-Language: en-US,en;q=0.5\r\nDNT: 1\r\nConnection: keep-alive\r\nUpgrade-Insecure-Requests: 1\r\nSec-Fetch-Dest: document\r\nSec-Fetch-Mode: navigate\r\nSec-Fetch-Site: cross-site\r\n\r\n",
        "deviation_count": 0,
        "uri": "https://en.wikipedia.org/wiki/Main_Page",
        "request_length": 468,
        "Response_Time": 0.08762431144714355,
        "status_code": 200,
        "reason_phrase": "OK",
        "error_message": [
            ""
        ],
        "response_header_count": 21,
        "response_header_length": 21,
        "response_body_length": 12683,
        "response_header_fields": {
            "date": "Wed, 25 Oct 2023 11:03:51 GMT",
            "server": "mw1413.eqiad.wmnet",
            "x-content-type-options": "nosniff",
            "content-language": "en",
            "accept-ch": "",
            "vary": "Accept-Encoding,Cookie",
            "last-modified": "Wed, 25 Oct 2023 11:03:50 GMT",
            "content-type": "text/html; charset=UTF-8",
            "content-encoding": "gzip",
            "age": "5376",
            "x-cache": "cp3066 miss, cp3066 hit/42727",
            "x-cache-status": "hit-front",
            "server-timing": "cache;desc=\"hit-front\", host;desc=\"cp3066\"",
            "strict-transport-security": "max-age=106384710; includeSubDomains; preload",
            "report-to": "{ \"group\": \"wm_nel\", \"max_age\": 604800, \"endpoints\": [{ \"url\": \"https://intake-logging.wikimedia.org/v1/events?stream=w3c.reportingapi.network_error&schema_uri=/w3c/reportingapi/network_error/1.0.0\" }] }",
            "nel": "{ \"report_to\": \"wm_nel\", \"max_age\": 604800, \"failure_fraction\": 0.05, \"success_fraction\": 0.0}",
            "set-cookie": "NetworkProbeLimit=0.001;Path=/;Secure;Max-Age=3600",
            "x-client-ip": "89.56.127.202",
            "cache-control": "private, s-maxage=0, max-age=0, must-revalidate",
            "accept-ranges": "bytes",
            "content-length": "22314"
        }
    },
    {
        "number": 2,
        "request": "GET https://en.wikipedia.org/wiki/Main_Page HTTP/1.1\r\nHost: en.wikipedia.org\r\nUser-Agent: Mozilla/5.0 (Windows NT 10.0; rv:102.0) Gecko/20100101 Firefox/102.0\r\nAccept: text/html,application/xhtml+xml,application/xml;q=0.9,image/avif,image/webp,*/*;q=0.8\r\nAccept-Encoding: gzip, deflate, br\r\nAccept-Language: en-US,en;q=0.5\r\nDNT: 1\r\nConnection: keep-alive\r\nUpgrade-Insecure-Requests: 1\r\nSec-Fetch-Dest: document\r\nSec-Fetch-Mode: navigate\r\nSec-Fetch-Site: cross-site\r\n\r\n",
        "deviation_count": 0,
        "uri": "https://en.wikipedia.org/wiki/Main_Page",
        "request_length": 468,
        "Response_Time": 0.08504295349121094,
        "status_code": 200,
        "reason_phrase": "OK",
        "error_message": [
            ""
        ],
        "response_header_count": 21,
        "response_header_length": 21,
        "response_body_length": 12683,
        "response_header_fields": {
            "date": "Wed, 25 Oct 2023 11:03:51 GMT",
            "server": "mw1413.eqiad.wmnet",
            "x-content-type-options": "nosniff",
            "content-language": "en",
            "accept-ch": "",
            "vary": "Accept-Encoding,Cookie",
            "last-modified": "Wed, 25 Oct 2023 11:03:50 GMT",
            "content-type": "text/html; charset=UTF-8",
            "content-encoding": "gzip",
            "age": "5387",
            "x-cache": "cp3066 miss, cp3066 hit/42793",
            "x-cache-status": "hit-front",
            "server-timing": "cache;desc=\"hit-front\", host;desc=\"cp3066\"",
            "strict-transport-security": "max-age=106384710; includeSubDomains; preload",
            "report-to": "{ \"group\": \"wm_nel\", \"max_age\": 604800, \"endpoints\": [{ \"url\": \"https://intake-logging.wikimedia.org/v1/events?stream=w3c.reportingapi.network_error&schema_uri=/w3c/reportingapi/network_error/1.0.0\" }] }",
            "nel": "{ \"report_to\": \"wm_nel\", \"max_age\": 604800, \"failure_fraction\": 0.05, \"success_fraction\": 0.0}",
            "set-cookie": "NetworkProbeLimit=0.001;Path=/;Secure;Max-Age=3600",
            "x-client-ip": "89.56.127.202",
            "cache-control": "private, s-maxage=0, max-age=0, must-revalidate",
            "accept-ranges": "bytes",
            "content-length": "22314"
        }
    },
    {
        "number": 3,
        "request": "GET https://en.wikipedia.org/wiki/Main_Page HTTP/1.1\r\nHost: en.wikipedia.org\r\nUser-Agent: Mozilla/5.0 (Windows NT 10.0; rv:102.0) Gecko/20100101 Firefox/102.0\r\nAccept: text/html,application/xhtml+xml,application/xml;q=0.9,image/avif,image/webp,*/*;q=0.8\r\nAccept-Encoding: gzip, deflate, br\r\nAccept-Language: en-US,en;q=0.5\r\nDNT: 1\r\nConnection: keep-alive\r\nUpgrade-Insecure-Requests: 1\r\nSec-Fetch-Dest: document\r\nSec-Fetch-Mode: navigate\r\nSec-Fetch-Site: cross-site\r\n\r\n",
        "deviation_count": 0,
        "uri": "https://en.wikipedia.org/wiki/Main_Page",
        "request_length": 468,
        "Response_Time": 0.1161961555480957,
        "status_code": 200,
        "reason_phrase": "OK",
        "error_message": [
            ""
        ],
        "response_header_count": 21,
        "response_header_length": 21,
        "response_body_length": 12683,
        "response_header_fields": {
            "date": "Wed, 25 Oct 2023 11:03:51 GMT",
            "server": "mw1413.eqiad.wmnet",
            "x-content-type-options": "nosniff",
            "content-language": "en",
            "accept-ch": "",
            "vary": "Accept-Encoding,Cookie",
            "last-modified": "Wed, 25 Oct 2023 11:03:50 GMT",
            "content-type": "text/html; charset=UTF-8",
            "content-encoding": "gzip",
            "age": "5398",
            "x-cache": "cp3066 miss, cp3066 hit/42864",
            "x-cache-status": "hit-front",
            "server-timing": "cache;desc=\"hit-front\", host;desc=\"cp3066\"",
            "strict-transport-security": "max-age=106384710; includeSubDomains; preload",
            "report-to": "{ \"group\": \"wm_nel\", \"max_age\": 604800, \"endpoints\": [{ \"url\": \"https://intake-logging.wikimedia.org/v1/events?stream=w3c.reportingapi.network_error&schema_uri=/w3c/reportingapi/network_error/1.0.0\" }] }",
            "nel": "{ \"report_to\": \"wm_nel\", \"max_age\": 604800, \"failure_fraction\": 0.05, \"success_fraction\": 0.0}",
            "set-cookie": "NetworkProbeLimit=0.001;Path=/;Secure;Max-Age=3600",
            "x-client-ip": "89.56.127.202",
            "cache-control": "private, s-maxage=0, max-age=0, must-revalidate",
            "accept-ranges": "bytes",
            "content-length": "22314"
        }
    },
    {
        "number": 4,
        "request": "GET https://en.wikipedia.org/wiki/Main_Page HTTP/1.1\r\nHost: en.wikipedia.org\r\nUser-Agent: Mozilla/5.0 (Windows NT 10.0; rv:102.0) Gecko/20100101 Firefox/102.0\r\nAccept: text/html,application/xhtml+xml,application/xml;q=0.9,image/avif,image/webp,*/*;q=0.8\r\nAccept-Encoding: gzip, deflate, br\r\nAccept-Language: en-US,en;q=0.5\r\nDNT: 1\r\nConnection: keep-alive\r\nUpgrade-Insecure-Requests: 1\r\nSec-Fetch-Dest: document\r\nSec-Fetch-Mode: navigate\r\nSec-Fetch-Site: cross-site\r\n\r\n",
        "deviation_count": 0,
        "uri": "https://en.wikipedia.org/wiki/Main_Page",
        "request_length": 468,
        "Response_Time": 0.19043779373168945,
        "status_code": 200,
        "reason_phrase": "OK",
        "error_message": [
            ""
        ],
        "response_header_count": 21,
        "response_header_length": 21,
        "response_body_length": 12683,
        "response_header_fields": {
            "date": "Wed, 25 Oct 2023 11:03:51 GMT",
            "server": "mw1413.eqiad.wmnet",
            "x-content-type-options": "nosniff",
            "content-language": "en",
            "accept-ch": "",
            "vary": "Accept-Encoding,Cookie",
            "last-modified": "Wed, 25 Oct 2023 11:03:50 GMT",
            "content-type": "text/html; charset=UTF-8",
            "content-encoding": "gzip",
            "age": "5409",
            "x-cache": "cp3066 miss, cp3066 hit/42933",
            "x-cache-status": "hit-front",
            "server-timing": "cache;desc=\"hit-front\", host;desc=\"cp3066\"",
            "strict-transport-security": "max-age=106384710; includeSubDomains; preload",
            "report-to": "{ \"group\": \"wm_nel\", \"max_age\": 604800, \"endpoints\": [{ \"url\": \"https://intake-logging.wikimedia.org/v1/events?stream=w3c.reportingapi.network_error&schema_uri=/w3c/reportingapi/network_error/1.0.0\" }] }",
            "nel": "{ \"report_to\": \"wm_nel\", \"max_age\": 604800, \"failure_fraction\": 0.05, \"success_fraction\": 0.0}",
            "set-cookie": "NetworkProbeLimit=0.001;Path=/;Secure;Max-Age=3600",
            "x-client-ip": "89.56.127.202",
            "cache-control": "private, s-maxage=0, max-age=0, must-revalidate",
            "accept-ranges": "bytes",
            "content-length": "22314"
        }
    },
    {
        "number": 5,
        "request": "GET https://en.wikipedia.org/wiki/Main_Page HTTP/1.1\r\nHost: en.wikipedia.org\r\nUser-Agent: Mozilla/5.0 (Windows NT 10.0; rv:102.0) Gecko/20100101 Firefox/102.0\r\nAccept: text/html,application/xhtml+xml,application/xml;q=0.9,image/avif,image/webp,*/*;q=0.8\r\nAccept-Encoding: gzip, deflate, br\r\nAccept-Language: en-US,en;q=0.5\r\nDNT: 1\r\nConnection: keep-alive\r\nUpgrade-Insecure-Requests: 1\r\nSec-Fetch-Dest: document\r\nSec-Fetch-Mode: navigate\r\nSec-Fetch-Site: cross-site\r\n\r\n",
        "deviation_count": 0,
        "uri": "https://en.wikipedia.org/wiki/Main_Page",
        "request_length": 468,
        "Response_Time": 0.035071372985839844,
        "status_code": 200,
        "reason_phrase": "OK",
        "error_message": [
            ""
        ],
        "response_header_count": 21,
        "response_header_length": 21,
        "response_body_length": 12683,
        "response_header_fields": {
            "date": "Wed, 25 Oct 2023 11:03:51 GMT",
            "server": "mw1413.eqiad.wmnet",
            "x-content-type-options": "nosniff",
            "content-language": "en",
            "accept-ch": "",
            "vary": "Accept-Encoding,Cookie",
            "last-modified": "Wed, 25 Oct 2023 11:03:50 GMT",
            "content-type": "text/html; charset=UTF-8",
            "content-encoding": "gzip",
            "age": "5420",
            "x-cache": "cp3066 miss, cp3066 hit/43004",
            "x-cache-status": "hit-front",
            "server-timing": "cache;desc=\"hit-front\", host;desc=\"cp3066\"",
            "strict-transport-security": "max-age=106384710; includeSubDomains; preload",
            "report-to": "{ \"group\": \"wm_nel\", \"max_age\": 604800, \"endpoints\": [{ \"url\": \"https://intake-logging.wikimedia.org/v1/events?stream=w3c.reportingapi.network_error&schema_uri=/w3c/reportingapi/network_error/1.0.0\" }] }",
            "nel": "{ \"report_to\": \"wm_nel\", \"max_age\": 604800, \"failure_fraction\": 0.05, \"success_fraction\": 0.0}",
            "set-cookie": "NetworkProbeLimit=0.001;Path=/;Secure;Max-Age=3600",
            "x-client-ip": "89.56.127.202",
            "cache-control": "private, s-maxage=0, max-age=0, must-revalidate",
            "accept-ranges": "bytes",
            "content-length": "22314"
        }
    },
    {
        "number": 6,
        "request": "GET https://en.wikipedia.org/wiki/Main_Page HTTP/1.1\r\nHost: en.wikipedia.org\r\nUser-Agent: Mozilla/5.0 (Windows NT 10.0; rv:102.0) Gecko/20100101 Firefox/102.0\r\nAccept: text/html,application/xhtml+xml,application/xml;q=0.9,image/avif,image/webp,*/*;q=0.8\r\nAccept-Encoding: gzip, deflate, br\r\nAccept-Language: en-US,en;q=0.5\r\nDNT: 1\r\nConnection: keep-alive\r\nUpgrade-Insecure-Requests: 1\r\nSec-Fetch-Dest: document\r\nSec-Fetch-Mode: navigate\r\nSec-Fetch-Site: cross-site\r\n\r\n",
        "deviation_count": 0,
        "uri": "https://en.wikipedia.org/wiki/Main_Page",
        "request_length": 468,
        "Response_Time": 0.0829935073852539,
        "status_code": 200,
        "reason_phrase": "OK",
        "error_message": [
            ""
        ],
        "response_header_count": 21,
        "response_header_length": 21,
        "response_body_length": 12683,
        "response_header_fields": {
            "date": "Wed, 25 Oct 2023 11:03:51 GMT",
            "server": "mw1413.eqiad.wmnet",
            "x-content-type-options": "nosniff",
            "content-language": "en",
            "accept-ch": "",
            "vary": "Accept-Encoding,Cookie",
            "last-modified": "Wed, 25 Oct 2023 11:03:50 GMT",
            "content-type": "text/html; charset=UTF-8",
            "content-encoding": "gzip",
            "age": "5431",
            "x-cache": "cp3066 miss, cp3066 hit/43075",
            "x-cache-status": "hit-front",
            "server-timing": "cache;desc=\"hit-front\", host;desc=\"cp3066\"",
            "strict-transport-security": "max-age=106384710; includeSubDomains; preload",
            "report-to": "{ \"group\": \"wm_nel\", \"max_age\": 604800, \"endpoints\": [{ \"url\": \"https://intake-logging.wikimedia.org/v1/events?stream=w3c.reportingapi.network_error&schema_uri=/w3c/reportingapi/network_error/1.0.0\" }] }",
            "nel": "{ \"report_to\": \"wm_nel\", \"max_age\": 604800, \"failure_fraction\": 0.05, \"success_fraction\": 0.0}",
            "set-cookie": "NetworkProbeLimit=0.001;Path=/;Secure;Max-Age=3600",
            "x-client-ip": "89.56.127.202",
            "cache-control": "private, s-maxage=0, max-age=0, must-revalidate",
            "accept-ranges": "bytes",
            "content-length": "22314"
        }
    },
    {
        "number": 7,
        "request": "GET https://en.wikipedia.org/wiki/Main_Page HTTP/1.1\r\nHost: en.wikipedia.org\r\nUser-Agent: Mozilla/5.0 (Windows NT 10.0; rv:102.0) Gecko/20100101 Firefox/102.0\r\nAccept: text/html,application/xhtml+xml,application/xml;q=0.9,image/avif,image/webp,*/*;q=0.8\r\nAccept-Encoding: gzip, deflate, br\r\nAccept-Language: en-US,en;q=0.5\r\nDNT: 1\r\nConnection: keep-alive\r\nUpgrade-Insecure-Requests: 1\r\nSec-Fetch-Dest: document\r\nSec-Fetch-Mode: navigate\r\nSec-Fetch-Site: cross-site\r\n\r\n",
        "deviation_count": 0,
        "uri": "https://en.wikipedia.org/wiki/Main_Page",
        "request_length": 468,
        "Response_Time": 0.19421648979187012,
        "status_code": 200,
        "reason_phrase": "OK",
        "error_message": [
            ""
        ],
        "response_header_count": 21,
        "response_header_length": 21,
        "response_body_length": 12683,
        "response_header_fields": {
            "date": "Wed, 25 Oct 2023 11:03:51 GMT",
            "server": "mw1413.eqiad.wmnet",
            "x-content-type-options": "nosniff",
            "content-language": "en",
            "accept-ch": "",
            "vary": "Accept-Encoding,Cookie",
            "last-modified": "Wed, 25 Oct 2023 11:03:50 GMT",
            "content-type": "text/html; charset=UTF-8",
            "content-encoding": "gzip",
            "age": "5442",
            "x-cache": "cp3066 miss, cp3066 hit/43146",
            "x-cache-status": "hit-front",
            "server-timing": "cache;desc=\"hit-front\", host;desc=\"cp3066\"",
            "strict-transport-security": "max-age=106384710; includeSubDomains; preload",
            "report-to": "{ \"group\": \"wm_nel\", \"max_age\": 604800, \"endpoints\": [{ \"url\": \"https://intake-logging.wikimedia.org/v1/events?stream=w3c.reportingapi.network_error&schema_uri=/w3c/reportingapi/network_error/1.0.0\" }] }",
            "nel": "{ \"report_to\": \"wm_nel\", \"max_age\": 604800, \"failure_fraction\": 0.05, \"success_fraction\": 0.0}",
            "set-cookie": "NetworkProbeLimit=0.001;Path=/;Secure;Max-Age=3600",
            "x-client-ip": "89.56.127.202",
            "cache-control": "private, s-maxage=0, max-age=0, must-revalidate",
            "accept-ranges": "bytes",
            "content-length": "22314"
        }
    },
    {
        "number": 8,
        "request": "GET https://en.wikipedia.org/wiki/Main_Page HTTP/1.1\r\nHost: en.wikipedia.org\r\nUser-Agent: Mozilla/5.0 (Windows NT 10.0; rv:102.0) Gecko/20100101 Firefox/102.0\r\nAccept: text/html,application/xhtml+xml,application/xml;q=0.9,image/avif,image/webp,*/*;q=0.8\r\nAccept-Encoding: gzip, deflate, br\r\nAccept-Language: en-US,en;q=0.5\r\nDNT: 1\r\nConnection: keep-alive\r\nUpgrade-Insecure-Requests: 1\r\nSec-Fetch-Dest: document\r\nSec-Fetch-Mode: navigate\r\nSec-Fetch-Site: cross-site\r\n\r\n",
        "deviation_count": 0,
        "uri": "https://en.wikipedia.org/wiki/Main_Page",
        "request_length": 468,
        "Response_Time": 0.07075810432434082,
        "status_code": 200,
        "reason_phrase": "OK",
        "error_message": [
            ""
        ],
        "response_header_count": 21,
        "response_header_length": 21,
        "response_body_length": 12683,
        "response_header_fields": {
            "date": "Wed, 25 Oct 2023 11:03:51 GMT",
            "server": "mw1413.eqiad.wmnet",
            "x-content-type-options": "nosniff",
            "content-language": "en",
            "accept-ch": "",
            "vary": "Accept-Encoding,Cookie",
            "last-modified": "Wed, 25 Oct 2023 11:03:50 GMT",
            "content-type": "text/html; charset=UTF-8",
            "content-encoding": "gzip",
            "age": "5453",
            "x-cache": "cp3066 miss, cp3066 hit/43213",
            "x-cache-status": "hit-front",
            "server-timing": "cache;desc=\"hit-front\", host;desc=\"cp3066\"",
            "strict-transport-security": "max-age=106384710; includeSubDomains; preload",
            "report-to": "{ \"group\": \"wm_nel\", \"max_age\": 604800, \"endpoints\": [{ \"url\": \"https://intake-logging.wikimedia.org/v1/events?stream=w3c.reportingapi.network_error&schema_uri=/w3c/reportingapi/network_error/1.0.0\" }] }",
            "nel": "{ \"report_to\": \"wm_nel\", \"max_age\": 604800, \"failure_fraction\": 0.05, \"success_fraction\": 0.0}",
            "set-cookie": "NetworkProbeLimit=0.001;Path=/;Secure;Max-Age=3600",
            "x-client-ip": "89.56.127.202",
            "cache-control": "private, s-maxage=0, max-age=0, must-revalidate",
            "accept-ranges": "bytes",
            "content-length": "22314"
        }
    },
    {
        "number": 9,
        "request": "GET https://en.wikipedia.org/wiki/Main_Page HTTP/1.1\r\nHost: en.wikipedia.org\r\nUser-Agent: Mozilla/5.0 (Windows NT 10.0; rv:102.0) Gecko/20100101 Firefox/102.0\r\nAccept: text/html,application/xhtml+xml,application/xml;q=0.9,image/avif,image/webp,*/*;q=0.8\r\nAccept-Encoding: gzip, deflate, br\r\nAccept-Language: en-US,en;q=0.5\r\nDNT: 1\r\nConnection: keep-alive\r\nUpgrade-Insecure-Requests: 1\r\nSec-Fetch-Dest: document\r\nSec-Fetch-Mode: navigate\r\nSec-Fetch-Site: cross-site\r\n\r\n",
        "deviation_count": 0,
        "uri": "https://en.wikipedia.org/wiki/Main_Page",
        "request_length": 468,
        "Response_Time": 0.06840157508850098,
        "status_code": 200,
        "reason_phrase": "OK",
        "error_message": [
            ""
        ],
        "response_header_count": 21,
        "response_header_length": 21,
        "response_body_length": 12683,
        "response_header_fields": {
            "date": "Wed, 25 Oct 2023 11:03:51 GMT",
            "server": "mw1413.eqiad.wmnet",
            "x-content-type-options": "nosniff",
            "content-language": "en",
            "accept-ch": "",
            "vary": "Accept-Encoding,Cookie",
            "last-modified": "Wed, 25 Oct 2023 11:03:50 GMT",
            "content-type": "text/html; charset=UTF-8",
            "content-encoding": "gzip",
            "age": "5463",
            "x-cache": "cp3066 miss, cp3066 hit/43276",
            "x-cache-status": "hit-front",
            "server-timing": "cache;desc=\"hit-front\", host;desc=\"cp3066\"",
            "strict-transport-security": "max-age=106384710; includeSubDomains; preload",
            "report-to": "{ \"group\": \"wm_nel\", \"max_age\": 604800, \"endpoints\": [{ \"url\": \"https://intake-logging.wikimedia.org/v1/events?stream=w3c.reportingapi.network_error&schema_uri=/w3c/reportingapi/network_error/1.0.0\" }] }",
            "nel": "{ \"report_to\": \"wm_nel\", \"max_age\": 604800, \"failure_fraction\": 0.05, \"success_fraction\": 0.0}",
            "set-cookie": "NetworkProbeLimit=0.001;Path=/;Secure;Max-Age=3600",
            "x-client-ip": "89.56.127.202",
            "cache-control": "private, s-maxage=0, max-age=0, must-revalidate",
            "accept-ranges": "bytes",
            "content-length": "22314"
        }
    }
]