number,request,deviation_count,uri,request_length,http_version,Socket_Connect_Time,Socket_Close_Time,Response_Time,status_code,reason_phrase,error_message,response_header_count,response_header_length,response_body_length,response_header_fields
0,"GET https://soundcloud.com/  HTTP/1.1
Host: soundcloud.com
User-Agent: Mozilla/5.0 (Windows NT 10.0; rv:102.0) Gecko/20100101 Firefox/102.0
Accept: text/html,application/xhtml+xml,application/xml;q=0.9,image/avif,image/webp,*/*;q=0.8
Accept-Encoding: gzip, deflate, br
Accept-Language: en-US,en;q=0.5
DNT: 1
Connection: keep-alive
Upgrade-Insecure-Requests: 1
Sec-Fetch-Dest: document
Sec-Fetch-Mode: navigate
Sec-Fetch-Site: cross-site

",0,https://soundcloud.com/,451,HTTP/1.1,0.19472265243530273,0.13197588920593262,0.16507840156555176,200,OK,[''],17,17,6589,"{""content-type"": ""text/html"", ""transfer-encoding"": ""chunked"", ""connection"": ""keep-alive"", ""x-pants"": ""distant-towel"", ""x-xss-protection"": ""1; mode=block"", ""cache-control"": ""private, max-age=0, no-cache, no-store"", ""x-frame-options"": ""SAMEORIGIN"", ""server-timing"": ""enabledFeatures; dur=8.084305; desc=\""api-v2/enabledFeatures\"", experiments; dur=7.121912; desc=\""api-v2/experiments\"", geoip; dur=1.583315; desc=\""geoip/geoip\"", privacySettings; dur=6.889496; desc=\""api-v2/privacySettings\"""", ""date"": ""Wed, 25 Oct 2023 12:33:16 GMT"", ""strict-transport-security"": ""max-age=63072000; includeSubdomains; preload"", ""server"": ""am/2"", ""vary"": ""Accept-Encoding"", ""content-encoding"": ""gzip"", ""x-cache"": ""Miss from cloudfront"", ""via"": ""1.1 6c314f9bc806736c483494e492792b32.cloudfront.net (CloudFront)"", ""x-amz-cf-pop"": ""HAM50-C1"", ""x-amz-cf-id"": ""aZOatd4mPh0zIzvLew-tdVpjaP8WZTsSIrfNjUzLj8lEF1mWEWf1ag==""}"
1,"GET https://soundcloud.com/  HTTP/1.1
Host: soundcloud.com
User-Agent: Mozilla/5.0 (Windows NT 10.0; rv:102.0) Gecko/20100101 Firefox/102.0
Accept: text/html,application/xhtml+xml,application/xml;q=0.9,image/avif,image/webp,*/*;q=0.8
Accept-Encoding: gzip, deflate, br
Accept-Language: en-US,en;q=0.5
DNT: 1
Connection: keep-alive
Upgrade-Insecure-Requests: 1
Sec-Fetch-Dest: document
Sec-Fetch-Mode: navigate
Sec-Fetch-Site: cross-site

",0,https://soundcloud.com/,451,HTTP/1.1,0.1619420051574707,0.1287093162536621,0.07734847068786621,200,OK,[''],17,17,1194,"{""content-type"": ""text/html"", ""transfer-encoding"": ""chunked"", ""connection"": ""keep-alive"", ""x-pants"": ""distant-towel"", ""x-xss-protection"": ""1; mode=block"", ""cache-control"": ""private, max-age=0, no-cache, no-store"", ""x-frame-options"": ""SAMEORIGIN"", ""server-timing"": ""enabledFeatures; dur=6.164052; desc=\""api-v2/enabledFeatures\"", experiments; dur=9.500624; desc=\""api-v2/experiments\"", geoip; dur=1.963984; desc=\""geoip/geoip\"", privacySettings; dur=10.330517; desc=\""api-v2/privacySettings\"""", ""date"": ""Wed, 25 Oct 2023 12:33:27 GMT"", ""strict-transport-security"": ""max-age=63072000; includeSubdomains; preload"", ""server"": ""am/2"", ""vary"": ""Accept-Encoding"", ""content-encoding"": ""gzip"", ""x-cache"": ""Miss from cloudfront"", ""via"": ""1.1 e626e3045304034f7160fd4e5f8b6fce.cloudfront.net (CloudFront)"", ""x-amz-cf-pop"": ""HAM50-C1"", ""x-amz-cf-id"": ""7moB0Vmn7ZNbsy3NTRTqNA26pMB3pY-D7xEBe7R01h8llP_jxbATtg==""}"
2,"GET https://soundcloud.com/  HTTP/1.1
Host: soundcloud.com
User-Agent: Mozilla/5.0 (Windows NT 10.0; rv:102.0) Gecko/20100101 Firefox/102.0
Accept: text/html,application/xhtml+xml,application/xml;q=0.9,image/avif,image/webp,*/*;q=0.8
Accept-Encoding: gzip, deflate, br
Accept-Language: en-US,en;q=0.5
DNT: 1
Connection: keep-alive
Upgrade-Insecure-Requests: 1
Sec-Fetch-Dest: document
Sec-Fetch-Mode: navigate
Sec-Fetch-Site: cross-site

",0,https://soundcloud.com/,451,HTTP/1.1,0.2572183609008789,0.11066460609436035,0.09113383293151855,200,OK,[''],17,17,6895,"{""content-type"": ""text/html"", ""transfer-encoding"": ""chunked"", ""connection"": ""keep-alive"", ""x-pants"": ""distant-towel"", ""x-xss-protection"": ""1; mode=block"", ""cache-control"": ""private, max-age=0, no-cache, no-store"", ""x-frame-options"": ""SAMEORIGIN"", ""server-timing"": ""enabledFeatures; dur=5.162021; desc=\""api-v2/enabledFeatures\"", experiments; dur=7.155786; desc=\""api-v2/experiments\"", geoip; dur=1.396328; desc=\""geoip/geoip\"", privacySettings; dur=6.447634; desc=\""api-v2/privacySettings\"""", ""date"": ""Wed, 25 Oct 2023 12:33:39 GMT"", ""strict-transport-security"": ""max-age=63072000; includeSubdomains; preload"", ""server"": ""am/2"", ""vary"": ""Accept-Encoding"", ""content-encoding"": ""gzip"", ""x-cache"": ""Miss from cloudfront"", ""via"": ""1.1 4151e9c487816c27efe39c7f30779450.cloudfront.net (CloudFront)"", ""x-amz-cf-pop"": ""HAM50-C1"", ""x-amz-cf-id"": ""0XWZJB_Wq6mfHKjBMX30h6Rsna0tyl5TBGKB7vq-IzXgrnh_9xal3g==""}"
3,"GET https://soundcloud.com/  HTTP/1.1
Host: soundcloud.com
User-Agent: Mozilla/5.0 (Windows NT 10.0; rv:102.0) Gecko/20100101 Firefox/102.0
Accept: text/html,application/xhtml+xml,application/xml;q=0.9,image/avif,image/webp,*/*;q=0.8
Accept-Encoding: gzip, deflate, br
Accept-Language: en-US,en;q=0.5
DNT: 1
Connection: keep-alive
Upgrade-Insecure-Requests: 1
Sec-Fetch-Dest: document
Sec-Fetch-Mode: navigate
Sec-Fetch-Site: cross-site

",0,https://soundcloud.com/,451,HTTP/1.1,0.1638936996459961,0.10590767860412598,0.07260346412658691,200,OK,[''],17,17,6895,"{""content-type"": ""text/html"", ""transfer-encoding"": ""chunked"", ""connection"": ""keep-alive"", ""x-pants"": ""distant-towel"", ""x-xss-protection"": ""1; mode=block"", ""cache-control"": ""private, max-age=0, no-cache, no-store"", ""x-frame-options"": ""SAMEORIGIN"", ""server-timing"": ""enabledFeatures; dur=5.112424; desc=\""api-v2/enabledFeatures\"", experiments; dur=11.127095; desc=\""api-v2/experiments\"", geoip; dur=1.285144; desc=\""geoip/geoip\"", privacySettings; dur=5.656496; desc=\""api-v2/privacySettings\"""", ""date"": ""Wed, 25 Oct 2023 12:33:52 GMT"", ""strict-transport-security"": ""max-age=63072000; includeSubdomains; preload"", ""server"": ""am/2"", ""vary"": ""Accept-Encoding"", ""content-encoding"": ""gzip"", ""x-cache"": ""Miss from cloudfront"", ""via"": ""1.1 bc46151b0550c2139685cbf8e4ad4762.cloudfront.net (CloudFront)"", ""x-amz-cf-pop"": ""HAM50-C1"", ""x-amz-cf-id"": ""qmT6G5dV6xz42M8wCc_ldEmQLS0Ii1LGCSb6tBixZ1mDWPm91mXqKQ==""}"
4,"GET https://soundcloud.com/  HTTP/1.1
Host: soundcloud.com
User-Agent: Mozilla/5.0 (Windows NT 10.0; rv:102.0) Gecko/20100101 Firefox/102.0
Accept: text/html,application/xhtml+xml,application/xml;q=0.9,image/avif,image/webp,*/*;q=0.8
Accept-Encoding: gzip, deflate, br
Accept-Language: en-US,en;q=0.5
DNT: 1
Connection: keep-alive
Upgrade-Insecure-Requests: 1
Sec-Fetch-Dest: document
Sec-Fetch-Mode: navigate
Sec-Fetch-Site: cross-site

",0,https://soundcloud.com/,451,HTTP/1.1,0.1566624641418457,0.11084747314453125,0.17753124237060547,200,OK,[''],17,17,950,"{""content-type"": ""text/html"", ""transfer-encoding"": ""chunked"", ""connection"": ""keep-alive"", ""x-pants"": ""distant-towel"", ""x-xss-protection"": ""1; mode=block"", ""cache-control"": ""private, max-age=0, no-cache, no-store"", ""x-frame-options"": ""SAMEORIGIN"", ""server-timing"": ""enabledFeatures; dur=9.425185; desc=\""api-v2/enabledFeatures\"", experiments; dur=7.08526; desc=\""api-v2/experiments\"", geoip; dur=1.685036; desc=\""geoip/geoip\"", privacySettings; dur=38.088611; desc=\""api-v2/privacySettings\"""", ""date"": ""Wed, 25 Oct 2023 12:34:05 GMT"", ""strict-transport-security"": ""max-age=63072000; includeSubdomains; preload"", ""server"": ""am/2"", ""vary"": ""Accept-Encoding"", ""content-encoding"": ""gzip"", ""x-cache"": ""Miss from cloudfront"", ""via"": ""1.1 432b13056093689871d6c14aa8f1c81e.cloudfront.net (CloudFront)"", ""x-amz-cf-pop"": ""HAM50-C1"", ""x-amz-cf-id"": ""O8_PcyURCd2ZTu0IvxQJNViYs81KXcN7VacYBbx8of_4gpOb0z7Gyw==""}"
5,"GET https://soundcloud.com/  HTTP/1.1
Host: soundcloud.com
User-Agent: Mozilla/5.0 (Windows NT 10.0; rv:102.0) Gecko/20100101 Firefox/102.0
Accept: text/html,application/xhtml+xml,application/xml;q=0.9,image/avif,image/webp,*/*;q=0.8
Accept-Encoding: gzip, deflate, br
Accept-Language: en-US,en;q=0.5
DNT: 1
Connection: keep-alive
Upgrade-Insecure-Requests: 1
Sec-Fetch-Dest: document
Sec-Fetch-Mode: navigate
Sec-Fetch-Site: cross-site

",0,https://soundcloud.com/,451,HTTP/1.1,0.21431779861450195,0.10218119621276855,0.1882319450378418,200,OK,[''],17,17,6895,"{""content-type"": ""text/html"", ""transfer-encoding"": ""chunked"", ""connection"": ""keep-alive"", ""x-pants"": ""distant-towel"", ""x-xss-protection"": ""1; mode=block"", ""cache-control"": ""private, max-age=0, no-cache, no-store"", ""x-frame-options"": ""SAMEORIGIN"", ""server-timing"": ""enabledFeatures; dur=5.2915; desc=\""api-v2/enabledFeatures\"", experiments; dur=7.044467; desc=\""api-v2/experiments\"", geoip; dur=2.361412; desc=\""geoip/geoip\"", privacySettings; dur=6.415805; desc=\""api-v2/privacySettings\"""", ""date"": ""Wed, 25 Oct 2023 12:34:17 GMT"", ""strict-transport-security"": ""max-age=63072000; includeSubdomains; preload"", ""server"": ""am/2"", ""vary"": ""Accept-Encoding"", ""content-encoding"": ""gzip"", ""x-cache"": ""Miss from cloudfront"", ""via"": ""1.1 5f0d6d57343209c7287434183e565392.cloudfront.net (CloudFront)"", ""x-amz-cf-pop"": ""HAM50-C1"", ""x-amz-cf-id"": ""tpQZV3M4COrz-VCSiROkx0keulKJOu1piH6cbay91d5nBNPegUBKsg==""}"
6,"GET https://soundcloud.com/  HTTP/1.1
Host: soundcloud.com
User-Agent: Mozilla/5.0 (Windows NT 10.0; rv:102.0) Gecko/20100101 Firefox/102.0
Accept: text/html,application/xhtml+xml,application/xml;q=0.9,image/avif,image/webp,*/*;q=0.8
Accept-Encoding: gzip, deflate, br
Accept-Language: en-US,en;q=0.5
DNT: 1
Connection: keep-alive
Upgrade-Insecure-Requests: 1
Sec-Fetch-Dest: document
Sec-Fetch-Mode: navigate
Sec-Fetch-Site: cross-site

",0,https://soundcloud.com/,451,HTTP/1.1,0.12126326560974121,0.10178947448730469,0.09130859375,200,OK,[''],17,17,5970,"{""content-type"": ""text/html"", ""transfer-encoding"": ""chunked"", ""connection"": ""keep-alive"", ""x-pants"": ""distant-towel"", ""x-xss-protection"": ""1; mode=block"", ""cache-control"": ""private, max-age=0, no-cache, no-store"", ""x-frame-options"": ""SAMEORIGIN"", ""server-timing"": ""enabledFeatures; dur=6.720357; desc=\""api-v2/enabledFeatures\"", experiments; dur=11.491176; desc=\""api-v2/experiments\"", geoip; dur=1.669382; desc=\""geoip/geoip\"", privacySettings; dur=8.398559; desc=\""api-v2/privacySettings\"""", ""date"": ""Wed, 25 Oct 2023 12:34:29 GMT"", ""strict-transport-security"": ""max-age=63072000; includeSubdomains; preload"", ""server"": ""am/2"", ""vary"": ""Accept-Encoding"", ""content-encoding"": ""gzip"", ""x-cache"": ""Miss from cloudfront"", ""via"": ""1.1 d66ba6ddafce2f17d4194c66f1af89fc.cloudfront.net (CloudFront)"", ""x-amz-cf-pop"": ""HAM50-C1"", ""x-amz-cf-id"": ""ErBc8Keou65Y8U49NvBEtLBSbw6DK7Sn7IDK0QGq12mKZ6LOdXOwOQ==""}"
7,"GET https://soundcloud.com/  HTTP/1.1
Host: soundcloud.com
User-Agent: Mozilla/5.0 (Windows NT 10.0; rv:102.0) Gecko/20100101 Firefox/102.0
Accept: text/html,application/xhtml+xml,application/xml;q=0.9,image/avif,image/webp,*/*;q=0.8
Accept-Encoding: gzip, deflate, br
Accept-Language: en-US,en;q=0.5
DNT: 1
Connection: keep-alive
Upgrade-Insecure-Requests: 1
Sec-Fetch-Dest: document
Sec-Fetch-Mode: navigate
Sec-Fetch-Site: cross-site

",0,https://soundcloud.com/,451,HTTP/1.1,0.20145940780639648,0.1098487377166748,0.10281896591186523,200,OK,[''],17,17,6895,"{""content-type"": ""text/html"", ""transfer-encoding"": ""chunked"", ""connection"": ""keep-alive"", ""x-pants"": ""distant-towel"", ""x-xss-protection"": ""1; mode=block"", ""cache-control"": ""private, max-age=0, no-cache, no-store"", ""x-frame-options"": ""SAMEORIGIN"", ""server-timing"": ""enabledFeatures; dur=7.351519; desc=\""api-v2/enabledFeatures\"", experiments; dur=8.659732; desc=\""api-v2/experiments\"", geoip; dur=1.581878; desc=\""geoip/geoip\"", privacySettings; dur=5.954478; desc=\""api-v2/privacySettings\"""", ""date"": ""Wed, 25 Oct 2023 12:34:41 GMT"", ""strict-transport-security"": ""max-age=63072000; includeSubdomains; preload"", ""server"": ""am/2"", ""vary"": ""Accept-Encoding"", ""content-encoding"": ""gzip"", ""x-cache"": ""Miss from cloudfront"", ""via"": ""1.1 34b26b9570d823536072a91c564a4d8c.cloudfront.net (CloudFront)"", ""x-amz-cf-pop"": ""HAM50-C1"", ""x-amz-cf-id"": ""_oq_KV7sUZcnhuFh1fYmAtey2QdASmZPRlDrT4gLK7FcwG0fG8KXgg==""}"
8,"GET https://soundcloud.com/  HTTP/1.1
Host: soundcloud.com
User-Agent: Mozilla/5.0 (Windows NT 10.0; rv:102.0) Gecko/20100101 Firefox/102.0
Accept: text/html,application/xhtml+xml,application/xml;q=0.9,image/avif,image/webp,*/*;q=0.8
Accept-Encoding: gzip, deflate, br
Accept-Language: en-US,en;q=0.5
DNT: 1
Connection: keep-alive
Upgrade-Insecure-Requests: 1
Sec-Fetch-Dest: document
Sec-Fetch-Mode: navigate
Sec-Fetch-Site: cross-site

",0,https://soundcloud.com/,451,HTTP/1.1,0.1275191307067871,0.12281966209411621,0.10263776779174805,200,OK,[''],17,17,293,"{""content-type"": ""text/html"", ""transfer-encoding"": ""chunked"", ""connection"": ""keep-alive"", ""x-pants"": ""distant-towel"", ""x-xss-protection"": ""1; mode=block"", ""cache-control"": ""private, max-age=0, no-cache, no-store"", ""x-frame-options"": ""SAMEORIGIN"", ""server-timing"": ""enabledFeatures; dur=7.920227; desc=\""api-v2/enabledFeatures\"", experiments; dur=18.713976; desc=\""api-v2/experiments\"", geoip; dur=9.142006; desc=\""geoip/geoip\"", privacySettings; dur=7.728628; desc=\""api-v2/privacySettings\"""", ""date"": ""Wed, 25 Oct 2023 12:34:51 GMT"", ""strict-transport-security"": ""max-age=63072000; includeSubdomains; preload"", ""server"": ""am/2"", ""vary"": ""Accept-Encoding"", ""content-encoding"": ""gzip"", ""x-cache"": ""Miss from cloudfront"", ""via"": ""1.1 864531626be4a5703a7662d9c31523b8.cloudfront.net (CloudFront)"", ""x-amz-cf-pop"": ""HAM50-C1"", ""x-amz-cf-id"": ""OJDvKQ47XMM6aypqN71Jbc_YRCPLsG-8nsQpK6_mqyIZsMCXJVe_aA==""}"
9,"GET https://soundcloud.com/  HTTP/1.1
Host: soundcloud.com
User-Agent: Mozilla/5.0 (Windows NT 10.0; rv:102.0) Gecko/20100101 Firefox/102.0
Accept: text/html,application/xhtml+xml,application/xml;q=0.9,image/avif,image/webp,*/*;q=0.8
Accept-Encoding: gzip, deflate, br
Accept-Language: en-US,en;q=0.5
DNT: 1
Connection: keep-alive
Upgrade-Insecure-Requests: 1
Sec-Fetch-Dest: document
Sec-Fetch-Mode: navigate
Sec-Fetch-Site: cross-site

",0,https://soundcloud.com/,451,HTTP/1.1,0.1996443271636963,0.1153719425201416,0.28566694259643555,200,OK,[''],17,17,6895,"{""content-type"": ""text/html"", ""transfer-encoding"": ""chunked"", ""connection"": ""keep-alive"", ""x-pants"": ""distant-towel"", ""x-xss-protection"": ""1; mode=block"", ""cache-control"": ""private, max-age=0, no-cache, no-store"", ""x-frame-options"": ""SAMEORIGIN"", ""server-timing"": ""enabledFeatures; dur=4.602763; desc=\""api-v2/enabledFeatures\"", experiments; dur=8.89817; desc=\""api-v2/experiments\"", geoip; dur=1.81448; desc=\""geoip/geoip\"", privacySettings; dur=9.319953; desc=\""api-v2/privacySettings\"""", ""date"": ""Wed, 25 Oct 2023 12:35:03 GMT"", ""strict-transport-security"": ""max-age=63072000; includeSubdomains; preload"", ""server"": ""am/2"", ""vary"": ""Accept-Encoding"", ""content-encoding"": ""gzip"", ""x-cache"": ""Miss from cloudfront"", ""via"": ""1.1 53767392640cf5282c1ce18d7cc7b0e0.cloudfront.net (CloudFront)"", ""x-amz-cf-pop"": ""HAM50-C1"", ""x-amz-cf-id"": ""aohUWI4sJP0owohDcGjnruZ80UxSRV26kKkM6UB5XS4ic_rTsp5OHA==""}"
