number,request,deviation_count,uri,request_length,http_version,Socket_Connect_Time,Socket_Close_Time,Response_Time,status_code,reason_phrase,error_message,response_header_count,response_header_length,response_body_length,response_header_fields
0,"GET https://www.office.com/  HTTP/1.1
Host: www.office.com
User-Agent: Mozilla/5.0 (Windows NT 10.0; rv:102.0) Gecko/20100101 Firefox/102.0
Accept: text/html,application/xhtml+xml,application/xml;q=0.9,image/avif,image/webp,*/*;q=0.8
Accept-Encoding: gzip, deflate, br
Accept-Language: en-US,en;q=0.5
DNT: 1
Connection: keep-alive
Upgrade-Insecure-Requests: 1
Sec-Fetch-Dest: document
Sec-Fetch-Mode: navigate
Sec-Fetch-Site: cross-site

",0,https://www.office.com/,451,HTTP/1.1,0.1388545036315918,0.11688542366027832,0.044706106185913086,200,OK,[''],20,20,10,"{""cache-control"": ""no-store,no-cache"", ""pragma"": ""no-cache"", ""transfer-encoding"": ""chunked"", ""content-type"": ""text/html; charset=utf-8"", ""content-encoding"": ""gzip"", ""vary"": ""Accept-Encoding"", ""set-cookie"": ""MUID=3D676F202F6E625109207C952EE56302; path=/; secure; expires=Mon, 18-Nov-2024 12:33:17 GMT; domain=office.com"", ""request-context"": ""appId="", ""strict-transport-security"": ""max-age=31536000; includeSubDomains"", ""referrer-policy"": ""strict-origin-when-cross-origin"", ""x-content-type-options"": ""nosniff"", ""x-xss-protection"": ""1; mode=block"", ""x-frame-options"": ""SAMEORIGIN"", ""x-ua-compatible"": ""IE=edge,chrome=1"", ""nel"": ""{\""report_to\"":\""NelOfficeHubUpload1\"",\""max_age\"":3600,\""failure_fraction\"":1.0,\""success_fraction\"":0.01}"", ""report-to"": ""{ \""group\"": \""csp-endpoint\"", \""max_age\"": 86400, \""endpoints\"": [{ \""url\"": \""https://csp.microsoft.com/report/Harmony-App-PROD\"" }]}"", ""content-security-policy"": ""default-src 'self';base-uri 'self';script-src 'nonce-KSCUd/4wggP1lEdIL/I3+g==' 'strict-dynamic' 'report-sample' https:;report-to csp-endpoint;upgrade-insecure-requests;style-src 'self' *.cdn.office.net *.microsoft.com res-dev.cdn.officeppe.net 'unsafe-inline' https://www.microsoft.com/;font-src 'self' data: *.cdn.office.net res-dev.cdn.officeppe.net data c.s-microsoft.com *.microsoft.com;connect-src 'self' https://browser.pipe.aria.microsoft.com https://browser.events.data.microsoft.com *.office.com *.cdn.office.net res-dev.cdn.officeppe.net https://consentreceiverfd-prod.azurefd.net data:;frame-src https://login.microsoftonline.com https://login.live.com mem.gfx.ms amcdn.msftauth.net amcdn.msauth.net;img-src * data: blob:;worker-src 'self' blob:;child-src 'self' blob:;report-uri https://csp.microsoft.com/report/Harmony-App-PROD;"", ""x-cache"": ""CONFIG_NOCACHE"", ""x-msedge-ref"": ""Ref A: 2EE8B7C8BD71425A84F80F35AD30897A Ref B: AMS231032601053 Ref C: 2023-10-25T12:33:17Z"", ""date"": ""Wed, 25 Oct 2023 12:33:17 GMT""}"
1,"GET https://www.office.com/  HTTP/1.1
Host: www.office.com
User-Agent: Mozilla/5.0 (Windows NT 10.0; rv:102.0) Gecko/20100101 Firefox/102.0
Accept: text/html,application/xhtml+xml,application/xml;q=0.9,image/avif,image/webp,*/*;q=0.8
Accept-Encoding: gzip, deflate, br
Accept-Language: en-US,en;q=0.5
DNT: 1
Connection: keep-alive
Upgrade-Insecure-Requests: 1
Sec-Fetch-Dest: document
Sec-Fetch-Mode: navigate
Sec-Fetch-Site: cross-site

",0,https://www.office.com/,451,HTTP/1.1,0.15808510780334473,0.11297416687011719,0.06236529350280762,200,OK,[''],20,20,10,"{""cache-control"": ""no-store,no-cache"", ""pragma"": ""no-cache"", ""transfer-encoding"": ""chunked"", ""content-type"": ""text/html; charset=utf-8"", ""content-encoding"": ""gzip"", ""vary"": ""Accept-Encoding"", ""set-cookie"": ""MUID=3CE6AC7E688E6EF72900BFCB69566FB3; path=/; secure; expires=Mon, 18-Nov-2024 12:33:27 GMT; domain=office.com"", ""request-context"": ""appId="", ""strict-transport-security"": ""max-age=31536000; includeSubDomains"", ""referrer-policy"": ""strict-origin-when-cross-origin"", ""x-content-type-options"": ""nosniff"", ""x-xss-protection"": ""1; mode=block"", ""x-frame-options"": ""SAMEORIGIN"", ""x-ua-compatible"": ""IE=edge,chrome=1"", ""nel"": ""{\""report_to\"":\""NelOfficeHubUpload1\"",\""max_age\"":3600,\""failure_fraction\"":1.0,\""success_fraction\"":0.01}"", ""report-to"": ""{ \""group\"": \""csp-endpoint\"", \""max_age\"": 86400, \""endpoints\"": [{ \""url\"": \""https://csp.microsoft.com/report/Harmony-App-PROD\"" }]}"", ""content-security-policy"": ""default-src 'self';base-uri 'self';script-src 'nonce-URfLS26Arau9qvQU8g76SA==' 'strict-dynamic' 'report-sample' https:;report-to csp-endpoint;upgrade-insecure-requests;style-src 'self' *.cdn.office.net *.microsoft.com res-dev.cdn.officeppe.net 'unsafe-inline' https://www.microsoft.com/;font-src 'self' data: *.cdn.office.net res-dev.cdn.officeppe.net data c.s-microsoft.com *.microsoft.com;connect-src 'self' https://browser.pipe.aria.microsoft.com https://browser.events.data.microsoft.com *.office.com *.cdn.office.net res-dev.cdn.officeppe.net https://consentreceiverfd-prod.azurefd.net data:;frame-src https://login.microsoftonline.com https://login.live.com mem.gfx.ms amcdn.msftauth.net amcdn.msauth.net;img-src * data: blob:;worker-src 'self' blob:;child-src 'self' blob:;report-uri https://csp.microsoft.com/report/Harmony-App-PROD;"", ""x-cache"": ""CONFIG_NOCACHE"", ""x-msedge-ref"": ""Ref A: E1D72E8BEE5E4D27B4E662281D789F9B Ref B: AMS231032604017 Ref C: 2023-10-25T12:33:27Z"", ""date"": ""Wed, 25 Oct 2023 12:33:26 GMT""}"
2,"GET https://www.office.com/  HTTP/1.1
Host: www.office.com
User-Agent: Mozilla/5.0 (Windows NT 10.0; rv:102.0) Gecko/20100101 Firefox/102.0
Accept: text/html,application/xhtml+xml,application/xml;q=0.9,image/avif,image/webp,*/*;q=0.8
Accept-Encoding: gzip, deflate, br
Accept-Language: en-US,en;q=0.5
DNT: 1
Connection: keep-alive
Upgrade-Insecure-Requests: 1
Sec-Fetch-Dest: document
Sec-Fetch-Mode: navigate
Sec-Fetch-Site: cross-site

",0,https://www.office.com/,451,HTTP/1.1,0.13885211944580078,0.11964869499206543,0.0663442611694336,200,OK,[''],20,20,10,"{""cache-control"": ""no-store,no-cache"", ""pragma"": ""no-cache"", ""transfer-encoding"": ""chunked"", ""content-type"": ""text/html; charset=utf-8"", ""content-encoding"": ""gzip"", ""vary"": ""Accept-Encoding"", ""set-cookie"": ""MUID=3BDE36003D9B6B8823EB25B53C106A34; path=/; secure; expires=Mon, 18-Nov-2024 12:33:36 GMT; domain=office.com"", ""request-context"": ""appId="", ""strict-transport-security"": ""max-age=31536000; includeSubDomains"", ""referrer-policy"": ""strict-origin-when-cross-origin"", ""x-content-type-options"": ""nosniff"", ""x-xss-protection"": ""1; mode=block"", ""x-frame-options"": ""SAMEORIGIN"", ""x-ua-compatible"": ""IE=edge,chrome=1"", ""nel"": ""{\""report_to\"":\""NelOfficeHubUpload1\"",\""max_age\"":3600,\""failure_fraction\"":1.0,\""success_fraction\"":0.01}"", ""report-to"": ""{ \""group\"": \""csp-endpoint\"", \""max_age\"": 86400, \""endpoints\"": [{ \""url\"": \""https://csp.microsoft.com/report/Harmony-App-PROD\"" }]}"", ""content-security-policy"": ""default-src 'self';base-uri 'self';script-src 'nonce-dEn019TD6aeiPn1K6HxzpA==' 'strict-dynamic' 'report-sample' https:;report-to csp-endpoint;upgrade-insecure-requests;style-src 'self' *.cdn.office.net *.microsoft.com res-dev.cdn.officeppe.net 'unsafe-inline' https://www.microsoft.com/;font-src 'self' data: *.cdn.office.net res-dev.cdn.officeppe.net data c.s-microsoft.com *.microsoft.com;connect-src 'self' https://browser.pipe.aria.microsoft.com https://browser.events.data.microsoft.com *.office.com *.cdn.office.net res-dev.cdn.officeppe.net https://consentreceiverfd-prod.azurefd.net data:;frame-src https://login.microsoftonline.com https://login.live.com mem.gfx.ms amcdn.msftauth.net amcdn.msauth.net;img-src * data: blob:;worker-src 'self' blob:;child-src 'self' blob:;report-uri https://csp.microsoft.com/report/Harmony-App-PROD;"", ""x-cache"": ""CONFIG_NOCACHE"", ""x-msedge-ref"": ""Ref A: 054AF93920DB4E87BB196C8C3339EE2C Ref B: AMS231032601029 Ref C: 2023-10-25T12:33:36Z"", ""date"": ""Wed, 25 Oct 2023 12:33:35 GMT""}"
3,"GET https://www.office.com/  HTTP/1.1
Host: www.office.com
User-Agent: Mozilla/5.0 (Windows NT 10.0; rv:102.0) Gecko/20100101 Firefox/102.0
Accept: text/html,application/xhtml+xml,application/xml;q=0.9,image/avif,image/webp,*/*;q=0.8
Accept-Encoding: gzip, deflate, br
Accept-Language: en-US,en;q=0.5
DNT: 1
Connection: keep-alive
Upgrade-Insecure-Requests: 1
Sec-Fetch-Dest: document
Sec-Fetch-Mode: navigate
Sec-Fetch-Site: cross-site

",0,https://www.office.com/,451,HTTP/1.1,0.17810678482055664,0.14283442497253418,0.05502939224243164,200,OK,[''],20,20,10,"{""cache-control"": ""no-store,no-cache"", ""pragma"": ""no-cache"", ""transfer-encoding"": ""chunked"", ""content-type"": ""text/html; charset=utf-8"", ""content-encoding"": ""gzip"", ""vary"": ""Accept-Encoding"", ""set-cookie"": ""MUID=182E8C6CDF5C6D10372F9FD9DE846CD8; path=/; secure; expires=Mon, 18-Nov-2024 12:33:46 GMT; domain=office.com"", ""request-context"": ""appId="", ""strict-transport-security"": ""max-age=31536000; includeSubDomains"", ""referrer-policy"": ""strict-origin-when-cross-origin"", ""x-content-type-options"": ""nosniff"", ""x-xss-protection"": ""1; mode=block"", ""x-frame-options"": ""SAMEORIGIN"", ""x-ua-compatible"": ""IE=edge,chrome=1"", ""nel"": ""{\""report_to\"":\""NelOfficeHubUpload1\"",\""max_age\"":3600,\""failure_fraction\"":1.0,\""success_fraction\"":0.01}"", ""report-to"": ""{ \""group\"": \""csp-endpoint\"", \""max_age\"": 86400, \""endpoints\"": [{ \""url\"": \""https://csp.microsoft.com/report/Harmony-App-PROD\"" }]}"", ""content-security-policy"": ""default-src 'self';base-uri 'self';script-src 'nonce-O8S8INI06M9l/sRDG8sVPA==' 'strict-dynamic' 'report-sample' https:;report-to csp-endpoint;upgrade-insecure-requests;style-src 'self' *.cdn.office.net *.microsoft.com res-dev.cdn.officeppe.net 'unsafe-inline' https://www.microsoft.com/;font-src 'self' data: *.cdn.office.net res-dev.cdn.officeppe.net data c.s-microsoft.com *.microsoft.com;connect-src 'self' https://browser.pipe.aria.microsoft.com https://browser.events.data.microsoft.com *.office.com *.cdn.office.net res-dev.cdn.officeppe.net https://consentreceiverfd-prod.azurefd.net data:;frame-src https://login.microsoftonline.com https://login.live.com mem.gfx.ms amcdn.msftauth.net amcdn.msauth.net;img-src * data: blob:;worker-src 'self' blob:;child-src 'self' blob:;report-uri https://csp.microsoft.com/report/Harmony-App-PROD;"", ""x-cache"": ""CONFIG_NOCACHE"", ""x-msedge-ref"": ""Ref A: 9FFFF165D2044DEC87E040114D6CA1AE Ref B: AMS231032604021 Ref C: 2023-10-25T12:33:46Z"", ""date"": ""Wed, 25 Oct 2023 12:33:45 GMT""}"
4,"GET https://www.office.com/  HTTP/1.1
Host: www.office.com
User-Agent: Mozilla/5.0 (Windows NT 10.0; rv:102.0) Gecko/20100101 Firefox/102.0
Accept: text/html,application/xhtml+xml,application/xml;q=0.9,image/avif,image/webp,*/*;q=0.8
Accept-Encoding: gzip, deflate, br
Accept-Language: en-US,en;q=0.5
DNT: 1
Connection: keep-alive
Upgrade-Insecure-Requests: 1
Sec-Fetch-Dest: document
Sec-Fetch-Mode: navigate
Sec-Fetch-Site: cross-site

",0,https://www.office.com/,451,HTTP/1.1,0.11633515357971191,0.11235213279724121,0.07281637191772461,200,OK,[''],20,20,10,"{""cache-control"": ""no-store,no-cache"", ""pragma"": ""no-cache"", ""transfer-encoding"": ""chunked"", ""content-type"": ""text/html; charset=utf-8"", ""content-encoding"": ""gzip"", ""vary"": ""Accept-Encoding"", ""set-cookie"": ""MUID=05A00378C1A96F10387D10CDC0226E68; path=/; secure; expires=Mon, 18-Nov-2024 12:33:55 GMT; domain=office.com"", ""request-context"": ""appId="", ""strict-transport-security"": ""max-age=31536000; includeSubDomains"", ""referrer-policy"": ""strict-origin-when-cross-origin"", ""x-content-type-options"": ""nosniff"", ""x-xss-protection"": ""1; mode=block"", ""x-frame-options"": ""SAMEORIGIN"", ""x-ua-compatible"": ""IE=edge,chrome=1"", ""nel"": ""{\""report_to\"":\""NelOfficeHubUpload1\"",\""max_age\"":3600,\""failure_fraction\"":1.0,\""success_fraction\"":0.01}"", ""report-to"": ""{ \""group\"": \""csp-endpoint\"", \""max_age\"": 86400, \""endpoints\"": [{ \""url\"": \""https://csp.microsoft.com/report/Harmony-App-PROD\"" }]}"", ""content-security-policy"": ""default-src 'self';base-uri 'self';script-src 'nonce-S7EBlzZmIKds4K46Bvo52A==' 'strict-dynamic' 'report-sample' https:;report-to csp-endpoint;upgrade-insecure-requests;style-src 'self' *.cdn.office.net *.microsoft.com res-dev.cdn.officeppe.net 'unsafe-inline' https://www.microsoft.com/;font-src 'self' data: *.cdn.office.net res-dev.cdn.officeppe.net data c.s-microsoft.com *.microsoft.com;connect-src 'self' https://browser.pipe.aria.microsoft.com https://browser.events.data.microsoft.com *.office.com *.cdn.office.net res-dev.cdn.officeppe.net https://consentreceiverfd-prod.azurefd.net data:;frame-src https://login.microsoftonline.com https://login.live.com mem.gfx.ms amcdn.msftauth.net amcdn.msauth.net;img-src * data: blob:;worker-src 'self' blob:;child-src 'self' blob:;report-uri https://csp.microsoft.com/report/Harmony-App-PROD;"", ""x-cache"": ""CONFIG_NOCACHE"", ""x-msedge-ref"": ""Ref A: 9898AA14F69943279627672C4F8C98BB Ref B: AMS231032601019 Ref C: 2023-10-25T12:33:55Z"", ""date"": ""Wed, 25 Oct 2023 12:33:54 GMT""}"
5,"GET https://www.office.com/  HTTP/1.1
Host: www.office.com
User-Agent: Mozilla/5.0 (Windows NT 10.0; rv:102.0) Gecko/20100101 Firefox/102.0
Accept: text/html,application/xhtml+xml,application/xml;q=0.9,image/avif,image/webp,*/*;q=0.8
Accept-Encoding: gzip, deflate, br
Accept-Language: en-US,en;q=0.5
DNT: 1
Connection: keep-alive
Upgrade-Insecure-Requests: 1
Sec-Fetch-Dest: document
Sec-Fetch-Mode: navigate
Sec-Fetch-Site: cross-site

",0,https://www.office.com/,451,HTTP/1.1,0.19249224662780762,0.11342573165893555,0.053415536880493164,200,OK,[''],20,20,10,"{""cache-control"": ""no-store,no-cache"", ""pragma"": ""no-cache"", ""transfer-encoding"": ""chunked"", ""content-type"": ""text/html; charset=utf-8"", ""content-encoding"": ""gzip"", ""vary"": ""Accept-Encoding"", ""set-cookie"": ""MUID=1A01B28A12B36FB72BE5A13F13386E1B; path=/; secure; expires=Mon, 18-Nov-2024 12:34:05 GMT; domain=office.com"", ""request-context"": ""appId="", ""strict-transport-security"": ""max-age=31536000; includeSubDomains"", ""referrer-policy"": ""strict-origin-when-cross-origin"", ""x-content-type-options"": ""nosniff"", ""x-xss-protection"": ""1; mode=block"", ""x-frame-options"": ""SAMEORIGIN"", ""x-ua-compatible"": ""IE=edge,chrome=1"", ""nel"": ""{\""report_to\"":\""NelOfficeHubUpload1\"",\""max_age\"":3600,\""failure_fraction\"":1.0,\""success_fraction\"":0.01}"", ""report-to"": ""{ \""group\"": \""csp-endpoint\"", \""max_age\"": 86400, \""endpoints\"": [{ \""url\"": \""https://csp.microsoft.com/report/Harmony-App-PROD\"" }]}"", ""content-security-policy"": ""default-src 'self';base-uri 'self';script-src 'nonce-v+gYLFNCgk+0bfq8ue/Mgw==' 'strict-dynamic' 'report-sample' https:;report-to csp-endpoint;upgrade-insecure-requests;style-src 'self' *.cdn.office.net *.microsoft.com res-dev.cdn.officeppe.net 'unsafe-inline' https://www.microsoft.com/;font-src 'self' data: *.cdn.office.net res-dev.cdn.officeppe.net data c.s-microsoft.com *.microsoft.com;connect-src 'self' https://browser.pipe.aria.microsoft.com https://browser.events.data.microsoft.com *.office.com *.cdn.office.net res-dev.cdn.officeppe.net https://consentreceiverfd-prod.azurefd.net data:;frame-src https://login.microsoftonline.com https://login.live.com mem.gfx.ms amcdn.msftauth.net amcdn.msauth.net;img-src * data: blob:;worker-src 'self' blob:;child-src 'self' blob:;report-uri https://csp.microsoft.com/report/Harmony-App-PROD;"", ""x-cache"": ""CONFIG_NOCACHE"", ""x-msedge-ref"": ""Ref A: 363AA9326D594B57A49A734B791E058F Ref B: AMS231032602029 Ref C: 2023-10-25T12:34:05Z"", ""date"": ""Wed, 25 Oct 2023 12:34:04 GMT""}"
6,"GET https://www.office.com/  HTTP/1.1
Host: www.office.com
User-Agent: Mozilla/5.0 (Windows NT 10.0; rv:102.0) Gecko/20100101 Firefox/102.0
Accept: text/html,application/xhtml+xml,application/xml;q=0.9,image/avif,image/webp,*/*;q=0.8
Accept-Encoding: gzip, deflate, br
Accept-Language: en-US,en;q=0.5
DNT: 1
Connection: keep-alive
Upgrade-Insecure-Requests: 1
Sec-Fetch-Dest: document
Sec-Fetch-Mode: navigate
Sec-Fetch-Site: cross-site

",0,https://www.office.com/,451,HTTP/1.1,0.15962505340576172,0.11532735824584961,0.0839238166809082,200,OK,[''],20,20,10,"{""cache-control"": ""no-store,no-cache"", ""pragma"": ""no-cache"", ""transfer-encoding"": ""chunked"", ""content-type"": ""text/html; charset=utf-8"", ""content-encoding"": ""gzip"", ""vary"": ""Accept-Encoding"", ""set-cookie"": ""MUID=03C06898DD7E6F6A289A7B2DDCF56EBB; path=/; secure; expires=Mon, 18-Nov-2024 12:34:15 GMT; domain=office.com"", ""request-context"": ""appId="", ""strict-transport-security"": ""max-age=31536000; includeSubDomains"", ""referrer-policy"": ""strict-origin-when-cross-origin"", ""x-content-type-options"": ""nosniff"", ""x-xss-protection"": ""1; mode=block"", ""x-frame-options"": ""SAMEORIGIN"", ""x-ua-compatible"": ""IE=edge,chrome=1"", ""nel"": ""{\""report_to\"":\""NelOfficeHubUpload1\"",\""max_age\"":3600,\""failure_fraction\"":1.0,\""success_fraction\"":0.01}"", ""report-to"": ""{ \""group\"": \""csp-endpoint\"", \""max_age\"": 86400, \""endpoints\"": [{ \""url\"": \""https://csp.microsoft.com/report/Harmony-App-PROD\"" }]}"", ""content-security-policy"": ""default-src 'self';base-uri 'self';script-src 'nonce-fqX7+5+er06VJPn1sV77YA==' 'strict-dynamic' 'report-sample' https:;report-to csp-endpoint;upgrade-insecure-requests;style-src 'self' *.cdn.office.net *.microsoft.com res-dev.cdn.officeppe.net 'unsafe-inline' https://www.microsoft.com/;font-src 'self' data: *.cdn.office.net res-dev.cdn.officeppe.net data c.s-microsoft.com *.microsoft.com;connect-src 'self' https://browser.pipe.aria.microsoft.com https://browser.events.data.microsoft.com *.office.com *.cdn.office.net res-dev.cdn.officeppe.net https://consentreceiverfd-prod.azurefd.net data:;frame-src https://login.microsoftonline.com https://login.live.com mem.gfx.ms amcdn.msftauth.net amcdn.msauth.net;img-src * data: blob:;worker-src 'self' blob:;child-src 'self' blob:;report-uri https://csp.microsoft.com/report/Harmony-App-PROD;"", ""x-cache"": ""CONFIG_NOCACHE"", ""x-msedge-ref"": ""Ref A: BA1B649B96574078953C7BEA1582C662 Ref B: AMS231032601051 Ref C: 2023-10-25T12:34:15Z"", ""date"": ""Wed, 25 Oct 2023 12:34:14 GMT""}"
7,"GET https://www.office.com/  HTTP/1.1
Host: www.office.com
User-Agent: Mozilla/5.0 (Windows NT 10.0; rv:102.0) Gecko/20100101 Firefox/102.0
Accept: text/html,application/xhtml+xml,application/xml;q=0.9,image/avif,image/webp,*/*;q=0.8
Accept-Encoding: gzip, deflate, br
Accept-Language: en-US,en;q=0.5
DNT: 1
Connection: keep-alive
Upgrade-Insecure-Requests: 1
Sec-Fetch-Dest: document
Sec-Fetch-Mode: navigate
Sec-Fetch-Site: cross-site

",0,https://www.office.com/,451,HTTP/1.1,0.15851473808288574,0.11039233207702637,0.09804153442382812,200,OK,[''],20,20,10,"{""cache-control"": ""no-store,no-cache"", ""pragma"": ""no-cache"", ""transfer-encoding"": ""chunked"", ""content-type"": ""text/html; charset=utf-8"", ""content-encoding"": ""gzip"", ""vary"": ""Accept-Encoding"", ""set-cookie"": ""MUID=20DD22B0E94E66D207963105E8C567D7; path=/; secure; expires=Mon, 18-Nov-2024 12:34:25 GMT; domain=office.com"", ""request-context"": ""appId="", ""strict-transport-security"": ""max-age=31536000; includeSubDomains"", ""referrer-policy"": ""strict-origin-when-cross-origin"", ""x-content-type-options"": ""nosniff"", ""x-xss-protection"": ""1; mode=block"", ""x-frame-options"": ""SAMEORIGIN"", ""x-ua-compatible"": ""IE=edge,chrome=1"", ""nel"": ""{\""report_to\"":\""NelOfficeHubUpload1\"",\""max_age\"":3600,\""failure_fraction\"":1.0,\""success_fraction\"":0.01}"", ""report-to"": ""{ \""group\"": \""csp-endpoint\"", \""max_age\"": 86400, \""endpoints\"": [{ \""url\"": \""https://csp.microsoft.com/report/Harmony-App-PROD\"" }]}"", ""content-security-policy"": ""default-src 'self';base-uri 'self';script-src 'nonce-oGLBvjn8/2q+H5gGBai6gA==' 'strict-dynamic' 'report-sample' https:;report-to csp-endpoint;upgrade-insecure-requests;style-src 'self' *.cdn.office.net *.microsoft.com res-dev.cdn.officeppe.net 'unsafe-inline' https://www.microsoft.com/;font-src 'self' data: *.cdn.office.net res-dev.cdn.officeppe.net data c.s-microsoft.com *.microsoft.com;connect-src 'self' https://browser.pipe.aria.microsoft.com https://browser.events.data.microsoft.com *.office.com *.cdn.office.net res-dev.cdn.officeppe.net https://consentreceiverfd-prod.azurefd.net data:;frame-src https://login.microsoftonline.com https://login.live.com mem.gfx.ms amcdn.msftauth.net amcdn.msauth.net;img-src * data: blob:;worker-src 'self' blob:;child-src 'self' blob:;report-uri https://csp.microsoft.com/report/Harmony-App-PROD;"", ""x-cache"": ""CONFIG_NOCACHE"", ""x-msedge-ref"": ""Ref A: 293EAF1369214813A126B3019526837A Ref B: AMS231032601039 Ref C: 2023-10-25T12:34:25Z"", ""date"": ""Wed, 25 Oct 2023 12:34:24 GMT""}"
8,"GET https://www.office.com/  HTTP/1.1
Host: www.office.com
User-Agent: Mozilla/5.0 (Windows NT 10.0; rv:102.0) Gecko/20100101 Firefox/102.0
Accept: text/html,application/xhtml+xml,application/xml;q=0.9,image/avif,image/webp,*/*;q=0.8
Accept-Encoding: gzip, deflate, br
Accept-Language: en-US,en;q=0.5
DNT: 1
Connection: keep-alive
Upgrade-Insecure-Requests: 1
Sec-Fetch-Dest: document
Sec-Fetch-Mode: navigate
Sec-Fetch-Site: cross-site

",0,https://www.office.com/,451,HTTP/1.1,0.1515946388244629,0.10636067390441895,0.03527975082397461,200,OK,[''],20,20,10,"{""cache-control"": ""no-store,no-cache"", ""pragma"": ""no-cache"", ""transfer-encoding"": ""chunked"", ""content-type"": ""text/html; charset=utf-8"", ""content-encoding"": ""gzip"", ""vary"": ""Accept-Encoding"", ""set-cookie"": ""MUID=3F0907176DCD69FB00AD14A26C4668C7; path=/; secure; expires=Mon, 18-Nov-2024 12:34:34 GMT; domain=office.com"", ""request-context"": ""appId="", ""strict-transport-security"": ""max-age=31536000; includeSubDomains"", ""referrer-policy"": ""strict-origin-when-cross-origin"", ""x-content-type-options"": ""nosniff"", ""x-xss-protection"": ""1; mode=block"", ""x-frame-options"": ""SAMEORIGIN"", ""x-ua-compatible"": ""IE=edge,chrome=1"", ""nel"": ""{\""report_to\"":\""NelOfficeHubUpload1\"",\""max_age\"":3600,\""failure_fraction\"":1.0,\""success_fraction\"":0.01}"", ""report-to"": ""{ \""group\"": \""csp-endpoint\"", \""max_age\"": 86400, \""endpoints\"": [{ \""url\"": \""https://csp.microsoft.com/report/Harmony-App-PROD\"" }]}"", ""content-security-policy"": ""default-src 'self';base-uri 'self';script-src 'nonce-zLhHFKBzGy2SoZ2VoqftEg==' 'strict-dynamic' 'report-sample' https:;report-to csp-endpoint;upgrade-insecure-requests;style-src 'self' *.cdn.office.net *.microsoft.com res-dev.cdn.officeppe.net 'unsafe-inline' https://www.microsoft.com/;font-src 'self' data: *.cdn.office.net res-dev.cdn.officeppe.net data c.s-microsoft.com *.microsoft.com;connect-src 'self' https://browser.pipe.aria.microsoft.com https://browser.events.data.microsoft.com *.office.com *.cdn.office.net res-dev.cdn.officeppe.net https://consentreceiverfd-prod.azurefd.net data:;frame-src https://login.microsoftonline.com https://login.live.com mem.gfx.ms amcdn.msftauth.net amcdn.msauth.net;img-src * data: blob:;worker-src 'self' blob:;child-src 'self' blob:;report-uri https://csp.microsoft.com/report/Harmony-App-PROD;"", ""x-cache"": ""CONFIG_NOCACHE"", ""x-msedge-ref"": ""Ref A: 7F7425BB19D64A2A9B5D0CA92F62F21D Ref B: AMS231032601005 Ref C: 2023-10-25T12:34:34Z"", ""date"": ""Wed, 25 Oct 2023 12:34:34 GMT""}"
9,"GET https://www.office.com/  HTTP/1.1
Host: www.office.com
User-Agent: Mozilla/5.0 (Windows NT 10.0; rv:102.0) Gecko/20100101 Firefox/102.0
Accept: text/html,application/xhtml+xml,application/xml;q=0.9,image/avif,image/webp,*/*;q=0.8
Accept-Encoding: gzip, deflate, br
Accept-Language: en-US,en;q=0.5
DNT: 1
Connection: keep-alive
Upgrade-Insecure-Requests: 1
Sec-Fetch-Dest: document
Sec-Fetch-Mode: navigate
Sec-Fetch-Site: cross-site

",0,https://www.office.com/,451,HTTP/1.1,0.12479710578918457,0.10297203063964844,0.04916954040527344,200,OK,[''],20,20,10,"{""cache-control"": ""no-store,no-cache"", ""pragma"": ""no-cache"", ""transfer-encoding"": ""chunked"", ""content-type"": ""text/html; charset=utf-8"", ""content-encoding"": ""gzip"", ""vary"": ""Accept-Encoding"", ""set-cookie"": ""MUID=09214381B3BB62AE004E5034B2636328; path=/; secure; expires=Mon, 18-Nov-2024 12:34:44 GMT; domain=office.com"", ""request-context"": ""appId="", ""strict-transport-security"": ""max-age=31536000; includeSubDomains"", ""referrer-policy"": ""strict-origin-when-cross-origin"", ""x-content-type-options"": ""nosniff"", ""x-xss-protection"": ""1; mode=block"", ""x-frame-options"": ""SAMEORIGIN"", ""x-ua-compatible"": ""IE=edge,chrome=1"", ""nel"": ""{\""report_to\"":\""NelOfficeHubUpload1\"",\""max_age\"":3600,\""failure_fraction\"":1.0,\""success_fraction\"":0.01}"", ""report-to"": ""{ \""group\"": \""csp-endpoint\"", \""max_age\"": 86400, \""endpoints\"": [{ \""url\"": \""https://csp.microsoft.com/report/Harmony-App-PROD\"" }]}"", ""content-security-policy"": ""default-src 'self';base-uri 'self';script-src 'nonce-KlBluglqsnhWrCuBVM8jBA==' 'strict-dynamic' 'report-sample' https:;report-to csp-endpoint;upgrade-insecure-requests;style-src 'self' *.cdn.office.net *.microsoft.com res-dev.cdn.officeppe.net 'unsafe-inline' https://www.microsoft.com/;font-src 'self' data: *.cdn.office.net res-dev.cdn.officeppe.net data c.s-microsoft.com *.microsoft.com;connect-src 'self' https://browser.pipe.aria.microsoft.com https://browser.events.data.microsoft.com *.office.com *.cdn.office.net res-dev.cdn.officeppe.net https://consentreceiverfd-prod.azurefd.net data:;frame-src https://login.microsoftonline.com https://login.live.com mem.gfx.ms amcdn.msftauth.net amcdn.msauth.net;img-src * data: blob:;worker-src 'self' blob:;child-src 'self' blob:;report-uri https://csp.microsoft.com/report/Harmony-App-PROD;"", ""x-cache"": ""CONFIG_NOCACHE"", ""x-msedge-ref"": ""Ref A: 564C2B7ACC0049529C6225E2EA509109 Ref B: AMS231032605011 Ref C: 2023-10-25T12:34:44Z"", ""date"": ""Wed, 25 Oct 2023 12:34:43 GMT""}"
