number,request,deviation_count,uri,request_length,http_version,Socket_Connect_Time,Socket_Close_Time,Response_Time,status_code,reason_phrase,error_message,response_header_count,response_header_length,response_body_length,response_header_fields
0,"GET https://www.snapchat.com/  HTTP/1.1
Host: www.snapchat.com
User-Agent: Mozilla/5.0 (Windows NT 10.0; rv:102.0) Gecko/20100101 Firefox/102.0
Accept: text/html,application/xhtml+xml,application/xml;q=0.9,image/avif,image/webp,*/*;q=0.8
Accept-Encoding: gzip, deflate, br
Accept-Language: en-US,en;q=0.5
DNT: 1
Connection: keep-alive
Upgrade-Insecure-Requests: 1
Sec-Fetch-Dest: document
Sec-Fetch-Mode: navigate
Sec-Fetch-Site: cross-site

",0,https://www.snapchat.com/,455,HTTP/1.1,0.23946070671081543,0.21517515182495117,0.2098076343536377,200,OK,[''],17,17,0,"{""x-frame-options"": ""DENY"", ""x-xss-protection"": ""0"", ""content-security-policy"": ""connect-src 'self' blob: https://gcp.api.snapchat.com https://web-frontend-dot-sc-analytics.appspot.com https://aws.api.snapchat.com https://*.google-analytics.com https://*.analytics.google.com https://stats.g.doubleclick.net https://*.googletagmanager.com https://www.snapchat.com https://app.snapchat.com https://sentry.sc-prod.net https://us-central1-gcp.api.snapchat.com https://staging-us-central1-gcp.api.snapchat.com https://staging-web-gcp.snap-dev.net https://web.snapchat.com https://accounts.snapchat.com ws: wss: https://static.snapchat.com https://sentry.sc-prod.net https://cdn.contentful.com https://story.snapchat.com https://graphql.contentful.com; img-src 'self' blob: data: https://support-tools.storage.googleapis.com https://www.snapchat.com https://story.snapchat.com https://cf-st.sc-cdn.net https://*.google-analytics.com https://*.googletagmanager.com data: https://www.google.com https://www.google.co.uk https://www.google.com.sa https://www.google.ca https://www.google.fr https://www.google.com.no https://www.google.com.au https://static.snapchat.com https://images.bitmoji.com https://impala-media-production.s3.amazonaws.com https://bolt-gcdn.sc-cdn.net https://lens-storage.storage.googleapis.com https://community-lens.storage.googleapis.com https://lens-preview-storage.storage.googleapis.com; media-src https://bolt-gcdn.sc-cdn.net https://static.snapchat.com https://s.sc-cdn.net https://cf-st.sc-cdn.net blob:; script-src 'self' https://static.snapchat.com https://www.google-analytics.com https://*.googletagmanager.com 'sha256-dQJQsgrl3uMVvy2BJYsaNKb5aPwwZP1Hxm/h8nPMYU8=' 'sha256-W180Lw4gMizxEUHmEThR7QFnAWtmFgcFnXafbGOe27I=' 'sha256-T+mJpzkspYbS2c9j2qrgyezx0+bxueaYNJwVB75pe3Y=' 'sha256-5rMxh1U6sIDlVjmobBQY89QTC9nNeK3hd9dsXpD2AYE=' 'sha256-SlyXqNpddFY9lxbguST5m22HifGELYV1FYec8XhHUkk=' 'sha256-FhUvlSz0BXj4r8M1nXAkVXmbcxiWrUXB6vNbCZ8A0Zk=' 'sha256-2LmOILM2HIS9pJC380owRlOYo+c5WOuuNL7oEMLss2I=' 'sha256-MNn0HyJxuyKnyn0lPM1hCzPzycraTm0TXEqX1khh/7k='; style-src 'self' https://static.snapchat.com 'unsafe-inline'; default-src 'self'; font-src 'self' https://snap-design-system.storage.googleapis.com https://ads-interfaces.sc-cdn.net https://static.snapchat.com; frame-ancestors 'none'; report-uri ; report-to ; block-all-mixed-content"", ""strict-transport-security"": ""max-age=31536000; includeSubDomains"", ""x-request-id"": ""a7c88216-6739-4a72-b58c-f0bfc56e693f"", ""set-cookie"": ""sc-language=en-US; Domain=.snapchat.com; Path=/; Expires=Fri, 25 Oct 2024 12:33:12 GMT; Secure"", ""cache-control"": ""max-age=0,no-cache,no-store"", ""x-powered-by"": ""Next.js"", ""content-type"": ""text/html; charset=utf-8"", ""vary"": ""Accept-Encoding"", ""content-encoding"": ""gzip"", ""date"": ""Wed, 25 Oct 2023 12:33:12 GMT"", ""x-envoy-upstream-service-time"": ""37"", ""server"": ""API Gateway"", ""via"": ""1.1 google"", ""alt-svc"": ""h3=\"":443\""; ma=2592000,h3-29=\"":443\""; ma=2592000"", ""transfer-encoding"": ""chunked""}"
1,"GET https://www.snapchat.com/  HTTP/1.1
Host: www.snapchat.com
User-Agent: Mozilla/5.0 (Windows NT 10.0; rv:102.0) Gecko/20100101 Firefox/102.0
Accept: text/html,application/xhtml+xml,application/xml;q=0.9,image/avif,image/webp,*/*;q=0.8
Accept-Encoding: gzip, deflate, br
Accept-Language: en-US,en;q=0.5
DNT: 1
Connection: keep-alive
Upgrade-Insecure-Requests: 1
Sec-Fetch-Dest: document
Sec-Fetch-Mode: navigate
Sec-Fetch-Site: cross-site

",0,https://www.snapchat.com/,455,HTTP/1.1,0.1948866844177246,0.1151573657989502,0.23337697982788086,200,OK,[''],17,17,0,"{""x-frame-options"": ""DENY"", ""x-xss-protection"": ""0"", ""content-security-policy"": ""connect-src 'self' blob: https://gcp.api.snapchat.com https://web-frontend-dot-sc-analytics.appspot.com https://aws.api.snapchat.com https://*.google-analytics.com https://*.analytics.google.com https://stats.g.doubleclick.net https://*.googletagmanager.com https://www.snapchat.com https://app.snapchat.com https://sentry.sc-prod.net https://us-central1-gcp.api.snapchat.com https://staging-us-central1-gcp.api.snapchat.com https://staging-web-gcp.snap-dev.net https://web.snapchat.com https://accounts.snapchat.com ws: wss: https://static.snapchat.com https://sentry.sc-prod.net https://cdn.contentful.com https://story.snapchat.com https://graphql.contentful.com; img-src 'self' blob: data: https://support-tools.storage.googleapis.com https://www.snapchat.com https://story.snapchat.com https://cf-st.sc-cdn.net https://*.google-analytics.com https://*.googletagmanager.com data: https://www.google.com https://www.google.co.uk https://www.google.com.sa https://www.google.ca https://www.google.fr https://www.google.com.no https://www.google.com.au https://static.snapchat.com https://images.bitmoji.com https://impala-media-production.s3.amazonaws.com https://bolt-gcdn.sc-cdn.net https://lens-storage.storage.googleapis.com https://community-lens.storage.googleapis.com https://lens-preview-storage.storage.googleapis.com; media-src https://bolt-gcdn.sc-cdn.net https://static.snapchat.com https://s.sc-cdn.net https://cf-st.sc-cdn.net blob:; script-src 'self' https://static.snapchat.com https://www.google-analytics.com https://*.googletagmanager.com 'sha256-dQJQsgrl3uMVvy2BJYsaNKb5aPwwZP1Hxm/h8nPMYU8=' 'sha256-W180Lw4gMizxEUHmEThR7QFnAWtmFgcFnXafbGOe27I=' 'sha256-T+mJpzkspYbS2c9j2qrgyezx0+bxueaYNJwVB75pe3Y=' 'sha256-5rMxh1U6sIDlVjmobBQY89QTC9nNeK3hd9dsXpD2AYE=' 'sha256-SlyXqNpddFY9lxbguST5m22HifGELYV1FYec8XhHUkk=' 'sha256-FhUvlSz0BXj4r8M1nXAkVXmbcxiWrUXB6vNbCZ8A0Zk=' 'sha256-2LmOILM2HIS9pJC380owRlOYo+c5WOuuNL7oEMLss2I=' 'sha256-MNn0HyJxuyKnyn0lPM1hCzPzycraTm0TXEqX1khh/7k='; style-src 'self' https://static.snapchat.com 'unsafe-inline'; default-src 'self'; font-src 'self' https://snap-design-system.storage.googleapis.com https://ads-interfaces.sc-cdn.net https://static.snapchat.com; frame-ancestors 'none'; report-uri ; report-to ; block-all-mixed-content"", ""strict-transport-security"": ""max-age=31536000; includeSubDomains"", ""x-request-id"": ""434e2e41-73c4-43ca-84c2-1a3feaee2453"", ""set-cookie"": ""sc-language=en-US; Domain=.snapchat.com; Path=/; Expires=Fri, 25 Oct 2024 12:33:22 GMT; Secure"", ""cache-control"": ""max-age=0,no-cache,no-store"", ""x-powered-by"": ""Next.js"", ""content-type"": ""text/html; charset=utf-8"", ""vary"": ""Accept-Encoding"", ""content-encoding"": ""gzip"", ""date"": ""Wed, 25 Oct 2023 12:33:22 GMT"", ""x-envoy-upstream-service-time"": ""66"", ""server"": ""API Gateway"", ""via"": ""1.1 google"", ""alt-svc"": ""h3=\"":443\""; ma=2592000,h3-29=\"":443\""; ma=2592000"", ""transfer-encoding"": ""chunked""}"
2,"GET https://www.snapchat.com/  HTTP/1.1
Host: www.snapchat.com
User-Agent: Mozilla/5.0 (Windows NT 10.0; rv:102.0) Gecko/20100101 Firefox/102.0
Accept: text/html,application/xhtml+xml,application/xml;q=0.9,image/avif,image/webp,*/*;q=0.8
Accept-Encoding: gzip, deflate, br
Accept-Language: en-US,en;q=0.5
DNT: 1
Connection: keep-alive
Upgrade-Insecure-Requests: 1
Sec-Fetch-Dest: document
Sec-Fetch-Mode: navigate
Sec-Fetch-Site: cross-site

",0,https://www.snapchat.com/,455,HTTP/1.1,0.09167098999023438,0.11840486526489258,0.1731715202331543,200,OK,[''],17,17,0,"{""x-frame-options"": ""DENY"", ""x-xss-protection"": ""0"", ""content-security-policy"": ""connect-src 'self' blob: https://gcp.api.snapchat.com https://web-frontend-dot-sc-analytics.appspot.com https://aws.api.snapchat.com https://*.google-analytics.com https://*.analytics.google.com https://stats.g.doubleclick.net https://*.googletagmanager.com https://www.snapchat.com https://app.snapchat.com https://sentry.sc-prod.net https://us-central1-gcp.api.snapchat.com https://staging-us-central1-gcp.api.snapchat.com https://staging-web-gcp.snap-dev.net https://web.snapchat.com https://accounts.snapchat.com ws: wss: https://static.snapchat.com https://sentry.sc-prod.net https://cdn.contentful.com https://story.snapchat.com https://graphql.contentful.com; img-src 'self' blob: data: https://support-tools.storage.googleapis.com https://www.snapchat.com https://story.snapchat.com https://cf-st.sc-cdn.net https://*.google-analytics.com https://*.googletagmanager.com data: https://www.google.com https://www.google.co.uk https://www.google.com.sa https://www.google.ca https://www.google.fr https://www.google.com.no https://www.google.com.au https://static.snapchat.com https://images.bitmoji.com https://impala-media-production.s3.amazonaws.com https://bolt-gcdn.sc-cdn.net https://lens-storage.storage.googleapis.com https://community-lens.storage.googleapis.com https://lens-preview-storage.storage.googleapis.com; media-src https://bolt-gcdn.sc-cdn.net https://static.snapchat.com https://s.sc-cdn.net https://cf-st.sc-cdn.net blob:; script-src 'self' https://static.snapchat.com https://www.google-analytics.com https://*.googletagmanager.com 'sha256-dQJQsgrl3uMVvy2BJYsaNKb5aPwwZP1Hxm/h8nPMYU8=' 'sha256-W180Lw4gMizxEUHmEThR7QFnAWtmFgcFnXafbGOe27I=' 'sha256-T+mJpzkspYbS2c9j2qrgyezx0+bxueaYNJwVB75pe3Y=' 'sha256-5rMxh1U6sIDlVjmobBQY89QTC9nNeK3hd9dsXpD2AYE=' 'sha256-SlyXqNpddFY9lxbguST5m22HifGELYV1FYec8XhHUkk=' 'sha256-FhUvlSz0BXj4r8M1nXAkVXmbcxiWrUXB6vNbCZ8A0Zk=' 'sha256-2LmOILM2HIS9pJC380owRlOYo+c5WOuuNL7oEMLss2I=' 'sha256-MNn0HyJxuyKnyn0lPM1hCzPzycraTm0TXEqX1khh/7k='; style-src 'self' https://static.snapchat.com 'unsafe-inline'; default-src 'self'; font-src 'self' https://snap-design-system.storage.googleapis.com https://ads-interfaces.sc-cdn.net https://static.snapchat.com; frame-ancestors 'none'; report-uri ; report-to ; block-all-mixed-content"", ""strict-transport-security"": ""max-age=31536000; includeSubDomains"", ""x-request-id"": ""7b3a3fc9-37f0-41b2-8741-f219bf6ae050"", ""set-cookie"": ""sc-language=en-US; Domain=.snapchat.com; Path=/; Expires=Fri, 25 Oct 2024 12:33:33 GMT; Secure"", ""cache-control"": ""max-age=0,no-cache,no-store"", ""x-powered-by"": ""Next.js"", ""content-type"": ""text/html; charset=utf-8"", ""vary"": ""Accept-Encoding"", ""content-encoding"": ""gzip"", ""date"": ""Wed, 25 Oct 2023 12:33:33 GMT"", ""x-envoy-upstream-service-time"": ""44"", ""server"": ""API Gateway"", ""via"": ""1.1 google"", ""alt-svc"": ""h3=\"":443\""; ma=2592000,h3-29=\"":443\""; ma=2592000"", ""transfer-encoding"": ""chunked""}"
3,"GET https://www.snapchat.com/  HTTP/1.1
Host: www.snapchat.com
User-Agent: Mozilla/5.0 (Windows NT 10.0; rv:102.0) Gecko/20100101 Firefox/102.0
Accept: text/html,application/xhtml+xml,application/xml;q=0.9,image/avif,image/webp,*/*;q=0.8
Accept-Encoding: gzip, deflate, br
Accept-Language: en-US,en;q=0.5
DNT: 1
Connection: keep-alive
Upgrade-Insecure-Requests: 1
Sec-Fetch-Dest: document
Sec-Fetch-Mode: navigate
Sec-Fetch-Site: cross-site

",0,https://www.snapchat.com/,455,HTTP/1.1,0.20276331901550293,0.12221980094909668,0.17116808891296387,200,OK,[''],17,17,0,"{""x-frame-options"": ""DENY"", ""x-xss-protection"": ""0"", ""content-security-policy"": ""connect-src 'self' blob: https://gcp.api.snapchat.com https://web-frontend-dot-sc-analytics.appspot.com https://aws.api.snapchat.com https://*.google-analytics.com https://*.analytics.google.com https://stats.g.doubleclick.net https://*.googletagmanager.com https://www.snapchat.com https://app.snapchat.com https://sentry.sc-prod.net https://us-central1-gcp.api.snapchat.com https://staging-us-central1-gcp.api.snapchat.com https://staging-web-gcp.snap-dev.net https://web.snapchat.com https://accounts.snapchat.com ws: wss: https://static.snapchat.com https://sentry.sc-prod.net https://cdn.contentful.com https://story.snapchat.com https://graphql.contentful.com; img-src 'self' blob: data: https://support-tools.storage.googleapis.com https://www.snapchat.com https://story.snapchat.com https://cf-st.sc-cdn.net https://*.google-analytics.com https://*.googletagmanager.com data: https://www.google.com https://www.google.co.uk https://www.google.com.sa https://www.google.ca https://www.google.fr https://www.google.com.no https://www.google.com.au https://static.snapchat.com https://images.bitmoji.com https://impala-media-production.s3.amazonaws.com https://bolt-gcdn.sc-cdn.net https://lens-storage.storage.googleapis.com https://community-lens.storage.googleapis.com https://lens-preview-storage.storage.googleapis.com; media-src https://bolt-gcdn.sc-cdn.net https://static.snapchat.com https://s.sc-cdn.net https://cf-st.sc-cdn.net blob:; script-src 'self' https://static.snapchat.com https://www.google-analytics.com https://*.googletagmanager.com 'sha256-dQJQsgrl3uMVvy2BJYsaNKb5aPwwZP1Hxm/h8nPMYU8=' 'sha256-W180Lw4gMizxEUHmEThR7QFnAWtmFgcFnXafbGOe27I=' 'sha256-T+mJpzkspYbS2c9j2qrgyezx0+bxueaYNJwVB75pe3Y=' 'sha256-5rMxh1U6sIDlVjmobBQY89QTC9nNeK3hd9dsXpD2AYE=' 'sha256-SlyXqNpddFY9lxbguST5m22HifGELYV1FYec8XhHUkk=' 'sha256-FhUvlSz0BXj4r8M1nXAkVXmbcxiWrUXB6vNbCZ8A0Zk=' 'sha256-2LmOILM2HIS9pJC380owRlOYo+c5WOuuNL7oEMLss2I=' 'sha256-MNn0HyJxuyKnyn0lPM1hCzPzycraTm0TXEqX1khh/7k='; style-src 'self' https://static.snapchat.com 'unsafe-inline'; default-src 'self'; font-src 'self' https://snap-design-system.storage.googleapis.com https://ads-interfaces.sc-cdn.net https://static.snapchat.com; frame-ancestors 'none'; report-uri ; report-to ; block-all-mixed-content"", ""strict-transport-security"": ""max-age=31536000; includeSubDomains"", ""x-request-id"": ""cb0f2ef6-bbab-4f6d-9e2d-f9c73187a18a"", ""set-cookie"": ""sc-language=en-US; Domain=.snapchat.com; Path=/; Expires=Fri, 25 Oct 2024 12:33:45 GMT; Secure"", ""cache-control"": ""max-age=0,no-cache,no-store"", ""x-powered-by"": ""Next.js"", ""content-type"": ""text/html; charset=utf-8"", ""vary"": ""Accept-Encoding"", ""content-encoding"": ""gzip"", ""date"": ""Wed, 25 Oct 2023 12:33:45 GMT"", ""x-envoy-upstream-service-time"": ""42"", ""server"": ""API Gateway"", ""via"": ""1.1 google"", ""alt-svc"": ""h3=\"":443\""; ma=2592000,h3-29=\"":443\""; ma=2592000"", ""transfer-encoding"": ""chunked""}"
4,"GET https://www.snapchat.com/  HTTP/1.1
Host: www.snapchat.com
User-Agent: Mozilla/5.0 (Windows NT 10.0; rv:102.0) Gecko/20100101 Firefox/102.0
Accept: text/html,application/xhtml+xml,application/xml;q=0.9,image/avif,image/webp,*/*;q=0.8
Accept-Encoding: gzip, deflate, br
Accept-Language: en-US,en;q=0.5
DNT: 1
Connection: keep-alive
Upgrade-Insecure-Requests: 1
Sec-Fetch-Dest: document
Sec-Fetch-Mode: navigate
Sec-Fetch-Site: cross-site

",0,https://www.snapchat.com/,455,HTTP/1.1,0.1562817096710205,0.10370874404907227,0.17507696151733398,200,OK,[''],17,17,0,"{""x-frame-options"": ""DENY"", ""x-xss-protection"": ""0"", ""content-security-policy"": ""connect-src 'self' blob: https://gcp.api.snapchat.com https://web-frontend-dot-sc-analytics.appspot.com https://aws.api.snapchat.com https://*.google-analytics.com https://*.analytics.google.com https://stats.g.doubleclick.net https://*.googletagmanager.com https://www.snapchat.com https://app.snapchat.com https://sentry.sc-prod.net https://us-central1-gcp.api.snapchat.com https://staging-us-central1-gcp.api.snapchat.com https://staging-web-gcp.snap-dev.net https://web.snapchat.com https://accounts.snapchat.com ws: wss: https://static.snapchat.com https://sentry.sc-prod.net https://cdn.contentful.com https://story.snapchat.com https://graphql.contentful.com; img-src 'self' blob: data: https://support-tools.storage.googleapis.com https://www.snapchat.com https://story.snapchat.com https://cf-st.sc-cdn.net https://*.google-analytics.com https://*.googletagmanager.com data: https://www.google.com https://www.google.co.uk https://www.google.com.sa https://www.google.ca https://www.google.fr https://www.google.com.no https://www.google.com.au https://static.snapchat.com https://images.bitmoji.com https://impala-media-production.s3.amazonaws.com https://bolt-gcdn.sc-cdn.net https://lens-storage.storage.googleapis.com https://community-lens.storage.googleapis.com https://lens-preview-storage.storage.googleapis.com; media-src https://bolt-gcdn.sc-cdn.net https://static.snapchat.com https://s.sc-cdn.net https://cf-st.sc-cdn.net blob:; script-src 'self' https://static.snapchat.com https://www.google-analytics.com https://*.googletagmanager.com 'sha256-dQJQsgrl3uMVvy2BJYsaNKb5aPwwZP1Hxm/h8nPMYU8=' 'sha256-W180Lw4gMizxEUHmEThR7QFnAWtmFgcFnXafbGOe27I=' 'sha256-T+mJpzkspYbS2c9j2qrgyezx0+bxueaYNJwVB75pe3Y=' 'sha256-5rMxh1U6sIDlVjmobBQY89QTC9nNeK3hd9dsXpD2AYE=' 'sha256-SlyXqNpddFY9lxbguST5m22HifGELYV1FYec8XhHUkk=' 'sha256-FhUvlSz0BXj4r8M1nXAkVXmbcxiWrUXB6vNbCZ8A0Zk=' 'sha256-2LmOILM2HIS9pJC380owRlOYo+c5WOuuNL7oEMLss2I=' 'sha256-MNn0HyJxuyKnyn0lPM1hCzPzycraTm0TXEqX1khh/7k='; style-src 'self' https://static.snapchat.com 'unsafe-inline'; default-src 'self'; font-src 'self' https://snap-design-system.storage.googleapis.com https://ads-interfaces.sc-cdn.net https://static.snapchat.com; frame-ancestors 'none'; report-uri ; report-to ; block-all-mixed-content"", ""strict-transport-security"": ""max-age=31536000; includeSubDomains"", ""x-request-id"": ""e73672ee-cc59-40df-a34d-6405409f854d"", ""set-cookie"": ""sc-language=en-US; Domain=.snapchat.com; Path=/; Expires=Fri, 25 Oct 2024 12:33:54 GMT; Secure"", ""cache-control"": ""max-age=0,no-cache,no-store"", ""x-powered-by"": ""Next.js"", ""content-type"": ""text/html; charset=utf-8"", ""vary"": ""Accept-Encoding"", ""content-encoding"": ""gzip"", ""date"": ""Wed, 25 Oct 2023 12:33:54 GMT"", ""x-envoy-upstream-service-time"": ""34"", ""server"": ""API Gateway"", ""via"": ""1.1 google"", ""alt-svc"": ""h3=\"":443\""; ma=2592000,h3-29=\"":443\""; ma=2592000"", ""transfer-encoding"": ""chunked""}"
5,"GET https://www.snapchat.com/  HTTP/1.1
Host: www.snapchat.com
User-Agent: Mozilla/5.0 (Windows NT 10.0; rv:102.0) Gecko/20100101 Firefox/102.0
Accept: text/html,application/xhtml+xml,application/xml;q=0.9,image/avif,image/webp,*/*;q=0.8
Accept-Encoding: gzip, deflate, br
Accept-Language: en-US,en;q=0.5
DNT: 1
Connection: keep-alive
Upgrade-Insecure-Requests: 1
Sec-Fetch-Dest: document
Sec-Fetch-Mode: navigate
Sec-Fetch-Site: cross-site

",0,https://www.snapchat.com/,455,HTTP/1.1,0.12210917472839355,0.14601945877075195,0.19121551513671875,200,OK,[''],17,17,0,"{""x-frame-options"": ""DENY"", ""x-xss-protection"": ""0"", ""content-security-policy"": ""connect-src 'self' blob: https://gcp.api.snapchat.com https://web-frontend-dot-sc-analytics.appspot.com https://aws.api.snapchat.com https://*.google-analytics.com https://*.analytics.google.com https://stats.g.doubleclick.net https://*.googletagmanager.com https://www.snapchat.com https://app.snapchat.com https://sentry.sc-prod.net https://us-central1-gcp.api.snapchat.com https://staging-us-central1-gcp.api.snapchat.com https://staging-web-gcp.snap-dev.net https://web.snapchat.com https://accounts.snapchat.com ws: wss: https://static.snapchat.com https://sentry.sc-prod.net https://cdn.contentful.com https://story.snapchat.com https://graphql.contentful.com; img-src 'self' blob: data: https://support-tools.storage.googleapis.com https://www.snapchat.com https://story.snapchat.com https://cf-st.sc-cdn.net https://*.google-analytics.com https://*.googletagmanager.com data: https://www.google.com https://www.google.co.uk https://www.google.com.sa https://www.google.ca https://www.google.fr https://www.google.com.no https://www.google.com.au https://static.snapchat.com https://images.bitmoji.com https://impala-media-production.s3.amazonaws.com https://bolt-gcdn.sc-cdn.net https://lens-storage.storage.googleapis.com https://community-lens.storage.googleapis.com https://lens-preview-storage.storage.googleapis.com; media-src https://bolt-gcdn.sc-cdn.net https://static.snapchat.com https://s.sc-cdn.net https://cf-st.sc-cdn.net blob:; script-src 'self' https://static.snapchat.com https://www.google-analytics.com https://*.googletagmanager.com 'sha256-dQJQsgrl3uMVvy2BJYsaNKb5aPwwZP1Hxm/h8nPMYU8=' 'sha256-W180Lw4gMizxEUHmEThR7QFnAWtmFgcFnXafbGOe27I=' 'sha256-T+mJpzkspYbS2c9j2qrgyezx0+bxueaYNJwVB75pe3Y=' 'sha256-5rMxh1U6sIDlVjmobBQY89QTC9nNeK3hd9dsXpD2AYE=' 'sha256-SlyXqNpddFY9lxbguST5m22HifGELYV1FYec8XhHUkk=' 'sha256-FhUvlSz0BXj4r8M1nXAkVXmbcxiWrUXB6vNbCZ8A0Zk=' 'sha256-2LmOILM2HIS9pJC380owRlOYo+c5WOuuNL7oEMLss2I=' 'sha256-MNn0HyJxuyKnyn0lPM1hCzPzycraTm0TXEqX1khh/7k='; style-src 'self' https://static.snapchat.com 'unsafe-inline'; default-src 'self'; font-src 'self' https://snap-design-system.storage.googleapis.com https://ads-interfaces.sc-cdn.net https://static.snapchat.com; frame-ancestors 'none'; report-uri ; report-to ; block-all-mixed-content"", ""strict-transport-security"": ""max-age=31536000; includeSubDomains"", ""x-request-id"": ""e9b53125-a5d4-4ca3-b4b5-457cd0339518"", ""set-cookie"": ""sc-language=en-US; Domain=.snapchat.com; Path=/; Expires=Fri, 25 Oct 2024 12:34:05 GMT; Secure"", ""cache-control"": ""max-age=0,no-cache,no-store"", ""x-powered-by"": ""Next.js"", ""content-type"": ""text/html; charset=utf-8"", ""vary"": ""Accept-Encoding"", ""content-encoding"": ""gzip"", ""date"": ""Wed, 25 Oct 2023 12:34:05 GMT"", ""x-envoy-upstream-service-time"": ""38"", ""server"": ""API Gateway"", ""via"": ""1.1 google"", ""alt-svc"": ""h3=\"":443\""; ma=2592000,h3-29=\"":443\""; ma=2592000"", ""transfer-encoding"": ""chunked""}"
6,"GET https://www.snapchat.com/  HTTP/1.1
Host: www.snapchat.com
User-Agent: Mozilla/5.0 (Windows NT 10.0; rv:102.0) Gecko/20100101 Firefox/102.0
Accept: text/html,application/xhtml+xml,application/xml;q=0.9,image/avif,image/webp,*/*;q=0.8
Accept-Encoding: gzip, deflate, br
Accept-Language: en-US,en;q=0.5
DNT: 1
Connection: keep-alive
Upgrade-Insecure-Requests: 1
Sec-Fetch-Dest: document
Sec-Fetch-Mode: navigate
Sec-Fetch-Site: cross-site

",0,https://www.snapchat.com/,455,HTTP/1.1,0.17046332359313965,0.10943841934204102,0.1609327793121338,200,OK,[''],17,17,0,"{""x-frame-options"": ""DENY"", ""x-xss-protection"": ""0"", ""content-security-policy"": ""connect-src 'self' blob: https://gcp.api.snapchat.com https://web-frontend-dot-sc-analytics.appspot.com https://aws.api.snapchat.com https://*.google-analytics.com https://*.analytics.google.com https://stats.g.doubleclick.net https://*.googletagmanager.com https://www.snapchat.com https://app.snapchat.com https://sentry.sc-prod.net https://us-central1-gcp.api.snapchat.com https://staging-us-central1-gcp.api.snapchat.com https://staging-web-gcp.snap-dev.net https://web.snapchat.com https://accounts.snapchat.com ws: wss: https://static.snapchat.com https://sentry.sc-prod.net https://cdn.contentful.com https://story.snapchat.com https://graphql.contentful.com; img-src 'self' blob: data: https://support-tools.storage.googleapis.com https://www.snapchat.com https://story.snapchat.com https://cf-st.sc-cdn.net https://*.google-analytics.com https://*.googletagmanager.com data: https://www.google.com https://www.google.co.uk https://www.google.com.sa https://www.google.ca https://www.google.fr https://www.google.com.no https://www.google.com.au https://static.snapchat.com https://images.bitmoji.com https://impala-media-production.s3.amazonaws.com https://bolt-gcdn.sc-cdn.net https://lens-storage.storage.googleapis.com https://community-lens.storage.googleapis.com https://lens-preview-storage.storage.googleapis.com; media-src https://bolt-gcdn.sc-cdn.net https://static.snapchat.com https://s.sc-cdn.net https://cf-st.sc-cdn.net blob:; script-src 'self' https://static.snapchat.com https://www.google-analytics.com https://*.googletagmanager.com 'sha256-dQJQsgrl3uMVvy2BJYsaNKb5aPwwZP1Hxm/h8nPMYU8=' 'sha256-W180Lw4gMizxEUHmEThR7QFnAWtmFgcFnXafbGOe27I=' 'sha256-T+mJpzkspYbS2c9j2qrgyezx0+bxueaYNJwVB75pe3Y=' 'sha256-5rMxh1U6sIDlVjmobBQY89QTC9nNeK3hd9dsXpD2AYE=' 'sha256-SlyXqNpddFY9lxbguST5m22HifGELYV1FYec8XhHUkk=' 'sha256-FhUvlSz0BXj4r8M1nXAkVXmbcxiWrUXB6vNbCZ8A0Zk=' 'sha256-2LmOILM2HIS9pJC380owRlOYo+c5WOuuNL7oEMLss2I=' 'sha256-MNn0HyJxuyKnyn0lPM1hCzPzycraTm0TXEqX1khh/7k='; style-src 'self' https://static.snapchat.com 'unsafe-inline'; default-src 'self'; font-src 'self' https://snap-design-system.storage.googleapis.com https://ads-interfaces.sc-cdn.net https://static.snapchat.com; frame-ancestors 'none'; report-uri ; report-to ; block-all-mixed-content"", ""strict-transport-security"": ""max-age=31536000; includeSubDomains"", ""x-request-id"": ""a5ae5f73-8101-4cb9-9c0a-9fdbb5a39575"", ""set-cookie"": ""sc-language=en-US; Domain=.snapchat.com; Path=/; Expires=Fri, 25 Oct 2024 12:34:15 GMT; Secure"", ""cache-control"": ""max-age=0,no-cache,no-store"", ""x-powered-by"": ""Next.js"", ""content-type"": ""text/html; charset=utf-8"", ""vary"": ""Accept-Encoding"", ""content-encoding"": ""gzip"", ""date"": ""Wed, 25 Oct 2023 12:34:15 GMT"", ""x-envoy-upstream-service-time"": ""36"", ""server"": ""API Gateway"", ""via"": ""1.1 google"", ""alt-svc"": ""h3=\"":443\""; ma=2592000,h3-29=\"":443\""; ma=2592000"", ""transfer-encoding"": ""chunked""}"
7,"GET https://www.snapchat.com/  HTTP/1.1
Host: www.snapchat.com
User-Agent: Mozilla/5.0 (Windows NT 10.0; rv:102.0) Gecko/20100101 Firefox/102.0
Accept: text/html,application/xhtml+xml,application/xml;q=0.9,image/avif,image/webp,*/*;q=0.8
Accept-Encoding: gzip, deflate, br
Accept-Language: en-US,en;q=0.5
DNT: 1
Connection: keep-alive
Upgrade-Insecure-Requests: 1
Sec-Fetch-Dest: document
Sec-Fetch-Mode: navigate
Sec-Fetch-Site: cross-site

",0,https://www.snapchat.com/,455,HTTP/1.1,0.26326870918273926,0.10600924491882324,0.20604467391967773,200,OK,[''],17,17,0,"{""x-frame-options"": ""DENY"", ""x-xss-protection"": ""0"", ""content-security-policy"": ""connect-src 'self' blob: https://gcp.api.snapchat.com https://web-frontend-dot-sc-analytics.appspot.com https://aws.api.snapchat.com https://*.google-analytics.com https://*.analytics.google.com https://stats.g.doubleclick.net https://*.googletagmanager.com https://www.snapchat.com https://app.snapchat.com https://sentry.sc-prod.net https://us-central1-gcp.api.snapchat.com https://staging-us-central1-gcp.api.snapchat.com https://staging-web-gcp.snap-dev.net https://web.snapchat.com https://accounts.snapchat.com ws: wss: https://static.snapchat.com https://sentry.sc-prod.net https://cdn.contentful.com https://story.snapchat.com https://graphql.contentful.com; img-src 'self' blob: data: https://support-tools.storage.googleapis.com https://www.snapchat.com https://story.snapchat.com https://cf-st.sc-cdn.net https://*.google-analytics.com https://*.googletagmanager.com data: https://www.google.com https://www.google.co.uk https://www.google.com.sa https://www.google.ca https://www.google.fr https://www.google.com.no https://www.google.com.au https://static.snapchat.com https://images.bitmoji.com https://impala-media-production.s3.amazonaws.com https://bolt-gcdn.sc-cdn.net https://lens-storage.storage.googleapis.com https://community-lens.storage.googleapis.com https://lens-preview-storage.storage.googleapis.com; media-src https://bolt-gcdn.sc-cdn.net https://static.snapchat.com https://s.sc-cdn.net https://cf-st.sc-cdn.net blob:; script-src 'self' https://static.snapchat.com https://www.google-analytics.com https://*.googletagmanager.com 'sha256-dQJQsgrl3uMVvy2BJYsaNKb5aPwwZP1Hxm/h8nPMYU8=' 'sha256-W180Lw4gMizxEUHmEThR7QFnAWtmFgcFnXafbGOe27I=' 'sha256-T+mJpzkspYbS2c9j2qrgyezx0+bxueaYNJwVB75pe3Y=' 'sha256-5rMxh1U6sIDlVjmobBQY89QTC9nNeK3hd9dsXpD2AYE=' 'sha256-SlyXqNpddFY9lxbguST5m22HifGELYV1FYec8XhHUkk=' 'sha256-FhUvlSz0BXj4r8M1nXAkVXmbcxiWrUXB6vNbCZ8A0Zk=' 'sha256-2LmOILM2HIS9pJC380owRlOYo+c5WOuuNL7oEMLss2I=' 'sha256-MNn0HyJxuyKnyn0lPM1hCzPzycraTm0TXEqX1khh/7k='; style-src 'self' https://static.snapchat.com 'unsafe-inline'; default-src 'self'; font-src 'self' https://snap-design-system.storage.googleapis.com https://ads-interfaces.sc-cdn.net https://static.snapchat.com; frame-ancestors 'none'; report-uri ; report-to ; block-all-mixed-content"", ""strict-transport-security"": ""max-age=31536000; includeSubDomains"", ""x-request-id"": ""5428c0dd-6b4f-4e7b-b357-9d8ffc32fa4a"", ""set-cookie"": ""sc-language=en-US; Domain=.snapchat.com; Path=/; Expires=Fri, 25 Oct 2024 12:34:25 GMT; Secure"", ""cache-control"": ""max-age=0,no-cache,no-store"", ""x-powered-by"": ""Next.js"", ""content-type"": ""text/html; charset=utf-8"", ""vary"": ""Accept-Encoding"", ""content-encoding"": ""gzip"", ""date"": ""Wed, 25 Oct 2023 12:34:25 GMT"", ""x-envoy-upstream-service-time"": ""47"", ""server"": ""API Gateway"", ""via"": ""1.1 google"", ""alt-svc"": ""h3=\"":443\""; ma=2592000,h3-29=\"":443\""; ma=2592000"", ""transfer-encoding"": ""chunked""}"
8,"GET https://www.snapchat.com/  HTTP/1.1
Host: www.snapchat.com
User-Agent: Mozilla/5.0 (Windows NT 10.0; rv:102.0) Gecko/20100101 Firefox/102.0
Accept: text/html,application/xhtml+xml,application/xml;q=0.9,image/avif,image/webp,*/*;q=0.8
Accept-Encoding: gzip, deflate, br
Accept-Language: en-US,en;q=0.5
DNT: 1
Connection: keep-alive
Upgrade-Insecure-Requests: 1
Sec-Fetch-Dest: document
Sec-Fetch-Mode: navigate
Sec-Fetch-Site: cross-site

",0,https://www.snapchat.com/,455,HTTP/1.1,0.23278331756591797,0.11710906028747559,0.15869688987731934,200,OK,[''],17,17,0,"{""x-frame-options"": ""DENY"", ""x-xss-protection"": ""0"", ""content-security-policy"": ""connect-src 'self' blob: https://gcp.api.snapchat.com https://web-frontend-dot-sc-analytics.appspot.com https://aws.api.snapchat.com https://*.google-analytics.com https://*.analytics.google.com https://stats.g.doubleclick.net https://*.googletagmanager.com https://www.snapchat.com https://app.snapchat.com https://sentry.sc-prod.net https://us-central1-gcp.api.snapchat.com https://staging-us-central1-gcp.api.snapchat.com https://staging-web-gcp.snap-dev.net https://web.snapchat.com https://accounts.snapchat.com ws: wss: https://static.snapchat.com https://sentry.sc-prod.net https://cdn.contentful.com https://story.snapchat.com https://graphql.contentful.com; img-src 'self' blob: data: https://support-tools.storage.googleapis.com https://www.snapchat.com https://story.snapchat.com https://cf-st.sc-cdn.net https://*.google-analytics.com https://*.googletagmanager.com data: https://www.google.com https://www.google.co.uk https://www.google.com.sa https://www.google.ca https://www.google.fr https://www.google.com.no https://www.google.com.au https://static.snapchat.com https://images.bitmoji.com https://impala-media-production.s3.amazonaws.com https://bolt-gcdn.sc-cdn.net https://lens-storage.storage.googleapis.com https://community-lens.storage.googleapis.com https://lens-preview-storage.storage.googleapis.com; media-src https://bolt-gcdn.sc-cdn.net https://static.snapchat.com https://s.sc-cdn.net https://cf-st.sc-cdn.net blob:; script-src 'self' https://static.snapchat.com https://www.google-analytics.com https://*.googletagmanager.com 'sha256-dQJQsgrl3uMVvy2BJYsaNKb5aPwwZP1Hxm/h8nPMYU8=' 'sha256-W180Lw4gMizxEUHmEThR7QFnAWtmFgcFnXafbGOe27I=' 'sha256-T+mJpzkspYbS2c9j2qrgyezx0+bxueaYNJwVB75pe3Y=' 'sha256-5rMxh1U6sIDlVjmobBQY89QTC9nNeK3hd9dsXpD2AYE=' 'sha256-SlyXqNpddFY9lxbguST5m22HifGELYV1FYec8XhHUkk=' 'sha256-FhUvlSz0BXj4r8M1nXAkVXmbcxiWrUXB6vNbCZ8A0Zk=' 'sha256-2LmOILM2HIS9pJC380owRlOYo+c5WOuuNL7oEMLss2I=' 'sha256-MNn0HyJxuyKnyn0lPM1hCzPzycraTm0TXEqX1khh/7k='; style-src 'self' https://static.snapchat.com 'unsafe-inline'; default-src 'self'; font-src 'self' https://snap-design-system.storage.googleapis.com https://ads-interfaces.sc-cdn.net https://static.snapchat.com; frame-ancestors 'none'; report-uri ; report-to ; block-all-mixed-content"", ""strict-transport-security"": ""max-age=31536000; includeSubDomains"", ""x-request-id"": ""9a4fa026-fe80-498d-9b76-c3cd4e74c6e1"", ""set-cookie"": ""sc-language=en-US; Domain=.snapchat.com; Path=/; Expires=Fri, 25 Oct 2024 12:34:36 GMT; Secure"", ""cache-control"": ""max-age=0,no-cache,no-store"", ""x-powered-by"": ""Next.js"", ""content-type"": ""text/html; charset=utf-8"", ""vary"": ""Accept-Encoding"", ""content-encoding"": ""gzip"", ""date"": ""Wed, 25 Oct 2023 12:34:36 GMT"", ""x-envoy-upstream-service-time"": ""40"", ""server"": ""API Gateway"", ""via"": ""1.1 google"", ""alt-svc"": ""h3=\"":443\""; ma=2592000,h3-29=\"":443\""; ma=2592000"", ""transfer-encoding"": ""chunked""}"
9,"GET https://www.snapchat.com/  HTTP/1.1
Host: www.snapchat.com
User-Agent: Mozilla/5.0 (Windows NT 10.0; rv:102.0) Gecko/20100101 Firefox/102.0
Accept: text/html,application/xhtml+xml,application/xml;q=0.9,image/avif,image/webp,*/*;q=0.8
Accept-Encoding: gzip, deflate, br
Accept-Language: en-US,en;q=0.5
DNT: 1
Connection: keep-alive
Upgrade-Insecure-Requests: 1
Sec-Fetch-Dest: document
Sec-Fetch-Mode: navigate
Sec-Fetch-Site: cross-site

",0,https://www.snapchat.com/,455,HTTP/1.1,0.218095064163208,0.12161707878112793,0.16254615783691406,200,OK,[''],17,17,0,"{""x-frame-options"": ""DENY"", ""x-xss-protection"": ""0"", ""content-security-policy"": ""connect-src 'self' blob: https://gcp.api.snapchat.com https://web-frontend-dot-sc-analytics.appspot.com https://aws.api.snapchat.com https://*.google-analytics.com https://*.analytics.google.com https://stats.g.doubleclick.net https://*.googletagmanager.com https://www.snapchat.com https://app.snapchat.com https://sentry.sc-prod.net https://us-central1-gcp.api.snapchat.com https://staging-us-central1-gcp.api.snapchat.com https://staging-web-gcp.snap-dev.net https://web.snapchat.com https://accounts.snapchat.com ws: wss: https://static.snapchat.com https://sentry.sc-prod.net https://cdn.contentful.com https://story.snapchat.com https://graphql.contentful.com; img-src 'self' blob: data: https://support-tools.storage.googleapis.com https://www.snapchat.com https://story.snapchat.com https://cf-st.sc-cdn.net https://*.google-analytics.com https://*.googletagmanager.com data: https://www.google.com https://www.google.co.uk https://www.google.com.sa https://www.google.ca https://www.google.fr https://www.google.com.no https://www.google.com.au https://static.snapchat.com https://images.bitmoji.com https://impala-media-production.s3.amazonaws.com https://bolt-gcdn.sc-cdn.net https://lens-storage.storage.googleapis.com https://community-lens.storage.googleapis.com https://lens-preview-storage.storage.googleapis.com; media-src https://bolt-gcdn.sc-cdn.net https://static.snapchat.com https://s.sc-cdn.net https://cf-st.sc-cdn.net blob:; script-src 'self' https://static.snapchat.com https://www.google-analytics.com https://*.googletagmanager.com 'sha256-dQJQsgrl3uMVvy2BJYsaNKb5aPwwZP1Hxm/h8nPMYU8=' 'sha256-W180Lw4gMizxEUHmEThR7QFnAWtmFgcFnXafbGOe27I=' 'sha256-T+mJpzkspYbS2c9j2qrgyezx0+bxueaYNJwVB75pe3Y=' 'sha256-5rMxh1U6sIDlVjmobBQY89QTC9nNeK3hd9dsXpD2AYE=' 'sha256-SlyXqNpddFY9lxbguST5m22HifGELYV1FYec8XhHUkk=' 'sha256-FhUvlSz0BXj4r8M1nXAkVXmbcxiWrUXB6vNbCZ8A0Zk=' 'sha256-2LmOILM2HIS9pJC380owRlOYo+c5WOuuNL7oEMLss2I=' 'sha256-MNn0HyJxuyKnyn0lPM1hCzPzycraTm0TXEqX1khh/7k='; style-src 'self' https://static.snapchat.com 'unsafe-inline'; default-src 'self'; font-src 'self' https://snap-design-system.storage.googleapis.com https://ads-interfaces.sc-cdn.net https://static.snapchat.com; frame-ancestors 'none'; report-uri ; report-to ; block-all-mixed-content"", ""strict-transport-security"": ""max-age=31536000; includeSubDomains"", ""x-request-id"": ""fbf8b4ae-704d-4547-806f-61f5ecee95a4"", ""set-cookie"": ""sc-language=en-US; Domain=.snapchat.com; Path=/; Expires=Fri, 25 Oct 2024 12:34:46 GMT; Secure"", ""cache-control"": ""max-age=0,no-cache,no-store"", ""x-powered-by"": ""Next.js"", ""content-type"": ""text/html; charset=utf-8"", ""vary"": ""Accept-Encoding"", ""content-encoding"": ""gzip"", ""date"": ""Wed, 25 Oct 2023 12:34:46 GMT"", ""x-envoy-upstream-service-time"": ""36"", ""server"": ""API Gateway"", ""via"": ""1.1 google"", ""alt-svc"": ""h3=\"":443\""; ma=2592000,h3-29=\"":443\""; ma=2592000"", ""transfer-encoding"": ""chunked""}"
