,Attempt No.,uri,Deviation Count,Status Code,Response_Time,response_header_count,response_header_length,response_body_length,response_header_fields
0,0,https://www.wikipedia.org/,0,200,0.09051156044006348,19,19,13023,"{'date': 'Tue, 24 Oct 2023 23:47:44 GMT', 'cache-control': 's-maxage=86400, must-revalidate, max-age=3600', 'server': 'ATS/9.1.4', 'etag': 'W/""1514f-605a3e3cdfe00""', 'last-modified': 'Mon, 18 Sep 2023 15:35:20 GMT', 'content-type': 'text/html', 'content-encoding': 'gzip', 'vary': 'Accept-Encoding', 'age': '45934', 'x-cache': 'cp3066 hit, cp3066 hit/685732', 'x-cache-status': 'hit-front', 'server-timing': 'cache;desc=""hit-front"", host;desc=""cp3066""', 'strict-transport-security': 'max-age=106384710; includeSubDomains; preload', 'report-to': '{ ""group"": ""wm_nel"", ""max_age"": 604800, ""endpoints"": [{ ""url"": ""https://intake-logging.wikimedia.org/v1/events?stream=w3c.reportingapi.network_error&schema_uri=/w3c/reportingapi/network_error/1.0.0"" }] }', 'nel': '{ ""report_to"": ""wm_nel"", ""max_age"": 604800, ""failure_fraction"": 0.05, ""success_fraction"": 0.0}', 'set-cookie': 'NetworkProbeLimit=0.001;Path=/;Secure;Max-Age=3600', 'x-client-ip': '89.56.127.202', 'accept-ranges': 'bytes', 'content-length': '20367'}"
1,1,https://www.wikipedia.org/,0,200,0.0781705379486084,19,19,13023,"{'date': 'Tue, 24 Oct 2023 23:47:44 GMT', 'cache-control': 's-maxage=86400, must-revalidate, max-age=3600', 'server': 'ATS/9.1.4', 'etag': 'W/""1514f-605a3e3cdfe00""', 'last-modified': 'Mon, 18 Sep 2023 15:35:20 GMT', 'content-type': 'text/html', 'content-encoding': 'gzip', 'vary': 'Accept-Encoding', 'age': '45943', 'x-cache': 'cp3066 hit, cp3066 hit/685897', 'x-cache-status': 'hit-front', 'server-timing': 'cache;desc=""hit-front"", host;desc=""cp3066""', 'strict-transport-security': 'max-age=106384710; includeSubDomains; preload', 'report-to': '{ ""group"": ""wm_nel"", ""max_age"": 604800, ""endpoints"": [{ ""url"": ""https://intake-logging.wikimedia.org/v1/events?stream=w3c.reportingapi.network_error&schema_uri=/w3c/reportingapi/network_error/1.0.0"" }] }', 'nel': '{ ""report_to"": ""wm_nel"", ""max_age"": 604800, ""failure_fraction"": 0.05, ""success_fraction"": 0.0}', 'set-cookie': 'NetworkProbeLimit=0.001;Path=/;Secure;Max-Age=3600', 'x-client-ip': '89.56.127.202', 'accept-ranges': 'bytes', 'content-length': '20367'}"
2,2,https://www.wikipedia.org/,0,200,0.20378923416137695,19,19,13023,"{'date': 'Tue, 24 Oct 2023 23:47:44 GMT', 'cache-control': 's-maxage=86400, must-revalidate, max-age=3600', 'server': 'ATS/9.1.4', 'etag': 'W/""1514f-605a3e3cdfe00""', 'last-modified': 'Mon, 18 Sep 2023 15:35:20 GMT', 'content-type': 'text/html', 'content-encoding': 'gzip', 'vary': 'Accept-Encoding', 'age': '45952', 'x-cache': 'cp3066 hit, cp3066 hit/686139', 'x-cache-status': 'hit-front', 'server-timing': 'cache;desc=""hit-front"", host;desc=""cp3066""', 'strict-transport-security': 'max-age=106384710; includeSubDomains; preload', 'report-to': '{ ""group"": ""wm_nel"", ""max_age"": 604800, ""endpoints"": [{ ""url"": ""https://intake-logging.wikimedia.org/v1/events?stream=w3c.reportingapi.network_error&schema_uri=/w3c/reportingapi/network_error/1.0.0"" }] }', 'nel': '{ ""report_to"": ""wm_nel"", ""max_age"": 604800, ""failure_fraction"": 0.05, ""success_fraction"": 0.0}', 'set-cookie': 'NetworkProbeLimit=0.001;Path=/;Secure;Max-Age=3600', 'x-client-ip': '89.56.127.202', 'accept-ranges': 'bytes', 'content-length': '20367'}"
3,3,https://www.wikipedia.org/,0,200,0.04643082618713379,19,19,13023,"{'date': 'Tue, 24 Oct 2023 23:47:44 GMT', 'cache-control': 's-maxage=86400, must-revalidate, max-age=3600', 'server': 'ATS/9.1.4', 'etag': 'W/""1514f-605a3e3cdfe00""', 'last-modified': 'Mon, 18 Sep 2023 15:35:20 GMT', 'content-type': 'text/html', 'content-encoding': 'gzip', 'vary': 'Accept-Encoding', 'age': '45962', 'x-cache': 'cp3066 hit, cp3066 hit/686303', 'x-cache-status': 'hit-front', 'server-timing': 'cache;desc=""hit-front"", host;desc=""cp3066""', 'strict-transport-security': 'max-age=106384710; includeSubDomains; preload', 'report-to': '{ ""group"": ""wm_nel"", ""max_age"": 604800, ""endpoints"": [{ ""url"": ""https://intake-logging.wikimedia.org/v1/events?stream=w3c.reportingapi.network_error&schema_uri=/w3c/reportingapi/network_error/1.0.0"" }] }', 'nel': '{ ""report_to"": ""wm_nel"", ""max_age"": 604800, ""failure_fraction"": 0.05, ""success_fraction"": 0.0}', 'set-cookie': 'NetworkProbeLimit=0.001;Path=/;Secure;Max-Age=3600', 'x-client-ip': '89.56.127.202', 'accept-ranges': 'bytes', 'content-length': '20367'}"
4,4,https://www.wikipedia.org/,0,200,0.06805658340454102,19,19,13023,"{'date': 'Tue, 24 Oct 2023 23:47:44 GMT', 'cache-control': 's-maxage=86400, must-revalidate, max-age=3600', 'server': 'ATS/9.1.4', 'etag': 'W/""1514f-605a3e3cdfe00""', 'last-modified': 'Mon, 18 Sep 2023 15:35:20 GMT', 'content-type': 'text/html', 'content-encoding': 'gzip', 'vary': 'Accept-Encoding', 'age': '45971', 'x-cache': 'cp3066 hit, cp3066 hit/686506', 'x-cache-status': 'hit-front', 'server-timing': 'cache;desc=""hit-front"", host;desc=""cp3066""', 'strict-transport-security': 'max-age=106384710; includeSubDomains; preload', 'report-to': '{ ""group"": ""wm_nel"", ""max_age"": 604800, ""endpoints"": [{ ""url"": ""https://intake-logging.wikimedia.org/v1/events?stream=w3c.reportingapi.network_error&schema_uri=/w3c/reportingapi/network_error/1.0.0"" }] }', 'nel': '{ ""report_to"": ""wm_nel"", ""max_age"": 604800, ""failure_fraction"": 0.05, ""success_fraction"": 0.0}', 'set-cookie': 'NetworkProbeLimit=0.001;Path=/;Secure;Max-Age=3600', 'x-client-ip': '89.56.127.202', 'accept-ranges': 'bytes', 'content-length': '20367'}"
5,5,https://www.wikipedia.org/,0,200,0.08386874198913574,19,19,13023,"{'date': 'Tue, 24 Oct 2023 23:47:44 GMT', 'cache-control': 's-maxage=86400, must-revalidate, max-age=3600', 'server': 'ATS/9.1.4', 'etag': 'W/""1514f-605a3e3cdfe00""', 'last-modified': 'Mon, 18 Sep 2023 15:35:20 GMT', 'content-type': 'text/html', 'content-encoding': 'gzip', 'vary': 'Accept-Encoding', 'age': '45981', 'x-cache': 'cp3066 hit, cp3066 hit/686687', 'x-cache-status': 'hit-front', 'server-timing': 'cache;desc=""hit-front"", host;desc=""cp3066""', 'strict-transport-security': 'max-age=106384710; includeSubDomains; preload', 'report-to': '{ ""group"": ""wm_nel"", ""max_age"": 604800, ""endpoints"": [{ ""url"": ""https://intake-logging.wikimedia.org/v1/events?stream=w3c.reportingapi.network_error&schema_uri=/w3c/reportingapi/network_error/1.0.0"" }] }', 'nel': '{ ""report_to"": ""wm_nel"", ""max_age"": 604800, ""failure_fraction"": 0.05, ""success_fraction"": 0.0}', 'set-cookie': 'NetworkProbeLimit=0.001;Path=/;Secure;Max-Age=3600', 'x-client-ip': '89.56.127.202', 'accept-ranges': 'bytes', 'content-length': '20367'}"
6,6,https://www.wikipedia.org/,0,200,0.14584112167358398,19,19,13023,"{'date': 'Tue, 24 Oct 2023 23:47:44 GMT', 'cache-control': 's-maxage=86400, must-revalidate, max-age=3600', 'server': 'ATS/9.1.4', 'etag': 'W/""1514f-605a3e3cdfe00""', 'last-modified': 'Mon, 18 Sep 2023 15:35:20 GMT', 'content-type': 'text/html', 'content-encoding': 'gzip', 'vary': 'Accept-Encoding', 'age': '45991', 'x-cache': 'cp3066 hit, cp3066 hit/686863', 'x-cache-status': 'hit-front', 'server-timing': 'cache;desc=""hit-front"", host;desc=""cp3066""', 'strict-transport-security': 'max-age=106384710; includeSubDomains; preload', 'report-to': '{ ""group"": ""wm_nel"", ""max_age"": 604800, ""endpoints"": [{ ""url"": ""https://intake-logging.wikimedia.org/v1/events?stream=w3c.reportingapi.network_error&schema_uri=/w3c/reportingapi/network_error/1.0.0"" }] }', 'nel': '{ ""report_to"": ""wm_nel"", ""max_age"": 604800, ""failure_fraction"": 0.05, ""success_fraction"": 0.0}', 'set-cookie': 'NetworkProbeLimit=0.001;Path=/;Secure;Max-Age=3600', 'x-client-ip': '89.56.127.202', 'accept-ranges': 'bytes', 'content-length': '20367'}"
7,7,https://www.wikipedia.org/,0,200,0.04513287544250488,19,19,13023,"{'date': 'Tue, 24 Oct 2023 23:47:44 GMT', 'cache-control': 's-maxage=86400, must-revalidate, max-age=3600', 'server': 'ATS/9.1.4', 'etag': 'W/""1514f-605a3e3cdfe00""', 'last-modified': 'Mon, 18 Sep 2023 15:35:20 GMT', 'content-type': 'text/html', 'content-encoding': 'gzip', 'vary': 'Accept-Encoding', 'age': '46001', 'x-cache': 'cp3066 hit, cp3066 hit/687065', 'x-cache-status': 'hit-front', 'server-timing': 'cache;desc=""hit-front"", host;desc=""cp3066""', 'strict-transport-security': 'max-age=106384710; includeSubDomains; preload', 'report-to': '{ ""group"": ""wm_nel"", ""max_age"": 604800, ""endpoints"": [{ ""url"": ""https://intake-logging.wikimedia.org/v1/events?stream=w3c.reportingapi.network_error&schema_uri=/w3c/reportingapi/network_error/1.0.0"" }] }', 'nel': '{ ""report_to"": ""wm_nel"", ""max_age"": 604800, ""failure_fraction"": 0.05, ""success_fraction"": 0.0}', 'set-cookie': 'NetworkProbeLimit=0.001;Path=/;Secure;Max-Age=3600', 'x-client-ip': '89.56.127.202', 'accept-ranges': 'bytes', 'content-length': '20367'}"
8,8,https://www.wikipedia.org/,0,200,0.07343459129333496,19,19,13023,"{'date': 'Tue, 24 Oct 2023 23:47:44 GMT', 'cache-control': 's-maxage=86400, must-revalidate, max-age=3600', 'server': 'ATS/9.1.4', 'etag': 'W/""1514f-605a3e3cdfe00""', 'last-modified': 'Mon, 18 Sep 2023 15:35:20 GMT', 'content-type': 'text/html', 'content-encoding': 'gzip', 'vary': 'Accept-Encoding', 'age': '46011', 'x-cache': 'cp3066 hit, cp3066 hit/687272', 'x-cache-status': 'hit-front', 'server-timing': 'cache;desc=""hit-front"", host;desc=""cp3066""', 'strict-transport-security': 'max-age=106384710; includeSubDomains; preload', 'report-to': '{ ""group"": ""wm_nel"", ""max_age"": 604800, ""endpoints"": [{ ""url"": ""https://intake-logging.wikimedia.org/v1/events?stream=w3c.reportingapi.network_error&schema_uri=/w3c/reportingapi/network_error/1.0.0"" }] }', 'nel': '{ ""report_to"": ""wm_nel"", ""max_age"": 604800, ""failure_fraction"": 0.05, ""success_fraction"": 0.0}', 'set-cookie': 'NetworkProbeLimit=0.001;Path=/;Secure;Max-Age=3600', 'x-client-ip': '89.56.127.202', 'accept-ranges': 'bytes', 'content-length': '20367'}"
9,9,https://www.wikipedia.org/,0,200,0.06412887573242188,19,19,13023,"{'date': 'Tue, 24 Oct 2023 23:47:44 GMT', 'cache-control': 's-maxage=86400, must-revalidate, max-age=3600', 'server': 'ATS/9.1.4', 'etag': 'W/""1514f-605a3e3cdfe00""', 'last-modified': 'Mon, 18 Sep 2023 15:35:20 GMT', 'content-type': 'text/html', 'content-encoding': 'gzip', 'vary': 'Accept-Encoding', 'age': '46020', 'x-cache': 'cp3066 hit, cp3066 hit/687451', 'x-cache-status': 'hit-front', 'server-timing': 'cache;desc=""hit-front"", host;desc=""cp3066""', 'strict-transport-security': 'max-age=106384710; includeSubDomains; preload', 'report-to': '{ ""group"": ""wm_nel"", ""max_age"": 604800, ""endpoints"": [{ ""url"": ""https://intake-logging.wikimedia.org/v1/events?stream=w3c.reportingapi.network_error&schema_uri=/w3c/reportingapi/network_error/1.0.0"" }] }', 'nel': '{ ""report_to"": ""wm_nel"", ""max_age"": 604800, ""failure_fraction"": 0.05, ""success_fraction"": 0.0}', 'set-cookie': 'NetworkProbeLimit=0.001;Path=/;Secure;Max-Age=3600', 'x-client-ip': '89.56.127.202', 'accept-ranges': 'bytes', 'content-length': '20367'}"
