number,request,deviation_count,uri,request_length,http_version,Socket_Connect_Time,Socket_Close_Time,Response_Time,status_code,reason_phrase,error_message,response_header_count,response_header_length,response_body_length,response_header_fields
0,"GET https://www.wikipedia.org/  HTTP/1.1
Host: www.wikipedia.org
User-Agent: Mozilla/5.0 (Windows NT 10.0; rv:102.0) Gecko/20100101 Firefox/102.0
Accept: text/html,application/xhtml+xml,application/xml;q=0.9,image/avif,image/webp,*/*;q=0.8
Accept-Encoding: gzip, deflate, br
Accept-Language: en-US,en;q=0.5
DNT: 1
Connection: keep-alive
Upgrade-Insecure-Requests: 1
Sec-Fetch-Dest: document
Sec-Fetch-Mode: navigate
Sec-Fetch-Site: cross-site

",0,https://www.wikipedia.org/,457,HTTP/1.1,0.26026487350463867,0.10511660575866699,0.09051156044006348,200,OK,[''],19,19,13023,"{""date"": ""Tue, 24 Oct 2023 23:47:44 GMT"", ""cache-control"": ""s-maxage=86400, must-revalidate, max-age=3600"", ""server"": ""ATS/9.1.4"", ""etag"": ""W/\""1514f-605a3e3cdfe00\"""", ""last-modified"": ""Mon, 18 Sep 2023 15:35:20 GMT"", ""content-type"": ""text/html"", ""content-encoding"": ""gzip"", ""vary"": ""Accept-Encoding"", ""age"": ""45934"", ""x-cache"": ""cp3066 hit, cp3066 hit/685732"", ""x-cache-status"": ""hit-front"", ""server-timing"": ""cache;desc=\""hit-front\"", host;desc=\""cp3066\"""", ""strict-transport-security"": ""max-age=106384710; includeSubDomains; preload"", ""report-to"": ""{ \""group\"": \""wm_nel\"", \""max_age\"": 604800, \""endpoints\"": [{ \""url\"": \""https://intake-logging.wikimedia.org/v1/events?stream=w3c.reportingapi.network_error&schema_uri=/w3c/reportingapi/network_error/1.0.0\"" }] }"", ""nel"": ""{ \""report_to\"": \""wm_nel\"", \""max_age\"": 604800, \""failure_fraction\"": 0.05, \""success_fraction\"": 0.0}"", ""set-cookie"": ""NetworkProbeLimit=0.001;Path=/;Secure;Max-Age=3600"", ""x-client-ip"": ""89.56.127.202"", ""accept-ranges"": ""bytes"", ""content-length"": ""20367""}"
1,"GET https://www.wikipedia.org/  HTTP/1.1
Host: www.wikipedia.org
User-Agent: Mozilla/5.0 (Windows NT 10.0; rv:102.0) Gecko/20100101 Firefox/102.0
Accept: text/html,application/xhtml+xml,application/xml;q=0.9,image/avif,image/webp,*/*;q=0.8
Accept-Encoding: gzip, deflate, br
Accept-Language: en-US,en;q=0.5
DNT: 1
Connection: keep-alive
Upgrade-Insecure-Requests: 1
Sec-Fetch-Dest: document
Sec-Fetch-Mode: navigate
Sec-Fetch-Site: cross-site

",0,https://www.wikipedia.org/,457,HTTP/1.1,0.17331600189208984,0.11227679252624512,0.0781705379486084,200,OK,[''],19,19,13023,"{""date"": ""Tue, 24 Oct 2023 23:47:44 GMT"", ""cache-control"": ""s-maxage=86400, must-revalidate, max-age=3600"", ""server"": ""ATS/9.1.4"", ""etag"": ""W/\""1514f-605a3e3cdfe00\"""", ""last-modified"": ""Mon, 18 Sep 2023 15:35:20 GMT"", ""content-type"": ""text/html"", ""content-encoding"": ""gzip"", ""vary"": ""Accept-Encoding"", ""age"": ""45943"", ""x-cache"": ""cp3066 hit, cp3066 hit/685897"", ""x-cache-status"": ""hit-front"", ""server-timing"": ""cache;desc=\""hit-front\"", host;desc=\""cp3066\"""", ""strict-transport-security"": ""max-age=106384710; includeSubDomains; preload"", ""report-to"": ""{ \""group\"": \""wm_nel\"", \""max_age\"": 604800, \""endpoints\"": [{ \""url\"": \""https://intake-logging.wikimedia.org/v1/events?stream=w3c.reportingapi.network_error&schema_uri=/w3c/reportingapi/network_error/1.0.0\"" }] }"", ""nel"": ""{ \""report_to\"": \""wm_nel\"", \""max_age\"": 604800, \""failure_fraction\"": 0.05, \""success_fraction\"": 0.0}"", ""set-cookie"": ""NetworkProbeLimit=0.001;Path=/;Secure;Max-Age=3600"", ""x-client-ip"": ""89.56.127.202"", ""accept-ranges"": ""bytes"", ""content-length"": ""20367""}"
2,"GET https://www.wikipedia.org/  HTTP/1.1
Host: www.wikipedia.org
User-Agent: Mozilla/5.0 (Windows NT 10.0; rv:102.0) Gecko/20100101 Firefox/102.0
Accept: text/html,application/xhtml+xml,application/xml;q=0.9,image/avif,image/webp,*/*;q=0.8
Accept-Encoding: gzip, deflate, br
Accept-Language: en-US,en;q=0.5
DNT: 1
Connection: keep-alive
Upgrade-Insecure-Requests: 1
Sec-Fetch-Dest: document
Sec-Fetch-Mode: navigate
Sec-Fetch-Site: cross-site

",0,https://www.wikipedia.org/,457,HTTP/1.1,0.15596246719360352,0.12308025360107422,0.20378923416137695,200,OK,[''],19,19,13023,"{""date"": ""Tue, 24 Oct 2023 23:47:44 GMT"", ""cache-control"": ""s-maxage=86400, must-revalidate, max-age=3600"", ""server"": ""ATS/9.1.4"", ""etag"": ""W/\""1514f-605a3e3cdfe00\"""", ""last-modified"": ""Mon, 18 Sep 2023 15:35:20 GMT"", ""content-type"": ""text/html"", ""content-encoding"": ""gzip"", ""vary"": ""Accept-Encoding"", ""age"": ""45952"", ""x-cache"": ""cp3066 hit, cp3066 hit/686139"", ""x-cache-status"": ""hit-front"", ""server-timing"": ""cache;desc=\""hit-front\"", host;desc=\""cp3066\"""", ""strict-transport-security"": ""max-age=106384710; includeSubDomains; preload"", ""report-to"": ""{ \""group\"": \""wm_nel\"", \""max_age\"": 604800, \""endpoints\"": [{ \""url\"": \""https://intake-logging.wikimedia.org/v1/events?stream=w3c.reportingapi.network_error&schema_uri=/w3c/reportingapi/network_error/1.0.0\"" }] }"", ""nel"": ""{ \""report_to\"": \""wm_nel\"", \""max_age\"": 604800, \""failure_fraction\"": 0.05, \""success_fraction\"": 0.0}"", ""set-cookie"": ""NetworkProbeLimit=0.001;Path=/;Secure;Max-Age=3600"", ""x-client-ip"": ""89.56.127.202"", ""accept-ranges"": ""bytes"", ""content-length"": ""20367""}"
3,"GET https://www.wikipedia.org/  HTTP/1.1
Host: www.wikipedia.org
User-Agent: Mozilla/5.0 (Windows NT 10.0; rv:102.0) Gecko/20100101 Firefox/102.0
Accept: text/html,application/xhtml+xml,application/xml;q=0.9,image/avif,image/webp,*/*;q=0.8
Accept-Encoding: gzip, deflate, br
Accept-Language: en-US,en;q=0.5
DNT: 1
Connection: keep-alive
Upgrade-Insecure-Requests: 1
Sec-Fetch-Dest: document
Sec-Fetch-Mode: navigate
Sec-Fetch-Site: cross-site

",0,https://www.wikipedia.org/,457,HTTP/1.1,0.11249756813049316,0.13794541358947754,0.04643082618713379,200,OK,[''],19,19,13023,"{""date"": ""Tue, 24 Oct 2023 23:47:44 GMT"", ""cache-control"": ""s-maxage=86400, must-revalidate, max-age=3600"", ""server"": ""ATS/9.1.4"", ""etag"": ""W/\""1514f-605a3e3cdfe00\"""", ""last-modified"": ""Mon, 18 Sep 2023 15:35:20 GMT"", ""content-type"": ""text/html"", ""content-encoding"": ""gzip"", ""vary"": ""Accept-Encoding"", ""age"": ""45962"", ""x-cache"": ""cp3066 hit, cp3066 hit/686303"", ""x-cache-status"": ""hit-front"", ""server-timing"": ""cache;desc=\""hit-front\"", host;desc=\""cp3066\"""", ""strict-transport-security"": ""max-age=106384710; includeSubDomains; preload"", ""report-to"": ""{ \""group\"": \""wm_nel\"", \""max_age\"": 604800, \""endpoints\"": [{ \""url\"": \""https://intake-logging.wikimedia.org/v1/events?stream=w3c.reportingapi.network_error&schema_uri=/w3c/reportingapi/network_error/1.0.0\"" }] }"", ""nel"": ""{ \""report_to\"": \""wm_nel\"", \""max_age\"": 604800, \""failure_fraction\"": 0.05, \""success_fraction\"": 0.0}"", ""set-cookie"": ""NetworkProbeLimit=0.001;Path=/;Secure;Max-Age=3600"", ""x-client-ip"": ""89.56.127.202"", ""accept-ranges"": ""bytes"", ""content-length"": ""20367""}"
4,"GET https://www.wikipedia.org/  HTTP/1.1
Host: www.wikipedia.org
User-Agent: Mozilla/5.0 (Windows NT 10.0; rv:102.0) Gecko/20100101 Firefox/102.0
Accept: text/html,application/xhtml+xml,application/xml;q=0.9,image/avif,image/webp,*/*;q=0.8
Accept-Encoding: gzip, deflate, br
Accept-Language: en-US,en;q=0.5
DNT: 1
Connection: keep-alive
Upgrade-Insecure-Requests: 1
Sec-Fetch-Dest: document
Sec-Fetch-Mode: navigate
Sec-Fetch-Site: cross-site

",0,https://www.wikipedia.org/,457,HTTP/1.1,0.17276501655578613,0.10726118087768555,0.06805658340454102,200,OK,[''],19,19,13023,"{""date"": ""Tue, 24 Oct 2023 23:47:44 GMT"", ""cache-control"": ""s-maxage=86400, must-revalidate, max-age=3600"", ""server"": ""ATS/9.1.4"", ""etag"": ""W/\""1514f-605a3e3cdfe00\"""", ""last-modified"": ""Mon, 18 Sep 2023 15:35:20 GMT"", ""content-type"": ""text/html"", ""content-encoding"": ""gzip"", ""vary"": ""Accept-Encoding"", ""age"": ""45971"", ""x-cache"": ""cp3066 hit, cp3066 hit/686506"", ""x-cache-status"": ""hit-front"", ""server-timing"": ""cache;desc=\""hit-front\"", host;desc=\""cp3066\"""", ""strict-transport-security"": ""max-age=106384710; includeSubDomains; preload"", ""report-to"": ""{ \""group\"": \""wm_nel\"", \""max_age\"": 604800, \""endpoints\"": [{ \""url\"": \""https://intake-logging.wikimedia.org/v1/events?stream=w3c.reportingapi.network_error&schema_uri=/w3c/reportingapi/network_error/1.0.0\"" }] }"", ""nel"": ""{ \""report_to\"": \""wm_nel\"", \""max_age\"": 604800, \""failure_fraction\"": 0.05, \""success_fraction\"": 0.0}"", ""set-cookie"": ""NetworkProbeLimit=0.001;Path=/;Secure;Max-Age=3600"", ""x-client-ip"": ""89.56.127.202"", ""accept-ranges"": ""bytes"", ""content-length"": ""20367""}"
5,"GET https://www.wikipedia.org/  HTTP/1.1
Host: www.wikipedia.org
User-Agent: Mozilla/5.0 (Windows NT 10.0; rv:102.0) Gecko/20100101 Firefox/102.0
Accept: text/html,application/xhtml+xml,application/xml;q=0.9,image/avif,image/webp,*/*;q=0.8
Accept-Encoding: gzip, deflate, br
Accept-Language: en-US,en;q=0.5
DNT: 1
Connection: keep-alive
Upgrade-Insecure-Requests: 1
Sec-Fetch-Dest: document
Sec-Fetch-Mode: navigate
Sec-Fetch-Site: cross-site

",0,https://www.wikipedia.org/,457,HTTP/1.1,0.19080615043640137,0.11194062232971191,0.08386874198913574,200,OK,[''],19,19,13023,"{""date"": ""Tue, 24 Oct 2023 23:47:44 GMT"", ""cache-control"": ""s-maxage=86400, must-revalidate, max-age=3600"", ""server"": ""ATS/9.1.4"", ""etag"": ""W/\""1514f-605a3e3cdfe00\"""", ""last-modified"": ""Mon, 18 Sep 2023 15:35:20 GMT"", ""content-type"": ""text/html"", ""content-encoding"": ""gzip"", ""vary"": ""Accept-Encoding"", ""age"": ""45981"", ""x-cache"": ""cp3066 hit, cp3066 hit/686687"", ""x-cache-status"": ""hit-front"", ""server-timing"": ""cache;desc=\""hit-front\"", host;desc=\""cp3066\"""", ""strict-transport-security"": ""max-age=106384710; includeSubDomains; preload"", ""report-to"": ""{ \""group\"": \""wm_nel\"", \""max_age\"": 604800, \""endpoints\"": [{ \""url\"": \""https://intake-logging.wikimedia.org/v1/events?stream=w3c.reportingapi.network_error&schema_uri=/w3c/reportingapi/network_error/1.0.0\"" }] }"", ""nel"": ""{ \""report_to\"": \""wm_nel\"", \""max_age\"": 604800, \""failure_fraction\"": 0.05, \""success_fraction\"": 0.0}"", ""set-cookie"": ""NetworkProbeLimit=0.001;Path=/;Secure;Max-Age=3600"", ""x-client-ip"": ""89.56.127.202"", ""accept-ranges"": ""bytes"", ""content-length"": ""20367""}"
6,"GET https://www.wikipedia.org/  HTTP/1.1
Host: www.wikipedia.org
User-Agent: Mozilla/5.0 (Windows NT 10.0; rv:102.0) Gecko/20100101 Firefox/102.0
Accept: text/html,application/xhtml+xml,application/xml;q=0.9,image/avif,image/webp,*/*;q=0.8
Accept-Encoding: gzip, deflate, br
Accept-Language: en-US,en;q=0.5
DNT: 1
Connection: keep-alive
Upgrade-Insecure-Requests: 1
Sec-Fetch-Dest: document
Sec-Fetch-Mode: navigate
Sec-Fetch-Site: cross-site

",0,https://www.wikipedia.org/,457,HTTP/1.1,0.14863061904907227,0.1310901641845703,0.14584112167358398,200,OK,[''],19,19,13023,"{""date"": ""Tue, 24 Oct 2023 23:47:44 GMT"", ""cache-control"": ""s-maxage=86400, must-revalidate, max-age=3600"", ""server"": ""ATS/9.1.4"", ""etag"": ""W/\""1514f-605a3e3cdfe00\"""", ""last-modified"": ""Mon, 18 Sep 2023 15:35:20 GMT"", ""content-type"": ""text/html"", ""content-encoding"": ""gzip"", ""vary"": ""Accept-Encoding"", ""age"": ""45991"", ""x-cache"": ""cp3066 hit, cp3066 hit/686863"", ""x-cache-status"": ""hit-front"", ""server-timing"": ""cache;desc=\""hit-front\"", host;desc=\""cp3066\"""", ""strict-transport-security"": ""max-age=106384710; includeSubDomains; preload"", ""report-to"": ""{ \""group\"": \""wm_nel\"", \""max_age\"": 604800, \""endpoints\"": [{ \""url\"": \""https://intake-logging.wikimedia.org/v1/events?stream=w3c.reportingapi.network_error&schema_uri=/w3c/reportingapi/network_error/1.0.0\"" }] }"", ""nel"": ""{ \""report_to\"": \""wm_nel\"", \""max_age\"": 604800, \""failure_fraction\"": 0.05, \""success_fraction\"": 0.0}"", ""set-cookie"": ""NetworkProbeLimit=0.001;Path=/;Secure;Max-Age=3600"", ""x-client-ip"": ""89.56.127.202"", ""accept-ranges"": ""bytes"", ""content-length"": ""20367""}"
7,"GET https://www.wikipedia.org/  HTTP/1.1
Host: www.wikipedia.org
User-Agent: Mozilla/5.0 (Windows NT 10.0; rv:102.0) Gecko/20100101 Firefox/102.0
Accept: text/html,application/xhtml+xml,application/xml;q=0.9,image/avif,image/webp,*/*;q=0.8
Accept-Encoding: gzip, deflate, br
Accept-Language: en-US,en;q=0.5
DNT: 1
Connection: keep-alive
Upgrade-Insecure-Requests: 1
Sec-Fetch-Dest: document
Sec-Fetch-Mode: navigate
Sec-Fetch-Site: cross-site

",0,https://www.wikipedia.org/,457,HTTP/1.1,0.24125123023986816,0.12412309646606445,0.04513287544250488,200,OK,[''],19,19,13023,"{""date"": ""Tue, 24 Oct 2023 23:47:44 GMT"", ""cache-control"": ""s-maxage=86400, must-revalidate, max-age=3600"", ""server"": ""ATS/9.1.4"", ""etag"": ""W/\""1514f-605a3e3cdfe00\"""", ""last-modified"": ""Mon, 18 Sep 2023 15:35:20 GMT"", ""content-type"": ""text/html"", ""content-encoding"": ""gzip"", ""vary"": ""Accept-Encoding"", ""age"": ""46001"", ""x-cache"": ""cp3066 hit, cp3066 hit/687065"", ""x-cache-status"": ""hit-front"", ""server-timing"": ""cache;desc=\""hit-front\"", host;desc=\""cp3066\"""", ""strict-transport-security"": ""max-age=106384710; includeSubDomains; preload"", ""report-to"": ""{ \""group\"": \""wm_nel\"", \""max_age\"": 604800, \""endpoints\"": [{ \""url\"": \""https://intake-logging.wikimedia.org/v1/events?stream=w3c.reportingapi.network_error&schema_uri=/w3c/reportingapi/network_error/1.0.0\"" }] }"", ""nel"": ""{ \""report_to\"": \""wm_nel\"", \""max_age\"": 604800, \""failure_fraction\"": 0.05, \""success_fraction\"": 0.0}"", ""set-cookie"": ""NetworkProbeLimit=0.001;Path=/;Secure;Max-Age=3600"", ""x-client-ip"": ""89.56.127.202"", ""accept-ranges"": ""bytes"", ""content-length"": ""20367""}"
8,"GET https://www.wikipedia.org/  HTTP/1.1
Host: www.wikipedia.org
User-Agent: Mozilla/5.0 (Windows NT 10.0; rv:102.0) Gecko/20100101 Firefox/102.0
Accept: text/html,application/xhtml+xml,application/xml;q=0.9,image/avif,image/webp,*/*;q=0.8
Accept-Encoding: gzip, deflate, br
Accept-Language: en-US,en;q=0.5
DNT: 1
Connection: keep-alive
Upgrade-Insecure-Requests: 1
Sec-Fetch-Dest: document
Sec-Fetch-Mode: navigate
Sec-Fetch-Site: cross-site

",0,https://www.wikipedia.org/,457,HTTP/1.1,0.16158413887023926,0.10930824279785156,0.07343459129333496,200,OK,[''],19,19,13023,"{""date"": ""Tue, 24 Oct 2023 23:47:44 GMT"", ""cache-control"": ""s-maxage=86400, must-revalidate, max-age=3600"", ""server"": ""ATS/9.1.4"", ""etag"": ""W/\""1514f-605a3e3cdfe00\"""", ""last-modified"": ""Mon, 18 Sep 2023 15:35:20 GMT"", ""content-type"": ""text/html"", ""content-encoding"": ""gzip"", ""vary"": ""Accept-Encoding"", ""age"": ""46011"", ""x-cache"": ""cp3066 hit, cp3066 hit/687272"", ""x-cache-status"": ""hit-front"", ""server-timing"": ""cache;desc=\""hit-front\"", host;desc=\""cp3066\"""", ""strict-transport-security"": ""max-age=106384710; includeSubDomains; preload"", ""report-to"": ""{ \""group\"": \""wm_nel\"", \""max_age\"": 604800, \""endpoints\"": [{ \""url\"": \""https://intake-logging.wikimedia.org/v1/events?stream=w3c.reportingapi.network_error&schema_uri=/w3c/reportingapi/network_error/1.0.0\"" }] }"", ""nel"": ""{ \""report_to\"": \""wm_nel\"", \""max_age\"": 604800, \""failure_fraction\"": 0.05, \""success_fraction\"": 0.0}"", ""set-cookie"": ""NetworkProbeLimit=0.001;Path=/;Secure;Max-Age=3600"", ""x-client-ip"": ""89.56.127.202"", ""accept-ranges"": ""bytes"", ""content-length"": ""20367""}"
9,"GET https://www.wikipedia.org/  HTTP/1.1
Host: www.wikipedia.org
User-Agent: Mozilla/5.0 (Windows NT 10.0; rv:102.0) Gecko/20100101 Firefox/102.0
Accept: text/html,application/xhtml+xml,application/xml;q=0.9,image/avif,image/webp,*/*;q=0.8
Accept-Encoding: gzip, deflate, br
Accept-Language: en-US,en;q=0.5
DNT: 1
Connection: keep-alive
Upgrade-Insecure-Requests: 1
Sec-Fetch-Dest: document
Sec-Fetch-Mode: navigate
Sec-Fetch-Site: cross-site

",0,https://www.wikipedia.org/,457,HTTP/1.1,0.13958477973937988,0.14866375923156738,0.06412887573242188,200,OK,[''],19,19,13023,"{""date"": ""Tue, 24 Oct 2023 23:47:44 GMT"", ""cache-control"": ""s-maxage=86400, must-revalidate, max-age=3600"", ""server"": ""ATS/9.1.4"", ""etag"": ""W/\""1514f-605a3e3cdfe00\"""", ""last-modified"": ""Mon, 18 Sep 2023 15:35:20 GMT"", ""content-type"": ""text/html"", ""content-encoding"": ""gzip"", ""vary"": ""Accept-Encoding"", ""age"": ""46020"", ""x-cache"": ""cp3066 hit, cp3066 hit/687451"", ""x-cache-status"": ""hit-front"", ""server-timing"": ""cache;desc=\""hit-front\"", host;desc=\""cp3066\"""", ""strict-transport-security"": ""max-age=106384710; includeSubDomains; preload"", ""report-to"": ""{ \""group\"": \""wm_nel\"", \""max_age\"": 604800, \""endpoints\"": [{ \""url\"": \""https://intake-logging.wikimedia.org/v1/events?stream=w3c.reportingapi.network_error&schema_uri=/w3c/reportingapi/network_error/1.0.0\"" }] }"", ""nel"": ""{ \""report_to\"": \""wm_nel\"", \""max_age\"": 604800, \""failure_fraction\"": 0.05, \""success_fraction\"": 0.0}"", ""set-cookie"": ""NetworkProbeLimit=0.001;Path=/;Secure;Max-Age=3600"", ""x-client-ip"": ""89.56.127.202"", ""accept-ranges"": ""bytes"", ""content-length"": ""20367""}"
