[
    {
        "number": 0,
        "request": "GET https://www.wikipedia.org/  HTTP/1.1\r\nHost: www.wikipedia.org\r\nUser-Agent: Mozilla/5.0 (Windows NT 10.0; rv:102.0) Gecko/20100101 Firefox/102.0\r\nAccept: text/html,application/xhtml+xml,application/xml;q=0.9,image/avif,image/webp,*/*;q=0.8\r\nAccept-Encoding: gzip, deflate, br\r\nAccept-Language: en-US,en;q=0.5\r\nDNT: 1\r\nConnection: keep-alive\r\nUpgrade-Insecure-Requests: 1\r\nSec-Fetch-Dest: document\r\nSec-Fetch-Mode: navigate\r\nSec-Fetch-Site: cross-site\r\n\r\n",
        "deviation_count": 0,
        "uri": "https://www.wikipedia.org/",
        "request_length": 457,
        "Response_Time": 0.09051156044006348,
        "status_code": 200,
        "reason_phrase": "OK",
        "error_message": [
            ""
        ],
        "response_header_count": 19,
        "response_header_length": 19,
        "response_body_length": 13023,
        "response_header_fields": {
            "date": "Tue, 24 Oct 2023 23:47:44 GMT",
            "cache-control": "s-maxage=86400, must-revalidate, max-age=3600",
            "server": "ATS/9.1.4",
            "etag": "W/\"1514f-605a3e3cdfe00\"",
            "last-modified": "Mon, 18 Sep 2023 15:35:20 GMT",
            "content-type": "text/html",
            "content-encoding": "gzip",
            "vary": "Accept-Encoding",
            "age": "45934",
            "x-cache": "cp3066 hit, cp3066 hit/685732",
            "x-cache-status": "hit-front",
            "server-timing": "cache;desc=\"hit-front\", host;desc=\"cp3066\"",
            "strict-transport-security": "max-age=106384710; includeSubDomains; preload",
            "report-to": "{ \"group\": \"wm_nel\", \"max_age\": 604800, \"endpoints\": [{ \"url\": \"https://intake-logging.wikimedia.org/v1/events?stream=w3c.reportingapi.network_error&schema_uri=/w3c/reportingapi/network_error/1.0.0\" }] }",
            "nel": "{ \"report_to\": \"wm_nel\", \"max_age\": 604800, \"failure_fraction\": 0.05, \"success_fraction\": 0.0}",
            "set-cookie": "NetworkProbeLimit=0.001;Path=/;Secure;Max-Age=3600",
            "x-client-ip": "89.56.127.202",
            "accept-ranges": "bytes",
            "content-length": "20367"
        }
    },
    {
        "number": 1,
        "request": "GET https://www.wikipedia.org/  HTTP/1.1\r\nHost: www.wikipedia.org\r\nUser-Agent: Mozilla/5.0 (Windows NT 10.0; rv:102.0) Gecko/20100101 Firefox/102.0\r\nAccept: text/html,application/xhtml+xml,application/xml;q=0.9,image/avif,image/webp,*/*;q=0.8\r\nAccept-Encoding: gzip, deflate, br\r\nAccept-Language: en-US,en;q=0.5\r\nDNT: 1\r\nConnection: keep-alive\r\nUpgrade-Insecure-Requests: 1\r\nSec-Fetch-Dest: document\r\nSec-Fetch-Mode: navigate\r\nSec-Fetch-Site: cross-site\r\n\r\n",
        "deviation_count": 0,
        "uri": "https://www.wikipedia.org/",
        "request_length": 457,
        "Response_Time": 0.0781705379486084,
        "status_code": 200,
        "reason_phrase": "OK",
        "error_message": [
            ""
        ],
        "response_header_count": 19,
        "response_header_length": 19,
        "response_body_length": 13023,
        "response_header_fields": {
            "date": "Tue, 24 Oct 2023 23:47:44 GMT",
            "cache-control": "s-maxage=86400, must-revalidate, max-age=3600",
            "server": "ATS/9.1.4",
            "etag": "W/\"1514f-605a3e3cdfe00\"",
            "last-modified": "Mon, 18 Sep 2023 15:35:20 GMT",
            "content-type": "text/html",
            "content-encoding": "gzip",
            "vary": "Accept-Encoding",
            "age": "45943",
            "x-cache": "cp3066 hit, cp3066 hit/685897",
            "x-cache-status": "hit-front",
            "server-timing": "cache;desc=\"hit-front\", host;desc=\"cp3066\"",
            "strict-transport-security": "max-age=106384710; includeSubDomains; preload",
            "report-to": "{ \"group\": \"wm_nel\", \"max_age\": 604800, \"endpoints\": [{ \"url\": \"https://intake-logging.wikimedia.org/v1/events?stream=w3c.reportingapi.network_error&schema_uri=/w3c/reportingapi/network_error/1.0.0\" }] }",
            "nel": "{ \"report_to\": \"wm_nel\", \"max_age\": 604800, \"failure_fraction\": 0.05, \"success_fraction\": 0.0}",
            "set-cookie": "NetworkProbeLimit=0.001;Path=/;Secure;Max-Age=3600",
            "x-client-ip": "89.56.127.202",
            "accept-ranges": "bytes",
            "content-length": "20367"
        }
    },
    {
        "number": 2,
        "request": "GET https://www.wikipedia.org/  HTTP/1.1\r\nHost: www.wikipedia.org\r\nUser-Agent: Mozilla/5.0 (Windows NT 10.0; rv:102.0) Gecko/20100101 Firefox/102.0\r\nAccept: text/html,application/xhtml+xml,application/xml;q=0.9,image/avif,image/webp,*/*;q=0.8\r\nAccept-Encoding: gzip, deflate, br\r\nAccept-Language: en-US,en;q=0.5\r\nDNT: 1\r\nConnection: keep-alive\r\nUpgrade-Insecure-Requests: 1\r\nSec-Fetch-Dest: document\r\nSec-Fetch-Mode: navigate\r\nSec-Fetch-Site: cross-site\r\n\r\n",
        "deviation_count": 0,
        "uri": "https://www.wikipedia.org/",
        "request_length": 457,
        "Response_Time": 0.20378923416137695,
        "status_code": 200,
        "reason_phrase": "OK",
        "error_message": [
            ""
        ],
        "response_header_count": 19,
        "response_header_length": 19,
        "response_body_length": 13023,
        "response_header_fields": {
            "date": "Tue, 24 Oct 2023 23:47:44 GMT",
            "cache-control": "s-maxage=86400, must-revalidate, max-age=3600",
            "server": "ATS/9.1.4",
            "etag": "W/\"1514f-605a3e3cdfe00\"",
            "last-modified": "Mon, 18 Sep 2023 15:35:20 GMT",
            "content-type": "text/html",
            "content-encoding": "gzip",
            "vary": "Accept-Encoding",
            "age": "45952",
            "x-cache": "cp3066 hit, cp3066 hit/686139",
            "x-cache-status": "hit-front",
            "server-timing": "cache;desc=\"hit-front\", host;desc=\"cp3066\"",
            "strict-transport-security": "max-age=106384710; includeSubDomains; preload",
            "report-to": "{ \"group\": \"wm_nel\", \"max_age\": 604800, \"endpoints\": [{ \"url\": \"https://intake-logging.wikimedia.org/v1/events?stream=w3c.reportingapi.network_error&schema_uri=/w3c/reportingapi/network_error/1.0.0\" }] }",
            "nel": "{ \"report_to\": \"wm_nel\", \"max_age\": 604800, \"failure_fraction\": 0.05, \"success_fraction\": 0.0}",
            "set-cookie": "NetworkProbeLimit=0.001;Path=/;Secure;Max-Age=3600",
            "x-client-ip": "89.56.127.202",
            "accept-ranges": "bytes",
            "content-length": "20367"
        }
    },
    {
        "number": 3,
        "request": "GET https://www.wikipedia.org/  HTTP/1.1\r\nHost: www.wikipedia.org\r\nUser-Agent: Mozilla/5.0 (Windows NT 10.0; rv:102.0) Gecko/20100101 Firefox/102.0\r\nAccept: text/html,application/xhtml+xml,application/xml;q=0.9,image/avif,image/webp,*/*;q=0.8\r\nAccept-Encoding: gzip, deflate, br\r\nAccept-Language: en-US,en;q=0.5\r\nDNT: 1\r\nConnection: keep-alive\r\nUpgrade-Insecure-Requests: 1\r\nSec-Fetch-Dest: document\r\nSec-Fetch-Mode: navigate\r\nSec-Fetch-Site: cross-site\r\n\r\n",
        "deviation_count": 0,
        "uri": "https://www.wikipedia.org/",
        "request_length": 457,
        "Response_Time": 0.04643082618713379,
        "status_code": 200,
        "reason_phrase": "OK",
        "error_message": [
            ""
        ],
        "response_header_count": 19,
        "response_header_length": 19,
        "response_body_length": 13023,
        "response_header_fields": {
            "date": "Tue, 24 Oct 2023 23:47:44 GMT",
            "cache-control": "s-maxage=86400, must-revalidate, max-age=3600",
            "server": "ATS/9.1.4",
            "etag": "W/\"1514f-605a3e3cdfe00\"",
            "last-modified": "Mon, 18 Sep 2023 15:35:20 GMT",
            "content-type": "text/html",
            "content-encoding": "gzip",
            "vary": "Accept-Encoding",
            "age": "45962",
            "x-cache": "cp3066 hit, cp3066 hit/686303",
            "x-cache-status": "hit-front",
            "server-timing": "cache;desc=\"hit-front\", host;desc=\"cp3066\"",
            "strict-transport-security": "max-age=106384710; includeSubDomains; preload",
            "report-to": "{ \"group\": \"wm_nel\", \"max_age\": 604800, \"endpoints\": [{ \"url\": \"https://intake-logging.wikimedia.org/v1/events?stream=w3c.reportingapi.network_error&schema_uri=/w3c/reportingapi/network_error/1.0.0\" }] }",
            "nel": "{ \"report_to\": \"wm_nel\", \"max_age\": 604800, \"failure_fraction\": 0.05, \"success_fraction\": 0.0}",
            "set-cookie": "NetworkProbeLimit=0.001;Path=/;Secure;Max-Age=3600",
            "x-client-ip": "89.56.127.202",
            "accept-ranges": "bytes",
            "content-length": "20367"
        }
    },
    {
        "number": 4,
        "request": "GET https://www.wikipedia.org/  HTTP/1.1\r\nHost: www.wikipedia.org\r\nUser-Agent: Mozilla/5.0 (Windows NT 10.0; rv:102.0) Gecko/20100101 Firefox/102.0\r\nAccept: text/html,application/xhtml+xml,application/xml;q=0.9,image/avif,image/webp,*/*;q=0.8\r\nAccept-Encoding: gzip, deflate, br\r\nAccept-Language: en-US,en;q=0.5\r\nDNT: 1\r\nConnection: keep-alive\r\nUpgrade-Insecure-Requests: 1\r\nSec-Fetch-Dest: document\r\nSec-Fetch-Mode: navigate\r\nSec-Fetch-Site: cross-site\r\n\r\n",
        "deviation_count": 0,
        "uri": "https://www.wikipedia.org/",
        "request_length": 457,
        "Response_Time": 0.06805658340454102,
        "status_code": 200,
        "reason_phrase": "OK",
        "error_message": [
            ""
        ],
        "response_header_count": 19,
        "response_header_length": 19,
        "response_body_length": 13023,
        "response_header_fields": {
            "date": "Tue, 24 Oct 2023 23:47:44 GMT",
            "cache-control": "s-maxage=86400, must-revalidate, max-age=3600",
            "server": "ATS/9.1.4",
            "etag": "W/\"1514f-605a3e3cdfe00\"",
            "last-modified": "Mon, 18 Sep 2023 15:35:20 GMT",
            "content-type": "text/html",
            "content-encoding": "gzip",
            "vary": "Accept-Encoding",
            "age": "45971",
            "x-cache": "cp3066 hit, cp3066 hit/686506",
            "x-cache-status": "hit-front",
            "server-timing": "cache;desc=\"hit-front\", host;desc=\"cp3066\"",
            "strict-transport-security": "max-age=106384710; includeSubDomains; preload",
            "report-to": "{ \"group\": \"wm_nel\", \"max_age\": 604800, \"endpoints\": [{ \"url\": \"https://intake-logging.wikimedia.org/v1/events?stream=w3c.reportingapi.network_error&schema_uri=/w3c/reportingapi/network_error/1.0.0\" }] }",
            "nel": "{ \"report_to\": \"wm_nel\", \"max_age\": 604800, \"failure_fraction\": 0.05, \"success_fraction\": 0.0}",
            "set-cookie": "NetworkProbeLimit=0.001;Path=/;Secure;Max-Age=3600",
            "x-client-ip": "89.56.127.202",
            "accept-ranges": "bytes",
            "content-length": "20367"
        }
    },
    {
        "number": 5,
        "request": "GET https://www.wikipedia.org/  HTTP/1.1\r\nHost: www.wikipedia.org\r\nUser-Agent: Mozilla/5.0 (Windows NT 10.0; rv:102.0) Gecko/20100101 Firefox/102.0\r\nAccept: text/html,application/xhtml+xml,application/xml;q=0.9,image/avif,image/webp,*/*;q=0.8\r\nAccept-Encoding: gzip, deflate, br\r\nAccept-Language: en-US,en;q=0.5\r\nDNT: 1\r\nConnection: keep-alive\r\nUpgrade-Insecure-Requests: 1\r\nSec-Fetch-Dest: document\r\nSec-Fetch-Mode: navigate\r\nSec-Fetch-Site: cross-site\r\n\r\n",
        "deviation_count": 0,
        "uri": "https://www.wikipedia.org/",
        "request_length": 457,
        "Response_Time": 0.08386874198913574,
        "status_code": 200,
        "reason_phrase": "OK",
        "error_message": [
            ""
        ],
        "response_header_count": 19,
        "response_header_length": 19,
        "response_body_length": 13023,
        "response_header_fields": {
            "date": "Tue, 24 Oct 2023 23:47:44 GMT",
            "cache-control": "s-maxage=86400, must-revalidate, max-age=3600",
            "server": "ATS/9.1.4",
            "etag": "W/\"1514f-605a3e3cdfe00\"",
            "last-modified": "Mon, 18 Sep 2023 15:35:20 GMT",
            "content-type": "text/html",
            "content-encoding": "gzip",
            "vary": "Accept-Encoding",
            "age": "45981",
            "x-cache": "cp3066 hit, cp3066 hit/686687",
            "x-cache-status": "hit-front",
            "server-timing": "cache;desc=\"hit-front\", host;desc=\"cp3066\"",
            "strict-transport-security": "max-age=106384710; includeSubDomains; preload",
            "report-to": "{ \"group\": \"wm_nel\", \"max_age\": 604800, \"endpoints\": [{ \"url\": \"https://intake-logging.wikimedia.org/v1/events?stream=w3c.reportingapi.network_error&schema_uri=/w3c/reportingapi/network_error/1.0.0\" }] }",
            "nel": "{ \"report_to\": \"wm_nel\", \"max_age\": 604800, \"failure_fraction\": 0.05, \"success_fraction\": 0.0}",
            "set-cookie": "NetworkProbeLimit=0.001;Path=/;Secure;Max-Age=3600",
            "x-client-ip": "89.56.127.202",
            "accept-ranges": "bytes",
            "content-length": "20367"
        }
    },
    {
        "number": 6,
        "request": "GET https://www.wikipedia.org/  HTTP/1.1\r\nHost: www.wikipedia.org\r\nUser-Agent: Mozilla/5.0 (Windows NT 10.0; rv:102.0) Gecko/20100101 Firefox/102.0\r\nAccept: text/html,application/xhtml+xml,application/xml;q=0.9,image/avif,image/webp,*/*;q=0.8\r\nAccept-Encoding: gzip, deflate, br\r\nAccept-Language: en-US,en;q=0.5\r\nDNT: 1\r\nConnection: keep-alive\r\nUpgrade-Insecure-Requests: 1\r\nSec-Fetch-Dest: document\r\nSec-Fetch-Mode: navigate\r\nSec-Fetch-Site: cross-site\r\n\r\n",
        "deviation_count": 0,
        "uri": "https://www.wikipedia.org/",
        "request_length": 457,
        "Response_Time": 0.14584112167358398,
        "status_code": 200,
        "reason_phrase": "OK",
        "error_message": [
            ""
        ],
        "response_header_count": 19,
        "response_header_length": 19,
        "response_body_length": 13023,
        "response_header_fields": {
            "date": "Tue, 24 Oct 2023 23:47:44 GMT",
            "cache-control": "s-maxage=86400, must-revalidate, max-age=3600",
            "server": "ATS/9.1.4",
            "etag": "W/\"1514f-605a3e3cdfe00\"",
            "last-modified": "Mon, 18 Sep 2023 15:35:20 GMT",
            "content-type": "text/html",
            "content-encoding": "gzip",
            "vary": "Accept-Encoding",
            "age": "45991",
            "x-cache": "cp3066 hit, cp3066 hit/686863",
            "x-cache-status": "hit-front",
            "server-timing": "cache;desc=\"hit-front\", host;desc=\"cp3066\"",
            "strict-transport-security": "max-age=106384710; includeSubDomains; preload",
            "report-to": "{ \"group\": \"wm_nel\", \"max_age\": 604800, \"endpoints\": [{ \"url\": \"https://intake-logging.wikimedia.org/v1/events?stream=w3c.reportingapi.network_error&schema_uri=/w3c/reportingapi/network_error/1.0.0\" }] }",
            "nel": "{ \"report_to\": \"wm_nel\", \"max_age\": 604800, \"failure_fraction\": 0.05, \"success_fraction\": 0.0}",
            "set-cookie": "NetworkProbeLimit=0.001;Path=/;Secure;Max-Age=3600",
            "x-client-ip": "89.56.127.202",
            "accept-ranges": "bytes",
            "content-length": "20367"
        }
    },
    {
        "number": 7,
        "request": "GET https://www.wikipedia.org/  HTTP/1.1\r\nHost: www.wikipedia.org\r\nUser-Agent: Mozilla/5.0 (Windows NT 10.0; rv:102.0) Gecko/20100101 Firefox/102.0\r\nAccept: text/html,application/xhtml+xml,application/xml;q=0.9,image/avif,image/webp,*/*;q=0.8\r\nAccept-Encoding: gzip, deflate, br\r\nAccept-Language: en-US,en;q=0.5\r\nDNT: 1\r\nConnection: keep-alive\r\nUpgrade-Insecure-Requests: 1\r\nSec-Fetch-Dest: document\r\nSec-Fetch-Mode: navigate\r\nSec-Fetch-Site: cross-site\r\n\r\n",
        "deviation_count": 0,
        "uri": "https://www.wikipedia.org/",
        "request_length": 457,
        "Response_Time": 0.04513287544250488,
        "status_code": 200,
        "reason_phrase": "OK",
        "error_message": [
            ""
        ],
        "response_header_count": 19,
        "response_header_length": 19,
        "response_body_length": 13023,
        "response_header_fields": {
            "date": "Tue, 24 Oct 2023 23:47:44 GMT",
            "cache-control": "s-maxage=86400, must-revalidate, max-age=3600",
            "server": "ATS/9.1.4",
            "etag": "W/\"1514f-605a3e3cdfe00\"",
            "last-modified": "Mon, 18 Sep 2023 15:35:20 GMT",
            "content-type": "text/html",
            "content-encoding": "gzip",
            "vary": "Accept-Encoding",
            "age": "46001",
            "x-cache": "cp3066 hit, cp3066 hit/687065",
            "x-cache-status": "hit-front",
            "server-timing": "cache;desc=\"hit-front\", host;desc=\"cp3066\"",
            "strict-transport-security": "max-age=106384710; includeSubDomains; preload",
            "report-to": "{ \"group\": \"wm_nel\", \"max_age\": 604800, \"endpoints\": [{ \"url\": \"https://intake-logging.wikimedia.org/v1/events?stream=w3c.reportingapi.network_error&schema_uri=/w3c/reportingapi/network_error/1.0.0\" }] }",
            "nel": "{ \"report_to\": \"wm_nel\", \"max_age\": 604800, \"failure_fraction\": 0.05, \"success_fraction\": 0.0}",
            "set-cookie": "NetworkProbeLimit=0.001;Path=/;Secure;Max-Age=3600",
            "x-client-ip": "89.56.127.202",
            "accept-ranges": "bytes",
            "content-length": "20367"
        }
    },
    {
        "number": 8,
        "request": "GET https://www.wikipedia.org/  HTTP/1.1\r\nHost: www.wikipedia.org\r\nUser-Agent: Mozilla/5.0 (Windows NT 10.0; rv:102.0) Gecko/20100101 Firefox/102.0\r\nAccept: text/html,application/xhtml+xml,application/xml;q=0.9,image/avif,image/webp,*/*;q=0.8\r\nAccept-Encoding: gzip, deflate, br\r\nAccept-Language: en-US,en;q=0.5\r\nDNT: 1\r\nConnection: keep-alive\r\nUpgrade-Insecure-Requests: 1\r\nSec-Fetch-Dest: document\r\nSec-Fetch-Mode: navigate\r\nSec-Fetch-Site: cross-site\r\n\r\n",
        "deviation_count": 0,
        "uri": "https://www.wikipedia.org/",
        "request_length": 457,
        "Response_Time": 0.07343459129333496,
        "status_code": 200,
        "reason_phrase": "OK",
        "error_message": [
            ""
        ],
        "response_header_count": 19,
        "response_header_length": 19,
        "response_body_length": 13023,
        "response_header_fields": {
            "date": "Tue, 24 Oct 2023 23:47:44 GMT",
            "cache-control": "s-maxage=86400, must-revalidate, max-age=3600",
            "server": "ATS/9.1.4",
            "etag": "W/\"1514f-605a3e3cdfe00\"",
            "last-modified": "Mon, 18 Sep 2023 15:35:20 GMT",
            "content-type": "text/html",
            "content-encoding": "gzip",
            "vary": "Accept-Encoding",
            "age": "46011",
            "x-cache": "cp3066 hit, cp3066 hit/687272",
            "x-cache-status": "hit-front",
            "server-timing": "cache;desc=\"hit-front\", host;desc=\"cp3066\"",
            "strict-transport-security": "max-age=106384710; includeSubDomains; preload",
            "report-to": "{ \"group\": \"wm_nel\", \"max_age\": 604800, \"endpoints\": [{ \"url\": \"https://intake-logging.wikimedia.org/v1/events?stream=w3c.reportingapi.network_error&schema_uri=/w3c/reportingapi/network_error/1.0.0\" }] }",
            "nel": "{ \"report_to\": \"wm_nel\", \"max_age\": 604800, \"failure_fraction\": 0.05, \"success_fraction\": 0.0}",
            "set-cookie": "NetworkProbeLimit=0.001;Path=/;Secure;Max-Age=3600",
            "x-client-ip": "89.56.127.202",
            "accept-ranges": "bytes",
            "content-length": "20367"
        }
    },
    {
        "number": 9,
        "request": "GET https://www.wikipedia.org/  HTTP/1.1\r\nHost: www.wikipedia.org\r\nUser-Agent: Mozilla/5.0 (Windows NT 10.0; rv:102.0) Gecko/20100101 Firefox/102.0\r\nAccept: text/html,application/xhtml+xml,application/xml;q=0.9,image/avif,image/webp,*/*;q=0.8\r\nAccept-Encoding: gzip, deflate, br\r\nAccept-Language: en-US,en;q=0.5\r\nDNT: 1\r\nConnection: keep-alive\r\nUpgrade-Insecure-Requests: 1\r\nSec-Fetch-Dest: document\r\nSec-Fetch-Mode: navigate\r\nSec-Fetch-Site: cross-site\r\n\r\n",
        "deviation_count": 0,
        "uri": "https://www.wikipedia.org/",
        "request_length": 457,
        "Response_Time": 0.06412887573242188,
        "status_code": 200,
        "reason_phrase": "OK",
        "error_message": [
            ""
        ],
        "response_header_count": 19,
        "response_header_length": 19,
        "response_body_length": 13023,
        "response_header_fields": {
            "date": "Tue, 24 Oct 2023 23:47:44 GMT",
            "cache-control": "s-maxage=86400, must-revalidate, max-age=3600",
            "server": "ATS/9.1.4",
            "etag": "W/\"1514f-605a3e3cdfe00\"",
            "last-modified": "Mon, 18 Sep 2023 15:35:20 GMT",
            "content-type": "text/html",
            "content-encoding": "gzip",
            "vary": "Accept-Encoding",
            "age": "46020",
            "x-cache": "cp3066 hit, cp3066 hit/687451",
            "x-cache-status": "hit-front",
            "server-timing": "cache;desc=\"hit-front\", host;desc=\"cp3066\"",
            "strict-transport-security": "max-age=106384710; includeSubDomains; preload",
            "report-to": "{ \"group\": \"wm_nel\", \"max_age\": 604800, \"endpoints\": [{ \"url\": \"https://intake-logging.wikimedia.org/v1/events?stream=w3c.reportingapi.network_error&schema_uri=/w3c/reportingapi/network_error/1.0.0\" }] }",
            "nel": "{ \"report_to\": \"wm_nel\", \"max_age\": 604800, \"failure_fraction\": 0.05, \"success_fraction\": 0.0}",
            "set-cookie": "NetworkProbeLimit=0.001;Path=/;Secure;Max-Age=3600",
            "x-client-ip": "89.56.127.202",
            "accept-ranges": "bytes",
            "content-length": "20367"
        }
    }
]