,Attempt No.,uri,Deviation Count,Status Code,Response_Time,response_header_count,response_header_length,response_body_length,response_header_fields
0,0,https://www.apple.com/,0,200,0.09526491165161133,17,17,14258,"{'server': 'Apple', 'content-type': 'text/html; charset=utf-8', 'set-cookie': 'geo=DE; path=/; domain=.apple.com', 'x-frame-options': 'SAMEORIGIN', 'vary': 'Accept-Encoding', 'content-security-policy': ""default-src 'self' blob: data: *.akamaized.net *.apple.com *.apple-mapkit.com *.cdn-apple.com *.organicfruitapps.com; child-src blob: embed.music.apple.com embed.podcasts.apple.com https://recyclingprogram.apple.com swdlp.apple.com www.apple.com www.instagram.com platform.twitter.com www.youtube-nocookie.com; img-src 'unsafe-inline' blob: data: *.apple.com *.apple-mapkit.com *.cdn-apple.com *.mzstatic.com; script-src 'unsafe-inline' 'unsafe-eval' blob: *.apple.com *.apple-mapkit.com www.instagram.com platform.twitter.com; style-src 'unsafe-inline' *.apple.com"", 'referrer-policy': 'no-referrer-when-downgrade', 'strict-transport-security': 'max-age=31536000; includeSubdomains; preload', 'x-content-type-options': 'nosniff', 'x-xss-protection': '1; mode=block', 'content-encoding': 'gzip', 'cache-control': 'max-age=0', 'expires': 'Wed, 25 Oct 2023 12:33:12 GMT', 'date': 'Wed, 25 Oct 2023 12:33:12 GMT', 'transfer-encoding': 'chunked', 'x-cache': 'TCP_MEM_HIT from a2-17-34-236.deploy.akamaitechnologies.com (AkamaiGHost/11.3.0-51618102) (-)', 'connection': 'Transfer-Encoding'}"
1,1,https://www.apple.com/,0,200,0.10645651817321777,17,17,14258,"{'server': 'Apple', 'content-type': 'text/html; charset=utf-8', 'set-cookie': 'geo=DE; path=/; domain=.apple.com', 'x-frame-options': 'SAMEORIGIN', 'vary': 'Accept-Encoding', 'content-security-policy': ""default-src 'self' blob: data: *.akamaized.net *.apple.com *.apple-mapkit.com *.cdn-apple.com *.organicfruitapps.com; child-src blob: embed.music.apple.com embed.podcasts.apple.com https://recyclingprogram.apple.com swdlp.apple.com www.apple.com www.instagram.com platform.twitter.com www.youtube-nocookie.com; img-src 'unsafe-inline' blob: data: *.apple.com *.apple-mapkit.com *.cdn-apple.com *.mzstatic.com; script-src 'unsafe-inline' 'unsafe-eval' blob: *.apple.com *.apple-mapkit.com www.instagram.com platform.twitter.com; style-src 'unsafe-inline' *.apple.com"", 'referrer-policy': 'no-referrer-when-downgrade', 'strict-transport-security': 'max-age=31536000; includeSubdomains; preload', 'x-content-type-options': 'nosniff', 'x-xss-protection': '1; mode=block', 'content-encoding': 'gzip', 'cache-control': 'max-age=0', 'expires': 'Wed, 25 Oct 2023 12:33:22 GMT', 'date': 'Wed, 25 Oct 2023 12:33:22 GMT', 'transfer-encoding': 'chunked', 'x-cache': 'TCP_MEM_HIT from a2-17-34-236.deploy.akamaitechnologies.com (AkamaiGHost/11.3.0-51618102) (-)', 'connection': 'Transfer-Encoding'}"
2,2,https://www.apple.com/,0,200,0.18256187438964844,17,17,14257,"{'server': 'Apple', 'content-type': 'text/html; charset=utf-8', 'set-cookie': 'geo=DE; path=/; domain=.apple.com', 'x-frame-options': 'SAMEORIGIN', 'vary': 'Accept-Encoding', 'content-security-policy': ""default-src 'self' blob: data: *.akamaized.net *.apple.com *.apple-mapkit.com *.cdn-apple.com *.organicfruitapps.com; child-src blob: embed.music.apple.com embed.podcasts.apple.com https://recyclingprogram.apple.com swdlp.apple.com www.apple.com www.instagram.com platform.twitter.com www.youtube-nocookie.com; img-src 'unsafe-inline' blob: data: *.apple.com *.apple-mapkit.com *.cdn-apple.com *.mzstatic.com; script-src 'unsafe-inline' 'unsafe-eval' blob: *.apple.com *.apple-mapkit.com www.instagram.com platform.twitter.com; style-src 'unsafe-inline' *.apple.com"", 'referrer-policy': 'no-referrer-when-downgrade', 'strict-transport-security': 'max-age=31536000; includeSubdomains; preload', 'x-content-type-options': 'nosniff', 'x-xss-protection': '1; mode=block', 'content-encoding': 'gzip', 'cache-control': 'max-age=0', 'expires': 'Wed, 25 Oct 2023 12:33:31 GMT', 'date': 'Wed, 25 Oct 2023 12:33:31 GMT', 'transfer-encoding': 'chunked', 'x-cache': 'TCP_MEM_HIT from a2-17-34-234.deploy.akamaitechnologies.com (AkamaiGHost/11.3.0.1-51931778) (-)', 'connection': 'Transfer-Encoding'}"
3,3,https://www.apple.com/,0,200,0.052953243255615234,17,17,14257,"{'server': 'Apple', 'content-type': 'text/html; charset=utf-8', 'set-cookie': 'geo=DE; path=/; domain=.apple.com', 'x-frame-options': 'SAMEORIGIN', 'vary': 'Accept-Encoding', 'content-security-policy': ""default-src 'self' blob: data: *.akamaized.net *.apple.com *.apple-mapkit.com *.cdn-apple.com *.organicfruitapps.com; child-src blob: embed.music.apple.com embed.podcasts.apple.com https://recyclingprogram.apple.com swdlp.apple.com www.apple.com www.instagram.com platform.twitter.com www.youtube-nocookie.com; img-src 'unsafe-inline' blob: data: *.apple.com *.apple-mapkit.com *.cdn-apple.com *.mzstatic.com; script-src 'unsafe-inline' 'unsafe-eval' blob: *.apple.com *.apple-mapkit.com www.instagram.com platform.twitter.com; style-src 'unsafe-inline' *.apple.com"", 'referrer-policy': 'no-referrer-when-downgrade', 'strict-transport-security': 'max-age=31536000; includeSubdomains; preload', 'x-content-type-options': 'nosniff', 'x-xss-protection': '1; mode=block', 'content-encoding': 'gzip', 'cache-control': 'max-age=0', 'expires': 'Wed, 25 Oct 2023 12:33:41 GMT', 'date': 'Wed, 25 Oct 2023 12:33:41 GMT', 'transfer-encoding': 'chunked', 'x-cache': 'TCP_MEM_HIT from a2-17-34-234.deploy.akamaitechnologies.com (AkamaiGHost/11.3.0.1-51931778) (-)', 'connection': 'Transfer-Encoding'}"
4,4,https://www.apple.com/,0,200,0.05495619773864746,17,17,14257,"{'server': 'Apple', 'content-type': 'text/html; charset=utf-8', 'set-cookie': 'geo=DE; path=/; domain=.apple.com', 'x-frame-options': 'SAMEORIGIN', 'vary': 'Accept-Encoding', 'content-security-policy': ""default-src 'self' blob: data: *.akamaized.net *.apple.com *.apple-mapkit.com *.cdn-apple.com *.organicfruitapps.com; child-src blob: embed.music.apple.com embed.podcasts.apple.com https://recyclingprogram.apple.com swdlp.apple.com www.apple.com www.instagram.com platform.twitter.com www.youtube-nocookie.com; img-src 'unsafe-inline' blob: data: *.apple.com *.apple-mapkit.com *.cdn-apple.com *.mzstatic.com; script-src 'unsafe-inline' 'unsafe-eval' blob: *.apple.com *.apple-mapkit.com www.instagram.com platform.twitter.com; style-src 'unsafe-inline' *.apple.com"", 'referrer-policy': 'no-referrer-when-downgrade', 'strict-transport-security': 'max-age=31536000; includeSubdomains; preload', 'x-content-type-options': 'nosniff', 'x-xss-protection': '1; mode=block', 'content-encoding': 'gzip', 'cache-control': 'max-age=0', 'expires': 'Wed, 25 Oct 2023 12:33:51 GMT', 'date': 'Wed, 25 Oct 2023 12:33:51 GMT', 'transfer-encoding': 'chunked', 'x-cache': 'TCP_MEM_HIT from a2-17-34-234.deploy.akamaitechnologies.com (AkamaiGHost/11.3.0.1-51931778) (-)', 'connection': 'Transfer-Encoding'}"
5,5,https://www.apple.com/,0,200,0.08047223091125488,17,17,14258,"{'server': 'Apple', 'content-type': 'text/html; charset=utf-8', 'set-cookie': 'geo=DE; path=/; domain=.apple.com', 'x-frame-options': 'SAMEORIGIN', 'vary': 'Accept-Encoding', 'content-security-policy': ""default-src 'self' blob: data: *.akamaized.net *.apple.com *.apple-mapkit.com *.cdn-apple.com *.organicfruitapps.com; child-src blob: embed.music.apple.com embed.podcasts.apple.com https://recyclingprogram.apple.com swdlp.apple.com www.apple.com www.instagram.com platform.twitter.com www.youtube-nocookie.com; img-src 'unsafe-inline' blob: data: *.apple.com *.apple-mapkit.com *.cdn-apple.com *.mzstatic.com; script-src 'unsafe-inline' 'unsafe-eval' blob: *.apple.com *.apple-mapkit.com www.instagram.com platform.twitter.com; style-src 'unsafe-inline' *.apple.com"", 'referrer-policy': 'no-referrer-when-downgrade', 'strict-transport-security': 'max-age=31536000; includeSubdomains; preload', 'x-content-type-options': 'nosniff', 'x-xss-protection': '1; mode=block', 'content-encoding': 'gzip', 'cache-control': 'max-age=0', 'expires': 'Wed, 25 Oct 2023 12:34:00 GMT', 'date': 'Wed, 25 Oct 2023 12:34:00 GMT', 'transfer-encoding': 'chunked', 'x-cache': 'TCP_MEM_HIT from a2-17-34-236.deploy.akamaitechnologies.com (AkamaiGHost/11.3.0-51618102) (-)', 'connection': 'Transfer-Encoding'}"
6,6,https://www.apple.com/,0,200,0.07847809791564941,17,17,14257,"{'server': 'Apple', 'content-type': 'text/html; charset=utf-8', 'set-cookie': 'geo=DE; path=/; domain=.apple.com', 'x-frame-options': 'SAMEORIGIN', 'vary': 'Accept-Encoding', 'content-security-policy': ""default-src 'self' blob: data: *.akamaized.net *.apple.com *.apple-mapkit.com *.cdn-apple.com *.organicfruitapps.com; child-src blob: embed.music.apple.com embed.podcasts.apple.com https://recyclingprogram.apple.com swdlp.apple.com www.apple.com www.instagram.com platform.twitter.com www.youtube-nocookie.com; img-src 'unsafe-inline' blob: data: *.apple.com *.apple-mapkit.com *.cdn-apple.com *.mzstatic.com; script-src 'unsafe-inline' 'unsafe-eval' blob: *.apple.com *.apple-mapkit.com www.instagram.com platform.twitter.com; style-src 'unsafe-inline' *.apple.com"", 'referrer-policy': 'no-referrer-when-downgrade', 'strict-transport-security': 'max-age=31536000; includeSubdomains; preload', 'x-content-type-options': 'nosniff', 'x-xss-protection': '1; mode=block', 'content-encoding': 'gzip', 'cache-control': 'max-age=0', 'expires': 'Wed, 25 Oct 2023 12:34:11 GMT', 'date': 'Wed, 25 Oct 2023 12:34:11 GMT', 'transfer-encoding': 'chunked', 'x-cache': 'TCP_MEM_HIT from a2-17-34-234.deploy.akamaitechnologies.com (AkamaiGHost/11.3.0.1-51931778) (-)', 'connection': 'Transfer-Encoding'}"
7,7,https://www.apple.com/,0,200,0.07760930061340332,17,17,14262,"{'server': 'Apple', 'content-type': 'text/html; charset=utf-8', 'set-cookie': 'geo=DE; path=/; domain=.apple.com', 'x-frame-options': 'SAMEORIGIN', 'vary': 'Accept-Encoding', 'content-security-policy': ""default-src 'self' blob: data: *.akamaized.net *.apple.com *.apple-mapkit.com *.cdn-apple.com *.organicfruitapps.com; child-src blob: embed.music.apple.com embed.podcasts.apple.com https://recyclingprogram.apple.com swdlp.apple.com www.apple.com www.instagram.com platform.twitter.com www.youtube-nocookie.com; img-src 'unsafe-inline' blob: data: *.apple.com *.apple-mapkit.com *.cdn-apple.com *.mzstatic.com; script-src 'unsafe-inline' 'unsafe-eval' blob: *.apple.com *.apple-mapkit.com www.instagram.com platform.twitter.com; style-src 'unsafe-inline' *.apple.com"", 'referrer-policy': 'no-referrer-when-downgrade', 'strict-transport-security': 'max-age=31536000; includeSubdomains; preload', 'x-content-type-options': 'nosniff', 'x-xss-protection': '1; mode=block', 'content-encoding': 'gzip', 'cache-control': 'max-age=0', 'expires': 'Wed, 25 Oct 2023 12:34:20 GMT', 'date': 'Wed, 25 Oct 2023 12:34:20 GMT', 'transfer-encoding': 'chunked', 'x-cache': 'TCP_HIT from a2-17-34-236.deploy.akamaitechnologies.com (AkamaiGHost/11.3.0-51618102) (-)', 'connection': 'Transfer-Encoding'}"
8,8,https://www.apple.com/,0,200,0.10216069221496582,17,17,14258,"{'server': 'Apple', 'content-type': 'text/html; charset=utf-8', 'set-cookie': 'geo=DE; path=/; domain=.apple.com', 'x-frame-options': 'SAMEORIGIN', 'vary': 'Accept-Encoding', 'content-security-policy': ""default-src 'self' blob: data: *.akamaized.net *.apple.com *.apple-mapkit.com *.cdn-apple.com *.organicfruitapps.com; child-src blob: embed.music.apple.com embed.podcasts.apple.com https://recyclingprogram.apple.com swdlp.apple.com www.apple.com www.instagram.com platform.twitter.com www.youtube-nocookie.com; img-src 'unsafe-inline' blob: data: *.apple.com *.apple-mapkit.com *.cdn-apple.com *.mzstatic.com; script-src 'unsafe-inline' 'unsafe-eval' blob: *.apple.com *.apple-mapkit.com www.instagram.com platform.twitter.com; style-src 'unsafe-inline' *.apple.com"", 'referrer-policy': 'no-referrer-when-downgrade', 'strict-transport-security': 'max-age=31536000; includeSubdomains; preload', 'x-content-type-options': 'nosniff', 'x-xss-protection': '1; mode=block', 'content-encoding': 'gzip', 'cache-control': 'max-age=0', 'expires': 'Wed, 25 Oct 2023 12:34:29 GMT', 'date': 'Wed, 25 Oct 2023 12:34:29 GMT', 'transfer-encoding': 'chunked', 'x-cache': 'TCP_MEM_HIT from a2-17-34-236.deploy.akamaitechnologies.com (AkamaiGHost/11.3.0-51618102) (-)', 'connection': 'Transfer-Encoding'}"
9,9,https://www.apple.com/,0,200,0.10439467430114746,17,17,14258,"{'server': 'Apple', 'content-type': 'text/html; charset=utf-8', 'set-cookie': 'geo=DE; path=/; domain=.apple.com', 'x-frame-options': 'SAMEORIGIN', 'vary': 'Accept-Encoding', 'content-security-policy': ""default-src 'self' blob: data: *.akamaized.net *.apple.com *.apple-mapkit.com *.cdn-apple.com *.organicfruitapps.com; child-src blob: embed.music.apple.com embed.podcasts.apple.com https://recyclingprogram.apple.com swdlp.apple.com www.apple.com www.instagram.com platform.twitter.com www.youtube-nocookie.com; img-src 'unsafe-inline' blob: data: *.apple.com *.apple-mapkit.com *.cdn-apple.com *.mzstatic.com; script-src 'unsafe-inline' 'unsafe-eval' blob: *.apple.com *.apple-mapkit.com www.instagram.com platform.twitter.com; style-src 'unsafe-inline' *.apple.com"", 'referrer-policy': 'no-referrer-when-downgrade', 'strict-transport-security': 'max-age=31536000; includeSubdomains; preload', 'x-content-type-options': 'nosniff', 'x-xss-protection': '1; mode=block', 'content-encoding': 'gzip', 'cache-control': 'max-age=0', 'expires': 'Wed, 25 Oct 2023 12:34:40 GMT', 'date': 'Wed, 25 Oct 2023 12:34:40 GMT', 'transfer-encoding': 'chunked', 'x-cache': 'TCP_MEM_HIT from a2-17-34-236.deploy.akamaitechnologies.com (AkamaiGHost/11.3.0-51618102) (-)', 'connection': 'Transfer-Encoding'}"
