number,request,deviation_count,uri,request_length,http_version,Socket_Connect_Time,Socket_Close_Time,Response_Time,status_code,reason_phrase,error_message,response_header_count,response_header_length,response_body_length,response_header_fields
0,"GET https://www.apple.com/  HTTP/1.1
Host: www.apple.com
User-Agent: Mozilla/5.0 (Windows NT 10.0; rv:102.0) Gecko/20100101 Firefox/102.0
Accept: text/html,application/xhtml+xml,application/xml;q=0.9,image/avif,image/webp,*/*;q=0.8
Accept-Encoding: gzip, deflate, br
Accept-Language: en-US,en;q=0.5
DNT: 1
Connection: keep-alive
Upgrade-Insecure-Requests: 1
Sec-Fetch-Dest: document
Sec-Fetch-Mode: navigate
Sec-Fetch-Site: cross-site

",0,https://www.apple.com/,449,HTTP/1.1,0.3426482677459717,0.1070702075958252,0.09526491165161133,200,OK,[''],17,17,14258,"{""server"": ""Apple"", ""content-type"": ""text/html; charset=utf-8"", ""set-cookie"": ""geo=DE; path=/; domain=.apple.com"", ""x-frame-options"": ""SAMEORIGIN"", ""vary"": ""Accept-Encoding"", ""content-security-policy"": ""default-src 'self' blob: data: *.akamaized.net *.apple.com *.apple-mapkit.com *.cdn-apple.com *.organicfruitapps.com; child-src blob: embed.music.apple.com embed.podcasts.apple.com https://recyclingprogram.apple.com swdlp.apple.com www.apple.com www.instagram.com platform.twitter.com www.youtube-nocookie.com; img-src 'unsafe-inline' blob: data: *.apple.com *.apple-mapkit.com *.cdn-apple.com *.mzstatic.com; script-src 'unsafe-inline' 'unsafe-eval' blob: *.apple.com *.apple-mapkit.com www.instagram.com platform.twitter.com; style-src 'unsafe-inline' *.apple.com"", ""referrer-policy"": ""no-referrer-when-downgrade"", ""strict-transport-security"": ""max-age=31536000; includeSubdomains; preload"", ""x-content-type-options"": ""nosniff"", ""x-xss-protection"": ""1; mode=block"", ""content-encoding"": ""gzip"", ""cache-control"": ""max-age=0"", ""expires"": ""Wed, 25 Oct 2023 12:33:12 GMT"", ""date"": ""Wed, 25 Oct 2023 12:33:12 GMT"", ""transfer-encoding"": ""chunked"", ""x-cache"": ""TCP_MEM_HIT from a2-17-34-236.deploy.akamaitechnologies.com (AkamaiGHost/11.3.0-51618102) (-)"", ""connection"": ""Transfer-Encoding""}"
1,"GET https://www.apple.com/  HTTP/1.1
Host: www.apple.com
User-Agent: Mozilla/5.0 (Windows NT 10.0; rv:102.0) Gecko/20100101 Firefox/102.0
Accept: text/html,application/xhtml+xml,application/xml;q=0.9,image/avif,image/webp,*/*;q=0.8
Accept-Encoding: gzip, deflate, br
Accept-Language: en-US,en;q=0.5
DNT: 1
Connection: keep-alive
Upgrade-Insecure-Requests: 1
Sec-Fetch-Dest: document
Sec-Fetch-Mode: navigate
Sec-Fetch-Site: cross-site

",0,https://www.apple.com/,449,HTTP/1.1,0.17229771614074707,0.10581707954406738,0.10645651817321777,200,OK,[''],17,17,14258,"{""server"": ""Apple"", ""content-type"": ""text/html; charset=utf-8"", ""set-cookie"": ""geo=DE; path=/; domain=.apple.com"", ""x-frame-options"": ""SAMEORIGIN"", ""vary"": ""Accept-Encoding"", ""content-security-policy"": ""default-src 'self' blob: data: *.akamaized.net *.apple.com *.apple-mapkit.com *.cdn-apple.com *.organicfruitapps.com; child-src blob: embed.music.apple.com embed.podcasts.apple.com https://recyclingprogram.apple.com swdlp.apple.com www.apple.com www.instagram.com platform.twitter.com www.youtube-nocookie.com; img-src 'unsafe-inline' blob: data: *.apple.com *.apple-mapkit.com *.cdn-apple.com *.mzstatic.com; script-src 'unsafe-inline' 'unsafe-eval' blob: *.apple.com *.apple-mapkit.com www.instagram.com platform.twitter.com; style-src 'unsafe-inline' *.apple.com"", ""referrer-policy"": ""no-referrer-when-downgrade"", ""strict-transport-security"": ""max-age=31536000; includeSubdomains; preload"", ""x-content-type-options"": ""nosniff"", ""x-xss-protection"": ""1; mode=block"", ""content-encoding"": ""gzip"", ""cache-control"": ""max-age=0"", ""expires"": ""Wed, 25 Oct 2023 12:33:22 GMT"", ""date"": ""Wed, 25 Oct 2023 12:33:22 GMT"", ""transfer-encoding"": ""chunked"", ""x-cache"": ""TCP_MEM_HIT from a2-17-34-236.deploy.akamaitechnologies.com (AkamaiGHost/11.3.0-51618102) (-)"", ""connection"": ""Transfer-Encoding""}"
2,"GET https://www.apple.com/  HTTP/1.1
Host: www.apple.com
User-Agent: Mozilla/5.0 (Windows NT 10.0; rv:102.0) Gecko/20100101 Firefox/102.0
Accept: text/html,application/xhtml+xml,application/xml;q=0.9,image/avif,image/webp,*/*;q=0.8
Accept-Encoding: gzip, deflate, br
Accept-Language: en-US,en;q=0.5
DNT: 1
Connection: keep-alive
Upgrade-Insecure-Requests: 1
Sec-Fetch-Dest: document
Sec-Fetch-Mode: navigate
Sec-Fetch-Site: cross-site

",0,https://www.apple.com/,449,HTTP/1.1,0.20899629592895508,0.10501265525817871,0.18256187438964844,200,OK,[''],17,17,14257,"{""server"": ""Apple"", ""content-type"": ""text/html; charset=utf-8"", ""set-cookie"": ""geo=DE; path=/; domain=.apple.com"", ""x-frame-options"": ""SAMEORIGIN"", ""vary"": ""Accept-Encoding"", ""content-security-policy"": ""default-src 'self' blob: data: *.akamaized.net *.apple.com *.apple-mapkit.com *.cdn-apple.com *.organicfruitapps.com; child-src blob: embed.music.apple.com embed.podcasts.apple.com https://recyclingprogram.apple.com swdlp.apple.com www.apple.com www.instagram.com platform.twitter.com www.youtube-nocookie.com; img-src 'unsafe-inline' blob: data: *.apple.com *.apple-mapkit.com *.cdn-apple.com *.mzstatic.com; script-src 'unsafe-inline' 'unsafe-eval' blob: *.apple.com *.apple-mapkit.com www.instagram.com platform.twitter.com; style-src 'unsafe-inline' *.apple.com"", ""referrer-policy"": ""no-referrer-when-downgrade"", ""strict-transport-security"": ""max-age=31536000; includeSubdomains; preload"", ""x-content-type-options"": ""nosniff"", ""x-xss-protection"": ""1; mode=block"", ""content-encoding"": ""gzip"", ""cache-control"": ""max-age=0"", ""expires"": ""Wed, 25 Oct 2023 12:33:31 GMT"", ""date"": ""Wed, 25 Oct 2023 12:33:31 GMT"", ""transfer-encoding"": ""chunked"", ""x-cache"": ""TCP_MEM_HIT from a2-17-34-234.deploy.akamaitechnologies.com (AkamaiGHost/11.3.0.1-51931778) (-)"", ""connection"": ""Transfer-Encoding""}"
3,"GET https://www.apple.com/  HTTP/1.1
Host: www.apple.com
User-Agent: Mozilla/5.0 (Windows NT 10.0; rv:102.0) Gecko/20100101 Firefox/102.0
Accept: text/html,application/xhtml+xml,application/xml;q=0.9,image/avif,image/webp,*/*;q=0.8
Accept-Encoding: gzip, deflate, br
Accept-Language: en-US,en;q=0.5
DNT: 1
Connection: keep-alive
Upgrade-Insecure-Requests: 1
Sec-Fetch-Dest: document
Sec-Fetch-Mode: navigate
Sec-Fetch-Site: cross-site

",0,https://www.apple.com/,449,HTTP/1.1,0.17087364196777344,0.11352324485778809,0.052953243255615234,200,OK,[''],17,17,14257,"{""server"": ""Apple"", ""content-type"": ""text/html; charset=utf-8"", ""set-cookie"": ""geo=DE; path=/; domain=.apple.com"", ""x-frame-options"": ""SAMEORIGIN"", ""vary"": ""Accept-Encoding"", ""content-security-policy"": ""default-src 'self' blob: data: *.akamaized.net *.apple.com *.apple-mapkit.com *.cdn-apple.com *.organicfruitapps.com; child-src blob: embed.music.apple.com embed.podcasts.apple.com https://recyclingprogram.apple.com swdlp.apple.com www.apple.com www.instagram.com platform.twitter.com www.youtube-nocookie.com; img-src 'unsafe-inline' blob: data: *.apple.com *.apple-mapkit.com *.cdn-apple.com *.mzstatic.com; script-src 'unsafe-inline' 'unsafe-eval' blob: *.apple.com *.apple-mapkit.com www.instagram.com platform.twitter.com; style-src 'unsafe-inline' *.apple.com"", ""referrer-policy"": ""no-referrer-when-downgrade"", ""strict-transport-security"": ""max-age=31536000; includeSubdomains; preload"", ""x-content-type-options"": ""nosniff"", ""x-xss-protection"": ""1; mode=block"", ""content-encoding"": ""gzip"", ""cache-control"": ""max-age=0"", ""expires"": ""Wed, 25 Oct 2023 12:33:41 GMT"", ""date"": ""Wed, 25 Oct 2023 12:33:41 GMT"", ""transfer-encoding"": ""chunked"", ""x-cache"": ""TCP_MEM_HIT from a2-17-34-234.deploy.akamaitechnologies.com (AkamaiGHost/11.3.0.1-51931778) (-)"", ""connection"": ""Transfer-Encoding""}"
4,"GET https://www.apple.com/  HTTP/1.1
Host: www.apple.com
User-Agent: Mozilla/5.0 (Windows NT 10.0; rv:102.0) Gecko/20100101 Firefox/102.0
Accept: text/html,application/xhtml+xml,application/xml;q=0.9,image/avif,image/webp,*/*;q=0.8
Accept-Encoding: gzip, deflate, br
Accept-Language: en-US,en;q=0.5
DNT: 1
Connection: keep-alive
Upgrade-Insecure-Requests: 1
Sec-Fetch-Dest: document
Sec-Fetch-Mode: navigate
Sec-Fetch-Site: cross-site

",0,https://www.apple.com/,449,HTTP/1.1,0.13998770713806152,0.10051512718200684,0.05495619773864746,200,OK,[''],17,17,14257,"{""server"": ""Apple"", ""content-type"": ""text/html; charset=utf-8"", ""set-cookie"": ""geo=DE; path=/; domain=.apple.com"", ""x-frame-options"": ""SAMEORIGIN"", ""vary"": ""Accept-Encoding"", ""content-security-policy"": ""default-src 'self' blob: data: *.akamaized.net *.apple.com *.apple-mapkit.com *.cdn-apple.com *.organicfruitapps.com; child-src blob: embed.music.apple.com embed.podcasts.apple.com https://recyclingprogram.apple.com swdlp.apple.com www.apple.com www.instagram.com platform.twitter.com www.youtube-nocookie.com; img-src 'unsafe-inline' blob: data: *.apple.com *.apple-mapkit.com *.cdn-apple.com *.mzstatic.com; script-src 'unsafe-inline' 'unsafe-eval' blob: *.apple.com *.apple-mapkit.com www.instagram.com platform.twitter.com; style-src 'unsafe-inline' *.apple.com"", ""referrer-policy"": ""no-referrer-when-downgrade"", ""strict-transport-security"": ""max-age=31536000; includeSubdomains; preload"", ""x-content-type-options"": ""nosniff"", ""x-xss-protection"": ""1; mode=block"", ""content-encoding"": ""gzip"", ""cache-control"": ""max-age=0"", ""expires"": ""Wed, 25 Oct 2023 12:33:51 GMT"", ""date"": ""Wed, 25 Oct 2023 12:33:51 GMT"", ""transfer-encoding"": ""chunked"", ""x-cache"": ""TCP_MEM_HIT from a2-17-34-234.deploy.akamaitechnologies.com (AkamaiGHost/11.3.0.1-51931778) (-)"", ""connection"": ""Transfer-Encoding""}"
5,"GET https://www.apple.com/  HTTP/1.1
Host: www.apple.com
User-Agent: Mozilla/5.0 (Windows NT 10.0; rv:102.0) Gecko/20100101 Firefox/102.0
Accept: text/html,application/xhtml+xml,application/xml;q=0.9,image/avif,image/webp,*/*;q=0.8
Accept-Encoding: gzip, deflate, br
Accept-Language: en-US,en;q=0.5
DNT: 1
Connection: keep-alive
Upgrade-Insecure-Requests: 1
Sec-Fetch-Dest: document
Sec-Fetch-Mode: navigate
Sec-Fetch-Site: cross-site

",0,https://www.apple.com/,449,HTTP/1.1,0.22944879531860352,0.18709945678710938,0.08047223091125488,200,OK,[''],17,17,14258,"{""server"": ""Apple"", ""content-type"": ""text/html; charset=utf-8"", ""set-cookie"": ""geo=DE; path=/; domain=.apple.com"", ""x-frame-options"": ""SAMEORIGIN"", ""vary"": ""Accept-Encoding"", ""content-security-policy"": ""default-src 'self' blob: data: *.akamaized.net *.apple.com *.apple-mapkit.com *.cdn-apple.com *.organicfruitapps.com; child-src blob: embed.music.apple.com embed.podcasts.apple.com https://recyclingprogram.apple.com swdlp.apple.com www.apple.com www.instagram.com platform.twitter.com www.youtube-nocookie.com; img-src 'unsafe-inline' blob: data: *.apple.com *.apple-mapkit.com *.cdn-apple.com *.mzstatic.com; script-src 'unsafe-inline' 'unsafe-eval' blob: *.apple.com *.apple-mapkit.com www.instagram.com platform.twitter.com; style-src 'unsafe-inline' *.apple.com"", ""referrer-policy"": ""no-referrer-when-downgrade"", ""strict-transport-security"": ""max-age=31536000; includeSubdomains; preload"", ""x-content-type-options"": ""nosniff"", ""x-xss-protection"": ""1; mode=block"", ""content-encoding"": ""gzip"", ""cache-control"": ""max-age=0"", ""expires"": ""Wed, 25 Oct 2023 12:34:00 GMT"", ""date"": ""Wed, 25 Oct 2023 12:34:00 GMT"", ""transfer-encoding"": ""chunked"", ""x-cache"": ""TCP_MEM_HIT from a2-17-34-236.deploy.akamaitechnologies.com (AkamaiGHost/11.3.0-51618102) (-)"", ""connection"": ""Transfer-Encoding""}"
6,"GET https://www.apple.com/  HTTP/1.1
Host: www.apple.com
User-Agent: Mozilla/5.0 (Windows NT 10.0; rv:102.0) Gecko/20100101 Firefox/102.0
Accept: text/html,application/xhtml+xml,application/xml;q=0.9,image/avif,image/webp,*/*;q=0.8
Accept-Encoding: gzip, deflate, br
Accept-Language: en-US,en;q=0.5
DNT: 1
Connection: keep-alive
Upgrade-Insecure-Requests: 1
Sec-Fetch-Dest: document
Sec-Fetch-Mode: navigate
Sec-Fetch-Site: cross-site

",0,https://www.apple.com/,449,HTTP/1.1,0.14984655380249023,0.11252427101135254,0.07847809791564941,200,OK,[''],17,17,14257,"{""server"": ""Apple"", ""content-type"": ""text/html; charset=utf-8"", ""set-cookie"": ""geo=DE; path=/; domain=.apple.com"", ""x-frame-options"": ""SAMEORIGIN"", ""vary"": ""Accept-Encoding"", ""content-security-policy"": ""default-src 'self' blob: data: *.akamaized.net *.apple.com *.apple-mapkit.com *.cdn-apple.com *.organicfruitapps.com; child-src blob: embed.music.apple.com embed.podcasts.apple.com https://recyclingprogram.apple.com swdlp.apple.com www.apple.com www.instagram.com platform.twitter.com www.youtube-nocookie.com; img-src 'unsafe-inline' blob: data: *.apple.com *.apple-mapkit.com *.cdn-apple.com *.mzstatic.com; script-src 'unsafe-inline' 'unsafe-eval' blob: *.apple.com *.apple-mapkit.com www.instagram.com platform.twitter.com; style-src 'unsafe-inline' *.apple.com"", ""referrer-policy"": ""no-referrer-when-downgrade"", ""strict-transport-security"": ""max-age=31536000; includeSubdomains; preload"", ""x-content-type-options"": ""nosniff"", ""x-xss-protection"": ""1; mode=block"", ""content-encoding"": ""gzip"", ""cache-control"": ""max-age=0"", ""expires"": ""Wed, 25 Oct 2023 12:34:11 GMT"", ""date"": ""Wed, 25 Oct 2023 12:34:11 GMT"", ""transfer-encoding"": ""chunked"", ""x-cache"": ""TCP_MEM_HIT from a2-17-34-234.deploy.akamaitechnologies.com (AkamaiGHost/11.3.0.1-51931778) (-)"", ""connection"": ""Transfer-Encoding""}"
7,"GET https://www.apple.com/  HTTP/1.1
Host: www.apple.com
User-Agent: Mozilla/5.0 (Windows NT 10.0; rv:102.0) Gecko/20100101 Firefox/102.0
Accept: text/html,application/xhtml+xml,application/xml;q=0.9,image/avif,image/webp,*/*;q=0.8
Accept-Encoding: gzip, deflate, br
Accept-Language: en-US,en;q=0.5
DNT: 1
Connection: keep-alive
Upgrade-Insecure-Requests: 1
Sec-Fetch-Dest: document
Sec-Fetch-Mode: navigate
Sec-Fetch-Site: cross-site

",0,https://www.apple.com/,449,HTTP/1.1,0.16693973541259766,0.11333131790161133,0.07760930061340332,200,OK,[''],17,17,14262,"{""server"": ""Apple"", ""content-type"": ""text/html; charset=utf-8"", ""set-cookie"": ""geo=DE; path=/; domain=.apple.com"", ""x-frame-options"": ""SAMEORIGIN"", ""vary"": ""Accept-Encoding"", ""content-security-policy"": ""default-src 'self' blob: data: *.akamaized.net *.apple.com *.apple-mapkit.com *.cdn-apple.com *.organicfruitapps.com; child-src blob: embed.music.apple.com embed.podcasts.apple.com https://recyclingprogram.apple.com swdlp.apple.com www.apple.com www.instagram.com platform.twitter.com www.youtube-nocookie.com; img-src 'unsafe-inline' blob: data: *.apple.com *.apple-mapkit.com *.cdn-apple.com *.mzstatic.com; script-src 'unsafe-inline' 'unsafe-eval' blob: *.apple.com *.apple-mapkit.com www.instagram.com platform.twitter.com; style-src 'unsafe-inline' *.apple.com"", ""referrer-policy"": ""no-referrer-when-downgrade"", ""strict-transport-security"": ""max-age=31536000; includeSubdomains; preload"", ""x-content-type-options"": ""nosniff"", ""x-xss-protection"": ""1; mode=block"", ""content-encoding"": ""gzip"", ""cache-control"": ""max-age=0"", ""expires"": ""Wed, 25 Oct 2023 12:34:20 GMT"", ""date"": ""Wed, 25 Oct 2023 12:34:20 GMT"", ""transfer-encoding"": ""chunked"", ""x-cache"": ""TCP_HIT from a2-17-34-236.deploy.akamaitechnologies.com (AkamaiGHost/11.3.0-51618102) (-)"", ""connection"": ""Transfer-Encoding""}"
8,"GET https://www.apple.com/  HTTP/1.1
Host: www.apple.com
User-Agent: Mozilla/5.0 (Windows NT 10.0; rv:102.0) Gecko/20100101 Firefox/102.0
Accept: text/html,application/xhtml+xml,application/xml;q=0.9,image/avif,image/webp,*/*;q=0.8
Accept-Encoding: gzip, deflate, br
Accept-Language: en-US,en;q=0.5
DNT: 1
Connection: keep-alive
Upgrade-Insecure-Requests: 1
Sec-Fetch-Dest: document
Sec-Fetch-Mode: navigate
Sec-Fetch-Site: cross-site

",0,https://www.apple.com/,449,HTTP/1.1,0.16018033027648926,0.11397719383239746,0.10216069221496582,200,OK,[''],17,17,14258,"{""server"": ""Apple"", ""content-type"": ""text/html; charset=utf-8"", ""set-cookie"": ""geo=DE; path=/; domain=.apple.com"", ""x-frame-options"": ""SAMEORIGIN"", ""vary"": ""Accept-Encoding"", ""content-security-policy"": ""default-src 'self' blob: data: *.akamaized.net *.apple.com *.apple-mapkit.com *.cdn-apple.com *.organicfruitapps.com; child-src blob: embed.music.apple.com embed.podcasts.apple.com https://recyclingprogram.apple.com swdlp.apple.com www.apple.com www.instagram.com platform.twitter.com www.youtube-nocookie.com; img-src 'unsafe-inline' blob: data: *.apple.com *.apple-mapkit.com *.cdn-apple.com *.mzstatic.com; script-src 'unsafe-inline' 'unsafe-eval' blob: *.apple.com *.apple-mapkit.com www.instagram.com platform.twitter.com; style-src 'unsafe-inline' *.apple.com"", ""referrer-policy"": ""no-referrer-when-downgrade"", ""strict-transport-security"": ""max-age=31536000; includeSubdomains; preload"", ""x-content-type-options"": ""nosniff"", ""x-xss-protection"": ""1; mode=block"", ""content-encoding"": ""gzip"", ""cache-control"": ""max-age=0"", ""expires"": ""Wed, 25 Oct 2023 12:34:29 GMT"", ""date"": ""Wed, 25 Oct 2023 12:34:29 GMT"", ""transfer-encoding"": ""chunked"", ""x-cache"": ""TCP_MEM_HIT from a2-17-34-236.deploy.akamaitechnologies.com (AkamaiGHost/11.3.0-51618102) (-)"", ""connection"": ""Transfer-Encoding""}"
9,"GET https://www.apple.com/  HTTP/1.1
Host: www.apple.com
User-Agent: Mozilla/5.0 (Windows NT 10.0; rv:102.0) Gecko/20100101 Firefox/102.0
Accept: text/html,application/xhtml+xml,application/xml;q=0.9,image/avif,image/webp,*/*;q=0.8
Accept-Encoding: gzip, deflate, br
Accept-Language: en-US,en;q=0.5
DNT: 1
Connection: keep-alive
Upgrade-Insecure-Requests: 1
Sec-Fetch-Dest: document
Sec-Fetch-Mode: navigate
Sec-Fetch-Site: cross-site

",0,https://www.apple.com/,449,HTTP/1.1,0.3150956630706787,0.10834908485412598,0.10439467430114746,200,OK,[''],17,17,14258,"{""server"": ""Apple"", ""content-type"": ""text/html; charset=utf-8"", ""set-cookie"": ""geo=DE; path=/; domain=.apple.com"", ""x-frame-options"": ""SAMEORIGIN"", ""vary"": ""Accept-Encoding"", ""content-security-policy"": ""default-src 'self' blob: data: *.akamaized.net *.apple.com *.apple-mapkit.com *.cdn-apple.com *.organicfruitapps.com; child-src blob: embed.music.apple.com embed.podcasts.apple.com https://recyclingprogram.apple.com swdlp.apple.com www.apple.com www.instagram.com platform.twitter.com www.youtube-nocookie.com; img-src 'unsafe-inline' blob: data: *.apple.com *.apple-mapkit.com *.cdn-apple.com *.mzstatic.com; script-src 'unsafe-inline' 'unsafe-eval' blob: *.apple.com *.apple-mapkit.com www.instagram.com platform.twitter.com; style-src 'unsafe-inline' *.apple.com"", ""referrer-policy"": ""no-referrer-when-downgrade"", ""strict-transport-security"": ""max-age=31536000; includeSubdomains; preload"", ""x-content-type-options"": ""nosniff"", ""x-xss-protection"": ""1; mode=block"", ""content-encoding"": ""gzip"", ""cache-control"": ""max-age=0"", ""expires"": ""Wed, 25 Oct 2023 12:34:40 GMT"", ""date"": ""Wed, 25 Oct 2023 12:34:40 GMT"", ""transfer-encoding"": ""chunked"", ""x-cache"": ""TCP_MEM_HIT from a2-17-34-236.deploy.akamaitechnologies.com (AkamaiGHost/11.3.0-51618102) (-)"", ""connection"": ""Transfer-Encoding""}"
