[
    {
        "number": 0,
        "request": "GET https://www.apple.com/  HTTP/1.1\r\nHost: www.apple.com\r\nUser-Agent: Mozilla/5.0 (Windows NT 10.0; rv:102.0) Gecko/20100101 Firefox/102.0\r\nAccept: text/html,application/xhtml+xml,application/xml;q=0.9,image/avif,image/webp,*/*;q=0.8\r\nAccept-Encoding: gzip, deflate, br\r\nAccept-Language: en-US,en;q=0.5\r\nDNT: 1\r\nConnection: keep-alive\r\nUpgrade-Insecure-Requests: 1\r\nSec-Fetch-Dest: document\r\nSec-Fetch-Mode: navigate\r\nSec-Fetch-Site: cross-site\r\n\r\n",
        "deviation_count": 0,
        "uri": "https://www.apple.com/",
        "request_length": 449,
        "Response_Time": 0.09526491165161133,
        "status_code": 200,
        "reason_phrase": "OK",
        "error_message": [
            ""
        ],
        "response_header_count": 17,
        "response_header_length": 17,
        "response_body_length": 14258,
        "response_header_fields": {
            "server": "Apple",
            "content-type": "text/html; charset=utf-8",
            "set-cookie": "geo=DE; path=/; domain=.apple.com",
            "x-frame-options": "SAMEORIGIN",
            "vary": "Accept-Encoding",
            "content-security-policy": "default-src 'self' blob: data: *.akamaized.net *.apple.com *.apple-mapkit.com *.cdn-apple.com *.organicfruitapps.com; child-src blob: embed.music.apple.com embed.podcasts.apple.com https://recyclingprogram.apple.com swdlp.apple.com www.apple.com www.instagram.com platform.twitter.com www.youtube-nocookie.com; img-src 'unsafe-inline' blob: data: *.apple.com *.apple-mapkit.com *.cdn-apple.com *.mzstatic.com; script-src 'unsafe-inline' 'unsafe-eval' blob: *.apple.com *.apple-mapkit.com www.instagram.com platform.twitter.com; style-src 'unsafe-inline' *.apple.com",
            "referrer-policy": "no-referrer-when-downgrade",
            "strict-transport-security": "max-age=31536000; includeSubdomains; preload",
            "x-content-type-options": "nosniff",
            "x-xss-protection": "1; mode=block",
            "content-encoding": "gzip",
            "cache-control": "max-age=0",
            "expires": "Wed, 25 Oct 2023 12:33:12 GMT",
            "date": "Wed, 25 Oct 2023 12:33:12 GMT",
            "transfer-encoding": "chunked",
            "x-cache": "TCP_MEM_HIT from a2-17-34-236.deploy.akamaitechnologies.com (AkamaiGHost/11.3.0-51618102) (-)",
            "connection": "Transfer-Encoding"
        }
    },
    {
        "number": 1,
        "request": "GET https://www.apple.com/  HTTP/1.1\r\nHost: www.apple.com\r\nUser-Agent: Mozilla/5.0 (Windows NT 10.0; rv:102.0) Gecko/20100101 Firefox/102.0\r\nAccept: text/html,application/xhtml+xml,application/xml;q=0.9,image/avif,image/webp,*/*;q=0.8\r\nAccept-Encoding: gzip, deflate, br\r\nAccept-Language: en-US,en;q=0.5\r\nDNT: 1\r\nConnection: keep-alive\r\nUpgrade-Insecure-Requests: 1\r\nSec-Fetch-Dest: document\r\nSec-Fetch-Mode: navigate\r\nSec-Fetch-Site: cross-site\r\n\r\n",
        "deviation_count": 0,
        "uri": "https://www.apple.com/",
        "request_length": 449,
        "Response_Time": 0.10645651817321777,
        "status_code": 200,
        "reason_phrase": "OK",
        "error_message": [
            ""
        ],
        "response_header_count": 17,
        "response_header_length": 17,
        "response_body_length": 14258,
        "response_header_fields": {
            "server": "Apple",
            "content-type": "text/html; charset=utf-8",
            "set-cookie": "geo=DE; path=/; domain=.apple.com",
            "x-frame-options": "SAMEORIGIN",
            "vary": "Accept-Encoding",
            "content-security-policy": "default-src 'self' blob: data: *.akamaized.net *.apple.com *.apple-mapkit.com *.cdn-apple.com *.organicfruitapps.com; child-src blob: embed.music.apple.com embed.podcasts.apple.com https://recyclingprogram.apple.com swdlp.apple.com www.apple.com www.instagram.com platform.twitter.com www.youtube-nocookie.com; img-src 'unsafe-inline' blob: data: *.apple.com *.apple-mapkit.com *.cdn-apple.com *.mzstatic.com; script-src 'unsafe-inline' 'unsafe-eval' blob: *.apple.com *.apple-mapkit.com www.instagram.com platform.twitter.com; style-src 'unsafe-inline' *.apple.com",
            "referrer-policy": "no-referrer-when-downgrade",
            "strict-transport-security": "max-age=31536000; includeSubdomains; preload",
            "x-content-type-options": "nosniff",
            "x-xss-protection": "1; mode=block",
            "content-encoding": "gzip",
            "cache-control": "max-age=0",
            "expires": "Wed, 25 Oct 2023 12:33:22 GMT",
            "date": "Wed, 25 Oct 2023 12:33:22 GMT",
            "transfer-encoding": "chunked",
            "x-cache": "TCP_MEM_HIT from a2-17-34-236.deploy.akamaitechnologies.com (AkamaiGHost/11.3.0-51618102) (-)",
            "connection": "Transfer-Encoding"
        }
    },
    {
        "number": 2,
        "request": "GET https://www.apple.com/  HTTP/1.1\r\nHost: www.apple.com\r\nUser-Agent: Mozilla/5.0 (Windows NT 10.0; rv:102.0) Gecko/20100101 Firefox/102.0\r\nAccept: text/html,application/xhtml+xml,application/xml;q=0.9,image/avif,image/webp,*/*;q=0.8\r\nAccept-Encoding: gzip, deflate, br\r\nAccept-Language: en-US,en;q=0.5\r\nDNT: 1\r\nConnection: keep-alive\r\nUpgrade-Insecure-Requests: 1\r\nSec-Fetch-Dest: document\r\nSec-Fetch-Mode: navigate\r\nSec-Fetch-Site: cross-site\r\n\r\n",
        "deviation_count": 0,
        "uri": "https://www.apple.com/",
        "request_length": 449,
        "Response_Time": 0.18256187438964844,
        "status_code": 200,
        "reason_phrase": "OK",
        "error_message": [
            ""
        ],
        "response_header_count": 17,
        "response_header_length": 17,
        "response_body_length": 14257,
        "response_header_fields": {
            "server": "Apple",
            "content-type": "text/html; charset=utf-8",
            "set-cookie": "geo=DE; path=/; domain=.apple.com",
            "x-frame-options": "SAMEORIGIN",
            "vary": "Accept-Encoding",
            "content-security-policy": "default-src 'self' blob: data: *.akamaized.net *.apple.com *.apple-mapkit.com *.cdn-apple.com *.organicfruitapps.com; child-src blob: embed.music.apple.com embed.podcasts.apple.com https://recyclingprogram.apple.com swdlp.apple.com www.apple.com www.instagram.com platform.twitter.com www.youtube-nocookie.com; img-src 'unsafe-inline' blob: data: *.apple.com *.apple-mapkit.com *.cdn-apple.com *.mzstatic.com; script-src 'unsafe-inline' 'unsafe-eval' blob: *.apple.com *.apple-mapkit.com www.instagram.com platform.twitter.com; style-src 'unsafe-inline' *.apple.com",
            "referrer-policy": "no-referrer-when-downgrade",
            "strict-transport-security": "max-age=31536000; includeSubdomains; preload",
            "x-content-type-options": "nosniff",
            "x-xss-protection": "1; mode=block",
            "content-encoding": "gzip",
            "cache-control": "max-age=0",
            "expires": "Wed, 25 Oct 2023 12:33:31 GMT",
            "date": "Wed, 25 Oct 2023 12:33:31 GMT",
            "transfer-encoding": "chunked",
            "x-cache": "TCP_MEM_HIT from a2-17-34-234.deploy.akamaitechnologies.com (AkamaiGHost/11.3.0.1-51931778) (-)",
            "connection": "Transfer-Encoding"
        }
    },
    {
        "number": 3,
        "request": "GET https://www.apple.com/  HTTP/1.1\r\nHost: www.apple.com\r\nUser-Agent: Mozilla/5.0 (Windows NT 10.0; rv:102.0) Gecko/20100101 Firefox/102.0\r\nAccept: text/html,application/xhtml+xml,application/xml;q=0.9,image/avif,image/webp,*/*;q=0.8\r\nAccept-Encoding: gzip, deflate, br\r\nAccept-Language: en-US,en;q=0.5\r\nDNT: 1\r\nConnection: keep-alive\r\nUpgrade-Insecure-Requests: 1\r\nSec-Fetch-Dest: document\r\nSec-Fetch-Mode: navigate\r\nSec-Fetch-Site: cross-site\r\n\r\n",
        "deviation_count": 0,
        "uri": "https://www.apple.com/",
        "request_length": 449,
        "Response_Time": 0.052953243255615234,
        "status_code": 200,
        "reason_phrase": "OK",
        "error_message": [
            ""
        ],
        "response_header_count": 17,
        "response_header_length": 17,
        "response_body_length": 14257,
        "response_header_fields": {
            "server": "Apple",
            "content-type": "text/html; charset=utf-8",
            "set-cookie": "geo=DE; path=/; domain=.apple.com",
            "x-frame-options": "SAMEORIGIN",
            "vary": "Accept-Encoding",
            "content-security-policy": "default-src 'self' blob: data: *.akamaized.net *.apple.com *.apple-mapkit.com *.cdn-apple.com *.organicfruitapps.com; child-src blob: embed.music.apple.com embed.podcasts.apple.com https://recyclingprogram.apple.com swdlp.apple.com www.apple.com www.instagram.com platform.twitter.com www.youtube-nocookie.com; img-src 'unsafe-inline' blob: data: *.apple.com *.apple-mapkit.com *.cdn-apple.com *.mzstatic.com; script-src 'unsafe-inline' 'unsafe-eval' blob: *.apple.com *.apple-mapkit.com www.instagram.com platform.twitter.com; style-src 'unsafe-inline' *.apple.com",
            "referrer-policy": "no-referrer-when-downgrade",
            "strict-transport-security": "max-age=31536000; includeSubdomains; preload",
            "x-content-type-options": "nosniff",
            "x-xss-protection": "1; mode=block",
            "content-encoding": "gzip",
            "cache-control": "max-age=0",
            "expires": "Wed, 25 Oct 2023 12:33:41 GMT",
            "date": "Wed, 25 Oct 2023 12:33:41 GMT",
            "transfer-encoding": "chunked",
            "x-cache": "TCP_MEM_HIT from a2-17-34-234.deploy.akamaitechnologies.com (AkamaiGHost/11.3.0.1-51931778) (-)",
            "connection": "Transfer-Encoding"
        }
    },
    {
        "number": 4,
        "request": "GET https://www.apple.com/  HTTP/1.1\r\nHost: www.apple.com\r\nUser-Agent: Mozilla/5.0 (Windows NT 10.0; rv:102.0) Gecko/20100101 Firefox/102.0\r\nAccept: text/html,application/xhtml+xml,application/xml;q=0.9,image/avif,image/webp,*/*;q=0.8\r\nAccept-Encoding: gzip, deflate, br\r\nAccept-Language: en-US,en;q=0.5\r\nDNT: 1\r\nConnection: keep-alive\r\nUpgrade-Insecure-Requests: 1\r\nSec-Fetch-Dest: document\r\nSec-Fetch-Mode: navigate\r\nSec-Fetch-Site: cross-site\r\n\r\n",
        "deviation_count": 0,
        "uri": "https://www.apple.com/",
        "request_length": 449,
        "Response_Time": 0.05495619773864746,
        "status_code": 200,
        "reason_phrase": "OK",
        "error_message": [
            ""
        ],
        "response_header_count": 17,
        "response_header_length": 17,
        "response_body_length": 14257,
        "response_header_fields": {
            "server": "Apple",
            "content-type": "text/html; charset=utf-8",
            "set-cookie": "geo=DE; path=/; domain=.apple.com",
            "x-frame-options": "SAMEORIGIN",
            "vary": "Accept-Encoding",
            "content-security-policy": "default-src 'self' blob: data: *.akamaized.net *.apple.com *.apple-mapkit.com *.cdn-apple.com *.organicfruitapps.com; child-src blob: embed.music.apple.com embed.podcasts.apple.com https://recyclingprogram.apple.com swdlp.apple.com www.apple.com www.instagram.com platform.twitter.com www.youtube-nocookie.com; img-src 'unsafe-inline' blob: data: *.apple.com *.apple-mapkit.com *.cdn-apple.com *.mzstatic.com; script-src 'unsafe-inline' 'unsafe-eval' blob: *.apple.com *.apple-mapkit.com www.instagram.com platform.twitter.com; style-src 'unsafe-inline' *.apple.com",
            "referrer-policy": "no-referrer-when-downgrade",
            "strict-transport-security": "max-age=31536000; includeSubdomains; preload",
            "x-content-type-options": "nosniff",
            "x-xss-protection": "1; mode=block",
            "content-encoding": "gzip",
            "cache-control": "max-age=0",
            "expires": "Wed, 25 Oct 2023 12:33:51 GMT",
            "date": "Wed, 25 Oct 2023 12:33:51 GMT",
            "transfer-encoding": "chunked",
            "x-cache": "TCP_MEM_HIT from a2-17-34-234.deploy.akamaitechnologies.com (AkamaiGHost/11.3.0.1-51931778) (-)",
            "connection": "Transfer-Encoding"
        }
    },
    {
        "number": 5,
        "request": "GET https://www.apple.com/  HTTP/1.1\r\nHost: www.apple.com\r\nUser-Agent: Mozilla/5.0 (Windows NT 10.0; rv:102.0) Gecko/20100101 Firefox/102.0\r\nAccept: text/html,application/xhtml+xml,application/xml;q=0.9,image/avif,image/webp,*/*;q=0.8\r\nAccept-Encoding: gzip, deflate, br\r\nAccept-Language: en-US,en;q=0.5\r\nDNT: 1\r\nConnection: keep-alive\r\nUpgrade-Insecure-Requests: 1\r\nSec-Fetch-Dest: document\r\nSec-Fetch-Mode: navigate\r\nSec-Fetch-Site: cross-site\r\n\r\n",
        "deviation_count": 0,
        "uri": "https://www.apple.com/",
        "request_length": 449,
        "Response_Time": 0.08047223091125488,
        "status_code": 200,
        "reason_phrase": "OK",
        "error_message": [
            ""
        ],
        "response_header_count": 17,
        "response_header_length": 17,
        "response_body_length": 14258,
        "response_header_fields": {
            "server": "Apple",
            "content-type": "text/html; charset=utf-8",
            "set-cookie": "geo=DE; path=/; domain=.apple.com",
            "x-frame-options": "SAMEORIGIN",
            "vary": "Accept-Encoding",
            "content-security-policy": "default-src 'self' blob: data: *.akamaized.net *.apple.com *.apple-mapkit.com *.cdn-apple.com *.organicfruitapps.com; child-src blob: embed.music.apple.com embed.podcasts.apple.com https://recyclingprogram.apple.com swdlp.apple.com www.apple.com www.instagram.com platform.twitter.com www.youtube-nocookie.com; img-src 'unsafe-inline' blob: data: *.apple.com *.apple-mapkit.com *.cdn-apple.com *.mzstatic.com; script-src 'unsafe-inline' 'unsafe-eval' blob: *.apple.com *.apple-mapkit.com www.instagram.com platform.twitter.com; style-src 'unsafe-inline' *.apple.com",
            "referrer-policy": "no-referrer-when-downgrade",
            "strict-transport-security": "max-age=31536000; includeSubdomains; preload",
            "x-content-type-options": "nosniff",
            "x-xss-protection": "1; mode=block",
            "content-encoding": "gzip",
            "cache-control": "max-age=0",
            "expires": "Wed, 25 Oct 2023 12:34:00 GMT",
            "date": "Wed, 25 Oct 2023 12:34:00 GMT",
            "transfer-encoding": "chunked",
            "x-cache": "TCP_MEM_HIT from a2-17-34-236.deploy.akamaitechnologies.com (AkamaiGHost/11.3.0-51618102) (-)",
            "connection": "Transfer-Encoding"
        }
    },
    {
        "number": 6,
        "request": "GET https://www.apple.com/  HTTP/1.1\r\nHost: www.apple.com\r\nUser-Agent: Mozilla/5.0 (Windows NT 10.0; rv:102.0) Gecko/20100101 Firefox/102.0\r\nAccept: text/html,application/xhtml+xml,application/xml;q=0.9,image/avif,image/webp,*/*;q=0.8\r\nAccept-Encoding: gzip, deflate, br\r\nAccept-Language: en-US,en;q=0.5\r\nDNT: 1\r\nConnection: keep-alive\r\nUpgrade-Insecure-Requests: 1\r\nSec-Fetch-Dest: document\r\nSec-Fetch-Mode: navigate\r\nSec-Fetch-Site: cross-site\r\n\r\n",
        "deviation_count": 0,
        "uri": "https://www.apple.com/",
        "request_length": 449,
        "Response_Time": 0.07847809791564941,
        "status_code": 200,
        "reason_phrase": "OK",
        "error_message": [
            ""
        ],
        "response_header_count": 17,
        "response_header_length": 17,
        "response_body_length": 14257,
        "response_header_fields": {
            "server": "Apple",
            "content-type": "text/html; charset=utf-8",
            "set-cookie": "geo=DE; path=/; domain=.apple.com",
            "x-frame-options": "SAMEORIGIN",
            "vary": "Accept-Encoding",
            "content-security-policy": "default-src 'self' blob: data: *.akamaized.net *.apple.com *.apple-mapkit.com *.cdn-apple.com *.organicfruitapps.com; child-src blob: embed.music.apple.com embed.podcasts.apple.com https://recyclingprogram.apple.com swdlp.apple.com www.apple.com www.instagram.com platform.twitter.com www.youtube-nocookie.com; img-src 'unsafe-inline' blob: data: *.apple.com *.apple-mapkit.com *.cdn-apple.com *.mzstatic.com; script-src 'unsafe-inline' 'unsafe-eval' blob: *.apple.com *.apple-mapkit.com www.instagram.com platform.twitter.com; style-src 'unsafe-inline' *.apple.com",
            "referrer-policy": "no-referrer-when-downgrade",
            "strict-transport-security": "max-age=31536000; includeSubdomains; preload",
            "x-content-type-options": "nosniff",
            "x-xss-protection": "1; mode=block",
            "content-encoding": "gzip",
            "cache-control": "max-age=0",
            "expires": "Wed, 25 Oct 2023 12:34:11 GMT",
            "date": "Wed, 25 Oct 2023 12:34:11 GMT",
            "transfer-encoding": "chunked",
            "x-cache": "TCP_MEM_HIT from a2-17-34-234.deploy.akamaitechnologies.com (AkamaiGHost/11.3.0.1-51931778) (-)",
            "connection": "Transfer-Encoding"
        }
    },
    {
        "number": 7,
        "request": "GET https://www.apple.com/  HTTP/1.1\r\nHost: www.apple.com\r\nUser-Agent: Mozilla/5.0 (Windows NT 10.0; rv:102.0) Gecko/20100101 Firefox/102.0\r\nAccept: text/html,application/xhtml+xml,application/xml;q=0.9,image/avif,image/webp,*/*;q=0.8\r\nAccept-Encoding: gzip, deflate, br\r\nAccept-Language: en-US,en;q=0.5\r\nDNT: 1\r\nConnection: keep-alive\r\nUpgrade-Insecure-Requests: 1\r\nSec-Fetch-Dest: document\r\nSec-Fetch-Mode: navigate\r\nSec-Fetch-Site: cross-site\r\n\r\n",
        "deviation_count": 0,
        "uri": "https://www.apple.com/",
        "request_length": 449,
        "Response_Time": 0.07760930061340332,
        "status_code": 200,
        "reason_phrase": "OK",
        "error_message": [
            ""
        ],
        "response_header_count": 17,
        "response_header_length": 17,
        "response_body_length": 14262,
        "response_header_fields": {
            "server": "Apple",
            "content-type": "text/html; charset=utf-8",
            "set-cookie": "geo=DE; path=/; domain=.apple.com",
            "x-frame-options": "SAMEORIGIN",
            "vary": "Accept-Encoding",
            "content-security-policy": "default-src 'self' blob: data: *.akamaized.net *.apple.com *.apple-mapkit.com *.cdn-apple.com *.organicfruitapps.com; child-src blob: embed.music.apple.com embed.podcasts.apple.com https://recyclingprogram.apple.com swdlp.apple.com www.apple.com www.instagram.com platform.twitter.com www.youtube-nocookie.com; img-src 'unsafe-inline' blob: data: *.apple.com *.apple-mapkit.com *.cdn-apple.com *.mzstatic.com; script-src 'unsafe-inline' 'unsafe-eval' blob: *.apple.com *.apple-mapkit.com www.instagram.com platform.twitter.com; style-src 'unsafe-inline' *.apple.com",
            "referrer-policy": "no-referrer-when-downgrade",
            "strict-transport-security": "max-age=31536000; includeSubdomains; preload",
            "x-content-type-options": "nosniff",
            "x-xss-protection": "1; mode=block",
            "content-encoding": "gzip",
            "cache-control": "max-age=0",
            "expires": "Wed, 25 Oct 2023 12:34:20 GMT",
            "date": "Wed, 25 Oct 2023 12:34:20 GMT",
            "transfer-encoding": "chunked",
            "x-cache": "TCP_HIT from a2-17-34-236.deploy.akamaitechnologies.com (AkamaiGHost/11.3.0-51618102) (-)",
            "connection": "Transfer-Encoding"
        }
    },
    {
        "number": 8,
        "request": "GET https://www.apple.com/  HTTP/1.1\r\nHost: www.apple.com\r\nUser-Agent: Mozilla/5.0 (Windows NT 10.0; rv:102.0) Gecko/20100101 Firefox/102.0\r\nAccept: text/html,application/xhtml+xml,application/xml;q=0.9,image/avif,image/webp,*/*;q=0.8\r\nAccept-Encoding: gzip, deflate, br\r\nAccept-Language: en-US,en;q=0.5\r\nDNT: 1\r\nConnection: keep-alive\r\nUpgrade-Insecure-Requests: 1\r\nSec-Fetch-Dest: document\r\nSec-Fetch-Mode: navigate\r\nSec-Fetch-Site: cross-site\r\n\r\n",
        "deviation_count": 0,
        "uri": "https://www.apple.com/",
        "request_length": 449,
        "Response_Time": 0.10216069221496582,
        "status_code": 200,
        "reason_phrase": "OK",
        "error_message": [
            ""
        ],
        "response_header_count": 17,
        "response_header_length": 17,
        "response_body_length": 14258,
        "response_header_fields": {
            "server": "Apple",
            "content-type": "text/html; charset=utf-8",
            "set-cookie": "geo=DE; path=/; domain=.apple.com",
            "x-frame-options": "SAMEORIGIN",
            "vary": "Accept-Encoding",
            "content-security-policy": "default-src 'self' blob: data: *.akamaized.net *.apple.com *.apple-mapkit.com *.cdn-apple.com *.organicfruitapps.com; child-src blob: embed.music.apple.com embed.podcasts.apple.com https://recyclingprogram.apple.com swdlp.apple.com www.apple.com www.instagram.com platform.twitter.com www.youtube-nocookie.com; img-src 'unsafe-inline' blob: data: *.apple.com *.apple-mapkit.com *.cdn-apple.com *.mzstatic.com; script-src 'unsafe-inline' 'unsafe-eval' blob: *.apple.com *.apple-mapkit.com www.instagram.com platform.twitter.com; style-src 'unsafe-inline' *.apple.com",
            "referrer-policy": "no-referrer-when-downgrade",
            "strict-transport-security": "max-age=31536000; includeSubdomains; preload",
            "x-content-type-options": "nosniff",
            "x-xss-protection": "1; mode=block",
            "content-encoding": "gzip",
            "cache-control": "max-age=0",
            "expires": "Wed, 25 Oct 2023 12:34:29 GMT",
            "date": "Wed, 25 Oct 2023 12:34:29 GMT",
            "transfer-encoding": "chunked",
            "x-cache": "TCP_MEM_HIT from a2-17-34-236.deploy.akamaitechnologies.com (AkamaiGHost/11.3.0-51618102) (-)",
            "connection": "Transfer-Encoding"
        }
    },
    {
        "number": 9,
        "request": "GET https://www.apple.com/  HTTP/1.1\r\nHost: www.apple.com\r\nUser-Agent: Mozilla/5.0 (Windows NT 10.0; rv:102.0) Gecko/20100101 Firefox/102.0\r\nAccept: text/html,application/xhtml+xml,application/xml;q=0.9,image/avif,image/webp,*/*;q=0.8\r\nAccept-Encoding: gzip, deflate, br\r\nAccept-Language: en-US,en;q=0.5\r\nDNT: 1\r\nConnection: keep-alive\r\nUpgrade-Insecure-Requests: 1\r\nSec-Fetch-Dest: document\r\nSec-Fetch-Mode: navigate\r\nSec-Fetch-Site: cross-site\r\n\r\n",
        "deviation_count": 0,
        "uri": "https://www.apple.com/",
        "request_length": 449,
        "Response_Time": 0.10439467430114746,
        "status_code": 200,
        "reason_phrase": "OK",
        "error_message": [
            ""
        ],
        "response_header_count": 17,
        "response_header_length": 17,
        "response_body_length": 14258,
        "response_header_fields": {
            "server": "Apple",
            "content-type": "text/html; charset=utf-8",
            "set-cookie": "geo=DE; path=/; domain=.apple.com",
            "x-frame-options": "SAMEORIGIN",
            "vary": "Accept-Encoding",
            "content-security-policy": "default-src 'self' blob: data: *.akamaized.net *.apple.com *.apple-mapkit.com *.cdn-apple.com *.organicfruitapps.com; child-src blob: embed.music.apple.com embed.podcasts.apple.com https://recyclingprogram.apple.com swdlp.apple.com www.apple.com www.instagram.com platform.twitter.com www.youtube-nocookie.com; img-src 'unsafe-inline' blob: data: *.apple.com *.apple-mapkit.com *.cdn-apple.com *.mzstatic.com; script-src 'unsafe-inline' 'unsafe-eval' blob: *.apple.com *.apple-mapkit.com www.instagram.com platform.twitter.com; style-src 'unsafe-inline' *.apple.com",
            "referrer-policy": "no-referrer-when-downgrade",
            "strict-transport-security": "max-age=31536000; includeSubdomains; preload",
            "x-content-type-options": "nosniff",
            "x-xss-protection": "1; mode=block",
            "content-encoding": "gzip",
            "cache-control": "max-age=0",
            "expires": "Wed, 25 Oct 2023 12:34:40 GMT",
            "date": "Wed, 25 Oct 2023 12:34:40 GMT",
            "transfer-encoding": "chunked",
            "x-cache": "TCP_MEM_HIT from a2-17-34-236.deploy.akamaitechnologies.com (AkamaiGHost/11.3.0-51618102) (-)",
            "connection": "Transfer-Encoding"
        }
    }
]